item_id	parent	signals	title	english_translation	german_translation	item_description	language	creation_date	format	document_type	main_subject	item_class	max_year
IL-MTFN-001-G-F-0002-001-R0002	IL-MTFN-001-G-F-0002-001	hometown,visit	Article on Oppenheimer's Visit to Offenbach	An article in German from 1972 reporting on Oppenheimer's visit to his hometown Offenbach.	Ein Artikel auf Deutsch aus dem Jahr 1972, der über den Besuch von Oppenheimer in seiner Heimatstadt Offenbach berichtet.	מאמר בגרמנית מ-1972 שמדווח על בקורו של אופנהיימר בעיר מולדתו אופנבך;	German|גרמנית	1972	Print	מאמר|Article	Oppenheimer	Report	1972
IL-MTFN-001-G-F-0008-001-R0007	IL-MTFN-001-G-F-0008-001	correspondence	Family Photos and Correspondence with Andrew Bergerson, 1993	Family photos and correspondence with Andrew Bergerson from Hildesheim from 1993.	Familienfotos und Korrespondenz mit Andrew Bergerson aus Hildesheim aus dem Jahr 1993.	צילומי תמונות משפחתיות והתכתבות עם Andrew Bergerson מהילדסהיים משנת 1993.	Hebrew|English	1993	Unknown	תצלום|Photograph|מכתב|Letter	Andrew Bergerson	EgoDocument	1993
IL-MTFN-001-G-F-0008-001-R0011	IL-MTFN-001-G-F-0008-001	visit	Visit of Walter Loser in Hildesheim 1964	Articles and pictures from the visit of Walter Loser and his wife in Hildesheim 1964.	Artikel und Bilder vom Besuch von Walter Loser und seiner Frau in Hildesheim 1964.	מאמרים ותמונות מביקור של ולטר לוזר ואישתו בהילדסהיים 1964.	Unspecified	1964	Unknown	מאמר|Article	Walter Loser	Communication Document	1964
IL-MTFN-001-G-F-0009-003-R0004	IL-MTFN-001-G-F-0009-003	correspondence,visit	Tickets and Correspondence with Palestine Office in Berlin	Tickets for the voyage to Palestine; Correspondence with the Palestine Office in Berlin, Meinekestrasse 10, regarding emigration to the country. During this period, 1935, the family lived in Neu-Isenburg.	Tickets für die Überfahrt nach Palästina; Korrespondenz mit dem Palästina-Amt in Berlin, Meinekestrasse 10, bezüglich der Ausreise ins Land. In dieser Zeit, 1935, lebte die Familie in Neu-Isenburg.	כרטיסים להפלגה לפלסתינה; התכתבות עם משרד פלסתינה בברלין Palästina Amt Berlin, Meinekestrasse 10 בקשר ליציאה לארץ. בתקופה זו, 1935, המשפחה חיה בנוי-איזנבורג; Neu Isenburg	German|Hebrew	1935	Unknown	מכתב|Letter		Communication Document	1935
IL-MTFN-001-G-F-0009-004-R0003	IL-MTFN-001-G-F-0009-004	papers	חוברת על משפחת לוקס מאת אריך לוקס	A booklet in German from the Aachen area, entirely dedicated to certain branches of the Lux family, written by Erich Lux in 1980. The names of 'Lux' from this estate were not found;	Broschüre auf Deutsch aus der Region Aachen, die sich ganz bestimmten Zweigen der Familie Lux widmet, geschrieben von Erich Lux im Jahr 1980. Die Namen der 'Lux' aus diesem Nachlass wurden nicht gefunden;	"חוברת בגרמנית מאיזור אאכן כולה עוסקת בענפים מסוימים של משפ. לוקס, נכתב ע""י אריך לוקס ב-1980. לא נמצאו שמותיהם של 'לוקס' מעיזבון זה;"	German	1980	Print	חוברת|Booklet	אריך לוקס	Creative Nonfiction	1980
IL-MTFN-001-G-F-0012-002-R0014	IL-MTFN-001-G-F-0012-002	visit	Siegfried Pink's Request for Help to Return to Germany	Siegfried Pink, who is in Shanghai, asks Heinz Pink for help to return to Germany, 1946. In a letter, Siegfried details his family connection to Heinz. He also mentions in his letter that he left Germany in 1939 but would like to receive an entry visa for Germany.	Siegfried Pink, der sich in Shanghai befindet, bittet Heinz Pink um Hilfe, um nach Deutschland zurückzukehren, 1946. In einem Brief beschreibt Siegfried seine familiäre Verbindung zu Heinz. Er erwähnt auch in seinem Brief, dass er Deutschland 1939 verlassen hat, aber gerne ein Einreisevisum für Deutschland erhalten würde.	זיגפריד Siegfried פינק שנמצא בשנגחאי מבקש עזרה מהיינץ פינק לחזור לגרמניה, 1946. במכתב מפרט זיגפריד את הקשר המשפחתי שלו להיינץ. כמו כן הוא מזכיר במכתבו שעזב את גרמניה ב-1939 אבל היה רוצה לקבל אשרת כניסה לגרמניה;	Hebrew	1946	Typewritten	מכתב|Letter	Siegfried Pink	Communication Document	1946
IL-MTFN-001-G-F-0020-001-R0002	IL-MTFN-001-G-F-0020-001	memoir	Letters to Ruth Rilf from Margot Hausenstein	Two letters to Ruth Rilf (wife of Dr. Shlomo Rilf) from Margot Hausenstein; the 88-year-old granddaughter of Yitzhak Rilf, who lives in London and writes her memories of her grandfather Yitzhak Rilf. London, German, handwritten, 1979.	Zwei Briefe an Ruth Rilf (Ehefrau von Dr. Shlomo Rilf) von Margot Hausenstein; die 88-jährige Enkelin von Yitzhak Rilf, die in London lebt und ihre Erinnerungen an den Großvater Yitzhak Rilf schreibt. London, Deutsch, Handschrift, 1979.	"שני מכתבים אל רות רילף (רעיתו של ד""ר שלמה רילף) מאת מרגוט האוזנשטיין Margot Hausenstein; נכדתו של יצחק רילף בת ה-88, שחיה בלונדון וכותבת את הזיכרונות שלה על הסבא יצחק רילף. לונדון, גרמנית כתב יד, 1979."	German	1979	Handwritten	מכתב|Letter	Margot Hausenstein	EgoDocument	1979
IL-MTFN-001-G-F-0022-003-R0005	IL-MTFN-001-G-F-0022-003	visit	Visit of President Chaim Weizmann, 1955	Visit of the President of the State, Chaim Weizmann, 1955.	Besuch des Staatspräsidenten, Chaim Weizmann, 1955.	ביקור של נשיא המדינה, חיים ויצמן, 1955.	Unspecified	1955	Unknown	לא מזוהה|Unrecognized	Chaim Weizmann	Organization Papertrail	1955
IL-MTFN-001-G-F-0022-005-R0015	IL-MTFN-001-G-F-0022-005	visit	רשיון כניסה לארנסט וייל	"Entry permit of the ""Military Government in the Occupied Territories"" for Ernst Weil, a doctor, who is allowed to travel to Nazareth and the Eastern Galilee, 1950."	"Einreisegenehmigung des ""Militärverwaltung in den besetzten Gebieten"" für Ernst Weil, Arzt, der berechtigt ist, nach Nazareth und Ostgaliläa zu reisen, 1950."	"רשיון כניסה, של ""ממשל צבאי בשטחים המוחזקים"" לארנסט וייל, רופא, הנ""ל רשאי לנסוע לנצרת ולגליל המזרחי, 1950."	Hebrew	1950	Unknown	תעודה|Certificate	ארנסט וייל	Legal Document	1950
IL-MTFN-001-G-F-0022-012-R0012	IL-MTFN-001-G-F-0022-012	diary	"יומן כיס קטן ""יומן מאיר לאשה"" 1960"	"Small pocket diary ""Meir Diary for Women"" 1960."	"Kleines Taschenbuch ""Meir Tagebuch für Frauen"" 1960."	"יומן כיס קטן ""יומן מאיר לאשה"" 1960."	Hebrew	1960	Unknown	יומן|Diary		EgoDocument	1960
IL-MTFN-001-G-F-0030-005-R0001	IL-MTFN-001-G-F-0030-005	visit	Photos of Mayer Family Trip to Germany, 1957	1957, Photos of a trip to Germany of the Mayer family, Andreas, Esther, and Gertrud	1957, Fotos von einer Reise nach Deutschland der Familie Mayer, Andreas, Esther und Gertrud	1957, תמונות של טיול לגרמניה של משפחת מאייר, אנדראס, אסתר וגרטרוד	Unspecified	1957	Visual Element|אלמנט ויזואלי	תצלום|Photograph	Mayer	Image	1957
IL-MTFN-001-G-F-0030-005-R0003	IL-MTFN-001-G-F-0030-005	visit	1957 Travel Photos in Germany	1957, Travel photos in Germany of Andreas, Esther, and Gertrud and the Hoffner family	1957, Reisebilder aus Deutschland von Andreas, Esther und Gertrud und der Familie Hoffner	1957, תמונות טיול בגרמניה של אנדראס, אסתר וגרטרוד ומשפחת הופנר	Unspecified	1957	Visual Element	תצלום|Photograph		Image	1957
IL-MTFN-001-G-F-0030-005-R0011	IL-MTFN-001-G-F-0030-005	visit	Landscape Photos of Meier Family Trip, 1957	1957, Landscape photos of a trip abroad by the Meier family. London, Paris, Holland, Italy, Germany, and Switzerland	1957, Landschaftsbilder einer Auslandsreise der Familie Meier. London, Paris, Holland, Italien, Deutschland und Schweiz	1957, תמונות נוף של טיול בחול של משפחת מאייר. לונדון, פריז, הולנד, איטליה, גרמניה ושוויץ	Unspecified	1957	Visual Element	תצלום|Photograph	מאייר	Image	1957
IL-MTFN-001-G-F-0030-009-R0004	IL-MTFN-001-G-F-0030-009	memoir	Memories and Documents of Otto Mayer	1937, 12 pages of memories of Otto Mayer, email with a short summary of Otto Mayer in English, eulogy for Otto Mayer 1954 by Fritz Wolf, copy of Otto Mayer's death certificate, German, printed;	1937, 12 Seiten Erinnerungen von Otto Mayer, E-Mail mit kurzer Zusammenfassung von Otto Mayer auf Englisch, Nachruf auf Otto Mayer 1954 von Fritz Wolf, Kopie der Sterbeurkunde von Otto Mayer, Deutsch, gedruckt;	1937, 12 דפים של זיכרונות של אוטו מאייר, מייל עם תקציר קצר של אוטו מאייר באנגלית, הספד לאוטו מאייר 1954 מאת פריץ וולף, העתק תעודת פטירה של אוטו מאייר, גרמנית, מודפס;	German|English	1937	Print	מכתב|Letter|תעודת פטירה|Death Certificate	Otto Mayer	EgoDocument	1954
IL-MTFN-001-G-F-0030-011-R0002	IL-MTFN-001-G-F-0030-011	memoir	Letter from Gertrud Meyer to Heinrich	1943, Letter from Gertrud Meyer To my Joy in Germany, from her memories, Letter to Heinrich without date;	1943, Brief von Gertrud Meyer An meine Freude in Deutschland, aus ihren Erinnerungen, Brief an Heinrich ohne Datum;	1943, מכתב מאת גרטרוד מאייר An meine Freude in Deutschland, מתוך הזכרונות שלה, מכתב אל היינריך בלי תאריך;	German	1943	Unknown	מכתב|Letter	Gertrud Meyer	EgoDocument	1943
IL-MTFN-001-G-F-0030-011-R0006	IL-MTFN-001-G-F-0030-011	visit	Letters from Otto Mayer to Gertrud	1950-1953, Letters from Otto Mayer who visited Germany to his wife Gertrud in Nahariya. He talks about meetings and financial matters. Typewritten, German;	1950-1953, Briefe von Otto Mayer, der Deutschland besuchte, an seine Frau Gertrud in Nahariya. Er berichtet über Treffen und finanzielle Angelegenheiten. Getippt, Deutsch;	1950-1953, מכתבים מאת אוטו מאייר שביקר בגרמניה אל גרטרוד אשתו בנהריה. הוא מספר על פגישות ועניינים כספים. מודפס, גרמנית;	German	1950-1953	Typewritten	מכתב|Letter	Otto Mayer	Communication Document	1953
IL-MTFN-001-G-F-0030-011-R0007	IL-MTFN-001-G-F-0030-011	visit	Travel Report by Otto Mayer, 1950	1950, Travel report by Otto Mayer from a trip to Germany. Mainly, he reports on negotiations regarding financial matters and visits to friends and relatives.	1950, Reisebericht von Otto Mayer von einer Reise nach Deutschland. Hauptsächlich berichtet er über Verhandlungen in Bezug auf finanzielle Angelegenheiten und Besuche bei Freunden und Verwandten.	1950, דוח נסיע של אוטו מאייר מנסיעה לגרמניה. בעיקר הוא מספר על מסע ומתן בקשר לעניינים כספים וביקורים אצל חברים וקרובי משפחה;	Hebrew|German	1950	Unknown	דוח|Report	Otto Mayer	Report	1950
IL-MTFN-001-G-F-0030-011-R0013	IL-MTFN-001-G-F-0030-011	diary,visit	Otto Mayer's 1951 Travel Diary to Germany	1951, Travel diary of Otto Mayer from a trip to Germany, handwritten, German;	1951, Reisetagebuch von Otto Mayer von einer Reise nach Deutschland, Handschrift, Deutsch;	1951, יומן נסיע של אוטו מאייר מנסיעה לגרמניה, כתב יד, גרמנית;	German	1951	Handwritten	יומן|Diary	Otto Mayer	EgoDocument	1951
IL-MTFN-001-G-F-0030-012-R0001	IL-MTFN-001-G-F-0030-012	visit	Passports of Gertrud Meyer	1940-1951, Passports of Gertrud Meyer, British passport from 1940 and Israeli passport from 1951. The Israeli passport has an approval from the Israeli authorities to visit Germany and a visa from the Germans to enter Germany.	1940-1951, Pässe von Gertrud Meyer, britischer Pass von 1940 und israelischer Pass von 1951. Im israelischen Pass gibt es eine Genehmigung der israelischen Behörden, Deutschland zu besuchen, und ein Visum der Deutschen, um nach Deutschland einzureisen.	1940-1951, דרכונים של גרטרוד מאייר, דרכון בריטי מ 1940 ודרכון ישראלי מ 1951. בדרכון הישראלי יש אישור מהרשויות הישראלים לבקר בגרמניה וויזה מהגרמנים להיכנס לגרמניה.	Hebrew|German|English	1940	Unknown	תעודה|Certificate	Gertrud Meyer	Legal Document	1951
IL-MTFN-001-G-F-0030-013-R0001	IL-MTFN-001-G-F-0030-013	memoir	Memories of Gertrud Meyer	1951-1955, Memories of Gertrud Meyer in English printed with the titles: Childhood at the Luetzowufen; Mama 1955, G. Meyer writes of Hedwig Meyer, nee Schierer; Gertrud Meyer, Childhood, Youth, Profession (from posthumous manuscript)	1951-1955, Erinnerungen von Gertrud Meyer auf Englisch gedruckt mit den Titeln: Kindheit in Luetzowufen; Mama 1955, G. Meyer schreibt über Hedwig Meyer, geborene Schierer; Gertrud Meyer, Kindheit, Jugend, Beruf (aus posthumem Manuskript)	1951-1955, זכרונות של גרטרוד מאייר באנגלית מודפס עם הכותרות: Childhood at the Luetzowufen; Mama 1955, G. Meyer writes of Hedwig Meyer, nee Schierer; Gertrud Meyer, Childhood, Youth, Profession (from posthumous manuscript)	English		Print	מסמך מתורגם|Translated Document	Gertrud Meyer	EgoDocument	1955
IL-MTFN-001-G-F-0030-013-R0002	IL-MTFN-001-G-F-0030-013	correspondence,memoir	Correspondence between Ruth Schocken and Andreas and Ruth Meyer	1951-2003, correspondence between Ruth Schocken and Andreas and Ruth Meyer regarding the memories of Gertrud Meyer, typewritten, German.	1951-2003, Korrespondenz zwischen Ruth Schocken und Andreas und Ruth Meyer bezüglich der Erinnerungen von Gertrud Meyer, getippt, Deutsch.	1951-2003, התכתבות עם רות שוקן Ruth Schocken לבין אנדריאס ורות מאייר בקשר לזיכרונות של גרטרוד מאייר, מודפס, גרמנית.	German	1951	Typewritten	מכתב|Letter		Communication Document	2003
IL-MTFN-001-G-F-0030-013-R0003	IL-MTFN-001-G-F-0030-013	memoir	Memories of Gertrud Meyer	1953-2003, Memories of Gertrud Meyer translated by Ruth Shoken, 34 pages, Family life until the death of Alexander Meyer, printed, English;	1953-2003, Erinnerungen von Gertrud Meyer, übersetzt von Ruth Shoken, 34 Seiten, Familienleben bis zum Tod von Alexander Meyer, gedruckt, Englisch;	1953-2003, זיכרונות של גרטרוד מאייר מתורגם על ידי רות שוקן, 34 דפים, Family life until the death of Alexander Meyer, מודפס, אנגלית;	English	1953	Typewritten	מסמך מתורגם|Translated Document	Gertrud Meyer	EgoDocument	2003
IL-MTFN-001-G-F-0030-013-R0004	IL-MTFN-001-G-F-0030-013	memoir	Parts of Gertrud Meyer's Memories	1939-1955, parts of the memories of Gertrud Meyer, printed, German; Gertrud Meyer, childhood, youth, profession. From left behind texts, the division as it was in the received binder; Family life until Alexander Meyer's death, 1953;	1939-1955, Teile der Erinnerungen von Gertrud Meyer, gedruckt, Deutsch; Gertrud Meyer, Kindheit, Jugendzeit, Beruf. Aus hinterlassenen Texten, die Aufteilung wie sie im erhaltenen Ordner war; Familienleben bis zum Tod von Alexander Meyer, 1953;	1939-1955, חלקים מהזיכרונות של גרטרוד מאייר, מודפס, גרמנית; Gertrud Meyer, Kindheit, Jugendzeit, Beruf. Aus hinterlassenen Texten, החלוקה כפי שהייתה בקלסר שהתקבל; Familienleben bis zu Alexander Meyers Tod, 1953;	German|גרמנית		Print	רשימות|Personal Notes	Gertrud Meyer	EgoDocument	1955
IL-MTFN-001-G-F-0030-013-R0005	IL-MTFN-001-G-F-0030-013	visit	Vossische Zeitung Article on Swedish Trip	1944; Spanish Journey 1908; From a holiday trip through Sweden. Vossische Zeitung, Tuesday, August 8, 1905, I. Gothenburg, Nääs, Marstrand;	1944; Spanische Reise 1908; Von einer Ferienreise durch Schweden. Vossische Zeitung, Dienstag, den 8, August 1905, I. Gothenburg, Nääs, Marstrand;	1944; Spanische Reise 1908; Von einer Ferienreise durch Schweden. Vossische Zeitung, Dienstag, den 8, August 1905, I. Gothenburg, Nääs, Marstrand;	German	1905-08-08	Unknown	Article		Communication Document	1944
IL-MTFN-001-G-F-0030-014-R0014	IL-MTFN-001-G-F-0030-014	visit	Correspondence of Andreas and Justus Meyer regarding business in Nahariya	1939-1941, correspondence of Andreas Meyer and Justus Meyer regarding their business in Nahariya. Among other things: invoices, price quotes, payments, price list for bicycle repairs, prices of raw materials, request to the Office of the Controller of Heavy Industries and Director of War Production to help find a machine part, German.	1939-1941, Korrespondenz von Andreas Meyer und Justus Meyer bezüglich ihres Geschäfts in Nahariya. Unter anderem: Rechnungen, Preisvorschläge, Zahlungen, Preisliste für Fahrradreparaturen, Preise für Rohstoffe, Antrag an das Office of the Controller of Heavy Industries and Director of War Production, um bei der Suche nach einem Maschinenteil zu helfen, Deutsch.	1939-1941, התכתבות של אנדריאס מאייר Andreas Meyer ויוסטוס מאייר Justus Meyer בקשר לעסק שלהם בנהריה. בין היתר: חשבוניות הצעות מחיר, תשלומים, מחירון על תיקוני אופניים, מחירים של חומרי גלם, בקשה אל Office of the Controller of Heavy Industires and Director of War Production לעזור למצוא חלק למכונה, גרמנית,;	German	1939	Unknown	מכתב|Letter	Andreas Meyer|Justus Meyer	Communication Document	1941
IL-MTFN-001-G-F-0030-015-R0008	IL-MTFN-001-G-F-0030-015	visit	Correspondence of Otto Mayer on Haavera Transfer and Farm Purchase	1938-1937, Correspondence of Otto Mayer regarding the Haavera transfer, purchase of a farm in Nahariya from Nahariya Small Holdings Ltd., Nahariya, costs of the farm, purchase prices, German.	1938-1937, Korrespondenz von Otto Mayer bezüglich der Haavera-Übertragung, Kauf eines Anwesens in Nahariya von Nahariya Small Holdings Ltd., Nahariya, Kosten des Anwesens, Kaufpreise, Deutsch.	"1938-1937, התכתבות של אוטו מאייר בקשר להעברה Haavera, קנית משק בנהריה מנהריה משקים זעירים בע""ם, נהריה Nahariya Small Holdings Ltd. Nahariya, עלויות של משק, מחירי קניה, גרמנית."	German	1937	Unknown	מכתב|Letter	Otto Mayer	Communication Document	1938
IL-MTFN-001-G-F-0030-015-R0009	IL-MTFN-001-G-F-0030-015	correspondence	Correspondence on Water Tariff	1940-1941, correspondence between Andreas and Justus Mayer and the Nahariah small holders cooperative society LTd. regarding the water tariff, German.	1940-1941, Korrespondenz zwischen Andreas und Justus Mayer und der Nahariah small holders cooperative society LTd. bezüglich des Wassertarifs, Deutsch.	"1940-1941, התכתבות בין אנדריאס ויוסטוס מאייר לבין האגודה שתופית חקלאית של בעלי משק זעיר בע""מ Nahariah small holders cooperative society LTd. בקשר לתעריף המים, גרמנית."	German	1940	Unknown	מכתב|Letter	Andreas and Justus Mayer	Communication Document	1941
IL-MTFN-001-G-F-0030-017-R0010	IL-MTFN-001-G-F-0030-017	correspondence	Correspondence on Emanuel Meyer's Family Tree	2007, correspondence between Andreas and Mike Roberts in the United States regarding the family tree of Emanuel Meyer, English;	2007, Korrespondenz zwischen Andreas und Mike Roberts in den USA über den Stammbaum von Emanuel Meyer, Englisch;	2007, התכתבות בין אנדריאס לבין מיק רוברטס Mike Roberts בארצות הברית בקשר לאילן יוחסין של עמנואל מאייר Emanuel Meyer, אנגלית;	English	2007	Unknown	מכתב|Letter	Emanuel Meyer	Communication Document	2007
IL-MTFN-001-G-F-0030-017-R0015	IL-MTFN-001-G-F-0030-017	memoir	Memories of Otto Mayer about Emanuel Mayer	22.03.1991, Memories of Otto Mayer regarding Emanuel Mayer, with the story about Emanuel Mayer's factories and the story of the brothers, printed by Justus Mayer, German;	22.03.1991, Erinnerungen von Otto Mayer im Zusammenhang mit Emanuel Mayer, mit der Geschichte über die Werke von Emanuel Mayer und der Geschichte der Brüder, gedruckt von Justus Mayer, Deutsch;	22.03.1991, זכרונות של אוטו מאייר בקשר של עמנואל מאייר, עם הסיפור על מפעלי עמנואל מאייר וסיפור של האחים, מודפס על ידי יוסטוס מאייר, גרמנית;	German		Typewritten	מסמך מתורגם|Translated Document	Emanuel Mayer	EgoDocument	1991
IL-MTFN-001-G-F-0030-017-R0022	IL-MTFN-001-G-F-0030-017	correspondence	Correspondence with Sabine Klamroth about the Meyer Family	2006, correspondence with Sabine Klamroth regarding the Meyer family from Halberstadt, disk with pictures of the Meyer family who lived in Halberstadt, German	2006, Korrespondenz mit Sabine Klamroth bezüglich der Familie Meyer aus Halberstadt, Disk mit Bildern der Familie Meyer, die in Halberstadt lebten, Deutsch	2006, התכתבות עם Sabine Klamroth בקשר למשפחת מאייר מהלברשטט Halberstadt, דיסק עם תמונות של משפחת מאייר שהיו גרים בהלברשטט, גרמנית	German	2006	Unknown	מכתב|Letter	Sabine Klamroth	Communication Document	2006
IL-MTFN-001-G-F-0030-018-R0002	IL-MTFN-001-G-F-0030-018	visit	Passports of Otto Mayer (1940-1955)	1940-1955, Passports of Otto Mayer. British passport with prohibition to enter Syria and Egypt. Israeli passport from 1953 with a one-time visit visa to enter Germany and a stamp from the State of Israel removing the prohibition to enter Germany.	1940-1955, Pässe von Otto Mayer. Britischer Pass mit Einreiseverbot nach Syrien und Ägypten. Israelischer Pass von 1953 mit einem einmaligen Besuchervisum für die Einreise nach Deutschland und einem Stempel des Staates Israel, der das Einreiseverbot nach Deutschland aufhebt.	1940-1955, דרכונים של אוטו מאייר. דרכון בריטי עם איסור להיכנס לסוריה ומצריים. דרכון ישראלי מ 1953 עם ויזה לביקור אחד פעמי להיכנס לגרמניה וחותמת ממדינת ישראל בה נמחק האיסור להיכנס לגרמניה.	Hebrew|English|German	1953	Unknown	תעודה|Certificate	Otto Mayer	Legal Document	1955
IL-MTFN-001-G-F-0030-018-R0005	IL-MTFN-001-G-F-0030-018	visit	Letters to Otto Mayer regarding Nuremberg Laws	1933-1935, two letters to Otto Mayer informing him that he can no longer be a member of the circles due to the Nuremberg Laws, handwritten in German.	1933-1935, zwei Briefe an Otto Mayer, die ihm mitteilen, dass er aufgrund der Nürnberger Gesetze nicht mehr Mitglied in den Kreisen sein kann, handschriftlich auf Deutsch.	1933-1935, שתי מכתבים אל אוטו מאייר שמודיעים לו שהוא לא יכול יותר להיות חבר בחוגים עקב חוקי נירנברג, גרמנית כתב יד.	German	1933	Handwritten	מכתב|Letter	Otto Mayer	Communication Document	1935
IL-MTFN-001-G-F-0030-018-R0007	IL-MTFN-001-G-F-0030-018	diary	Copy of Otto Mayer's WWI Participation Certificate	1936, copy of a certificate of Otto Mayer's participation in World War I and in which battles he participated; war diary, certified by the mayor of Rheda, German, handwritten.	1936, Kopie einer Bestätigung über die Teilnahme von Otto Mayer am Ersten Weltkrieg und an welchen Schlachten er teilgenommen hat; Kriegstagebuch, bestätigt vom Bürgermeister von Rheda, Deutsch, Handschrift.	1936, העתק אישור על השתתפותו של אוטו מאייר במלחמת העולם הראשונה ובאיזה קרבות השתתף; יומן מלחמה, מאושר על ידי ראש העיר של Rheda, גרמנית, כתב יד.	German	1936	Handwritten	תעודה|Certificate	Otto Mayer	Certificate	1936
IL-MTFN-001-G-F-0030-025-R0013	IL-MTFN-001-G-F-0030-025	correspondence	2 CDs with Radio Recordings and Correspondence	2002, 2 CDs with recordings of radio programs in Germany Nachtstudio, the story of the German Jews in the Holy Land, and correspondence with Ulrich Manz;	2002, 2 CDs mit Aufnahmen von Radiosendungen in Deutschland Nachtstudio, die Geschichte der deutschen Juden im Heiligen Land, und Korrespondenz mit Ulrich Manz;	2002, 2 דיסקים עם הקלטה של תוכניות רדיו בגרמניה Nachtstudio, הסיפור של יהודי גרמניה בארץ הקודש Die Geschichte der deutschen Juden im Heiligen Land, והתכתבות עם Ulrich Manz;	German|Hebrew	2002	Unknown	מכתב|Letter	Ulrich Manz	Communication Document	2002
IL-MTFN-001-G-F-0030-027-R0006	IL-MTFN-001-G-F-0030-027	correspondence,visit	Correspondence and Newspaper Clippings on Nahariya-Bielefeld Friendship	Correspondence with delegations from Bielefeld with Andreas Meyer regarding visits - 2005, Nahariya Bielefeld, various newspaper clippings about 25 years of friendship between Nahariya Bielefeld and articles about 70 years of Nahariya, German, printed.	Korrespondenz mit Delegationen aus Bielefeld mit Andreas Meyer bezüglich Besuchen - 2005, Nahariya Bielefeld, verschiedene Zeitungsausschnitte über 25 Jahre Freundschaft zwischen Nahariya Bielefeld und Artikel über 70 Jahre Nahariya, Deutsch, gedruckt.	התכתבות עם משלחות מבילפלד עם אנדריאס מאייר בקשר לביקורים- 2005, נהריה בילפלד, קטעי עיתון שונים על 25 שנות חברות בין נהריה בילפלד וכתבות על 70 שנה לנהריה, גרמנית, מודפס.	German|גרמנית	2005	Print	מכתב|Letter|גזיר עיתון|News Clipping	Andreas Meyer	Communication Document	2005
IL-MTFN-001-G-F-0030-027-R0009	IL-MTFN-001-G-F-0030-027	visit	Correspondence regarding Nahariya's 70th anniversary celebrations	2005, Correspondence of Andreas Meyer and the city of Bielefeld regarding the 70th anniversary celebrations of the city of Nahariya, including flight details and schedule of Andreas and Yigal Meyer for the visit to Bielefeld.	2005, Korrespondenz von Andreas Meyer und der Stadt Bielefeld bezüglich der 70-Jahr-Feier der Stadt Nahariya, einschließlich Flugdetails und Zeitplan von Andreas und Yigal Meyer für den Besuch in Bielefeld.	2005, התכתבות של אנדריאס מאייר Andreas Meyer ועירית בילפלד Bielefeld בקשר לחגיגות 70 של העיר נהריה, בין היתר פירטי טיסה ולוח זמנים של אנדריאס ויגאל מאייר לביקור בבילפלד.	Hebrew|German	2005	Unknown	מכתב|Letter	Andreas Meyer	Communication Document	2005
IL-MTFN-001-G-F-0030-029-R0002	IL-MTFN-001-G-F-0030-029	correspondence	Correspondence between Edgar Carmi and Andreas Meyer	2003, correspondence between Edgar Carmi and Andreas Meyer, regarding the return of the flag, + picture of the first Independence Day in Nahariya with the flag	2003, Korrespondenz zwischen Edgar Carmi und Andreas Meyer, bezüglich der Rückgabe der Flagge, + Bild vom ersten Unabhängigkeitstag in Nahariya mit der Flagge	2003, התכתבות בין אדגר קרמי Edgar Carmi ואנדריאס מאייר Andreas Meyer, בקשר להחזרת הדגל, +תמונה של יום עצמאות הראשון בנהריה עם הדגל	Hebrew|German	2003	Unknown	מכתב|Letter		Communication Document	2003
IL-MTFN-001-G-F-0030-032-R0013	IL-MTFN-001-G-F-0030-032	visit	Letter from Andreas during trip near Dead Sea and Jerusalem	08.11.1940, a letter Andreas wrote while on a trip near the Dead Sea and Jerusalem to his family. In the letter, Andreas humorously describes a few days of travel in the area. German, handwritten print.	08.11.1940, ein Brief, den Andreas schrieb, als er auf einer Reise in der Nähe des Toten Meeres und Jerusalems war, an seine Familie. In dem Brief beschreibt Andreas auf humorvolle Weise einige Tage der Reise in der Gegend. Deutsch, handschriftlich gedruckt.	08.11.1940, מכתב שאנדריאס כתב כאשר היה בטיול ליד ים המלח וירושלים אל משפחתו. במכתב אנדריאס מתאר בצורה הומוריסטית כמה ימי טיול באזור. גרמנית, מודפס כתב יד.	German	1940-11-08	Handwritten	מכתב|Letter	Andreas	EgoDocument	1940
IL-MTFN-001-G-F-0030-032-R0014	IL-MTFN-001-G-F-0030-032	visit	Letters from Andreas and Esther Meyer to Gertrud Meyer, 1957	1957, Letters from Andreas Meyer and Esther Meyer (each separately) to Gertrud Meyer, Andreas's mother, for her birthday. Andreas and Esther are on a trip abroad. German, handwritten.	1957, Briefe von Andreas Meyer und Esther Meyer (jeweils separat) an Gertrud Meyer, die Mutter von Andreas, zu ihrem Geburtstag. Andreas und Esther sind auf einer Reise im Ausland. Deutsch, Handschrift.	"1957, מכתבים מאת אנדריאס מאייר Andreas Meyer ואסתר מאייר Esther Meyer (כל אחד בנפרד) אל גרטרוד מאייר Gertrud Meyer אמו של אנדריאס לכבוד יום ההולדת שלה. אנדריאס ואסתר נמצאים בטיול בחו""ל. גרמנית, כתב יד."	German	1957	Handwritten	מכתב|Letter	Gertrud Meyer	Communication Document	1957
IL-MTFN-001-G-F-0030-032-R0016	IL-MTFN-001-G-F-0030-032	memoir	Memories of Andreas and Justus Mayer's Businesses	23.03.1992, 2 pages, Justus writes the memories about the businesses of Andreas and Justus Mayer (Andreas und Justus), German, printed.	23.03.1992, 2 Seiten, Justus schreibt die Erinnerungen an die Geschäfte von Andreas und Justus Mayer (Andreas und Justus), Deutsch, gedruckt.	23.03.1992, 2 דפים, יוסטוס כותב את הזכרונות על העסקים של אנדריאס ויוסטוס מאייר (Andreas und Justus ), גרמנית, מודפס.	German	1992-03-23	Print	מכתב|Letter	Andreas und Justus Mayer	EgoDocument	1992
IL-MTFN-001-G-F-0030-032-R0018	IL-MTFN-001-G-F-0030-032	correspondence	Correspondence with Dr. Klaus Kreppel regarding Nahariya book	2010;2011, correspondence with Dr. Klaus Kreppel, newspaper clippings, donor lists, related to the book about Nahariya, the German colony 1935-1941.	2010;2011, Korrespondenz mit Dr. Klaus Kreppel, Zeitungsausschnitte, Spenderlisten, im Zusammenhang mit dem Buch über Nahariya, die deutsche Kolonie 1935-1941.	2010;2011, התכתבות, עם קלאוס קרפל Dr. Klaus Kreppel, קטעי עיתון, רשימות של תורמים, בקשר לספר של נהריה מושבת היקים 1935-1941.	Hebrew|German	2010	Unknown	מכתב|Letter|גזיר עיתון|News Clipping|רשימה|List	Dr. Klaus Kreppel	Communication Document	2011
IL-MTFN-001-G-F-0030-034-R0003	IL-MTFN-001-G-F-0030-034	correspondence	Correspondence with Nurit Carmel regarding the film Hanariada	2001-2003, Correspondence with Nurit Carmel, regarding the film Hanariada, English, Hebrew;	2001-2003, Korrespondenz mit Nurit Carmel, in Bezug auf den Film Hanariada, Englisch, Hebräisch;	2001-2003, התכתבות עם נורית כרמל Nurit Carmel, בקשר לסרט הנהריאדה, אנגלית, עברית;	Hebrew|English	2001	Unknown	מכתב|Letter	Nurit Carmel	Communication Document	2003
IL-MTFN-001-G-F-0030-034-R0004	IL-MTFN-001-G-F-0030-034	correspondence	Correspondence with Film Archives about Nahariya Film	2000, correspondence with film archives around the world and in the country, looking for a film about Nahariya by Sascha Alexander, produced about the agricultural settlement of Nahariya.	2000, Korrespondenz mit Filmarchiven weltweit und im Land, auf der Suche nach einem Film über Nahariya von Sascha Alexander, der über die landwirtschaftliche Siedlung Nahariya produziert wurde.	2000, התכתבות עם ארכיונים לסרטים בכל העולם ובארץ, מחפשים סרט על נהריה של סשה אלכסנדר Sascha Alexander, שהופק על הישוב החקלאי נהריה;	Hebrew|Other	2000	Unknown	Letter	Sascha Alexander	Communication Document	2000
IL-MTFN-001-G-F-0030-034-R0005	IL-MTFN-001-G-F-0030-034	correspondence	Correspondence with Herr Dieckhoff and Lutz Jaffe	1999-2000, Hamburg, correspondence with Herr Dieckhoff and Lutz Jaffe regarding a film by Sascha Alexander, German;	1999-2000, Hamburg, Korrespondenz mit Herr Dieckhoff und Lutz Jaffe bezüglich eines Films von Sascha Alexander, Deutsch;	1999-2000, המבורג Hamburg, התכתבות עם Herr Dieckhoff ו Lutz Jaffe בקשר לסרט של Sascha Alexander, גרמנית;	German	1999-2000	Unknown	מכתב|Letter		Communication Document	2000
IL-MTFN-001-G-F-0030-034-R0007	IL-MTFN-001-G-F-0030-034	visit	Documents and Newspaper Clippings of Andreas and Esther Meyer's Trip to Bielefeld	2000, Documents and newspaper clippings about the trip of Andreas and Esther Meyer related to their journey to the city of Bielefeld, German;	2000, Dokumente und Zeitungsausschnitte über die Reise von Andreas und Esther Meyer im Zusammenhang mit ihrer Reise nach Bielefeld, Deutsch;	2000, מסמכים וקטעי עיתון של הנסיעה של אנדריאס ואסתר מאייר הקשורים לנסתם לעיר בילפלד, גרמנית;	German|Hebrew	2000	Unknown	News Clipping|Translated Document	Andreas and Esther Meyer	Communication Document	2000
IL-MTFN-001-G-F-0030-034-R0008	IL-MTFN-001-G-F-0030-034	correspondence	Correspondence between Andreas Meyer and Dr. Klaus Kerpel	1998-2000, correspondence between Andreas Meyer and Dr. Klaus Kerpel regarding the Haneriyada film, German, typewritten;	1998-2000, Korrespondenz zwischen Andreas Meyer und Dr. Klaus Kerpel bezüglich des Films der Haneriyada, Deutsch, getippt;	1998-2000, התכתבות בין אנדריאס מאייר ודר קלאוס קרפל בקשר לסרט של הנהריאדה, גרמנית, מודפס;	German	1998	Typewritten	מכתב|Letter		Communication Document	2000
IL-MTFN-001-G-F-0030-034-R0009	IL-MTFN-001-G-F-0030-034	correspondence	Correspondence between Andreas Meyer and Ruthi Ofek	1999-2000, Correspondence between Andreas Meyer and Ruthi Ofek regarding the film 'The Nahariyada', German, Hebrew;	1999-2000, Korrespondenz zwischen Andreas Meyer und Ruthi Ofek bezüglich des Films 'Die Nahariyada', Deutsch, Hebräisch;	1999-2000, התכתבות בין אנדריאס מאייר ורותי אופק בקשר לסרט הנהריאדה, גרמנית, עברית;	German|Hebrew	1999-2000	Unknown	מכתב|Letter		Communication Document	2000
IL-MTFN-001-G-F-0030-034-R0011	IL-MTFN-001-G-F-0030-034	correspondence	Correspondence with David Witzthum and Andreas Meyer	1998-2001, correspondence with David Witzthum and Andreas Meyer, David Witzthum produced the film The Nahariya, German;	1998-2001, Korrespondenz mit David Witzthum und Andreas Meyer, David Witzthum produzierte den Film Die Nahariya, Deutsch;	1998-2001, התכתבות עם דוד ויצטום David Witzthum ואנדריאס מאייר Andreas Meyer, דוד ויצטום הפיק הסרט הנהריאדה, גרמנית;	German|Hebrew	1998	Unknown	מכתב|Letter	David Witzthum	Communication Document	2001
IL-MTFN-001-G-F-0030-034-R0012	IL-MTFN-001-G-F-0030-034	correspondence	Correspondence with Carsten Hueck about Nahariyada Film	1998, correspondence with Carsten Hueck, regarding the film Nahariyada, German	1998, Korrespondenz mit Carsten Hueck, bezüglich des Films Nahariyada, Deutsch	1998, התכתבות עם Carsten Hueck, בקשר לסרט נהריאדה, גרמנית	German	1998	Unknown	מכתב|Letter	Carsten Hueck	Communication Document	1998
IL-MTFN-001-G-F-0030-036-R0001	IL-MTFN-001-G-F-0030-036	correspondence	Correspondence between Andreas Meyer and Klaus Karpel	2005, correspondence between Andreas Meyer and Klaus Karpel regarding the book 'Nahariya' and also regarding personal matters;	2005, Korrespondenz zwischen Andreas Meyer und Klaus Karpel bezüglich des Buches 'Nahariya' und auch in Bezug auf persönliche Angelegenheiten;	2005, התכתבות בין אנדריאס מאייר לבין קלאוס קרפל בקשר לספר 'נהריה' וגם בקשר לדברים אישים;	Hebrew|German	2005	Unknown	מכתב|Letter		Communication Document	2005
IL-MTFN-001-G-F-0030-036-R0002	IL-MTFN-001-G-F-0030-036	correspondence	Correspondence between Andreas Meyer and Klaus Kerpel	1997-2003 Correspondence between Andreas Meyer and Klaus Kerpel, including a biography of Fritz Wolf, information about the settlement in Nahariya, correspondence regarding the book Nahariya, the German Colony, and also personal correspondence	1997-2003 Korrespondenz zwischen Andreas Meyer und Klaus Kerpel, unter anderem Biografie über Fritz Wolf, Informationen über die Siedlung in Nahariya, Korrespondenz bezüglich des Buches Nahariya, die deutsche Kolonie, sowie persönliche Korrespondenz	1997-2003 התכתבות בין אנדריאס מאייר לקלאוס קרפל, בין היתר ביוגרפיה על פריץ וולף, מידע על ההתיישבות בנהריה, התכתבות בקשר לספר נהריה מושבת היקים וגם התכתבות אישית	German|Hebrew	1997	Unknown	מכתב|Letter	Andreas Meyer|Klaus Kerpel	Communication Document	2003
IL-MTFN-001-G-F-0030-038-R0003	IL-MTFN-001-G-F-0030-038	correspondence	Correspondence with Paula Knepper and Joachim Merz, 1972	1972, correspondence with Paula Knepper and Joachim Merz regarding Elisabeth Föckeler who hid Paula Knepper during World War II. German, printed;	1972, Korrespondenz mit Paula Knepper und Joachim Merz in Bezug auf Elisabeth Föckeler, die Paula Knepper während des Zweiten Weltkriegs versteckte. Deutsch, gedruckt;	1972, התכתבות עם Paula Knepper ו Joachim Merz בקשר לבקשר ל Elisabeth Föckeler שהסתירה את גב קנפר בזמן מלחמת עולם II. גרמנית, מודפס;	German	1972	Typewritten	מכתב|Letter		Communication Document	1972
IL-MTFN-001-G-F-0030-038-R0004	IL-MTFN-001-G-F-0030-038	correspondence	מכרז ותכתובת עם יוסטוס מאיאר	"1974, Tender of the town of Nahariya for ""Employee in the Tourism Department"" and correspondence with Justus Meier on the matter, printed in Hebrew;"	"1974, Ausschreibung der Stadt Nahariya für ""Mitarbeiter in der Tourismusabteilung"" und Korrespondenz mit Justus Meier darüber, auf Hebräisch gedruckt;"	"1974, מכרז של עיירת נהריה על ""עובד במחלקת תיירות"" והתכתבות עם יוסטוס מאיאר בעניין, עברית מודפס;"	Hebrew	1974	Typewritten	מכתב|Letter	יוסטוס מאיאר	Communication Document	1974
IL-MTFN-001-G-F-0030-039-R0005	IL-MTFN-001-G-F-0030-039	correspondence	Correspondence between Andreas Mayer and Eva Warburg Unger	1994, correspondence between Andreas Mayer and Eva Warburg Unger related to the family tree;	1994, Korrespondenz zwischen Andreas Mayer und Eva Warburg Unger in Bezug auf den Stammbaum;	1994, התכתבות בין אנדריאס מאייר לבין אווה ורבורג אונגר Eva Warburg Unger קשר לאילן היוחסין;	Hebrew|German	1994	Unknown	מכתב|Letter		Communication Document	1994
IL-MTFN-001-G-F-0030-039-R0017	IL-MTFN-001-G-F-0030-039	correspondence	Correspondence with Gita Shmueli regarding Michael family tree	2003, Correspondence with Gita Shmueli from the Weizmann Institute regarding the family tree of the Michael family, English;	2003, Korrespondenz mit Gita Shmueli vom Weizmann-Institut bezüglich des Stammbaums der Familie Michael, Englisch;	2003, התכתבות עם גיתה שמועלי Gita Shmueli ממכון ויצמן בקשר לאילן יוחסין של משפחת מיכאל, אנגלית;	English	2003	Unknown	מכתב|Letter	Gita Shmueli	Communication Document	2003
IL-MTFN-001-G-F-0030-041-R0005	IL-MTFN-001-G-F-0030-041	correspondence	Correspondence with Peter Jaffee about Family Tree	1998, correspondence with Peter Jaffee regarding a family tree	1998, Korrespondenz mit Peter Jaffee bezüglich eines Stammbaums	1998, התכתבות עם פיטר יפה Peter Jaffee בקשר לאילן יוחסין	Hebrew|German	1998	Unknown	מכתב|Letter	Peter Jaffee	Communication Document	1998
IL-MTFN-001-G-F-0030-041-R0006	IL-MTFN-001-G-F-0030-041	correspondence	Correspondence with Lili Bernhard regarding family tree and booklet	1998, correspondence with Lili Bernhard regarding a family tree and a booklet, among other things a booklet written by Lili Bernhard; with the title: Erinnerung verpflichtet.	1998, Korrespondenz mit Lili Bernhard in Bezug auf einen Stammbaum und ein Heft, unter anderem ein Heft, das Lili Bernhard geschrieben hat; mit dem Titel: Erinnerung verpflichtet.	1998, התכתבות עם לילי ברנהרד בקשר לאילן יוחסין וחוברת, בין היתר חוברת שכתבה לילי ברנהרד;איתי Lili Bernhard;Ithai עם הכותרת: Erinnerung verpflichtet.	Hebrew|German	1998	Unknown	מכתב|Letter|חוברת|Booklet	Lili Bernhard	Communication Document	1998
IL-MTFN-001-G-F-0030-042-R0002	IL-MTFN-001-G-F-0030-042	memoir	Memories of Wolfgang Meyer	1971, 66 pages of memories by Wolfgang Meyer, Michael, printed, German;	1971, 66 Seiten Erinnerungen von Wolfgang Meyer, Michael, gedruckt, Deutsch;	1971, 66 דפים זיכרונות של ולפגנג מאייר, מיכאל Wolfgang Meyer,Michael, מודפס, גרמנית;	German	1971	Typewritten	רשימות|Personal Notes	Wolfgang Meyer	EgoDocument	1971
IL-MTFN-001-G-F-0030-042-R0003	IL-MTFN-001-G-F-0030-042	memoir	Memories by Wolfgang Meyer	Memories of 227 pages, Wolfgang Meyer, Michael, German printed	Erinnerungen von 227 Seiten, Wolfgang Meyer, Michael, Deutsch gedruckt	12.1971, זיכרונות של 227 דפים, ולפגנג מאייר, מיכאל Wolfgang Meyer, Michael, גרמנית מודפס	German	1971-12	Print	ספר|Book	Wolfgang Meyer	EgoDocument	1971
IL-MTFN-001-G-F-0030-044-R0001	IL-MTFN-001-G-F-0030-044	memoir	Memories of Justus Meyer - Lecture at the Alumni Meeting	Memories of Justus Meyer with the title, Lecture at the Meeting of the Alumni of the Ratsgymnasium in Bielefeld on October 23, 1982 From Rheda to Palestine; from Israel back to Bielefeld, the booklet contains 25 pages with pictures, printed, German.	Erinnerungen von Justus Meyer mit dem Titel, Vortrag beim Treffen der Ehemaligen des Ratsgymnasiums zu Bielefeld am 23. Oktober 1982 Von Rheda nach Palästina; von Israel zurück nach Bielefeld, die Broschüre enthält 25 Seiten mit Bildern, gedruckt, Deutsch.	זיכרונות של יוסטוס מאייר Justus Meyer עם הכותרת, Vortrag beim Treffen der Ehemaligen des Ratsgymnasiums zu Bielefeld am 23,Oktober 1982 Von Rheda nach Palästina; von Israel zurück nach Bielefeld, החוברת מכילה 25 דפים עם תמונות, מודפס, גרמנית.	German	1982-10-23	Print	חוברת|Booklet	Justus Meyer	EgoDocument	1982
IL-MTFN-001-G-F-0030-044-R0002	IL-MTFN-001-G-F-0030-044	visit	Notebook and Correspondence on Germany Trip	Notebook about a trip to Germany, probably by Edith; 1937, letter + copies of letters on correspondence about a bicycle trip by Andreas + birthday letter from Otto Mayer in Haifa to his son Andreas in Germany, German, printed.	Notizbuch über eine Reise in Deutschland, wahrscheinlich von Edith; 1937, Brief + Kopien von Briefen über eine Korrespondenz über eine Fahrradtour von Andreas + Geburtstagsbrief von Otto Mayer in Haifa an seinen Sohn Andreas in Deutschland, Deutsch, gedruckt.	מחברת על טיול בגרמניה, כנראה של Edith אדית; 1937, מכתב + העתק מכתבים על התכתבות בנושא טיול אופניים של אנדריאס + מכתב יום הולדת מאוטו מאייר בחיפה אל בנו אנדריאס בגרמיה, גרמנית, מודפס.	German|עברית	1937	Typewritten	מכתב|Letter|רשימות|Personal Notes	Andreas	EgoDocument	1937
IL-MTFN-001-G-F-0030-047-R0001	IL-MTFN-001-G-F-0030-047	correspondence	Correspondence between Andreas Meyer and Joachim Schlör	2000-2006, correspondence between Andreas Meyer and Joachim Schlör, regarding Alexander Meyer and the book Aus guter alter Zeit; nan	2000-2006, Korrespondenz zwischen Andreas Meyer und Joachim Schlör, in Bezug auf Alexander Meyer und das Buch Aus guter alter Zeit; nan	2000-2006, התכתבות בין אנדריאס מאייר ויואכים שלור Joachim Schlör, בקשר לאלכסנדר מאייר Alexander Meyer ולספר Aus guter alter Zeit; nan	German|Hebrew	2000	Unknown	מכתב|Letter	Andreas Meyer	Communication Document	2006
IL-MTFN-001-G-F-0030-051-R0005	IL-MTFN-001-G-F-0030-051	memoir	Memories by Wolfgang Schocken	Memories by Wolfgang Schocken (1908-1933) Thoughts upon my Early Life, English, 1982.	Erinnerungen von Wolfgang Schocken (1908-1933) Gedanken über mein frühes Leben, Englisch, 1982.	זכרונות מאת וולפגנג שוקן (1908-1933) Thoughts upon my Early Life, אנגלית, 1982.	English	1982	Print	סיפור|Fiction	Wolfgang Schocken	EgoDocument	1982
IL-MTFN-001-G-F-0030-055-R0012	IL-MTFN-001-G-F-0030-055	correspondence	Correspondence on Esther's Immigration Story	2002, Correspondence between Esther/Andreas Meyer and the Atlit detention camp about Esther's immigration story for preservation;	2002, Korrespondenz zwischen Esther/Andreas Meyer und dem Flüchtlingslager Atlit über Esthers Einwanderungsgeschichte zur Erhaltung;	2002, התכתבות בין אסתר/אנדריאס מאייר עם מחנה המעפילים עתלית על סיפור העלייה של אסתר לצורך שימור;	Hebrew|German	2002	Unknown	מכתב|Letter	Esther/Andreas Meyer	Communication Document	2002
IL-MTFN-001-G-F-0030-055-R0013	IL-MTFN-001-G-F-0030-055	correspondence	Copies of Winkelhof Training Photos and Correspondence	2003, copies of photos from the Winkelhof training, in which Esther Meier participated, and correspondence with a friend who also participated in the training, German;	2003, Kopien von Fotos der Ausbildung Winkelhof, an der Esther Meier teilnahm, und Korrespondenz mit einem Freund, der ebenfalls an der Ausbildung teilnahm, Deutsch;	2003, העתקי תמונות של ההכשרה וינקלהוף Winkelhof, בה הייתה אסתר מאייר והתכתבות עם חברה שגם הייתה בהכשרה, גרמנית;	German|Hebrew	2003	Unknown	תצלום|Photograph|מכתב|Letter	Esther Meier	Image	2003
IL-MTFN-001-G-F-0030-056-R0003	IL-MTFN-001-G-F-0030-056	correspondence	Correspondence between Andreas Mayer and Service for Searching Relatives	1989-1990, correspondence between Andreas Mayer and the Service for Searching Relatives regarding the family of Fanny Tropper, German.	1989-1990, Korrespondenz zwischen Andreas Mayer und dem Dienst für die Suche nach Verwandten in Bezug auf die Familie von Fanny Tropper, Deutsch.	1989-1990, התכתבות בין אנדריאס מאייר ושרות לחיפושי קרובים בקשר למשפחה של פאני טרופר Fanny Tropper, גרמנית.	German	1989-1990	Unknown	מכתב|Letter	Fanny Tropper	Communication Document	1990
IL-MTFN-001-G-F-0030-057-R0001	IL-MTFN-001-G-F-0030-057	correspondence	Correspondence Copies: Andreas Meyer and Eli Bar-On, 2003	2003, copies of correspondence between Andreas Meyer and Eli Bar-On regarding 'Nahariya Cooperative Agricultural Association of Landowners and City Ltd'.	2003, Kopien der Korrespondenz zwischen Andreas Meyer und Eli Bar-On bezüglich 'Nahariya Kooperative landwirtschaftliche Vereinigung von Landbesitzern und Stadt GmbH'.	"2003, העתקי התכתבות בין אנדריאס מאייר לבין אלי בר און בקשר ל'נהריה אגודה שתופית חקלאית של בעלי משק ועיר בע""מ'."	Hebrew|German	2003	Unknown	מכתב|Letter		Communication Document	2003
IL-MTFN-001-G-F-0030-059-R0001	IL-MTFN-001-G-F-0030-059	visit	Letters to and from Family Members (1957-1964)	1957-1964, Letters to and from family members; 1957, Letters from Andreas and Esther who were visiting Germany to family members in the country, Fanny Wechsler, Yigal. Andreas studied and took the Meister exam in Germany. German; 1964, Letters to family members mainly Esther from Andreas who was in Europe in various cities and also with family members, German, handwritten; 1964, Letters from the Höpner family in Bielefeld to the Mayer family in Nahariya; 1964, Family letter to Andreas and Esther from London. The sender OW, German, typewritten; 1956 + 1954, Letters with birthday greetings to Esther from the Mayer family in Argentina, English, German; no date, Letter in German from New Zealand by Joe.	1957-1964, Briefe an und von Familienmitgliedern; 1957, Briefe von Andreas und Esther, die Deutschland besuchten, an Familienmitglieder im Land, Fanny Wechsler, Yigal. Andreas studierte und machte die Meisterprüfung in Deutschland. Deutsch; 1964, Briefe an Familienmitglieder, hauptsächlich Esther von Andreas, der in Europa in verschiedenen Städten und auch bei Familienmitgliedern war, Deutsch, Handschrift; 1964, Briefe von der Familie Höpner in Bielefeld an die Familie Mayer in Nahariya; 1964, Familienbrief an Andreas und Esther aus London. Der Absender OW, Deutsch, gedruckt; 1956 + 1954, Briefe mit Geburtstagsgrüßen an Esther von der Familie Mayer in Argentinien, Englisch, Deutsch; ohne Datum, Brief auf Deutsch aus Neuseeland von Joe.	1957-1964, מכתבים אל ומבני משפחה; 1957, מכתבים של אנדריאס ואסתר שהיו בביקור בגרמניה אל בני משפחה בארץ, פאני וכסלר Fanny Wechsler, יגאל. אנדריאס עשה למד ועשה את המבחן Meister בגרמניה. גרמנית; 1964, מכתבים אל בני משפחה בעיקר אסתר מאנדריאס שהיה באירופה בערים שונות וגם אצל בני משפחה, גרמנית, כתב יד; 1964, מכתבים ממשפחת האפנר Höpner בבילפלד אל משפחת מאייר בנהריה; 1964, מכתב משפחתי אל אנדריאס ואסתר מלונדון. השולח OW, גרמנית, מודפס; 1956 + 1954, מכתבים עם ברכות יום הולדת לאסתר ממשפחת מאיר בארגנטינה, אנגלית, גרמנית; בלי תאריך, מכתב בגרמנית מניו זילנד מאת Joe.	German|English		Unknown	מכתב|Letter		Communication Document	1964
IL-MTFN-001-G-F-0030-059-R0002	IL-MTFN-001-G-F-0030-059	correspondence,diary,visit	Correspondence and Letters to Andreas Meyer	1936-1937, Letters to Andreas from Klärchen, Hans Steffen who was a friend of Andreas, German, handwritten, German; Letters to relatives and friends estimated in the 1930s, letters from Elsbeth Cohen to Andreas Meyer; 1947, Letters from Carla Harff living in New York to Andreas in Nahariya; 1930-1937, Germany, letters and postcards to Andreas from relatives and friends for Andreas' birthdays, German; 1951-1958, Letters from the family of Heinrich Meyer, Andreas' older brother in Argentina with the Meyer family in Israel, German; 1935, Greetings for Andreas' Confirmation from friends and family, German; 1938-1972, Various letters from friends, family members on various topics, German; 1960-1961, Letters from Raia Strauss and Zeev Midan living in Germany to Andreas and Esther Meyer + photo of Raia with baby, German; 1930-1937, Letters from Andreas' childhood, German; 1935-1937, Various letters - 28.11.1935 Letter to Aunt Grete; Part of a postcard; 01.1938 Copy of a diary page of Andreas in the first month of his arrival in Palestine; 1928-1957, Various correspondences; 1935, Correspondence between Britta and Andreas Meyer, partly in Germany and partly from Germany to Palestine, German, handwritten; 1928-1929, Letters to Andreas from his mother Gertrud. Andreas was at a summer camp in southern Germany, Ferienkolonie Köhlbrand, German, printed and handwritten; 1955-1957, Correspondence of Andreas with friends and relatives and in business matters. Among other things, sale of a shooting booth, purchase of spare parts; 17.02.2006, Birthday greeting to Andreas from Sascha Blitzblau, German, printed; Undated, Letter + business card of Gideon Greif from Yad Vashem regarding a book about Jeckes, German.	1936-1937, Briefe an Andreas von Klärchen, Hans Steffen, der ein Freund von Andreas war, Deutsch, Handschrift, Deutsch; Briefe an Verwandte und Freunde, geschätzt in den 1930er Jahren, Briefe von Elsbeth Cohen an Andreas Meyer; 1947, Briefe von Carla Harff, die in New York lebte, an Andreas in Nahariya; 1930-1937, Deutschland, Briefe und Postkarten an Andreas von Verwandten und Freunden zu Andreas' Geburtstagen, Deutsch; 1951-1958, Briefe von der Familie von Heinrich Meyer, Andreas' älterem Bruder in Argentinien, mit der Familie Meyer in Israel, Deutsch; 1935, Glückwünsche zur Konfirmation von Andreas von Freunden und Familie, Deutsch; 1938-1972, verschiedene Briefe von Freunden, Familienmitgliedern zu verschiedenen Themen, Deutsch; 1960-1961, Briefe von Raia Strauss und Zeev Midan, die in Deutschland lebten, an Andreas und Esther Meyer + Foto von Raia mit Baby, Deutsch; 1930-1937, Briefe aus Andreas' Kindheit, Deutsch; 1935-1937, verschiedene Briefe - 28.11.1935 Brief an Tante Grete; Teil einer Postkarte; 01.1938 Kopie einer Tagebuchseite von Andreas im ersten Monat seiner Ankunft in Palästina; 1928-1957, verschiedene Korrespondenzen; 1935, Korrespondenz zwischen Britta und Andreas Meyer, teilweise in Deutschland und teilweise von Deutschland nach Palästina, Deutsch, Handschrift; 1928-1929, Briefe an Andreas von seiner Mutter Gertrud. Andreas war in einem Sommerlager in Süddeutschland, Ferienkolonie Köhlbrand, Deutsch, gedruckt und Handschrift; 1955-1957, Korrespondenz von Andreas mit Freunden und Verwandten und in geschäftlichen Angelegenheiten. Unter anderem Verkauf eines Schießstandes, Kauf von Ersatzteilen; 17.02.2006, Geburtstagsgruß an Andreas von Sascha Blitzblau, Deutsch, gedruckt; ohne Datum, Brief + Visitenkarte von Gideon Greif von Yad Vashem in Bezug auf ein Buch über Jeckes, Deutsch.	1936-1937, מכתבים אל אנדריאס מאל Klärchen, Hans Steffen שהיה חבר של אנדריאס, גרמנית, כתב יד, גרמנית; מכתבים לקרובי משפחה וחברים משוער שנות השלושים, מכתבים מאלזבט כהן Elsbeth Cohen אל אנדריאס מאיר; 1947, מכתבים מ-Carla Harff שגרה בניו יורק אל אנדריאס, בנהריה; 1930-1937, גרמניה, מכבים וגלויות את אנדריאס מקרובי משפחה וחברים לכבוד ימי הולדת של אנדריאס, גרמנית; 1951-1958, מכתבים מהמשפחה של היינריך מאיר Heinrich Meyer, האח הגדול של אנדריאס בארגנטינה עם משפחת מאיר בארץ, גרמנית; 1935, ברכות לKonformation של אנדריאס מחברים ומשפחה, גרמנית; 1938-1972, מכתבים שונים מחברים, בני משפחה בנושאים שונים, גרמנית ; 1960-1961, מכתבים מאת רעיה שטראוס וזאב מידען שחייו בגרמניה אל אנדריאס ואסתר מאייר + תמונה של רעיה עם תינוק, גרמנית; 1930-1937, מכתבים מהילדות של אנדריאס, גרמנית; 1935-1937, מכתבים שונימ- 28.11.1935 מכתב אל דודה גרטה Tante Grete; חלק מגלויה; 01.1938 העתק של דף יומן של אנדריאס בחודש הראשון שהגיע לפלשתינה; 1928-1957, התכתבות שונות; 1935, התכתבות בין בריטה לאנדריאס מאיר Britta und Andreas חלק בגרמניה וחלק מגרמניה לפלשתינה, גרמנית, כתב יד; 1928-1929, מכתבים אל אנדריאס מאמו גרטרוד. אנדריאס היה במחנה קיץ בדרום גרמניה Ferienkolonie Köhlbrand, גרמנית, מודפס וכתב יד; 1955-1957, התכתבות של אנדריאס עם חברים וקרובי משפחה ובעניינים עסקים. בין היתר מכירת דוכן הירי, קניות חלקי חלוף; 17.02.2006, ברכת יום הולדת לאנדריאס מאת סשה בליצבלאו Sascha Blitzblau, גרמנית, מודפס; בלי תאריך, מכתב + כרטיס ביקור של גדעון גרייף מיד ושם בקשר לספר על יקים, גרמנית.	German|גרמנית		Unknown	מכתב|Letter|גלויה|Postcard|כרטיס ביקור|Business Card	Andreas Meyer	EgoDocument	2006
IL-MTFN-001-G-F-0030-060-R0002	IL-MTFN-001-G-F-0030-060	memoir	Draft and Memory Book of Esther Meir	Draft and memory book of Esther Meir née Troper, Hebrew, German, printed; 2007	Entwurf und Erinnerungsbuch von Esther Meir, geborene Troper, Hebräisch, Deutsch, gedruckt; 2007	טיוטה וספר זיכרונות של אסתר מאיר לבית טרופר, עברית, גרמנית, מודפס; 2007	Hebrew|German	2007	Print	טיוטה|Draft|ספר זכרונות|Memory Book	אסתר מאיר לבית טרופר	EgoDocument	2007
IL-MTFN-001-G-F-0030-061-R0001	IL-MTFN-001-G-F-0030-061	memoir	"Backup Disks of ""Memories of Andreas Meyer"""	"2007, Backup disks of the book ""Memories of Andreas Meyer"" in German and Hebrew, with 2 reels to the Holy Land;"	"2007, Sicherungsdisks des Buches ""Erinnerungen von Andreas Meyer"" auf Deutsch und Hebräisch, mit 2 Rollen ins Heilige Land;"	"2007, דיסקים גיבוי של הספר ""זיכרונות של אנדריאס מאייר"" בגרמנית ועברית, עם 2 גלגלים לארץ הקודש;"	Hebrew|German	2007	Unknown	לא מזוהה		EgoDocument	2007
IL-MTFN-001-G-F-0030-061-R0002	IL-MTFN-001-G-F-0030-061	correspondence,memoir	Correspondence between Andreas and Michal Peretz	2008, correspondence between Andreas and Michal Peretz regarding the book 'Memories';	2008, Korrespondenz zwischen Andreas und Michal Peretz in Bezug auf das Buch 'Erinnerungen';	"2008, התכתבות בין אנדריאס לבין מיכל פרץ בקשר לספר ""זיכרונות"";"	Unspecified	2008	Unknown	מכתב|Letter		Communication Document	2008
IL-MTFN-001-G-F-0030-061-R0004	IL-MTFN-001-G-F-0030-061	correspondence,memoir	Correspondence on Book Design	"2008, Correspondence between Andreas Meyer and Ziva Dotan regarding the design of the book ""Memories"", Hebrew;"	"2008, Korrespondenz zwischen Andreas Meyer und Ziva Dotan bezüglich des Designs des Buches ""Erinnerungen"", Hebräisch;"	"2008, התכתבות בין אנדריאס מאייר לבים זיוה דותן בקשר לעיצוב הספר ""זכרונות"", עברית;"	Hebrew	2008	Unknown	מכתב|Letter		Communication Document	2008
IL-MTFN-001-G-F-0030-061-R0005	IL-MTFN-001-G-F-0030-061	memoir	Correspondence of Andreas Meyer regarding a memory book	2008, correspondence of Andreas Meyer with various people regarding a memory book. Among others: Yossi Feldman (Council for the Preservation of Heritage Sites in Israel), Klaus Karpel.	2008, Korrespondenz von Andreas Meyer mit verschiedenen Personen in Bezug auf ein Erinnerungsbuch. Unter anderem: Yossi Feldman (Rat zur Erhaltung von Kulturerbestätten in Israel), Klaus Karpel.	2008, התכתבות של אנדריאס מאייר עם אנשים שונים בקשר לספר זכרונות. בין היתר: יוסי פלדמן (מועצה לשימור אתרי מורשת בישראל), קלאוס קרפל.	Hebrew|German	2008	Unknown	מכתב|Letter	Andreas Meyer	Communication Document	2008
IL-MTFN-001-G-F-0042-001-R0006	IL-MTFN-001-G-F-0042-001	correspondence	Correspondence between Mariana Barton and Nili Davidson	Correspondence between Mariana Barton and Nili Davidson; Museum archive, 1999, Hebrew.	Korrespondenz zwischen Mariana Barton und Nili Davidson; Museumsarchiv, 1999, Hebräisch.	התכתבות בין מריאנה ברטון ונילי דוידסון ;ארכיון המוזיאון, 1999, עברית.	Hebrew	1999	Unknown	מכתב|Letter		Communication Document	1999
IL-MTFN-001-G-F-0044-004-R0001	IL-MTFN-001-G-F-0044-004	correspondence	Correspondence on Apartment Rental at Yarkon Street	1979-1981, Tel Aviv, correspondence between Gerda Luft and Gliksman regarding the rental of an apartment at 226 Yarkon Street, Attorney Ernst W. Klimowski is handling the case, Hebrew;	1979-1981, Tel Aviv, Korrespondenz zwischen Gerda Luft und Gliksman bezüglich der Miete einer Wohnung in der Yarkon-Straße 226, Anwalt Ernst W. Klimowski bearbeitet den Fall, Hebräisch;	"1979-1981, תל אביב, התכתבות בין גרדה לופט לבין גליקסמן בקשר לשכירות של דירה ברחוב הירקון 226, עו""ד ארנסט ו. קלימובסקי מטפל בתיק, עברית;"	Hebrew	1979	Unknown	מכתב|Letter		Communication Document	1981
IL-MTFN-001-G-F-0044-005-R0001	IL-MTFN-001-G-F-0044-005	hometown,memoir,visit	Frühling am Landgraben Manuscript	Manuscript of the book Frühling am Landgraben, Spring in the Village Canal, 377 pages, memories of Gerda Luft starting in her hometown Königsberg, study period in Berlin, trip to Palestine, Arlosoroff, life with Luft and ending in 1980, German, printed	Manuskript des Buches Frühling am Landgraben, 377 Seiten, Erinnerungen von Gerda Luft, die in ihrer Heimatstadt Königsberg beginnen, Studienzeit in Berlin, Reise nach Palästina, Arlosoroff, Leben mit Luft und endet 1980, Deutsch, gedruckt	מנוסקריפט של ספר Frühling am Landgraben, אביב בתעלת הכפר, 377 עמודים, זיכרונות של גרדה לופט שמתחילים בעיר מולדתה קניגסברג, תקופת הלימודים בברלין, נסיע לפלשתינה, ארלוזורוב, החיים ים לופט ומסתיים ב 1980, גרמנית, מודפס	German		Print	ספר|Book	Gerda Luft	Creative Nonfiction	1980
IL-MTFN-001-G-F-0044-007-R0020	IL-MTFN-001-G-F-0044-007	diary	Business Diary of Gerda Luft	1964-1965; Business diary with information about Gerda Luft;	1964-1965; Geschäftstagebuch mit Informationen über Gerda Luft;	1964-1965; ביזנס דייארי עם מידע על גרדה לופט;	Unspecified	1964-1965	Unknown	יומן|Diary	Gerda Luft	EgoDocument	1965
IL-MTFN-001-G-F-0044-009-R0007	IL-MTFN-001-G-F-0044-009	diary,memoir	Article by Gerda Luft on Arthur Ruppin	1986, MB, article by Gerda Luft Arthur Ruppin; Diaries, Letters, Memories German.	1986, MB, Artikel von Gerda Luft Arthur Ruppin; Tagebücher, Briefe, Erinnerungen Deutsch.	1986, MB, כתבה מאת גרדה לופט Arthur Ruppin; Tagebücher, Briefe, Erinnerungen גרמנית.	German|גרמנית		Print	מאמר|Article	Arthur Ruppin	Communication Document	1986
IL-MTFN-001-G-F-0044-014-R0002	IL-MTFN-001-G-F-0044-014	diary	Diary of Itzhak Shapiro, 1950	1950, Diary of Itzhak Shapiro, unclear what is written about, statistics, settlement;	1950, Tagebuch von Itzhak Shapiro, unklar worüber geschrieben, Statistiken, Siedlung;	1950, יומנו של יצחק שפירו Itzhak Shapiro, לא ברור על מה כתוב, סטטיסטיקות, התיישבות;	Hebrew	1950	Unknown	יומן|Diary	Itzhak Shapiro	EgoDocument	1950
IL-MTFN-001-G-F-0047-026-R0004	IL-MTFN-001-G-F-0047-026	visit	Letters from Peter Frank to Otto and Leoni	Letters from Peter Frank to his uncle Otto and sister Leoni regarding financial claims from companies that acquired the family's property in the Third Reich at prices that did not match the property's value. From the letters, it can be understood that there are disagreements between the siblings and the uncle, who lives in the USA. End of 1948.	Briefe von Peter Frank an seinen Onkel Otto und seine Schwester Leoni über finanzielle Ansprüche gegenüber den Unternehmen, die das Familienvermögen im Dritten Reich zu unangemessenen Preisen erworben haben. Aus den Briefen geht hervor, dass es Meinungsverschiedenheiten zwischen den Geschwistern und dem Onkel, der in den USA lebt, gibt. Ende 1948.	"מכתבים של פטר פרנק אל דודו אוט ואחותו לאוני בנושא תביעות כספיות מהחברות שרכשו את רכוש המשפחה ברייך השלישי במחירים שלא הלמו את ערך הרכוש. מתוך המכתבים ניתן להבין שישנן חילוקי דעות בין האחים לבין הדוד, שחי בארה""ב. סוף 1948."	Hebrew|German	1948	Unknown	מכתב|Letter	Peter Frank	Communication Document	1948
IL-MTFN-001-G-F-0047-027-R0001	IL-MTFN-001-G-F-0047-027	correspondence	Correspondence between Leoni Frank-Landsberg and the Central Zionist Archive	Correspondence between Leoni Frank-Landsberg and the Central Zionist Archive; Dr. Alex Bein, Dr. I. Klausner, regarding the deposit of her letters and photos in the archive. German and Hebrew, 1950s and 1960s. In several letters written by Leoni to the archive, it can be inferred that she was dissatisfied with their handling and demanded the return of the deposit.	Korrespondenz zwischen Leoni Frank-Landsberg und dem Zentralen Zionistischen Archiv; Dr. Alex Bein, Dr. I. Klausner, über die Hinterlegung ihrer Briefe und Fotos im Archiv. Deutsch und Hebräisch, 1950er und 1960er Jahre. In mehreren Briefen, die Leoni an das Archiv schreibt, kann man schließen, dass sie mit deren Behandlung unzufrieden war und die Rückgabe der Hinterlegung forderte.	"התכתבות בין לאוני פרנק-לנדסברג והארכיון הציוני המרכזי; ד""ר אלכס ביין Dr. Alex Bein, ד""ר ישראל קלאוזנר Dr. I. Klausner, בנושא הפקדת המכתבים והתמונות שברשותה בארכיון. גרמנית ועברית, שנות ה-50 וה-60 למאה ה-20. במספר מכתבים, שכותבת לאוני אל הארכיון ניתן להסיק שלא היתה מרוצה מהטיפול שלהם ושדרשה את ההפקדה בחזרה."	German|Hebrew		Unknown	מכתב|Letter	Leoni Frank-Landsberg	Communication Document	1960
IL-MTFN-001-G-F-0047-027-R0006	IL-MTFN-001-G-F-0047-027	visit	Letters to Leoni from Dr. Ernst W. Kalimowsky	Two letters to Leoni from her lawyer, Dr. Ernst W. Kalimowsky, in which he informs her about his efforts to return to her what she deposited in the Zionist archive, as she requested back in 1959. Hebrew, 1973.	Zwei Briefe an Leoni von ihrem Anwalt, Dr. Ernst W. Kalimowsky, in denen er sie über seine Bemühungen informiert, ihr das zurückzugeben, was sie im zionistischen Archiv hinterlegt hat, wie sie bereits 1959 beantragt hatte. Hebräisch, 1973.	"שני מכתבים אל לאוני מאת עו""ד שלה, ד""ר ארנסט ו. קלימובסקי Dr. Ernst W. Kalimowsky בהם הוא מיידע אותה על מאמציו להחזיר לה את שהפקידה בארכיון הציוני, כפי שבקשה כבר בשנת 1959. עברית, 1973."	Hebrew	1973	Unknown	מכתב|Letter	Dr. Ernst W. Kalimowsky	Communication Document	1973
IL-MTFN-001-G-F-0047-027-R0007	IL-MTFN-001-G-F-0047-027	papers	Letter from Dr. Michael Heimann to Chava Pelz	Letter to Chava Pelz (daughter of Leoni and Alfred Landsberg) from Dr. Michael Heimann; Director of the Central Zionist Archives in Jerusalem, in which he asks the daughter to transfer the remaining materials from her parents' estate to the archive. Hebrew, 1982.	Brief an Chava Pelz (Tochter von Leoni und Alfred Landsberg) von Dr. Michael Heimann; Direktor des Zentralen Zionistischen Archivs in Jerusalem, in dem er die Tochter bittet, das restliche Material aus dem Nachlass ihrer Eltern an das Archiv zu übergeben. Hebräisch, 1982.	"מכתב אל חוה פלץ (בתם של לאוני ואלפרד לנדסברג) מאת ד""ר מיכאל היימן Dr. Michael Heimann; מנהל הארכיון הציוני המרכזי בירושלים, בו הוא מבקש מהבת להעביר לארכיון את יתר החומרים מעזבון הוריה. עברית, 1982."	Hebrew	1982	Typewritten	מכתב|Letter	Chava Pelz	Communication Document	1982
IL-MTFN-001-G-F-0047-029-R0011	IL-MTFN-001-G-F-0047-029	visit	Home Visits in Transit Camps in the 1950s	Home visits in the transit camps and exposure to the customs and habits of the immigrants in the 1950s of the 20th century.	Hausbesuche in den Übergangslagern und Einblicke in die Bräuche und Gewohnheiten der Einwanderer in den 1950er Jahren des 20. Jahrhunderts.	ביקורי בית במעברות והחשפות למנהגים והרגלים של העולים בשנות ה-50 למאה ה-20.	Hebrew		Unknown	Report		Report	1950
IL-MTFN-001-G-F-0047-037-R0006	IL-MTFN-001-G-F-0047-037	visit	Competition Announcement Form for Shmaryahu Levin House	Competition announcement form, distributed by the committee for the establishment of the Shmaryahu Levin House in Kfar Shmaryahu. The committee announces a competition among the plan submitters. The form details the competition conditions, the composition of the judges, the prize amount, and more. Rassco Company is the address for further information or proposals. Hebrew typewritten 1938.	Wettbewerbsankündigungsformular, herausgegeben vom Komitee zur Errichtung des Shmaryahu Levin Hauses in Kfar Shmaryahu. Das Komitee kündigt einen Wettbewerb unter den Einreichern der Pläne an. Das Formular enthält die Wettbewerbsbedingungen, die Zusammensetzung der Jury, die Höhe des Preises und mehr. Die Firma Rassco ist die Adresse für weitere Informationen oder Vorschläge. Hebräisch Maschinenschrift 1938.	טופס הכרזת התחרות, שמפיץ הועד להקמת בית שמריהו לוין בכפר שמריהו. הועד מכריז על תחרות בין מגישי התוכניות. בטופס מפורטים תנאי התחרות, הרכב השופטים, גובה הפרס, ועוד. חברת רסקו היא הכתובת לקבלת פרטים נוספים או הצעות. עברית הדפסה 1938.	Hebrew	1938	Typewritten	טופס|Form		Organization Papertrail	1938
IL-MTFN-001-G-F-0047-039-R0005	IL-MTFN-001-G-F-0047-039	correspondence	Correspondence between Leoni Landsberg and Various Individuals	Correspondence between Leoni Landsberg; Frank with various individuals regarding issues faced by her brother Kurt Frank and his fiancée staying in London. Among the correspondents is also Martin Rosenblüth, the brother of Pinchas Rosen. German, typewritten and handwritten, 1938.	Korrespondenz zwischen Leoni Landsberg; Frank mit verschiedenen Persönlichkeiten im Zusammenhang mit Problemen, die ihr Bruder Kurt Frank und seine Verlobte haben, die in London verweilen. Unter den Korrespondenten ist auch Martin Rosenblüth, der Bruder von Pinchas Rosen. Deutsch, Schreibmaschine und Handschrift, 1938.	התכתבות בין לאוני לנדסברג;פרנק עם אישים שונים בקשר עם בעיות שיש לאחיה קורט פרנק וארוסתו ששוהים בלונדון. בין המכותבים גם מרטין רוזנבליט Martin Rosenblüth, אחיו של פנחס רוזן. גרמנית, הדפסה וכתב יד, 1938.	German|Hebrew	1938	Unknown	מכתב|Letter	Leoni Landsberg	Communication Document	1938
IL-MTFN-001-G-F-0047-045-R0008	IL-MTFN-001-G-F-0047-045	visit	Postcard from Arthur Ruppin to the Landsberg couple	Postcard with greetings written by Arthur Ruppin to the Landsberg couple, from a trip in Baalbek, Lebanon. 1936.	Postkarte mit Gruß von Arthur Ruppin an das Ehepaar Landsberg, von einer Reise in Baalbek, Libanon. 1936.	"גלויה עם ד""ש שכתב ארתור רופין אל הזוג לנדסברג, מטיול בבעלבק, לבנון. 1936."	Hebrew	1936	Print	גלויה|Postcard	Arthur Ruppin	Communication Document	1936
IL-MTFN-001-G-F-0047-045-R0013	IL-MTFN-001-G-F-0047-045	visit	Letter from Ruppin to Leoni from 'Mariette Pascha'	A letter from Ruppin to Leoni from the ship 'Mariette Pascha', he regrets not reaching her before his departure with his daughter Carmela for recovery in Switzerland. German 1939.	Ein Brief von Ruppin an Leoni vom Schiff 'Mariette Pascha', er bedauert, dass er sie nicht vor seiner Abreise mit seiner Tochter Carmela zur Erholung in die Schweiz erreichen konnte. Deutsch 1939.	"מכתב של רופין אל לאוני מהאוניה ""Mariette Pascha"", הוא מצטער שלא השיג אותה לפני הפלגתו עם בתו כרמלה להבראה לשוייץ. גרמנית 1939."	German	1939	Unknown	מכתב|Letter		Communication Document	1939
IL-MTFN-001-G-F-0047-048-R0008	IL-MTFN-001-G-F-0047-048	visit	Letter from Eliza Marx to Peter and Leonie Frank	Letter to the brothers Peter and Leonie Frank in England (Leonie visiting her brother) from their aunt Eliza Marx; Alice Marx in the USA. German handwriting, 1953.	Brief an die Brüder Peter und Leonie Frank in England (Leonie besucht ihren Bruder) von ihrer Tante Eliza Marx; Alice Marx in den USA. Deutsch Handschrift, 1953.	"מכתב אל האחים פטר ולאוני פרנק באנגליה (לאוני מבקרת את אחיה) מאת דודתם אליזה מרקס; Alice Marx בארה""ב. גרמנית כתב יד, 1953."	German	1953	Handwritten	מכתב|Letter		Communication Document	1953
IL-MTFN-001-G-F-0047-048-R0011	IL-MTFN-001-G-F-0047-048	visit	Letter from Leoni to her daughter Ohe	Copy, letter from Leoni to her daughter Ohe. She addresses her and asks her to receive her father (Alfred) kindly and with understanding when he comes to visit her. Kfar Shmaryahu, German, typewritten, 1945.	Kopie, Brief von Leoni an ihre Tochter Ohe. Sie wendet sich an sie und bittet sie, ihren Vater (Alfred) freundlich und verständnisvoll zu empfangen, wenn er sie besuchen kommt. Kfar Shmaryahu, Deutsch, Maschinenschrift, 1945.	העתק, מכתב של לאוני אל בתה אוה. היא פונה אליה ומבקשת ממנה לקבל את אביה (אלפרד) יפה ובהבנה שיבוא אליה לביקור. כפר שמריהו, גרמנית הדפסה, 1945.	German	1945	Typewritten	מכתב|Letter		Communication Document	1945
IL-MTFN-001-G-F-0066-001-R0002	IL-MTFN-001-G-F-0066-001	visit	Articles by Dr. W. Preuss on Organization and Journey in Israel	"Articles written by Dr. W. Preuss on the topics ""Organization"" 1944 ""Journey in Israel 1914"" Motivation and Leadership"	"Artikel geschrieben von Dr. W. Preuss zu den Themen ""Organisation"" 1944 ""Reise in Israel 1914"" Motivation und Führung"	"כתבות שנכתבו ע""י ד""ר ו. פרויס בנושאים ""הסתדרות"" 1944 ""מסע בארץ ישראל 1914"" Motivation and Leadership"	Hebrew|German		Unknown	מאמר|Article	Dr. W. Preuss	Creative Nonfiction	1944
IL-MTFN-001-G-F-0070-032-R0001	IL-MTFN-001-G-F-0070-032	visit	Certificate for Prof. P. Ollendorff - Rothschild Prize 1973	1973 Certificate given to Prof. P. Ollendorff upon receiving the Rothschild Prize for his contribution to science.	1973 Zertifikat, das Prof. P. Ollendorff bei der Verleihung des Rothschild-Preises für seinen Beitrag zur Wissenschaft verliehen wurde.	1973 תעודה שנתנה לפרופ. פ. אולנדורף עם קבלת פרס רוטשילד על תרומתו למדע.	Hebrew	1973	Unknown	תעודה|Certificate	Prof. P. Ollendorff	Certificate	1973
IL-MTFN-001-G-F-0070-006-R0004	IL-MTFN-001-G-F-0070-006	diary	Diary on Jerusalem 1940-1944	Diary about Jerusalem 1940-1944	Tagebuch über Jerusalem 1940-1944	יומן על ירושלים 1940-1944	Hebrew	1940	Unknown	יומן|Diary		EgoDocument	1944
IL-MTFN-001-G-F-0084-001-R0003	IL-MTFN-001-G-F-0084-001	correspondence	Correspondence with the International Red Cross	Correspondence with the International Red Cross 1940-1942.	Korrespondenz mit dem Internationalen Roten Kreuz 1940-1942.	התכתבות עם הצלב האדום הבינלאומי 1940-1942.	Hebrew|Other	1940	Unknown	מכתב|Letter	International Red Cross	Communication Document	1942
IL-MTFN-001-G-F-0093-005-R0001	IL-MTFN-001-G-F-0093-005	correspondence	Correspondence between Hans Bernkopf and Fritz Rosenau	Letters in German from 1928-1935, some typewritten, from the correspondence between friends Hans Bernkopf; Germany and Fritz Rosenau; the letters contain material about the political-social situation in Germany, considerations on where to go, where to complete medical studies, immigration to Palestine and adaptation, philosophy, culture.	Briefe in deutscher Sprache von 1928-1935, teilweise mit Schreibmaschine, aus der Korrespondenz zwischen den Freunden Hans Bernkopf; Deutschland und Fritz Rosenau; die Briefe enthalten Material über die politische und soziale Lage in Deutschland, Überlegungen, wohin man gehen soll, wo man das Medizinstudium abschließen soll, Einwanderung nach Palästina und Anpassung, Philosophie, Kultur.	1928-1935 מכתבים בגרמנית, חלקם במכונת כתיבה, מהתכתבות בין החברים הנס ברנקופף Hans Bernkopf; גרמניה ופרנץ רוזנאו Fritz Rosenau; במכתבים יש חומר על המצב הפוליטי-חברתי בגרמניה, התלבטויות לאן לפנות, היכן ךסיים לימודי רפואה, עליה לפלסטינה וההתאקלמות, פילוסופיה, תרבות.	German	1928	Typewritten	מכתב|Letter	Hans Bernkopf|Fritz Rosenau	Communication Document	1935
IL-MTFN-001-G-F-0093-005-R0002	IL-MTFN-001-G-F-0093-005	correspondence	Correspondence with Parents in Germany, 1934	1934 correspondence with the parents who remained in Germany.	1934 Korrespondenz mit den Eltern, die in Deutschland geblieben sind.	1934 התכתבות עם ההורים שנשארו בגרמניה.	Hebrew|German	1934	Unknown	Letter		Communication Document	1934
IL-MTFN-001-G-F-0093-006-R0005	IL-MTFN-001-G-F-0093-006	visit	Notices to Dr. Hans Branko about Research Award	1935/6 Notices to Dr. Hans Branko regarding the receipt of the research award named after Dr. Oscar Hornik;	1935/6 Mitteilungen an Dr. Hans Branko über die Verleihung des Forschungspreises benannt nach Dr. Oscar Hornik;	"1935/6 הודעות לד""ר הנס ברנקועל קבלת פרס מחקר ע""ש ד""ר אוסקר הורניק;"	Hebrew|German	1935	Unknown	מכתב|Letter	Dr. Hans Branko	Communication Document	1935
IL-MTFN-001-G-F-0098-001-R0011	IL-MTFN-001-G-F-0098-001	visit	Notice of Departure from Palestine Office in Paris	Notice of Avat's departure from the Palestine Office in Paris, that her passport has arrived and is being transferred to the Paris police. French, typewritten, December 1946.	Mitteilung über die Abreise von Avat aus dem Palästina-Büro in Paris, dass ihr Pass angekommen ist und an die Pariser Polizei übergeben wird. Französisch, maschinengeschrieben, Dezember 1946.	הודעה לפרידה אבט ממשרד פלשתינה בפריז, שדרכונה הגיע והוא מועבר למשטרת פריז. צרפתית הדפסה, דצמבר 1946.	French	1946-12	Typewritten	מכתב|Letter		Communication Document	1946
IL-MTFN-001-G-F-0103-001-R0002	IL-MTFN-001-G-F-0103-001	diary,visit	Schlangenritual, Ein Reisebericht	1995 book in German written based on the travel diary of Aby Warburg to New Mexico in 1895, the title of the book is Schlangenritual, Ein Reisebericht;	1995 Buch auf Deutsch, basierend auf dem Reisetagebuch von Aby Warburg nach Neu-Mexiko im Jahr 1895, Titel des Buches Schlangenritual, Ein Reisebericht;	1995 ספר בגרמנית שנכתב עפי יומן נסיעה של אבי ורבורג ל Neu Mexico ב-1895 שם הספר Schlangenritual, Ein Reisebericht;	German|גרמנית	1895	Print	ספר|Book	Aby Warburg	Creative Nonfiction	1995
IL-MTFN-001-G-F-0103-001-R0009	IL-MTFN-001-G-F-0103-001	correspondence	Correspondence between Eva Warburg and Bernhard Gelbart	1939-1941, Vilnius, Kaunas, correspondence between Eva Warburg and Bernhard Gelbart, the letters were written in the pool of the Nazis, about the difficulties, about requests to Eva Warburg and about the thanks of the pioneers, German, the letters in handwriting printed by Miriam Poland;	1939-1941, Vilnius, Kaunas, Korrespondenz zwischen Eva Warburg und Bernhard Gelbart, die Briefe wurden im Pool der Nazis geschrieben, über die Schwierigkeiten, über Anfragen an Eva Warburg und über den Dank der Pioniere, Deutsch, die Briefe in Handschrift gedruckt von Miriam Polen;	1939-1941, וילנה, Kaunas, התכתבות בין אווה ורבורג לבין Eva Warburg ברנהרט גלברט Bernhard Gelbart, המכתבים נכתבו בבריכה מהנצים, על הקושי, על בקשות לאווה ורבורג ועל תודות של החלוצים, גרמנית, מהמכתבים בכתב יד מודפסים על ידי מרים פולין;	German|עברית	1939	Handwritten	מכתב|Letter	Eva Warburg	Communication Document	1941
IL-MTFN-001-G-F-0103-002-R0003	IL-MTFN-001-G-F-0103-002	diary	Charlotte Warburg's Diary Pages	Printing of Charlotte Warburg's diary pages; the work was done by Mrs. Miriam Polin (2002/2003)	Druck der Tagebuchseiten von Charlotte Warburg; die Arbeit wurde von Frau Miriam Polin durchgeführt (2002/2003)	"הדפסה דפי היומן של שרלוטה ורבורג; העבודה נעשתה ע""י גב. מרים פולין (2002/2003)"	Hebrew	2002-2003	Typewritten	יומן|Diary	Charlotte Warburg	EgoDocument	2003
IL-MTFN-001-G-F-0103-004-R0002	IL-MTFN-001-G-F-0103-004	memoir	Photo Album of Eva Warburg's Children	"1938-1935, photo album with ""the children"" of Eva Warburg in various summer activities, mainly trips to Kregme, Jersey, Hochhallee, Fanö. Miriam Polin added her memories of the photos in German."	"1938-1935, Fotoalbum mit ""den Kindern"" von Eva Warburg bei verschiedenen Sommeraktivitäten, hauptsächlich Ausflüge nach Kregme, Jersey, Hochhallee, Fanö. Miriam Polin fügte ihre Erinnerungen an die Fotos auf Deutsch hinzu."	"1938-1935, אלבום תמונות עם ""הילדים"" של אווה ורבורג בפעילויות קיץ שונות בעיקר טיולים ל Kregme, Jersey,Hochhallee, Fanö, מרים פולין הוסיפה את זכרונותיה של התמונות בגרמנית."	German|Hebrew	1935	Visual Element	תצלום|Photograph	Eva Warburg	Image	1938
IL-MTFN-001-G-F-0103-004-R0003	IL-MTFN-001-G-F-0103-004	memoir	Photo Album of Jewish Youth in Sweden, 1942	1942, photo album of Jewish youth in Sweden, Stockholm, who established a factory for wooden toys and decorative items. Miriam Polin recorded the names of the children from her memories and explained the picture. An article about the story was published in Haaretz on Holocaust Remembrance Day in 2017. It is also attached.	1942, Fotoalbum jüdischer Jugendlicher in Schweden, Stockholm, die eine Fabrik für Holzspielzeug und Dekorationsgegenstände gründeten. Miriam Polin schrieb aus ihren Erinnerungen die Namen der Kinder auf und erklärte das Bild. Über die Geschichte wurde am Holocaust-Gedenktag 2017 ein Artikel in Haaretz veröffentlicht. Auch dieser ist beigefügt.	1942, אלבום תמונות של נוער יהודי בשוודיה שטוקהולם שהקימו מפעל לצעצועי עץ ודברי נוי. מרים פולין רשמה מתוך זכרונותיה את שמות הילדים והסבירה את התמונה. על סיפור המעל יצאה כתבה בהארץ ביום השואה ב 2017. גם היא מצורפת.	Hebrew|עברית	1942	Unknown	תצלום|Photograph		Image	2017
IL-MTFN-001-G-F-0104-010-R0001	IL-MTFN-001-G-F-0104-010	correspondence	Correspondence between Moshe Kalwari and Gideon	Correspondence, translated into Hebrew and typewritten, between Moshe Kalwari and his son Gideon from the years 1926-1938.	Briefwechsel, ins Hebräische übersetzt und gedruckt, zwischen Moshe Kalwari und seinem Sohn Gideon aus den Jahren 1926-1938.	חליפת מכתבים, תורגמו לעברית והודפסו, בין משה קלוורי לבנו גדעון מהשנים 1926-1938.	Hebrew	1926	Typewritten	מכתב|Letter		Communication Document	1938
IL-MTFN-001-G-F-0104-010-R0002	IL-MTFN-001-G-F-0104-010	memoir	זכרונות גדעון קלוורי 1919-2004	Memories of Gideon Kalvari 1919-2004, Hebrew, typewritten.	Erinnerungen von Gideon Kalvari 1919-2004, Hebräisch, Maschinenschrift.	זכרונות גדעון קלוורי 1919-2004, עברית הדפסה.	Hebrew		Typewritten	רשימות|Personal Notes	גדעון קלוורי	EgoDocument	2004
IL-MTFN-001-G-F-0113-005-R0001	IL-MTFN-001-G-F-0113-005	diary	Dr. Fritz Wolf's Diary	Almost daily diary of Dr. Fritz Wolf Notes / Diary 1983;1985; 232 pages	Fast tägliches Tagebuch von Dr. Fritz Wolf Aufzeichnungen / Tagebuch 1983;1985; 232 Seiten	יומן כמעט יומי של דר' פריץ וולפ Aufzeichnungen / Tagebuch 1983;1985; 232 עמודים	German	1983	Unknown	יומן|Diary	Dr. Fritz Wolf	EgoDocument	1985
IL-MTFN-001-G-F-0113-006-R0001	IL-MTFN-001-G-F-0113-006	diary	Das letzte Tagebuch	The last diary, 1978, 61 pages.	Das letzte Tagebuch, 1978, 61 Seiten.	Das letzte Tagebuch, 1978, 61 עמודים.	German	1978	Unknown	יומן|Diary		EgoDocument	1978
IL-MTFN-001-G-F-0113-006-R0002	IL-MTFN-001-G-F-0113-006	diary	Unwritten Diary, 1991	Unwritten diary, 1991, 82 pages.	Ungeschriebenes Tagebuch, 1991, 82 Seiten.	Ungeschriebenes Tagebuch, 1991, 82 עמודים.	German	1991	Unknown	יומן|Diary		EgoDocument	1991
IL-MTFN-001-G-F-0113-0063 #2-R0001	IL-MTFN-001-G-F-0113-0063 #2	correspondence	Correspondence between Dr. P.W. and Sonja & Wilherm Krall	Correspondence between Dr. P.W. and Sonja & Wilherm Krall, Düsseldorf 1960;1970	Korrespondenz zwischen Dr. P.W. und Sonja & Wilherm Krall, Düsseldorf 1960;1970	"התכתבות בין ד""ר פ.ו. לבין Sonja & Wilherm Krall, מדיסלדורף 1960;1970"	Hebrew|German	1960	Unknown	מכתב|Letter		Communication Document	1970
IL-MTFN-001-G-F-0113-0063 #2-R0002	IL-MTFN-001-G-F-0113-0063 #2	correspondence	Correspondence between Dr. P.W. and Elsi von Kaltenborn	Correspondence between Dr. P.W. and Elsi von Kaltenborn from Garmischpartenkirchen, 1960;1970	Korrespondenz zwischen Dr. P.W. und Elsi von Kaltenborn aus Garmischpartenkirchen, 1960;1970	"התכתבות בין ד""ר פ.ו. לבית Elsi von Kaltenborn aus Garmischpartenkirchen, 1960;1970"	German	1960	Unknown	מכתב|Letter		Communication Document	1970
IL-MTFN-001-G-F-0113-007-R0002	IL-MTFN-001-G-F-0113-007	correspondence	Intimate Correspondence with Elisheva Cohen	1977;1979 Intimate correspondence with Elisheva Cohen from Nahariya	1977;1979 Intime Korrespondenz mit Elisheva Cohen aus Nahariya	1977;1979 התכתבות אינטימית עם אלישבע כהו מנהריה	Hebrew	1977	Unknown	מכתב|Letter	אלישבע כהו	Communication Document	1979
IL-MTFN-001-G-F-0113-012-R0001	IL-MTFN-001-G-F-0113-012	visit	Hoppla, אנחנו נוסעים לארץ הוויקיטים	Hoppla, we're going to Vikingland; Translation: Hoppla, we're going to Vikingland. Dr. Fritz Wolf writes a travel report to Norway and Germany and dedicates it to his fellow travelers. The trip was in a group with guides. The folder also contains a list of group members. 1989, 121 pages	Hoppla, wir fahren ins Wikingerland; Übersetzung: Hoppla, wir fahren ins Wikingerland. Dr. Fritz Wolf schreibt einen Reisebericht nach Norwegen und Deutschland und widmet ihn seinen Mitreisenden. Die Reise war in einer Gruppe mit Führern. In der Mappe befindet sich auch eine Liste der Gruppenmitglieder. 1989, 121 Seiten	"Hoppla wir fahren ins Wikingerland; תרגום: הופלה, אנחנו נוסעים לארץ הוויקיטים ד""ר פריץ וולף כותב דוח הנסיעות לנורבגיה וגרמניה ומקדיש אותו לחבריו בנסיעה. הנסיעה היתה בקבוצה עם מדריכים. בתיק גם רשימוה של חברי הקבוצה. 1989, 121 עמודים"	Hebrew|German	1989	Typewritten	דוח|Report|רשימה|List	Dr. Fritz Wolf	Report	1989
IL-MTFN-001-G-F-0113-015-R0002	IL-MTFN-001-G-F-0113-015	diary	Peas and Potato Peels Diary	Peas and Potato Peels; Translation: Peas and Potato Peels; the prose is structured as a diary; daily writing; 1993-1994, unnumbered pages, a total of 45 pages counted	Erbsen und Kartoffelschale; Übersetzung: Erbsen und Kartoffelschalen; die Prosa ist als Tagebuch strukturiert; tägliches Schreiben; 1993-1994, unnummerierte Seiten, insgesamt 45 Seiten gezählt	"Erbsen und Kartoffelschale ; תרגום: אפונה וקליפות תפוח אדמה; הפרוזה ערוכה כיומן; כתיבה יום-יומית; 1993-1994 עמודים לא ממוסםרים, נספרו סה""כ 45 עמודים"	Hebrew|German	1993-1994	Typewritten	יומן|Diary		EgoDocument	1994
IL-MTFN-001-G-F-0113-015-R0006	IL-MTFN-001-G-F-0113-015	diary	Thoughts and Events 1986	Thoughts and Events 1986; Translation: Thoughts and Events 1986 Biographical notes in diary form 1986, pages 104	Gedanken und Ereignisse 1986; Übersetzung: Gedanken und Ereignisse 1986 Biographische Notizen in Tagebuchform 1986, Seiten 104	Gedanken und Geschehnis 1986; תרגום: מחשבות ואירועים 1986 רשימות ביוגרפיה בצורת יומן 1986, עמודים 104	German|Hebrew	1986	Typewritten	רשימות|Personal Notes|יומן|Diary		EgoDocument	1986
IL-MTFN-001-G-F-0113-017-R0001	IL-MTFN-001-G-F-0113-017	diary	Excerpts from Alfred Wolf's Writings	The Lady Daughter; Excerpts from the thesis of Dr. Alfred Wolf; Excerpts from the war diary of Dr. Alfred Wolf; Alfred the brother of Fritz Wolf 1914;1918; Translation: The Lady Daughter. Dr. Fritz Wolf uses excerpts from his brother Alfred's writings from 1. the thesis 2. the war diary 1914-1918; The manuscript was written by Fritz in 1948 in Nahariya, 87 pages.	Das Fräulein Tochter; Auszüge aus der Diplomarbeit von Dr. Alfred Wolf; Auszüge aus dem Kriegstagebuch von Dr. Alfred Wolf; Alfred der Bruder von Fritz Wolf 1914;1918; Übersetzung: Die Dame Tochter. Dr. Fritz Wolf verwendet Auszüge aus den Schriften seines Bruders Alfred aus 1. der Diplomarbeit 2. dem Kriegstagebuch 1914-1918; Das Manuskript wurde 1948 von Fritz in Nahariya geschrieben, 87 Seiten.	"Das Fräulein Tochter ; Auszüge aus der Diplomarbeit von Dr. Alfred Wolf; Auszüge aus dem Kriegstagebuch von Dr. Alfred Wolf; Alfred der Bruder von Fritz Wolf 1914;1918; תרגום: הגברת בת. ד""ר פריץ וולף משתמש בקטעי כתיבה של אחיו אלפרד מתוך 1. עבודת הדיפלומה 2. יומן המלחמה 1914-1918; המנוסקריפט נכתב ע""י פריץ ב-1948 בנהריה, 87 עמודים."	Hebrew|German	1948	Unknown	Translated Document|Diary	Fritz Wolf	EgoDocument	1948
IL-MTFN-001-G-F-0113-027-R0001	IL-MTFN-001-G-F-0113-027	visit	Die Heimkehr; A play by Fritz Wolf	The Return Home; A play in four acts by Fritz Wolf; The piece is dedicated to Margot Klausner; Translation: The Return Home (And the sons shall return to their borders) a play in 4 acts by Fritz Wolf, bound, 67 pages 1938-1939 dedicated to Margot Klausner	Die Heimkehr; Spiel in vier Akten von Fritz Wolf; Das Stück ist Margot Klausner Gewidmet; Übersetzung: Die Heimkehr (Und die Söhne kehren heim) ein Stück in 4 Akten von Fritz Wolf, gebunden, 67 Seiten 1938-1939 gewidmet Margot Klausner	Die Heimkehr; Spiel in vier Akten von Fritz Wolf ; Das Stück ist Margot Klausner Gewidmet; תרגום: החזרה הביתה (ושבו בנים לגבולם) מחזה ב-4 מערכות מאת פריץ וולף, כרוך, 67 עמודים 1938-1939 מוקדש למרגוט קלאוזנר	German|עברית	1938-1939	Print	ספר|Book	Margot Klausner	Creative Fiction	1939
IL-MTFN-001-G-F-0113-041-R0016	IL-MTFN-001-G-F-0113-041	visit	Germany, a Winter Journey Lecture	Germany, a Winter Journey; Lecture for the Golden Age Club of Wizo Nahariya, Translation: Germany; Winter Journey. Lecture for the Golden Age Club of Wizo Nahariya	Deutschland, eine Winterreise; Vortrag für den Goldenen ;Age;Klub der Wizo Nahariya, Übersetzung: Deutschland; Winterreise. Vortrag für den Goldenen Club der Wizo Nahariya	15 עמודים, 1969 Deutschland, eine Winterreise; Vortrag für den Goldenen ;Age;Klub der Wizo Nahariya, תרגום: גרמניה; נסיעת חורף. הרצאה עבור מועדון גיל הזהב של ויצו נהריה	German|עברית	1969	Typewritten	הרצאה|Lecture		Communication Document	1969
IL-MTFN-001-G-F-0113-042-R0001	IL-MTFN-001-G-F-0113-042	hometown	Heilbronn Welcome Speech by Dr. P. Wolf	5 pages, 1985, Heilbronn Welcome Speech, Translation: Welcome speech for Heilbronn, Dr. P. Wolf was invited to his hometown and delivered his speech there.	5 Seiten, 1985, Heilbronn Begrüssungsrede, Übersetzung: Begrüßungsrede für Heilbronn, Dr. P. Wolf wurde in seine Geburtsstadt eingeladen und hielt dort seine Rede.	"5 עמודים, 1985, Heilbronn Begrüssungsrede, תרגום: נאום ברכה להיילברון, ד""ר פ. וולף הוזמן לעיר הולדתו ושם נשא את דבריו."	German	1985	Typewritten	נאום|Speech	Dr. P. Wolf	Communication Document	1985
IL-MTFN-001-G-F-0113-044-R0001	IL-MTFN-001-G-F-0113-044	diary	Lesebuch für meinen Enkel Manuscript	Page 241;288, 1995;1996, Lesebuch für meinen Enkel, from a reading book for my grandchild, the manuscript starts on page 241, previous pages are not available. The writing is in diary form, starting on November 2, 1995, 2 copies were left in the file.	Seite 241;288, 1995;1996, Lesebuch für meinen Enkel, aus dem Buch für meinen Enkel, das Manuskript beginnt auf Seite 241, vorherige Seiten sind nicht vorhanden. Das Schreiben ist in Tagebuchform, beginnt am 2. November 1995, 2 Kopien wurden in der Akte hinterlassen.	עמוד 241;288, 1995;1996, Lesebuch für meinen Enkel ,מתוך ספר קריא לנכד שלי, המנוסקריפט מתחיל בעמוד 241, עמודים קודמים לאנ בנמצא. הכתיבה היא בצורת יומן, מתחילה ב-2 לנובמבר 1995, 2 העתקים הושארו בתיק	German	1995-11-02	Unknown	יומן|Diary		EgoDocument	1996
IL-MTFN-001-G-F-0113-057-R0001	IL-MTFN-001-G-F-0113-057	correspondence	Correspondence with Verlag Herder	Correspondence with publishers from the 1980s of the 20th century Verlag Herder; Freiburg.	Korrespondenz mit Verlagen aus den 80er Jahren des 20. Jahrhunderts Verlag Herder; Freiburg.	התכתבות עם הוצאות לאור שנות ה 80 למאה ה-20 Verlag Herder; Freiburg.	Hebrew|German	1980	Unknown	מכתב|Letter	Verlag Herder	Communication Document	1980
IL-MTFN-001-G-F-0113-057-R0002	IL-MTFN-001-G-F-0113-057	correspondence	Correspondence with Ruth Liedmann	Correspondence with Ruth Liedmann from the publishing house in Zurich, 1980s.	Korrespondenz mit Ruth Liedmann vom Verlag in Zürich, 80er Jahre des 20. Jahrhunderts.	התכתבות עם Ruth Liedmann מהוצאת לאור בציריך, שנות ה 80 למאה ה-20.	Hebrew|German	1980	Unknown	מכתב|Letter	Ruth Liedmann	Communication Document	1980
IL-MTFN-001-G-F-0113-057-R0003	IL-MTFN-001-G-F-0113-057	correspondence	Correspondence with Gilles & Francke Duisburg	Correspondence with the publisher Gilles & Francke Duisburg, 1980s.	Korrespondenz mit dem Verlag Gilles & Francke Duisburg, 1980er Jahre.	התכתבויות עם ההוצאה לאור Gilles & Francke Duisburg, שנות ה-80.	Hebrew|German	1980	Unknown	מכתב|Letter	Gilles & Francke Duisburg	Communication Document	1980
IL-MTFN-001-G-F-0113-057-R0004	IL-MTFN-001-G-F-0113-057	correspondence	Correspondence with S. Fischer Verlag	Correspondence with the publisher S. Fischer Verlag, Frankfurt a.m., 1980s.	Korrespondenz mit dem Verlag S. Fischer Verlag, Frankfurt a.m., 1980er Jahre.	התכתבות עם ההוצאה לאור S. Fischer Verlag, Frankfurt a.m., שנות ה-80.	Hebrew|German		Unknown	מכתב|Letter	S. Fischer Verlag	Communication Document	1980
IL-MTFN-001-G-F-0113-057-R0005	IL-MTFN-001-G-F-0113-057	correspondence	Correspondence with Rainer Wunderlich Verlag	Correspondence with the publisher Rainer Wunderlich Verlag Hermann Leins; Tübingen, 1960s.	Korrespondenz mit dem Verlag Rainer Wunderlich Verlag Hermann Leins; Tübingen, 1960er Jahre.	התכתבות עם ההוצאה לאור Rainer wunderlich Verlag Hermann Leins; Tübingen, שנות ה-60.	German		Unknown	מכתב|Letter	Rainer Wunderlich Verlag Hermann Leins	Communication Document	1960
IL-MTFN-001-G-F-0113-057-R0006	IL-MTFN-001-G-F-0113-057	correspondence	Correspondence with Publishing House in Israel, 1948	Correspondence with a publishing house in Israel from 1948 in English. Dr. P.W. responded to the inquiry with a request for patience as the publishing house was bombed and is asked to get in touch again in 3 weeks. The publishing house: Malka Lyons and Jaap Bar-David; Book agencies Molly Lyons and Jaap Bar-David Literary Agency; the letter is interesting and reflects the conditions at the time, before the establishment of the state.	Korrespondenz mit einem Verlag in Israel aus dem Jahr 1948 auf Englisch. Dr. P.W. antwortete auf die Anfrage mit der Bitte um Geduld, da der Verlag bombardiert wurde und gebeten wird, in 3 Wochen erneut Kontakt aufzunehmen. Der Verlag: Malka Lyons und Jaap Bar-David; Buchagenturen Molly Lyons und Jaap Bar-David Literary Agency; der Brief ist interessant und spiegelt die damaligen Bedingungen wider, vor der Gründung des Staates.	"התכתבות עם הוצאת לאור בישראל מ-1948 בשפה האנגלית. ד""ר פ.ו. נענה על פנייתו בבקשת סבלנות כי בית הוצאה לאור הופצץ ומתבקש יצור שוב קשר בעוד 3 שבועות. ההוצאה לאור: מלכה ליינס את יעקב בר-דוד; סוכניות לספרים Molly Lyons and Jaap Bar-David Literary Agency; המכתב מעניין ומשקיף את התנאים דאז, לפני קום המדינה."	English	1948	Typewritten	מכתב|Letter		Communication Document	1948
IL-MTFN-001-G-F-0113-057-R0007	IL-MTFN-001-G-F-0113-057	correspondence	Correspondence with Merkur Newspaper Editorial	Correspondence with the editorial staff of the German newspaper Merkur in Munich. 1950s. Among them is a letter from the editorial staff to Prof. Ernst Simon; Ernst Simon, which refers to the rejection of the publication of P.W.'s poems in the newspaper. A. Simon, as it appears from the letter, sent and recommended material for the publication of P.W. This letter is from 05.11.1952.	Korrespondenz mit der Redaktion der deutschen Zeitung Merkur in München. 1950er Jahre. Darunter ein Brief von der Redaktion an Prof. Ernst Simon; Ernst Simon, der sich auf die Ablehnung der Veröffentlichung von P.W.s Gedichten in der Zeitung bezieht. A. Simon hat, wie aus dem Brief hervorgeht, Material zur Veröffentlichung von P.W. empfohlen. Dieser Brief ist vom 05.11.1952.	התכתבות עם מערכת עיתון גרמני Merkur במינכן. שנות ה-50 למאה ה-20. בניהם מכתב מהמערכת אל פרופ ארנסט סימון; Ernst Simon שמתיחס לדחיית הפרסום של שירי פ.ו. בעיתון. א. סימון כך יוצא מהמכתב שלח והמליץ על חומר פרו כתיבתו של פ.ו. מכתב זה מ-05.11.1952.	Hebrew|German	1952-11-05	Typewritten	מכתב|Letter	Ernst Simon	Communication Document	1952
IL-MTFN-001-G-F-0113-058-R0013	IL-MTFN-001-G-F-0113-058	correspondence	Correspondence between Dr. Fritz Wolf and Elfriede Mebing	Correspondence between Dr. Fritz Wolf and his agent Elfriede Mebing, late 1960s	Korrespondenz zwischen Dr. Fritz Wolf und seinem Agenten Elfriede Mebing, Ende der 60er Jahre	"התכתבות בין ד""ר פריץ וולף והסוכן שלו אלפרידה מבינג, סוף שנות ה;60"	Hebrew|German	1960	Unknown	מכתב|Letter	Dr. Fritz Wolf|Elfriede Mebing	Communication Document	1960
IL-MTFN-001-G-F-0113-064-R0001	IL-MTFN-001-G-F-0113-064	correspondence	Correspondence between Thomas Mann and Fritz Wolf	1951;1953, Correspondence between Thomas Mann and Fritz Wolf	1951;1953, Korrespondenz zwischen Thomas Mann und Fritz Wolf	1951;1953, התכתבות בין תומס מאן ופריץ וולף	German|Hebrew	1951	Unknown	מכתב|Letter	Thomas Mann|Fritz Wolf	Communication Document	1953
IL-MTFN-001-G-F-0113-064-R0002	IL-MTFN-001-G-F-0113-064	correspondence	Correspondence between Dr. Ernst Simon and Fritz Wolf	1952;1953, correspondence between Dr. Ernst Simon and Fritz Wolf	1952;1953, Korrespondenz zwischen Dr. Ernst Simon und Fritz Wolf	"1952;1953, התכתבות בין ד""ר ארנסט סימון ופריץ וולף"	Hebrew|German	1952	Unknown	מכתב|Letter	Dr. Ernst Simon|Fritz Wolf	Communication Document	1953
IL-MTFN-001-G-F-0130-001-R0002	IL-MTFN-001-G-F-0130-001	correspondence	התכתבות עם הבן מר אורי ברנע	Correspondence with the son Mr. Uri Barnea 1998	Korrespondenz mit dem Sohn Herrn Uri Barnea 1998	התכתבות עם הבן מר אורי ברנע 1998	Hebrew	1998	Unknown	מכתב|Letter	אורי ברנע	Communication Document	1998
IL-MTFN-001-G-F-0133-001-R0002	IL-MTFN-001-G-F-0133-001	memoir	Memory Book of Ella Reinmann	Memory book of Ella Reinmann, née Reinmann, 1906;1994 from Munich, in first marriage to Franz Ebstein 1888;1931 from Munich. From this marriage Kurt and Pinchas; Rodan. In second marriage: Hans Reinmann 1981;1901, from Munich.	Erinnerungsbuch von Ella Reinmann, geborene Reinmann, 1906;1994 aus München, in erster Ehe mit Franz Ebstein 1888;1931 aus München. Aus dieser Ehe Kurt und Pinchas; Rodan. In zweiter Ehe: Hans Reinmann 1981;1901, aus München.	ספר זכרונות של אלה ריינמן Ella Reinmann לבית ריינמן 1906;1994 ממינכן בנישואין ראשונים לפרנץ אבשטיין 1888;1931 Franz Ebstein ממינכן. מנשואין אלה קורט ופנחס ;רודן. בנשואין שניים: הנס ריינמן 1981;1901, ממינכן	Hebrew|German		Unknown	ספר זכרונות|Memory Book	Ella Reinmann	EgoDocument	1994
IL-MTFN-001-G-F-0138-001-R0001	IL-MTFN-001-G-F-0138-001	diary	Diary Pages of Brest Litowsk Community	Pages from the diary of the Brest Litowsk community, from December 1941 to August 1944.	Seiten aus dem Tagebuch der Gemeinde Brest Litowsk, von Dezember 1941 bis August 1944.	דפים מתוך יומן על של קהילת Brest Litowsk, מדצמבר 1941 ועד אוגוסט 1944.	Hebrew	1944-08	Unknown	יומן|Diary		EgoDocument	1944
IL-MTFN-001-G-F-0157-001-R0008	IL-MTFN-001-G-F-0157-001	visit	German Passport	German passport	Deutscher Reisepass	2000. דרכון גרמני;	German	2000	Unknown	תעודה|Certificate		Legal Document	2000
IL-MTFN-001-G-F-0157-001-R0009	IL-MTFN-001-G-F-0157-001	visit	Israeli Passport 1989	1989, Israeli passport;	1989, israelischer Reisepass;	1989, דרכון ישראלי;	Hebrew	1989	Unknown	תעודה|Certificate		Legal Document	1989
IL-MTFN-001-G-F-0158-001-R0005	IL-MTFN-001-G-F-0158-001	visit	Letters from Fuhrmann to Ets Gliksman	1933;1955, Letters from Fuhrmann to Ets Gliksman, Fuhrmann lived in Germany Friedrichssegen, associated with Kurt Schroeder Verlag, emigrated to the United States in 1939, his wife and son remained in Germany/Hamburg. His condition was not the best in the United States, as it seems, in the years after the war he writes to Gliksman about lack of money and food sometimes, about the possibility of his deportation from the United States. Gliksman visits him and also his wife and son from Hamburg.	1933;1955, Briefe von Fuhrmann an Ets Gliksman, Fuhrmann lebte in Deutschland Friedrichssegen, verbunden mit Kurt Schroeder Verlag, wanderte 1939 in die USA aus, seine Frau und sein Sohn blieben in Deutschland/Hamburg. Sein Zustand war in den USA nicht der beste, wie es scheint, in den Jahren nach dem Krieg schreibt er an Gliksman über Geld- und Nahrungsmangel, manchmal über die Möglichkeit seiner Abschiebung aus den USA. Gliksman besucht ihn und auch seine Frau und seinen Sohn aus Hamburg.	1933;1955, מכתבים מאת פורמאן Fuhrmann אל אץ גליקסמן, פורמן גר בגרמניה Friedrichssegen קשור עם Kurt Schroeder Verlag, היגר 1939 לארצות הברית, אישתו ובנו נשארו בגרמניה/המבורג. מצבו לא היה הכי טוב בארצות הברית כפי הנראה בשנים אחרי המלחמה הוא כותב לגליקסמן על מחסור בכסף ומזון לפעמים, על אפשרות גירושו מארצות הברית. גליקסמן מבקר אותו וגם את אשתו ובנו מהמבורג.	German|Hebrew	1933	Unknown	מכתב|Letter	Fuhrmann	Communication Document	1955
IL-MTFN-001-G-F-0158-001-R0006	IL-MTFN-001-G-F-0158-001	correspondence	Correspondence between Ernst Fuhrmann, Paul Guttfeld, and Artur Glückson	1930;1955, Correspondence between Ernst Fuhrmann, Paul Guttfeld with Artur Glückson, Fuhrmann, writer and philosopher lived in Germany Friedrichssegen, emigrated to America in 1939. Guttfeld worked at Folkwang;Auriga Verlag, also interested in biology, agriculture, and plants. He emigrated with his family to Palestine. Glückson, an architecture student in Berlin, lived a year in Palestine, returned to Berlin, and emigrated to Palestine. Close friendly relationship.	1930;1955, Briefwechsel zwischen Ernst Fuhrmann, Paul Guttfeld und Artur Glückson, Fuhrmann, Schriftsteller und Philosoph, lebte in Deutschland Friedrichssegen, wanderte 1939 nach Amerika aus. Guttfeld arbeitete bei Folkwang;Auriga Verlag, interessierte sich auch für Biologie, Landwirtschaft und Pflanzen. Er wanderte mit seiner Familie nach Palästina aus. Glückson, Architekturstudent in Berlin, lebte ein Jahr in Palästina, kehrte nach Berlin zurück und wanderte nach Palästina aus. Enge freundschaftliche Beziehung.	1930;1955, התכתבות מכתבים בין Ernst Fuhrmann, Paul Guttfeld עם Artur Glückson, פורמן, סופר ופילוסוף גר בגרמניה Friedrichssegen היגר 1939 לאמריקה. גוטפלד עבד ב Folkwand;Auriga Verlag התעניין גם בביולוגיה, חקלאות וצמחים. היגר עם משפחתו לפלשתינה. גליקסון סטודנט לארכיטקטורה בברלין, חי שנה בפלשתינה חזר לברלין והיגר לפלשתינה. קשר ידידותי הדוק.	German|Hebrew	1930	Unknown	מכתב|Letter		Communication Document	1955
IL-MTFN-001-G-F-0159-001-R0001	IL-MTFN-001-G-F-0159-001	memoir	חוברת זכרונות של חנה ירמיאס	1999, Memory booklet of Hanna Jeremias Trietsch tells about her life in Germany and in Israel for the younger generation and those who come after	1999, Erinnerungsheft von Hanna Jeremias Trietsch erzählt von ihrem Leben in Deutschland und in Israel für die jüngere Generation und die Nachkommen	1999, חוברת זכרונות של חנה ירמיאס Jeremias טריטש Trietsch מספרת על חייה בגרמניה ובארץ ישראל לדור הצעיר ולבאים אחריה	Hebrew|German		Print	ספר זכרונות|Memory Book	חנה ירמיאס	EgoDocument	1999
IL-MTFN-001-G-F-0161-001-R0003	IL-MTFN-001-G-F-0161-001	correspondence	Correspondence between Israel Shiloni and Eli Rothschild	1987, correspondence between Israel Shiloni and Eli Rothschild	1987, Korrespondenz zwischen Israel Shiloni und Eli Rothschild	1987, התכתבות בין ישראל שילוני ואלי רוטשילד	Hebrew	1987	Unknown	מכתב|Letter		Communication Document	1987
IL-MTFN-001-G-F-0165-001-R0003	IL-MTFN-001-G-F-0165-001	visit	Letter from Brigitta Wolf to Wilhelm Friedrichs	3.10.1969, Letter from Brigitta Wolf to Wilhelm Friedrichs, a German prisoner who saved Jews in Lithuania during World War II and was sentenced to life imprisonment after the war for killing a bank messenger. Shiloni and also Wolf helped to obtain a pardon for him, and the man visited the country.	3.10.1969, Brief von Brigitta Wolf an Wilhelm Friedrichs, einen deutschen Gefangenen, der während des Zweiten Weltkriegs Juden in Litauen rettete und nach dem Krieg zu lebenslanger Haft wegen der Tötung eines Bankboten verurteilt wurde. Shiloni und auch Wolf halfen, eine Begnadigung für ihn zu erwirken, und der Mann besuchte das Land.	3.10.1969, מכתב מאת בריגיטה וולף אל וילהלם פרידריכס Friedrichs, אסיר גרמני, שבזמן מלחמת העולם II הציל יהודים בליטה וקיבל אחרי המלחמה מאסר עולם על הריגה של שליח בנק. שילוני וגם וולף עזרו לקבל עבורו חנינה והאיש ביקר בארץ.	German|Hebrew	1969-10-03	Handwritten	מכתב|Letter	Wilhelm Friedrichs	Communication Document	1969
IL-MTFN-001-G-F-0165-001-R0008	IL-MTFN-001-G-F-0165-001	correspondence	Exchange of Letters between Brigitta Wolf and Dr. K. Kütscher	January 1975, exchange of letters between Brigitta Wolf and Dr. K. Kütscher, who is a nephew of Israel Shiloni. His letter is a sharp attack on her work, views, and actions, he responds to him on each and every point. Britta Wolf is the niece of the second wife of Hermann Göring, German.	Januar 1975, Briefwechsel zwischen Brigitta Wolf und Dr. K. Kütscher, der ein Neffe von Israel Shiloni ist. Sein Brief ist ein scharfer Angriff auf ihre Arbeit, Ansichten und Handlungen, er antwortet ihm auf jeden einzelnen Punkt. Britta Wolf ist die Nichte der zweiten Frau von Hermann Göring, Deutsche.	ינואר 1975, החלפת מכתבים בין ברגיטה וולף ו Dr. K. Kütscher שהוא אחיין של ישראל שילוני. מכתבו הוא התקפה חריפה של עבודתה, דעותיה, ומעשה, הוא עונה לו על כל סעיף וסעיף. בריטה וולף היא אחייניתו של אשתו השנייה של Hermann Göring, גרמנית	German|Hebrew	1975-01	Unknown	מכתב|Letter	Brigitta Wolf	Communication Document	1975
IL-MTFN-001-G-F-0167-001-R0001	IL-MTFN-001-G-F-0167-001	memoir	Request Letter to President Zalman Shazar for Financial Assistance	Copy of a request letter written by Israel Shiloni to President Zalman Shazar, asking to provide financial assistance to Liza Steinberg, Arlosoroff's sister, so she can complete writing the memoirs about her brother. The 70-year-old Liza Steinberg still needs to support herself by giving music lessons and therefore cannot complete the writing about Chaim Arlosoroff. Nahariya, Hebrew, June 1971.	Kopie eines Antragsbriefes, den Israel Shiloni an Präsident Zalman Shazar schreibt, in dem er bittet, Liza Steinberg, die Schwester von Arlosoroff, finanzielle Unterstützung zu gewähren, damit sie die Erinnerungen an ihren Bruder fertigstellen kann. Die 70-jährige Liza Steinberg muss sich noch durch Musikunterricht selbst versorgen und kann daher das Schreiben über Chaim Arlosoroff nicht abschließen. Nahariya, Hebräisch, Juni 1971.	העתק מכתב בקשה, שכותב ישראל שילוני אל הנשיא זלמן שזר בו הוא מבקש לאפשר לליזה שטיינברג, אחותו של ארלוזורוב, עזרה כלכלית, שתוכל להשלים את כתיבת הזיכרונות על אחיה. ליזה שטיינברג בת ה-70 עדיין צריכה לפרנס עצמה ממתן שיעורי מוסיקה ולכן איננה יכולה להתפנות להשלמת הכתיבה על חיים ארלוזורוב. נהריה, עברית, יוני 1971.	Hebrew	1971-06	Unknown	מכתב|Letter	ליזה שטיינברג	Communication Document	1971
IL-MTFN-001-G-F-0168-001-R0001	IL-MTFN-001-G-F-0168-001	visit	Newspaper Clippings on Elias Canetti	1981;1994, three newspaper clippings about Elias Canetti; 1981, article about Alice Schwartz in 'Israel News' on the awarding of the Nobel Prize to the writer; article about his book Welt im Kopf; 1994, article about his death in Zurich at the age of 89;	1981;1994, drei Zeitungsausschnitte über Elias Canetti; 1981, Artikel über Alice Schwartz in 'Nachrichten Israel' über die Verleihung des Nobelpreises an den Schriftsteller; Artikel über sein Buch Welt im Kopf; 1994, Artikel über seinen Tod in Zürich im Alter von 89 Jahren;	1981;1994, שלושה קטעי עיתון על Elias Canetti,; 1981, כתבה על אליס שורץ ב 'חדשות ישראל' על קבלת פרס נובל לסופר; מאמר על ספרו Welt im Kopf; 1994, מאמר על מותו בציריך בגיל 89;	Hebrew|German	1981	Print	גזיר עיתון|News Clipping	Elias Canetti	Ephemera	1994
IL-MTFN-001-G-F-0168-001-R0002	IL-MTFN-001-G-F-0168-001	visit	Letter to Leo from Cametti, 28.6.1963	28.6.1963, London, Letter to Leo from Cametti, Thank you letter for participating in his mourning, he is aware of Leo's invitation and promises to visit the country sometime.	28.6.1963, London, Brief an Leo von Cametti, Dankesbrief für die Teilnahme an seiner Trauer, er ist sich der Einladung von Leo bewusst und verspricht, einmal das Land zu besuchen.	28.6.1963, לונדון, מכתב אל ליאו מ Cametti, מכתב תודה על השתתפות באבלו, הוא מודע על ההזמנה של ליאו ומפתיח פעם לבא לבקר בארץ;	Hebrew|עברית	1963-06-28	Unknown	מכתב|Letter	Leo	Communication Document	1963
IL-MTFN-001-G-F-0180-001-R0002	IL-MTFN-001-G-F-0180-001	diary	Diary of the girl Strauss	Diary of the girl Strauss 1936;1945, in private edition.	Tagebuch von dem Mädchen Strauss 1936;1945, in privater Ausgabe.	יומן של הילדה שטראוס 1936;1945, בהוצאה פרטית.	Hebrew	1936	Unknown	יומן|Diary	Strauss	EgoDocument	1945
IL-MTFN-001-G-F-0180-002-R0008	IL-MTFN-001-G-F-0180-002	visit	Exit Certificate from Germany 1936	1936, Exit Certificate from Germany 008;	1936, Ausreisebescheinigung aus Deutschland 008;	1936, תעודת יציאה מגרמניה 008;	German	1936	Unknown	תעודה|Certificate		Certificate	1936
IL-MTFN-001-G-F-0180-002-R0020	IL-MTFN-001-G-F-0180-002	visit	First Visit of the Child in Post-WWII Germany	1949, first visit of the child in post-WWII Germany, document 020;	1949, erster Besuch des Kindes im Nachkriegsdeutschland, Dokument 020;	"1949, ביקור ראשון של הילדה בגרמניה שאחרי מלח""ע II, מסמך 020;"	Unspecified	1949	Unknown	מסמך מתורגם|Translated Document		EgoDocument	1949
IL-MTFN-001-G-F-0184-001-R0001	IL-MTFN-001-G-F-0184-001	diary	Life Diaries of Mariana Konra	Life diaries of Mariana Konra, née Davidson, from the years 1915;1938 and 1938;1959. The diaries are printed (by Karla Wolf) for ease of reading + a summarized summary in Hebrew (by Karla Wolf).	Lebenstagebücher von Mariana Konra, geborene Davidson, aus den Jahren 1915;1938 und 1938;1959. Die Tagebücher sind zur besseren Lesbarkeit gedruckt (von Karla Wolf) + eine zusammengefasste Zusammenfassung auf Hebräisch (von Karla Wolf).	"יומני חיים של מריאנה קונרה לבית דוידסון מהשנים 1915;1938 ומ- 1938;1959. היומנים מודפסים (ע""י קרלה וולף) לנוחות הקריאה + סיכום מתומצת בעברית ( ע""י קרלה וולף)."	Hebrew	1915	Typewritten	יומן|Diary	Mariana Konra	EgoDocument	1959
IL-MTFN-001-G-F-0184-001-R0004	IL-MTFN-001-G-F-0184-001	diary	Diaries in the form of letters by Angi Kantorowicz	2 diaries in the form of letters 1933; 1939 and; 1943 written by Angi Kantorowicz to her friends: Judith Ledermann, Gerda Krone, Heddi Bär.	2 Tagebücher in Form von Briefen 1933; 1939 und; 1943, geschrieben von Angi Kantorowicz an ihre Freundinnen: Judith Ledermann, Gerda Krone, Heddi Bär.	2 יומנים בצורת מכתבים 1933;1939 ו;1943 שכותבת אנג'י קנטורוביץ Angi Kantorowicz לחברותיה :; יהודית לדרמן Judith Ledermann, גרדה קרונה Gerda Krone, הדי בר Heddi Bär.	Hebrew|German	1933	Unknown	מכתב|Letter|יומן|Diary	Angi Kantorowicz	EgoDocument	1943
IL-MTFN-001-G-F-0184-003-R0005	IL-MTFN-001-G-F-0184-003	papers	Letter from Mariana Konre to Baron Amerigo Franchetti, 1978	A letter written by Mariana Konre to Baron Amerigo Franchetti, son of Luigi (unclear; why this letter is in the estate; according to the envelope it was sent to Italy to the Baron!) in 1978.	Ein Brief von Mariana Konre an den Baron Amerigo Franchetti, Sohn von Luigi (nicht klar; warum dieser Brief im Nachlass ist; laut dem Umschlag wurde er nach Italien an den Baron geschickt!) im Jahr 1978.	"מכתב שכתבה מריאנה קונרה אל הברון אמריגו פרנקטי Amerigo Franchetti בנו של לואיג'י (לא ברור; מדוע מכתב זה מצוי בעיזבון; עפ""י המעטפה הוא נשלח לאיטליה אל הברון!) ב-1978."	Hebrew|עברית	1978	Unknown	מכתב|Letter	Amerigo Franchetti	Communication Document	1978
IL-MTFN-001-G-F-0185-001-R0004	IL-MTFN-001-G-F-0185-001	visit	Telegram to Moshe Garzon from Ossin, 1949	1949 Telegram to Moshe Garzon in Kfar Hasidim from Ossin in Tel Aviv. Content: We will come to pick you up on Saturday to visit our lands in Kfar Lam (the Arabic name of Moshav HaBonim).	1949 Telegramm an Mosche Garzon im Kfar Hasidim von Ossin aus Tel Aviv. Inhalt: Wir werden dich am Samstag abholen, um unsere Ländereien im Kfar Lam (arabischer Name des Moshav HaBonim) zu besuchen.	1949 מברק אל משה גרזון בכפר חסידים מאת אוסין מתל;אביב.; התוכן: נבוא לקחתך בשבת לבקר באדמותינו בכפר לם (שמו הערבי של מושב הבונים).	Hebrew	1949	Typewritten	מברק|Telegram	Moshe Garzon	Communication Document	1949
IL-MTFN-001-G-F-0185-001-R0008	IL-MTFN-001-G-F-0185-001	correspondence	1946 Photo of a Letter Regarding Moshe Garzon	1946 photo of a printed letter in English, correspondence between relatives of Moshe Garzon, who mistakenly think that Moshe perished in the Holocaust.	1946 Foto eines gedruckten Briefes auf Englisch, Korrespondenz zwischen Verwandten von Moshe Garzon, die fälschlicherweise denken, dass Moshe im Holocaust umgekommen ist.	1946 צילום של מכתב מודפס באנגלית, התכתבות בין קרובי משפחה של משה גרזון, שבטעות חושבים שמשה נספה בשואה.	English	1946	Unknown	מכתב|Letter	Moshe Garzon	Communication Document	1946
IL-MTFN-001-G-F-0185-008-R0001	IL-MTFN-001-G-F-0185-008	hometown	Photograph of Pages on Religious Youth Village, Kfar Hasidim	Photograph of several pages on the topic: The religious youth village, Kfar Hasidim, from the Hebrew book 'Searching for a Home, Finding a Homeland' Youth Aliyah in Education and Rehabilitation, Holocaust Survivors 1945-1955, by Shlomo Bar-Gil.	Fotografie von mehreren Seiten zum Thema: Das religiöse Jugenddorf, Kfar Hasidim, aus dem hebräischen Buch 'Ein Zuhause suchen, eine Heimat finden' Jugend-Alija in Bildung und Rehabilitation, Überlebende des Holocaust 1945-1955, von Shlomo Bar-Gil.	צילום מספר דפים לנושא: כפר הנוער הדתי, כפר חסידים, מתוך הספר העברי 'מחפשים בית מוצאים מולדת' עליית הנוער בחינוך ובשיקום, שארית הפליטה 1955;1945, מאת שלמה בר;גיל.	Hebrew		Unknown	תצלום|Photograph		Image	1955
IL-MTFN-001-G-F-0185-008-R0002	IL-MTFN-001-G-F-0185-008	hometown	Photograph of Master Plans for Cooperative Settlement by Moshe Garzon	Photograph of the master plans for the structure of the cooperative settlement as designed by Moshe Garzon, presumably in the years 1936/37 within the framework of 'Notta;Bona' settlement Moledet.	Fotografie der Bebauungspläne für die Struktur der kooperativen Siedlung, wie sie von Moshe Garzon vermutlich in den Jahren 1936/37 im Rahmen von 'Notta;Bona' geplant wurde.	"צילום של תכניות המתאר למבנה המושב השיתופי כפי שתוכנן ע""י משה גרזון כפי הנראה בשנים 1936/37 במסגרת 'נוטע;בונה' מושב מולדת."	Unspecified	1936-1937	Visual Element	תצלום|Photograph	Moshe Garzon	Image	1937
IL-MTFN-001-G-F-0185-011-R0011	IL-MTFN-001-G-F-0185-011	visit	Vadi Family Visit to Moshav HaBonim 2002	Photos of the Vadi family during a visit to Moshav HaBonim 2002.	Fotos der Familie Vadi bei einem Besuch in Moschav HaBonim 2002.	תמונות של משפחת ועדי בעת ביקור במושב הבונים 2002.	Irrelevant	2002	Visual Element	תצלום|Photograph		Image	2002
IL-MTFN-001-G-F-0186-002-R0005	IL-MTFN-001-G-F-0186-002	hometown	1986 Speech for Winkel Conference	1986 Speech for the Winkel conference held in the homeland. Hebrew. Unclear who wrote it.	1986 Rede für die Winkel-Konferenz, die in der Heimat stattfand. Hebräisch. Unklar, wer es geschrieben hat.	1986 נאום לכנס וינקל Winkel שנערך במולדת. עברית. לא ברור מי כתב.	Hebrew	1986	Unknown	נאום|Speech		Communication Document	1986
IL-MTFN-001-G-F-0186-003-R0003	IL-MTFN-001-G-F-0186-003	diary	Publication of Judith and Adi's Article in Ein Harod Diary	"1996 ""Ein Harod Diary"" in which Judith and Adi's article ""Following My Family Lost in the Holocaust"" was published."	"1996 ""Tagebuch Ein Harod"", in dem der Artikel von Judith und Adi ""Auf den Spuren meiner Familie, die im Holocaust verloren ging"" veröffentlicht wurde."	"1996 ""יומן עין חרוד"" שבו התפרסמה רשימתה של יהודית ועדי ""בעקבות משפחתי שאבדה בשואה""."	Hebrew		Print	רשימה|List		Creative Nonfiction	1996
IL-MTFN-001-G-F-0198-002-R0005	IL-MTFN-001-G-F-0198-002	diary	Diary of Dr. Herbert Hamburger	Diary of Dr. Herbert Hamburger from the years 1927;1940, handwritten in German. The diary has a brown leather cover.	Tagebuch von Dr. Herbert Hamburger aus den Jahren 1927;1940, handschriftlich in Deutsch. Das Tagebuch hat einen braunen Ledereinband.	"יומן של ד""ר הרברט המבורגר מהשנים 1927;1940, גרמנית כתב יד. ליומן כריכת עור חומה."	German	1927	Handwritten	יומן|Diary	Dr. Herbert Hamburger	EgoDocument	1940
IL-MTFN-001-G-F-0202-001-R0019	IL-MTFN-001-G-F-0202-001	correspondence	Correspondence between Wally and Martin via Red Cross	Correspondence between Wally in Mishmar HaSharon and her brother Martin in Gut Neuendorf via the Red Cross. Martin writes briefly: They have parted from agricultural work. They are on their way, unclear where, probably to Theresienstadt. The address of Father, Gretchen, and Renate is unknown. Georg is working in a labor camp in Monowitz. Alfons's address is as it was, write to him immediately. The letter is signed by Martin and Bertl (his wife Berta).; July 16, 1943.	Korrespondenz zwischen Wally in Mishmar HaSharon und ihrem Bruder Martin in Gut Neuendorf über das Rote Kreuz. Martin schreibt kurz: Sie haben die landwirtschaftliche Arbeit aufgegeben. Sie sind auf dem Weg, unklar wohin, wahrscheinlich nach Theresienstadt. Die Adresse von Vater, Gretchen und Renate ist unbekannt. Georg arbeitet in einem Arbeitslager in Monowitz. Die Adresse von Alfons ist wie zuvor, schreibe ihm sofort. Der Brief ist von Martin und Bertl (seine Frau Berta) unterschrieben.; 16. Juli 1943.	התכתבות בין ולי במשמר השרון לאחיה מרטין בגוט נויינדורף Gut Neuendorf באמצעות הצלב האדום. מרטין כותב בקיצור: נפרדו מעבודת האדמה. הם עושים דרכם לא ברור לאן, ככל הנראה לטרזיינשטדט. כתובתו של אבא, גרטכן, ורנטה לא ידועים. גיאורג עובד במחנה עבודה במונוביץ'. כתובתו של אלפונס כפי שהיתה, כתבי לו מיד. על המכתב חתומים מרטין וברטל (ברטה רעייתו).; 16 ליולי 1943.	Hebrew|German	1943-07-16	Typewritten	מכתב|Letter	Martin	Communication Document	1943
IL-MTFN-001-G-F-0202-008-R0002	IL-MTFN-001-G-F-0202-008	papers	Family Roots by Henry Birnbrey	Family roots / family history created by Henry Birnbrey in 1994, which also includes the Garzon family through generations (this material is also found in the estate of Manfred Moshe Garzon).	Stammbaum / Familiengeschichte erstellt von Henry Birnbrey im Jahr 1994, in dem unter anderem auch die Familie Garzon über Generationen hinweg erwähnt wird (dieses Material befindet sich auch im Nachlass von Manfred Moshe Garzon).	"עבודת שורשים / תולדות משפחה שנעשתה ע""י הנרי בירנבריי Henry Birnbrey ב-1994 בה מופיעה בין היתר גם משפחת גרזון לדורותיה (חומר זה מצוי גם בעיזבון של מנפרד משה גרזון)."	Hebrew|English	1994	Unknown	לא מזוהה|Unrecognized	Henry Birnbrey	EgoDocument	1994
IL-MTFN-001-G-F-0202-015-R0015	IL-MTFN-001-G-F-0202-015	visit	1993 Postcard to Willi Seligman from Gad Blumenthal	1993 Postcard to Willi Seligman from Gad Blumenthal who visited Ahlem	1993 Postkarte an Willi Seligman von Gad Blumenthal, der Ahlem besuchte	1993 גלויה אל וילי זליגמן מ- Gad Blumenthal שביקר ב- Ahlem	Hebrew	1993	Unknown	גלויה|Postcard	Willi Seligman	Ephemera	1993
IL-MTFN-001-G-F-0202-016-R0003	IL-MTFN-001-G-F-0202-016	memoir	Memories from the Garzon Luli House	1993, Memories from the Garzon Luli House by Manfred	1993, Erinnerungen aus dem Haus Garzon Luli von Manfred	1993, זכרונות מבית גרזון לולי מאת Manfred	Unspecified	1993	Unknown	ספר|Book	Manfred	EgoDocument	1993
IL-MTFN-001-G-F-0214-001-R0001	IL-MTFN-001-G-F-0214-001	memoir	Memory Book of Miriam Polin	Memory book of Miriam Polin from 1938; Printed pages with memories of Miriam Polin from her childhood until her immigration to Israel in 1948.; The memories are divided into 3 chapters, a total of 38 pages.	Erinnerungsbuch von Miriam Polin aus dem Jahr 1938; Gedruckte Seiten mit Erinnerungen von Miriam Polin von ihrer Kindheit bis zu ihrer Einwanderung nach Israel im Jahr 1948.; Die Erinnerungen sind in 3 Kapitel unterteilt, insgesamt 38 Seiten.	"ספר זיכרונות של מרים פולין מ-1938; דפים מודפסים עם זיכרונותיה של מרים פולין מילדותה עד לעלייתה לארץ ב-1948.; הזיכרונות מחולקים ל;3 פרקים, סה""כ 38 עמודים."	Hebrew	1938	Print	ספר זכרונות|Memory Book	Miriam Polin	EgoDocument	1948
IL-MTFN-001-G-F-0223-001-R0009	IL-MTFN-001-G-F-0223-001	visit	Articles about Hanan David's visits to Bottrop	Press clippings, articles published in the newspapers of the city of Bottrop, Germany, writing about Hanan David and his visits to the city. The articles are accompanied by a list, handwritten in Hebrew, summarizing the articles. 1980s of the 20th century.	Zeitungsausschnitte, Artikel, die in den Zeitungen der Stadt Bottrop, Deutschland, veröffentlicht wurden und über Hanan David und seine Besuche in der Stadt berichten. Den Artikeln ist eine Liste beigefügt, hebräisch handgeschrieben, mit einer Zusammenfassung der Artikel. 1980er Jahre des 20. Jahrhunderts.	קטעי עיתונות, מאמרים שהתפרסמו בעיתוני העיר בוטרופ Bottrop, גרמניה, שכותבים על חנן דוד וביקוריו בעיר. למאמרים מצורפת רשימה, עברית כתב יד, עם תמצות המאמרים. שנות ה;80 לאה ה;20.	Hebrew|German		Unknown	גזיר עיתון|רשימה	חנן דוד	News Clipping	1980
IL-MTFN-001-G-F-0250-005-R0011	IL-MTFN-001-G-F-0250-005	correspondence	Correspondence between Ina Dimon and Israel Amir's descendants	Correspondence between Ina Dimon and the descendants of Israel Amir. Following obituaries and articles about the death of Israel Amir in 2002, Korin's daughter became aware of the connection and professional partnership between her father, Korin, and Israel Amir. Through the correspondence, she hoped to gain more information about her father's activities in the 1940s.	Korrespondenz zwischen Ina Dimon und den Nachkommen von Israel Amir. Nach Todesanzeigen und Artikeln über den Tod von Israel Amir im Jahr 2002 wurde die Tochter von Korin auf die Verbindung und die berufliche Partnerschaft zwischen ihrem Vater, Korin, und Israel Amir aufmerksam. Durch die Korrespondenz hoffte sie, mehr Informationen über die Aktivitäten ihres Vaters in den 1940er Jahren zu erhalten.	התכתבות בין אינה דימון והצאצאים של ישראל עמיר. בעקבות מודעות אבל ומאמרים על מותו של ישראל עמיר ב-2002, נחשפה בתו של קוריין לקשר ולשותפות המקצועית בין אביה, קוריין, לבין ישראל עמיר. באמצעות ההתכתבות קוותה לקבל יותר מידע על פעילותו של אביה בשנות ה-40.	Hebrew		Unknown	מכתב|Letter	Israel Amir	Communication Document	2002
IL-MTFN-001-G-F-0250-005-R0020	IL-MTFN-001-G-F-0250-005	visit	Ina Dimon's Photo Album in Germany	1957-1958, photo album of Ina Dimon while she worked in Germany. Most of the photos are from personal trips.	1957-1958, Fotoalbum von Ina Dimon während ihrer Arbeit in Deutschland. Die meisten Fotos sind von persönlichen Reisen.	1957-1958, אלבום תמונות של אינה דימון בזמן שעבדה בגרמניה. רוב התמונות הם מטיולים אישיים.	Unspecified	1957-1958	Visual Element	תצלום|Photograph	Ina Dimon	Image	1958
IL-MTFN-001-G-F-0251-001-R0001	IL-MTFN-001-G-F-0251-001	visit	Photographs of the Levant Fair in Tel Aviv, 1934	In 1934, she visited the Levant Fair in Tel Aviv where she photographed the various pavilions.	Im Jahr 1934 besuchte sie die Levante-Messe in Tel Aviv, wo sie die verschiedenen Pavillons fotografierte.	"ב-1934 בקרה את היריד המזרחי בת""א שם צילמה את הביתנים השונים."	Unspecified	1934	Unknown	תצלום|Photograph		Image	1934
IL-MTFN-001-G-F-0257-001-R0001	IL-MTFN-001-G-F-0257-001	memoir	Sweet Lemons: Memories from the Internment Camp in Mauritius 1940-1945	"A biographical book by Rachel Springman;Ribak wrote ""Sweet Lemons; Memories from the Internment Camp in Mauritius 1940;1945"". The book is divided into 87 short chapters. The book was published by Yad Vashem."	"Eine biografische Buch von Rachel Springman;Ribak schrieb ""Süße Zitronen; Erinnerungen aus dem Internierungslager in Mauritius 1940;1945"". Das Buch ist in 87 kurze Kapitel unterteilt. Das Buch wurde von Yad Vashem veröffentlicht."	"ספר ביוגרפי שרחל שפרינגמן;ריבק כתבה ""לימונים מתוקים; זיכרונות ממחנה ההסגר במאוריציוס 1940;1945"". אתהספר חילקה ל;87 פרקים קצרים. הספר יצא לאור בהוצאת יד ושם."	Hebrew		Print	Book	Rachel Springman	Creative Nonfiction	1945
IL-MTFN-001-G-F-0266-001-R0002	IL-MTFN-001-G-F-0266-001	visit	Copies related to Desider Stern's prize from Vienna, 1998	Copies related to the awarding of a prize to Desider Stern from the City of Vienna, 1998	Kopien im Zusammenhang mit der Verleihung des Preises an Desider Stern von der Stadt Wien, 1998	העתקים הקשורים לקבלת פרס ל דזידר שטרן מעירית וינה, 1998	Hebrew|German		Unknown	Translated Document	Desider Stern	Certificate	1998
IL-MTFN-001-G-F-0267-004-R0004	IL-MTFN-001-G-F-0267-004	diary,memoir	Grossmutter Erinnerungen	Notebook/Memoir book, on whose cover is written in golden letters: Grandmother's Memories. This notebook was translated into German by the daughter, Sophie Magnus, and handwritten the memories of her mother, Emma Eisler, which were originally written in Judeo-German and were written by her in 1874. Inside the notebook is a printed letter from 1958 in which the granddaughter, Helena Lilien, briefly tells the history of her grandmother and the notebook and mentions that in her memories the grandmother also wrote about Dr. Gabriel Riesser; in the notebook there is also a handwritten letter by A.M. Lilien in German which he wrote to his wife's mother, Sophie Magnus, in which he thanks her for copying the memoir book which interested him very much. In the notebook there is also a printed page in English (it is not known who printed it), apparently a translation into English from the grandmother's memories in which she refers to her father who died in 1852. Inside the notebook are several portrait photos of the grandmother, Emma Eisler.	Notizbuch/Erinnerungsbuch, auf dessen Einband in goldenen Buchstaben steht: Grossmutter Erinnerungen. Dieses Notizbuch wurde von der Tochter, Sophie Magnus, ins Deutsche übersetzt und handschriftlich die Erinnerungen ihrer Mutter, Emma Eisler, die ursprünglich in Jüdisch-Deutsch geschrieben waren und 1874 von ihr verfasst wurden, abgeschrieben. Im Notizbuch befindet sich ein gedruckter Brief von 1958, in dem die Enkelin, Helena Lilien, kurz die Geschichte ihrer Großmutter und des Notizbuchs erzählt und erwähnt, dass die Großmutter in ihren Erinnerungen auch über Dr. Gabriel Riesser schrieb; im Notizbuch befindet sich auch ein handschriftlicher Brief von A.M. Lilien auf Deutsch, den er an die Mutter seiner Frau, Sophie Magnus, schrieb, in dem er ihr für das Abschreiben des Erinnerungsbuchs dankt, das ihn sehr interessierte. Im Notizbuch befindet sich auch eine gedruckte Seite auf Englisch (es ist nicht bekannt, wer sie gedruckt hat), offenbar eine englische Übersetzung aus den Erinnerungen der Großmutter, in der sie sich auf ihren Vater bezieht, der 1852 starb. Im Notizbuch befinden sich mehrere Porträtfotos der Großmutter, Emma Eisler.	"מחברת/ספר זיכרונות, שעל כריכתו כתוב באותיות זהב: Grossmutter Erinnerungen. למחברת זאת הבת, סופי מגנוס Sophie Magnus, תרגמה לגרמנית והעתיקה בכתב יד את זיכרונות אמה, אמה איזלר, שבמקור היו כתובים ביהודית;גרמנית ואשר נכתבו על ידה ב-1874. בתוך המחברת יש מכתב מודפס מ- 1958 בו מספרת בקצרה הנכדה, הלנה ליליין, את תולדות סבתה ואת תולדות המחברת ומציינת שבזיכרונותיה כתבה הסבתא גם על ד""ר גבריאל ריסר Dr. Gabriel Riesser; במחברת גם מכתב של א.מ. ליליין בכתב יד בגרמנית אותו כתב לאם רעיתו לסופי מגנוס בו הוא מודה לה על העתקת ספר הזיכרונות שמאד עניין אותו. במחברת גם דף מודפס באנגלית (לא ידוע מי הדפיס) כפי הנראה תרגום לאנגלית מתוך הזיכרונות של הסבתא בו היא מתייחסת לאביה שנפטר ב-1852. בתוך המחברת מספר תמונות דיוקן של הסבתא, אמה איזלר."	German|English|Other	1874	Unknown	יומן|Diary	Emma Eisler	EgoDocument	1958
IL-MTFN-001-G-F-0267-011-R0007	IL-MTFN-001-G-F-0267-011	correspondence	Correspondence between Otto Lilien and Dr. Pachtman	1933/34 Correspondence between Otto Lilien and lawyer in Drohobycz, Dr. Pachtman	1933/34 Korrespondenz zwischen Otto Lilien und Anwalt in Drohobycz, Dr. Pachtman	"1933/34 התכתבות בין אוטו ליליין ועו""ד בדרוהוביץ', ד""ר פכטמן Dr. Pachtman"	German|Hebrew	1933	Unknown	מכתב|Letter	Otto Lilien	Communication Document	1933
IL-MTFN-001-G-F-0267-025-R0014	IL-MTFN-001-G-F-0267-025	correspondence	Manuscript for Efraim Moshe Lilien; Letters to his Wife	Manuscript for the book Efraim Moshe Lilien; Letters to his Wife, edited by Otto Lilien and Prof. Dr. Richard Scheffler from 1974/75. At the beginning of the manuscript, the two discuss in correspondence what should be included in the book and what should not.	Manuskript für das Buch Efraim Moshe Lilien; Briefe an seine Frau, herausgegeben von Otto Lilien und Prof. Dr. Richard Scheffler aus den Jahren 1974/75. Am Anfang des Manuskripts diskutieren die beiden in einem Briefwechsel, was in das Buch aufgenommen werden soll und was nicht.	"מנוסקריפט לספר Efraim Moshe Lilien; Briefe an seine Frau בעריכתם של אוטו ליליין ופרופ' ד""ר ריכרד שפלר Richard Scheffler משנת 1974/75 בתחילת המנוסקריפט מתלבטים השניים, בהתכתבות, מה יש להכניס ומה לא לתוך הספר."	German|עברית	1974-1975	Unknown	מכתב|Letter		Creative Nonfiction	1975
IL-MTFN-001-G-F-0274-001-R0003	IL-MTFN-001-G-F-0274-001	visit	Travel Documents of Reuven and Miriam Avnari, 1950	Two travel documents / instead of passports, of Reuven and Miriam Avnari from the year 1950, indicating that the travel document is valid for all countries except Germany.	Zwei Reisedokumente / anstelle von Pässen, von Reuven und Miriam Avnari aus dem Jahr 1950, in denen angegeben ist, dass das Reisedokument für alle Länder außer Deutschland gilt.	שתי תעודות מסע / במקום דרכונים, של ראובן ומרים אבנארי Avnari משנת 1950 בתוכם מצוין, שתעודת המסע לכל הארצות פרט לגרמניה.	Hebrew	1950	Unknown	תעודה|Certificate	Reuven Avnari|Miriam Avnari	Certificate	1950
IL-MTFN-001-G-F-0274-001-R0023	IL-MTFN-001-G-F-0274-001	visit	Reuven Avnari's Recommendations on Berlin	4 pages as printed in Hebrew in 2002 by Daniela Toister, the daughter of Reuven Avnari / Rudolf Levenstein. Reuven Avnari talks about Berlin and where to visit and enjoy.	4 Seiten, wie sie 2002 von Daniela Toister, der Tochter von Reuven Avnari / Rudolf Levenstein, auf Hebräisch gedruckt wurden. Reuven Avnari erzählt von Berlin und wo man besuchen und genießen sollte.	"4 עמודים כפי שהודפסו בעברית ב-2002 ע""י דניאלה טויסטר בתו של ראובן אבנארי / רודולף לבנשטיין. ראובן אבנארי מספר על ברלין והיכן כדאי לבקר וממה כדאי ליהנות."	Hebrew		Typewritten	Letter	Reuven Avnari	Communication Document	2002
IL-MTFN-001-G-F-0276-002-R0001	IL-MTFN-001-G-F-0276-002	correspondence	Correspondence between Heinrich Schopler and German Embassy in Tel Aviv	Correspondence between Heinrich Schopler and officials at the German Embassy in Tel Aviv 1997-2001. Among the letters are also many greeting letters for holidays and various events.	Korrespondenz zwischen Heinrich Schopler und Funktionären der deutschen Botschaft in Tel Aviv 1997-2001. Unter den Briefen befinden sich auch viele Grußbriefe zu Feiertagen und verschiedenen Anlässen.	התכתבות בין היינריך שופלר לבעלי תפקידים בשגרירות גרמניה בתל אביב 1997-2001 בין המכתבים גם הרבה מכתבי ברכה לחגים ואירועים שונים.	Hebrew|German	1997	Unknown	מכתב|Letter	Heinrich Schopler	Communication Document	2001
IL-MTFN-001-G-F-0276-009-R0001	IL-MTFN-001-G-F-0276-009	correspondence	Correspondence between Heinrich Schopler and Jan Brügelmann	Extensive correspondence on current and intellectual topics between Heinrich Schopler and Jan Brügelmann, the mayor of Cologne from 1979 to 1984. Attorney Schopler regularly sends the monthly magazines and the list of activities of the Cologne expatriates' organization to Cologne; around this topic, a personal friendship between the two likely develops. The letters discuss current political topics such as Israel/Palestinian relations, historical topics like the Normandy invasion, and more. The correspondence spans the years: 1993-2000.	Umfangreiche Korrespondenz über aktuelle und intellektuelle Themen zwischen Heinrich Schopler und Jan Brügelmann, dem Bürgermeister von Köln in den Jahren 1979-1984. Rechtsanwalt Schopler sendet regelmäßig die Monatszeitschriften und die Liste der Aktivitäten der Organisation der Kölner Auswanderer nach Köln; um dieses Thema entwickelt sich (vermutlich) auch eine persönliche Freundschaft zwischen den beiden. In den Briefen werden aktuelle politische Themen wie die Beziehungen zwischen Israel und Palästina, historische Themen wie die Invasion in der Normandie und andere diskutiert. Die Korrespondenz zwischen den Jahren: 1993-2000.	"התכתבות ענפה בנושאי אקטואליה ואינטלקטואליה בין היינריך שופלר ל;Jan Brügelmann ראש העיר של קלן בשנים 1979;1984. עו""ד שופלר שולח באופן קבוע לקלן את הירחונים ורשימת הפעילויות של ארגון יוצאי קלן; סביב נושא זה מתפתחת (ככל הנראה) גם ידידות אישית בין השנים. במכתבים נידונים נושאים פוליטיים אקטואלים כמו יחסי ישראל / פלשתינים, נושאים היסטוריים כמו הפלישה בנורמנדי ועוד. ההתכתבות בין השנים: 1993;2000."	Hebrew|German	1993	Unknown	מכתב|Letter	Heinrich Schopler|Jan Brügelmann	Communication Document	2000
IL-MTFN-001-G-F-0276-009-R0002	IL-MTFN-001-G-F-0276-009	correspondence,visit	Correspondence with Sibille Westerkamp	"Correspondence with Sibille Westerkamp from the publishing house in Cologne ""westerkamp Verlag"". Attorney Schopler regularly sends her the newsletters of the Cologne Expatriates Organization with the many cultural activities. The correspondence is based on a close friendship. He receives reports from her about the activities of the Society for Christian-Jewish Partnership in Cologne Kölnische Gesellschaft für Christlich-Jüdischer Zusammenarbeit. The letters also refer to the Cologne-Tel Aviv Friendship Circle and the exchange of visits between the two groups. The correspondence is from the years: 1993-2000."	"Korrespondenz mit Sibille Westerkamp vom Verlag in Köln ""westerkamp Verlag"". Anwalt Schopler schickt ihr regelmäßig die Rundschreiben der Kölner Exilorganisation mit den vielen kulturellen Aktivitäten. Die Korrespondenz basiert auf einer engen Freundschaft. Er erhält von ihr Berichte über die Aktivitäten der Gesellschaft für christlich-jüdische Zusammenarbeit in Köln Kölnische Gesellschaft für Christlich-Jüdischer Zusammenarbeit. In den Briefen gibt es auch Hinweise auf den Freundeskreis Köln-Tel-Aviv und den Austausch von Besuchen zwischen den beiden Gruppen. Die Korrespondenz stammt aus den Jahren: 1993-2000."	"התכתבות עם Sibille Westerkamp מההוצאה לאור בקלן ""westerkamp Verlag"". עו""ד שופלר שולח אליה בקביעות את החוזרים של ארגון יוצאי קלן עם הפעילויות התרבותיות הרבות. ההתכתבות היא על בסיס של ידידות קרובה. הוא מקבל ממנה דיווחים על פעילות האגודה לשותפות נוצרית;יהודית בקלן Kölnische Gesellschaft für Christlich;Jüdischer Zusammenarbeit. במכתבים ישנה גם התייחסות לחוג הידידים קלן;תל;אביב ולחילופי הביקורים בין שתי הקבוצות. ההתכתבות בין השנים: 1993;2000."	Hebrew|German	1993	Unknown	מכתב|Letter	Sibille Westerkamp	Communication Document	2000
IL-MTFN-001-G-F-0276-009-R0004	IL-MTFN-001-G-F-0276-009	correspondence	Correspondence with Viktor Böll	Correspondence with Viktor Böll, the nephew of the German writer Heinrich Böll, who is a member of the friendship organization Cologne; Tel Aviv, within which he came to Israel and lectured to the members of the organization about 'Heinrich Böll and Cologne'. The correspondence is from the years: 1997.	Korrespondenz mit Viktor Böll, dem Neffen des deutschen Schriftstellers Heinrich Böll, der Mitglied der Freundschaftsorganisation Köln; Tel Aviv ist, im Rahmen derer er nach Israel kam und vor den Mitgliedern der Organisation über 'Heinrich Böll und Köln' referierte. Die Korrespondenz stammt aus den Jahren: 1997.	"התכתבות עם Viktor Böll האחיין של הסופר הגרמני Heinrich Böll, שהוא חבר בארגון הידידות קלן;תל אביב Freundschaftverein Köln; Tel Aviv אשר במסגרתו הגיע לארץ והרצה לפני חברי הארגון על ""היינריך בל וקלן"" Heinrich Böll und Köln. ההתכתבות מהשנים: 1997."	German|Hebrew	1997	Unknown	מכתב|Letter	Viktor Böll	Communication Document	1997
IL-MTFN-001-G-F-0276-011-R0002	IL-MTFN-001-G-F-0276-011	correspondence	Correspondence on Agreement between Central Europe and Cologne Organizations	Correspondence between the Organization of Immigrants (from) Central Europe and the Organization of Emigrants from Cologne and Rhineland regarding the agreement (hierarchical agreement) between the two organizations.	Korrespondenz zwischen der Organisation der Einwanderer (aus) Mitteleuropa und der Organisation der Auswanderer aus Köln und Rheinland über das Abkommen (hierarchisches Abkommen) zwischen den beiden Organisationen.	1997;1998 התכתבות בין ארגון עולי (יוצאי) מרכז אירופה וארגון יוצאי קלן וריינלנד לנושא ההסכם (הסכם היררכי) בין שני הארגונים.	Hebrew	1997	Unknown	מכתב|Letter		Communication Document	1998
IL-MTFN-001-G-F-0276-013-R0001	IL-MTFN-001-G-F-0276-013	correspondence	Correspondence with Düsseldorf City Officials and Organizations	Correspondence with the Mayor of Düsseldorf and other officials in the Düsseldorf City Council, as well as with Israel-friendly organizations in this city.	Korrespondenz mit dem Bürgermeister von Düsseldorf und anderen Amtsträgern der Stadt Düsseldorf sowie mit israel-freundlichen Organisationen in dieser Stadt.	1994;1999 התכתבות עם ראש עיריית דיסלדורף ועם נושאי תפקידים אחרים בעיריית דיסלדורף וכמו כן עם אירגונים ידידותיים לישראל בעיר זאת.	Hebrew|German	1994	Unknown	מכתב|Letter		Communication Document	1999
IL-MTFN-001-G-F-0276-013-R0002	IL-MTFN-001-G-F-0276-013	correspondence	Correspondence with Austrian Embassy Officials	1987;1995 Correspondence with officials at the Austrian embassy in the country; returning to cultural; social activities with Austria.	1987;1995 Korrespondenz mit Funktionsträgern in der österreichischen Botschaft im Land; Rückkehr zu kulturellen; sozialen Aktivitäten mit Österreich.	1987;1995 התכתבות עם נושאי תפקידים בשגרירות האוסטרית בארץ; חוזרים לפעילויות התרבותיות;חברתיות עם אוסטריה.	Hebrew|German	1987	Unknown	מכתב|Letter		Communication Document	1995
IL-MTFN-001-G-F-0276-014-R0002	IL-MTFN-001-G-F-0276-014	correspondence	Correspondence with Friends; Schopler Couple in Israel	1935;1939 Correspondence with friends; the Schopler couple in Israel.	1935;1939 Korrespondenz mit Freunden; das Ehepaar Schopler in Israel.	1935;1939 התכתבות עם חברים; הזוג שופלר בישראל.	Hebrew	1935	Unknown	מכתב|Letter		Communication Document	1939
IL-MTFN-001-G-F-0276-015-R0001	IL-MTFN-001-G-F-0276-015	correspondence	Correspondence with the Lutheran Church in Jerusalem	Correspondence with the Lutheran Church in Jerusalem; Probst Karl; Heinz Ronecker; Lutheran Church of the Redeemer; 1993;1997	Korrespondenz mit der lutherischen Kirche in Jerusalem; Probst Karl; Heinz Ronecker; Lutherische Erlöserkirche; 1993;1997	התכתבות עם הכנסיה הלותרנית בירושלים; Probst Karl; Heinz Ronecker; Lutheran Church of the Redeemer; 1993;1997	Hebrew|German|English	1993	Unknown	מכתב|Letter	Lutheran Church of the Redeemer	Communication Document	1997
IL-MTFN-001-G-F-0276-015-R0002	IL-MTFN-001-G-F-0276-015	correspondence	Correspondence with Pfarrer Dr. Johannes Gerster	Correspondence with Pfarrer Dr. Johannes Gerster; Konrad Adenauer Foundation, Jerusalem; 1997;2000	Korrespondenz mit Pfarrer Dr. Johannes Gerster; Konrad Adenauer Stiftung, Jerusalem; 1997;2000	התכתבות עם Pfarrer Dr. Johannes Gerster; Konrad Adenauer Stiftung, Jerusalem; 1997;2000	German|Hebrew	1997	Unknown	מכתב|Letter	Pfarrer Dr. Johannes Gerster	Communication Document	2000
IL-MTFN-001-G-F-0276-015-R0003	IL-MTFN-001-G-F-0276-015	correspondence	Correspondence with Susanne Vetter, 1997	Correspondence with Pfarrvicarin Susanne Vetter from the Lutheran Church in Jerusalem - 1997	Korrespondenz mit Pfarrvicarin Susanne Vetter von der lutherischen Kirche in Jerusalem - 1997	התכתבות עם Pfarrvicarin Susanne Vetter מהכנסיה הלותרנית בירושלימ- 1997	Hebrew|German	1997	Unknown	מכתב|Letter	Susanne Vetter	Communication Document	1997
IL-MTFN-001-G-F-0276-015-R0004	IL-MTFN-001-G-F-0276-015	correspondence	Correspondence with Pfarrvicar Manuel Goldmann	Correspondence with Pfarrvicar Manuel Goldmann from the Lutheran Church in Jerusalem - Letters to: Heribert Krane; Aktion Sühnezeichen in Jerusalem - 1996;1997	Korrespondenz mit Pfarrvikar Manuel Goldmann von der lutherischen Kirche in Jerusalem - Briefe an: Heribert Krane; Aktion Sühnezeichen in Jerusalem - 1996;1997	התכתבות עם Pfarrvicar Manuel Goldmann מהכנסיה הלותרנית בירושלימ- מכתבים אל: Heribert Krane; Aktion Sühnezeichen בירושלימ- 1996;1997	Hebrew|German	1996	Unknown	מכתב|Letter	Manuel Goldmann	Communication Document	1997
IL-MTFN-001-G-F-0276-015-R0005	IL-MTFN-001-G-F-0276-015	correspondence	Correspondence with Inge Günther	Correspondence with Inge Günther; 1996;1997	Korrespondenz mit Inge Günther; 1996;1997	התכתבות עם Inge Günther; 1996;1997	Unspecified	1996	Unknown	מכתב|Letter	Inge Günther	Communication Document	1997
IL-MTFN-001-G-F-0276-015-R0006	IL-MTFN-001-G-F-0276-015	correspondence	Correspondence with Ludwig Schneider	Correspondence with Ludwig Schneider / News from Israel; 1996;1997	Korrespondenz mit Ludwig Schneider / Nachrichten aus Israel; 1996;1997	התכתבות עם Ludwig Schneider / Nachrichten aus Israel; 1996;1997	Hebrew|German	1996	Unknown	מכתב|Letter	Ludwig Schneider	Communication Document	1997
IL-MTFN-001-G-F-0276-015-R0007	IL-MTFN-001-G-F-0276-015	correspondence	Correspondence with the Mayor of Cologne	Correspondence with the Mayor of Cologne and his office staff: Michael Zimmermann; Heinz Erhard Cremer; Ursula Göbler; 1993;1996	Korrespondenz mit dem Bürgermeister von Köln und seinen Büroangestellten: Michael Zimmermann; Heinz Erhard Cremer; Ursula Göbler; 1993;1996	התכתבות עם ראש העיר קלן ואנשי לשכתו: Michael Zimmermann; Heinz Erhard Cremer; Ursula Göbler; 1993;1996	German|גרמנית	1993	Unknown	מכתב|Letter	Michael Zimmermann	Communication Document	1996
IL-MTFN-001-G-F-0276-015-R0008	IL-MTFN-001-G-F-0276-015	correspondence	Correspondence with Monika Möller	Correspondence with Monika Möller; 1996;1997	Korrespondenz mit Monika Möller; 1996;1997	התכתבות עם Monika Möller; 1996;1997	Unspecified	1996	Unknown	מכתב|Letter	Monika Möller	Communication Document	1997
IL-MTFN-001-G-F-0276-015-R0009	IL-MTFN-001-G-F-0276-015	correspondence,visit	Correspondence with Ruth & Klaus Ladda	Correspondence with Ruth & Klaus Ladda from Cologne, organizers of the groups for mutual visits. 1992;1996	Korrespondenz mit Ruth & Klaus Ladda aus Köln, Organisatoren der Gruppen für gegenseitige Besuche. 1992;1996	התכתבות עם Ruth & Klaus Ladda מקלן, מארגני הקבוצות לביקורים הדדיים. 1992;1996	Hebrew|German	1992	Unknown	מכתב|Letter	Ruth & Klaus Ladda	Communication Document	1996
IL-MTFN-001-G-F-0276-015-R0010	IL-MTFN-001-G-F-0276-015	correspondence	Correspondence with President Gerd Atolz	Correspondence with the President of the State of Schleswig-Holstein; Gerd Atolz; 1993; 1994	Korrespondenz mit dem Präsidenten des Staates Schleswig-Holstein; Gerd Atolz; 1993; 1994	התכתבות עם נשיא מדינת שלזויג;הולשטיין Gerd Atolz; 1993;1994	Hebrew|German	1993	Unknown	מכתב|Letter	Gerd Atolz	Communication Document	1994
IL-MTFN-001-G-F-0276-016-R0002	IL-MTFN-001-G-F-0276-016	correspondence	Correspondence with Emanuel Friedländer and Michael Schweiger	Correspondence with Emanuel Friedländer; Michael Schweiger; 1996;1997	Korrespondenz mit Emanuel Friedländer; Michael Schweiger; 1996;1997	1996;1997 התכתבות עם Emanuel Friedländer; Michael Schweiger;	Unspecified	1996	Unknown	מכתב|Letter		Communication Document	1997
IL-MTFN-001-G-F-0276-016-R0003	IL-MTFN-001-G-F-0276-016	memoir	Correspondence on Organization of Cologne Emigrants	Correspondence regarding the organization of Cologne emigrants, on the subject of searching for relatives, memories of immigration to Israel, book publications, the 'Ahava' institution in Kiryat Bialik.	Korrespondenz über die Organisation der Kölner Auswanderer, über die Suche nach Verwandten, Erinnerungen an die Einwanderung nach Israel, Buchveröffentlichungen, die Institution 'Ahava' in Kiryat Bialik.	1988;1994 התכתבות בענייני ארגון יוצאי קלן, בנושא חיפוש קרובים, זכרונות עליה לארץ, הוצאות ספרים, מוסד 'אהבה' בקרית ביאליק.	Hebrew	1988	Unknown	מכתב|Letter		Communication Document	1994
IL-MTFN-001-G-F-0276-017-R0001	IL-MTFN-001-G-F-0276-017	correspondence	Correspondence and Publications of the City of Cologne	Correspondence with the Mayor of Cologne and officials of the City of Cologne; various publications of the City of Cologne; 1990; 2000	Korrespondenz mit dem Bürgermeister von Köln und Funktionären der Stadt Köln; verschiedene Veröffentlichungen der Stadt Köln; 1990; 2000	התכתבות עם ראש העיר קלן ובעלי תפקידים בעריית קלן; פרסומים שונים של העיר קלן; 1990;2000	Hebrew|German	1990	Unknown	Letter		Communication Document	2000
IL-MTFN-001-G-F-0276-017-R0002	IL-MTFN-001-G-F-0276-017	correspondence	Correspondence with Rabbi Aharon Shar	Correspondence with Rabbi Aharon Shar; Discussion on religion, philosophy, and German writers; 1994;2001	Korrespondenz mit Rabbi Aharon Shar; Diskussion über Religion, Philosophie und deutsche Schriftsteller; 1994;2001	התכתבות עם הרב אהרון שאר; ישוב בנושאי דת, פילוסופיה וסופרים גרמנימ; 1994;2001	Hebrew|German	1994	Unknown	מכתב|Letter	הרב אהרון שאר	Communication Document	2001
IL-MTFN-001-G-F-0276-017-R0003	IL-MTFN-001-G-F-0276-017	correspondence	Correspondence with Avraham Frank	Correspondence with Avraham Frank from the Organization of Central European Emigrants, Jerusalem; 1996;2000	Korrespondenz mit Avraham Frank von der Organisation der Zentraleuropäischen Auswanderer, Jerusalem; 1996;2000	התכתבות עם אברהם פרנק מארגון יוצאי מרכז אירופה, ירושלים; 1996;2000	Hebrew	1996	Unknown	מכתב|Letter	אברהם פרנק	Communication Document	2000
IL-MTFN-001-G-F-0276-019-R0005	IL-MTFN-001-G-F-0276-019	correspondence	Correspondence with Ernst Freudenthal	Correspondence with Ernst Freudenthal, an activist of the organization of former Kassel residents in Tel Aviv - Verein Ehemaliger Kasselaner in Israel, 1976;1988.	Korrespondenz mit Ernst Freudenthal, einem Aktivisten der Organisation der ehemaligen Kasseler in Tel Aviv - Verein Ehemaliger Kasselaner in Israel, 1976;1988.	1976;1988 התכתבות עם ארנסט פרוידנטל Ernst Freudenthal פעיל אירגון יוצאי קסל בתל;אביב- Verein Ehemaliger Kasselaner in Israel.	Hebrew|German	1976	Unknown	מכתב|Letter	Ernst Freudenthal	Communication Document	1988
IL-MTFN-001-G-F-0276-020-R0001	IL-MTFN-001-G-F-0276-020	correspondence	Correspondence with Various Individuals	Correspondence with: Prof. Dr. Appelbaum 1999;2000; Regina Tanne 1996; Chanan Mayer 1996; Prof. Jehuda Ben Avner 1996;2000; Alise Walter 1996; Erich Pagener 1996;1997; Gideon Scharet 1995; Hans Freund 1995; Manchem Alon 1992;1993; Elieser Katz 1994;1995; Dr. Ludwig Löwenstein 1994; Frieda Hebel 1987;1988; Jitzchak Lawi 1988;1989; Vera Neumann 1988;1989; Elischewa Kaufmann 1989; Dr. Lichtenstein 1988; Ervin Katz 1988; Arije Katz; Friedel Klammer; Uri Schneider 1997; E. Goldwein 1999; Hella Leschnitzer 1990;1991; Prof. K. Dror 1992; Raphael Alon 1988;1989; Tamar Wolf 1987; Siegmund Rotschild 1988; David Alster; Jardeni 1998	Korrespondenz mit: Prof. Dr. Appelbaum 1999;2000; Regina Tanne 1996; Chanan Mayer 1996; Prof. Jehuda Ben Avner 1996;2000; Alise Walter 1996; Erich Pagener 1996;1997; Gideon Scharet 1995; Hans Freund 1995; Manchem Alon 1992;1993; Elieser Katz 1994;1995; Dr. Ludwig Löwenstein 1994; Frieda Hebel 1987;1988; Jitzchak Lawi 1988;1989; Vera Neumann 1988;1989; Elischewa Kaufmann 1989; Dr. Lichtenstein 1988; Ervin Katz 1988; Arije Katz; Friedel Klammer; Uri Schneider 1997; E. Goldwein 1999; Hella Leschnitzer 1990;1991; Prof. K. Dror 1992; Raphael Alon 1988;1989; Tamar Wolf 1987; Siegmund Rotschild 1988; David Alster; Jardeni 1998	התכתבות עם: Prof. Dr. Appelbaum 1999;2000; Regina Tanne 1996; Chanan Mayer 1996; Prof. Jehuda Ben Avner 1996;2000; Alise Walter 1996; Erich Pagener 1996;1997; Gideon Scharet 1995; Hans Freund 1995; Manchem Alon 1992;1993; Elieser Katz 1994;1995; Dr. Ludwig Löwenstein 1994; Frieda Hebel 1987;1988; Jitzchak Lawi 1988;1989; Vera Neumann 1988;1989; Elischewa Kaufmann 1989; Dr. Lichtenstein 1988; Ervin Katz 1988; Arije Katz; Friedel Klammer; Uri Schneider 1997; E. Goldwein 1999; Hella Leschnitzer 1990;1991; Prof. K. Dror 1992; Raphael Alon 1988;1989; Tamar Wolf 1987; Siegmund Rotschild 1988; David Alster; Jardeni 1998	Unspecified		Unknown	מכתב|Letter		Communication Document	2000
IL-MTFN-001-G-F-0276-020-R0003	IL-MTFN-001-G-F-0276-020	correspondence	Correspondence with Various Individuals	Correspondence with: Prof. Dr. Josef Walk 1993;1998; Fritz & Rosel Harburger 1994;1999; R. Seew Falk 1995; Chaim Lasan 1998	Korrespondenz mit: Prof. Dr. Josef Walk 1993;1998; Fritz & Rosel Harburger 1994;1999; R. Seew Falk 1995; Chaim Lasan 1998	התכתבות עם: Prof. Dr. Josef Walk 1993;1998; Fritz & Rosel Harburger 1994;1999; R. Seew Falk 1995; Chaim Lasan 1998	Unspecified		Unknown	מכתב|Letter		Communication Document	1999
IL-MTFN-001-G-F-0279-001-R0006	IL-MTFN-001-G-F-0279-001	correspondence	Financial Correspondence and Documents 1935/36	1935/36 Correspondence and documents on financial matters, including: 'Promissory Note' for E.Falk; Textiles, correspondence with Bank Jacob Jephet & Co; receipts and invoices from various purchases for home and business; in Germany and Palestine; from the 1920s and 1930s.	1935/36 Korrespondenz und Dokumente zum Thema Finanzen, unter anderem: 'Schuldschein' für E.Falk; Textilien, Korrespondenz mit der Bank Jacob Jephet & Co; Quittungen und Rechnungen von verschiedenen Einkäufen für Haus und Geschäft; in Deutschland und Palästina; aus den 1920er und 1930er Jahren.	1935/36 התכתבות ומסמכים בנושא כספים בין היתר: 'שטר חוב' Schuldschein ל; E.Falk; Textiles, התכתבות עם בנק יעקב יפת Bank Jacob Jephet & Co; קבלות חשבוניות מרכישות שונות לבית ולעסק; בגרמניה ובפלשתינה; משנות ה-20 וה;30 למאה ה;20.	German|Hebrew	1935	Unknown	מכתב|Letter|קבלה|Receipt|חשבונית|Invoice	E.Falk	Financial_Document	1935
IL-MTFN-001-G-F-0295-001-R0001	IL-MTFN-001-G-F-0295-001	memoir	Memory Book of Anna Vog	Memory book of the girl Anna Vog, Lübeck, died in Israel in 1940. The book is very elegant, bound in leather and embroidered with a wreath of flowers. Inside the book are several beautiful drawings by the authors. The writing in the book begins in 1884 in the city of Lübeck.	Erinnerungsbuch des Mädchens Anna Vog, Lübeck, gestorben in Israel 1940. Das Buch ist sehr elegant, in Leder gebunden und mit einer Stickerei eines Blumenkranzes versehen. Im Buch befinden sich mehrere wunderschöne Zeichnungen der Autoren. Die Schrift im Buch beginnt 1884 in der Stadt Lübeck.	ספר זיכרונות של הנערה אנה ווג, ליבק, נפטרה בישראל ב-1940. הספר מהודר מאד, כרוך בעור ועליו רקמה של זר פרחים. בתוך הספר מספר ציורים יפהפיים של הכותבים. הכתיבה בספר מתחילה ב-1884 בעיר ליבק Lübeck.	Hebrew|German	1884	Unknown	ספר זכרונות|Memory Book	Anna Vog	EgoDocument	1940
IL-MTFN-001-G-F-0299-001-R0001	IL-MTFN-001-G-F-0299-001	papers	Notebooks with Recipes from Gertrud/Tova Michaelis	Two notebooks with recipes from the estate of Gertrud/Tova Michaelis née Badt 1893;1963	Zwei Notizbücher mit Rezepten aus dem Nachlass von Gertrud/Tova Michaelis geb. Badt 1893;1963	שתי מחברות עם מתכונים מעזבון גרטרוד/ טובה מיכאליס לבית בדט Badt 1893;1963	Other		Unknown	Notepad	Gertrud/Tova Michaelis	EgoDocument	1963
IL-MTFN-001-G-F-0300-002-R0004	IL-MTFN-001-G-F-0300-002	visit	Letters from 1942 regarding London visit and attempts to reach Palestine	Letters from 28.01.1942; 30.08.1942 she visited London and is struggling to decide whether to return and live there. She is attempting to reach Palestine; so far without results.	Briefe vom 28.01.1942; 30.08.1942 besuchte sie London und hat Schwierigkeiten zu entscheiden, ob sie zurückkehren und dort leben soll. Sie versucht, nach Palästina zu gelangen; bisher ohne Erfolg.	מכתבים מ- 28.01.1942; 30.08.1942 ביקרה בלונדון ומתקשה להחליט אם לחזור ולגור שם. עושה נסיונות להגיע לפלשתינה; לעת עתה ללא תוצאות.	Hebrew	1942-08-30	Unknown	מכתב|Letter		Communication Document	1942
IL-MTFN-001-G-F-0306-001-R0013	IL-MTFN-001-G-F-0306-001	correspondence	Copy of CD and Correspondence	2001, copy of a CD with the film Jewish Life in Brandenburg; The Kaufman Family Hirsch; in Messingwerk near Eberswalde. And correspondence with Ruthi Ofek and Burkhard Wischemann regarding.	2001, Kopie einer CD mit dem Film Jüdisches Leben in Brandenburg; Die Kaufmannsfamilie Hirsch; in Messingwerk bei Eberswalde. Und Korrespondenz mit Ruthi Ofek und Burkhard Wischemann bezüglich.	2001, העתק של CD עם סרט Jüdisches Leben in Brandenburg; Die Kaufmansfamilie Hirsch; in Messingwerk bei Eberswalde. והתכתבות עם רותי אופק ו Burkhard Wischemann בעיניין.	German|Hebrew	2001	Unknown	מסמך מתורגם|Translated Document		Communication Document	2001
IL-MTFN-001-G-F-0311-001-R0002	IL-MTFN-001-G-F-0311-001	memoir	חוברת לזכרה של דקלה מיינרט	A booklet in Hebrew (with a portrait image) in memory of Dikla Meinert 1885;1967. The booklet is based on the memories she herself wrote. Inside the booklet is a page; an interview conducted with her in 1952.	Ein Heft auf Hebräisch (mit einem Porträtbild) zum Gedenken an Dikla Meinert 1885;1967. Das Heft basiert auf den Erinnerungen, die sie selbst geschrieben hat. Im Heft befindet sich eine Seite; ein Interview, das 1952 mit ihr geführt wurde.	חוברת בעברית (עם תמונת דיוקן) לזכרה של דקלה מיינרט 1885;1967. החוברת מבוססת על הזיכרונות שהיא עצמה כתבה. בתוך החוברת דף; ראיון שנעשה עמה בשנת 1952.	Hebrew	1952	Print	חוברת|Booklet	דקלה מיינרט	Creative Nonfiction	1967
IL-MTFN-001-G-F-0313-007-R0004	IL-MTFN-001-G-F-0313-007	visit	Letters by Alfred Levy	Letters in Hebrew by Alfred Levy. Among the letters is a picture of him. He was a student of Shiloni in Stettin. During World War II, he served in the British Army, entered Germany, visited Bergen-Belsen, studied architecture, and chose to stay in England. The letters are from the 1940s, 1980s, and 1990s.	Briefe auf Hebräisch von Alfred Levy. Unter den Briefen befindet sich ein Bild von ihm. Er war ein Schüler von Shiloni in Stettin. Während des Zweiten Weltkriegs diente er in der britischen Armee, ging nach Deutschland, besuchte Bergen-Belsen, studierte Architektur und entschied sich, in England zu bleiben. Die Briefe stammen aus den 40er, 80er und 90er Jahren des 20. Jahrhunderts.	"מכתבים בעברית מאת אלפרד לוי Alfred Levy. בין המכתבים יש תמונה שלו. הנ""ל היה תלמידו של שילוני בשטטין. במלח""ע II שרת הצבא הבריטי, נכנס לגרמניה, ביקר בבלגן בלזן, למד ארכיטקטורה ובחר להישאר באנגליה. המכתבים משנות ה-40, ה;80, ה;90 למאה ה;20."	Hebrew		Unknown	מכתב|Letter	Alfred Levy	EgoDocument	1990
IL-MTFN-001-G-F-0313-009-R0001	IL-MTFN-001-G-F-0313-009	visit	Letter from Raga to Shiloni, 1957	In a letter dated 4.7.1957, Raga writes to Shiloni about her last visit to his mother and aunt in Berlin.; This letter was typewritten, the section about the visit was translated into Hebrew by Carla Wolf, attached to the original letter.	In einem Brief vom 4.7.1957 schreibt Raga an Shiloni über ihren letzten Besuch bei seiner Mutter und Tante in Berlin.; Dieser Brief wurde getippt, der Abschnitt über den Besuch wurde von Carla Wolf ins Hebräische übersetzt, dem Originalbrief beigefügt.	"במכתב מתאריך 4.7.1957 מרגה כותבת לשילוני על הביקור האחרון שלה אצל אימו ודודתו בברלין.; מכתב זה הודפס, הקטע על הביקור תורגם לעברית ע""י קרלה וולף, מצורף למכתב המקור."	Hebrew|German	1957-07-04	Typewritten	מכתב|Letter|מסמך מתורגם|Translated Document		Communication Document	1957
IL-MTFN-001-G-F-0313-022-R0010	IL-MTFN-001-G-F-0313-022	papers	Correspondence and Photos of Jenny Neuberger	Correspondence of Jenny Neuberger, Israel 1956, regarding a debt from the sale of a sewing machine, a hard-to-read letter in German from 1946, photos of her with her husband from 1947, Jerusalem, a portrait photo of A.S. Yechezkel; Yehuda, who courted Jenny, see memory book displayed in the museum exhibition and additional unidentified photos. Jenny Neuberger is mentioned in the estate as the grandmother of Israel Shiloni. Her maiden name was Wolpe. Her Hebrew name: Chana Tzipora Neuberger. Jenny was born in 1874 and died in 1965.	Korrespondenz von Jenny Neuberger, Israel 1956, in Bezug auf eine Schuld aus dem Verkauf einer Nähmaschine, ein schwer lesbarer Brief auf Deutsch von 1946, Fotos von ihr mit ihrem Ehemann von 1947, Jerusalem, ein Porträtfoto von A.S. Jechezkel; Yehuda, der Jenny umwarb, siehe Erinnerungsbuch in der Museumsausstellung und weitere nicht identifizierte Fotos. Jenny Neuberger wird im Nachlass als Großmutter von Israel Shiloni genannt. Ihr Geburtsname war Wolpe. Ihr hebräischer Name: Chana Zipporah Neuberger. Jenny wurde 1874 geboren und starb 1965.	"התכתבות של Jenny Neuberger ,ישראל 1956, בקשר עם חוב על מכירת מכונת תפירה, מכתב בגרמנית מ-1946 (קשה לקריאה), תמונות שלה עם בעלה מ-1947,ירושלים, תמונת דיוקן של א""ש יחזקאל;יהודה, שחיזר אחרי ג'ני, ראה ספר זיכרונות מוצג בתצוגת המוזיאון ותמונות נוספות לא מזוהות. ג'ני נויברגר מצוינת בעיזבון כסבתא של ישראל שילוני. השם שלה מהבית היה Wolpe. השם העברי שלה: חנה ציפורה נויברגר. ג'ני ילידת 1874, נפטרה ב-1965."	German|Hebrew	1946	Unknown	מכתב|Letter|תצלום|Photograph	Jenny Neuberger	EgoDocument	1965
IL-MTFN-001-G-F-0313-026-R0001	IL-MTFN-001-G-F-0313-026	visit	Notebook with Travel Preparations and Impressions, 1971	Notebook with lists, preparation for a trip abroad in 1971 and writing of impressions during the trip. On the first page, the grandparents of Shiloni are listed with names and dates.	Notizbuch mit Listen, Vorbereitung einer Auslandsreise 1971 und Schreiben von Eindrücken während der Reise. Auf der ersten Seite sind die Großeltern von Shiloni mit Namen und Daten verzeichnet.	"פנקס עם רשימות, הכנת נסיעה לחו""ל 1971 וכתיבה של התרשמויות בנסיעה. בדף ראשון רשומים הסבא והסבתא של שילוני שמות ותאריכים."	Hebrew	1971	Handwritten	פנקס|Notepad		EgoDocument	1971
IL-MTFN-001-G-F-0313-026-R0002	IL-MTFN-001-G-F-0313-026	visit	Notebook with Travel Preparation Lists	Notebook with travel preparation lists for abroad, 1979.	Notizbuch mit Reiselisten ins Ausland, 1979.	"פנקס עם רשימות הכנה לנסיעה לחו""ל, 1979."	Unspecified	1979	Unknown	פנקס|Notepad		EgoDocument	1979
IL-MTFN-001-G-F-0313-029-R0003	IL-MTFN-001-G-F-0313-029	visit	Documents and Newspaper Clippings from Shay Israel Shiloni's Visit to Bonn, 1989	Documents and newspaper clippings in German from Shay Israel Shiloni's visit to Bonn in 1989. Among other things, a visit to the school where he taught, a picture of him with his students from back then; appeared in the local press.	Dokumente und Zeitungsausschnitte auf Deutsch vom Besuch von Shay Israel Shiloni in Bonn 1989. Unter anderem ein Besuch in der Schule, in der er unterrichtete, ein Bild von ihm mit seinen damaligen Schülern; erschien in der lokalen Presse.	"מסמכים וקטעי עיתונות בגרמנית מביקור שי ישראל שילוני בבון 1989. בין היתר ביקור בביה""ס בו הוא לימד, תמונה שלו עם תלמידיו מאז; הופיעה בעיתונות המקומית."	German	1989	Unknown	מסמך מתורגם|Translated Document|גזיר עיתון|News Clipping	שי ישראל שילוני	Communication Document	1989
IL-MTFN-001-G-F-0313-036-R0001	IL-MTFN-001-G-F-0313-036	visit	Envelope with Photos by Zalman, 1987	Envelope with still images of:; Photos that Zalman (?) took in 1987 during a visit to the Shiloni family in Nahariya. A letter is attached mentioning Sarah and Muki (?).	Umschlag mit Standbildern von:; Bilder, die Zalman (?) 1987 bei einem Besuch bei der Familie Shiloni in Nahariya aufgenommen hat. Ein Brief ist beigefügt, in dem Sarah und Muki (?) erwähnt werden.	מעטפה עם תמונות סטילס של:; תמונות שזלמן (?) צילם ב-1987 בעת ביקור אצל משפחת שילוני בנהריה. מצורף מכתב בו מוזכרים שרה ומוקי (?).	Hebrew|עברית	1987	Unknown	מעטפה|Envelope|תצלום|Photograph|מכתב|Letter		Image	1987
IL-MTFN-001-G-F-0313-040-R0013	IL-MTFN-001-G-F-0313-040	diary	Meeting of Dunera Passengers 1982 in Tel Aviv	"Returning to the meeting of ""Dunera"" passengers 1982 in Tel Aviv. For the topic ""Dunera"" see the date diary of Shiloni in container G.F.0313 / 48 file 3."	"Rückkehr zum Treffen der Passagiere der ""Dunera"" 1982 in Tel Aviv. Zum Thema ""Dunera"" siehe Datumstagebuch von Shiloni in Behälter G.F.0313 / 48 Akte 3."	"חוזרים למפגש נוסעי ""דונרה"" 1982 בתל אביב. לנושא ""דונרה"" ראה יומן תאריכים, של שילוני במיכל G.F.0313 / 48 תיק 3."	Hebrew		Unknown	Invitation		Organization Papertrail	1982
IL-MTFN-001-G-F-0313-048-R0015	IL-MTFN-001-G-F-0313-048	diary	Diary of Zvi Shiloni	Diary of Zvi Shiloni from the years: 1943;1945.	Tagebuch von Zvi Shiloni aus den Jahren: 1943;1945.	יומן של צבי שילוני מהשנים: 1943;1945.	Hebrew	1943	Unknown	יומן|Diary	Zvi Shiloni	EgoDocument	1945
IL-MTFN-001-G-F-0314-001-R0004	IL-MTFN-001-G-F-0314-001	visit	Letters from Fritz Aronstein to a Friend in Germany	1938;1939, Letters from Fritz Aronstein to his friend in Germany. He talks about his travels to various places, meetings with people, especially with youth, some of whom were his students back in Germany. Visits to the religious youth village, HaZorea, Yagur, and other places, typewritten, German	1938;1939, Briefe von Fritz Aronstein an seinen Freund in Deutschland. Er erzählt von seinen Reisen zu verschiedenen Orten, von Treffen mit Menschen, insbesondere mit Jugendlichen, von denen einige noch in Deutschland seine Schüler waren. Besuche im religiösen Jugenddorf, HaZorea, Yagur und anderen Orten, gedruckt, Deutsch	1938;1939, מכתבים מאת פריץ ארונשטיין אל ידידו בגרמניה. הוא מספר על נסיעותיו למקומות שונים, אל הפגישות עם אנשים, במיוחד עם נוער, שחלקם היו תלמידו עוד בגרמניה. בקורים בכפר נוער הדתי, הזורע, יגור ומקומות אחרים, מודפס, גרמנית	German	1938	Typewritten	מכתב|Letter	Fritz Aronstein	Communication Document	1939
IL-MTFN-001-G-F-0314-001-R0013	IL-MTFN-001-G-F-0314-001	papers	Receipt of 'Biography of the History of the Jews in Germany'	20.11.1952, the National Library announces the receipt of 'Biography of the History of the Jews in Germany' from the estate of Aronstein	20.11.1952, die Nationalbibliothek informiert über den Erhalt der 'Biographie zur Geschichte der Juden in Deutschland' aus dem Nachlass von Aronstein	20.11.1952, בית הספרייה הלאומי מודע על קבלת 'ביוגרפיה לתולדות יהודי גרמניה' מהעיזבון של ארונשטיין	Hebrew|German		Typewritten	Letter	Aronstein	Communication Document	1952
IL-MTFN-001-G-F-0314-002-R0001	IL-MTFN-001-G-F-0314-002	memoir,visit	Memory Book for Phillip Aronstein	Without a date, a memory book for his father Phillip Aronstein 1862;1942 written by his son Raphael Fritz Aronstein in his memory. He writes a little about the beginning of the family in the city of Büzen, about his father's youth, his studies, travels, and acquiring knowledge and preparing his personality in the intellectual society. He writes in detail about the whole life, the work as a teacher, and the books he wrote and published. He also tells about the house, the children, and that the parents were left alone after all the children left Germany and could not be saved. He dedicates the memory to his mother, but she also did not manage to read it.	Ohne Datum, Erinnerungsbuch für seinen Vater Phillip Aronstein 1862;1942, geschrieben von seinem Sohn Raphael Fritz Aronstein zu seinem Gedenken. Er schreibt ein wenig über den Beginn der Familie in der Stadt Büzen, über die Jugend seines Vaters, seine Ausbildung, Reisen und das Erlangen von Wissen und die Vorbereitung seiner Persönlichkeit in der intellektuellen Gesellschaft. Er schreibt ausführlich über das ganze Leben, die Arbeit als Lehrer und die Bücher, die er geschrieben und veröffentlicht hat. Er erzählt auch über das Haus, die Kinder und dass die Eltern allein zurückblieben, nachdem alle Kinder Deutschland verlassen hatten und nicht gerettet werden konnten. Er widmet die Erinnerung seiner Mutter, aber auch sie konnte es nicht lesen.	בלי תאריך, ספר זכרונות לאביו Phillip Aronstein 1862;1942 שכתב בנו רפאל פריץ ארונשטיין לזכרו. הוא כותב קצת על התחלת המשפחה בעיר Büzen על נעוריו של אביו, לימודיו, נסיעותיו והשגת ידע והכנת האישיות שלו בחברה האינטילקטואלי. הוא כותב מפורט על כל החיים, העבודה כמורה והספרים שהוא כתב והוציא לאור. הוא גם מספר על הבית, הילדים ושההורים שנשארו לבד אחרי שכל הילדים עזבו את גרמניה ולא הספיקו להנצל. הוא מקדיש את הזכרון לאומו, אבל גם היא לא הספיקה לקרא אותו.	Hebrew|German		Unknown	ספר זכרונות|Memory Book	Phillip Aronstein	Memory Book	1942
IL-MTFN-001-G-F-0319-002-R0014	IL-MTFN-001-G-F-0319-002	correspondence	Correspondence with Relatives	1946;1951, correspondence with relatives abroad and in the country.	1946;1951, Korrespondenz mit Verwandten im Ausland und im Inland.	1946;1951, התכתבות עם קרובי משפחה בחול ובארץ.	Hebrew|Other	1946	Unknown	מכתב|Letter		Communication Document	1951
IL-MTFN-001-G-F-0319-005-R0007	IL-MTFN-001-G-F-0319-005	visit	Documents related to Ruth and Joseph's trip abroad	1977, documents related to the trip abroad of Ruth and Joseph	1977, Dokumente im Zusammenhang mit der Auslandsreise von Ruth und Josef	נ: 1977, מסמכים שקשורים לנסיעה לחול של רות ויוסף	Hebrew	1977	Unknown	Letter		Communication Document	1977
IL-MTFN-001-G-F-0320-001-R0001	IL-MTFN-001-G-F-0320-001	hometown	Photographs from Rafael Teplitz's Work on Settlers' Meetings Protocols, 1934	"Photographs from the work of Rafael Teplitz: ""The First Years in the New Homeland; Protocols of Settlers' Meetings in Gan; Shomron Year 1934; 1938""; Only those from the year 1934 were photographed."	"Fotos aus der Arbeit von Rafael Teplitz: ""Die ersten Jahre in der neuen Heimat; Protokolle der Siedlerversammlungen in Gan; Schomron Jahr 1934; 1938""; Es wurden nur die aus dem Jahr 1934 fotografiert."	"צילומים מתוך העבודה שעשה רפאל טפליץ: ""השנים הראשונות במולדת החדשה; פרוטוקולים של אסיפות המתישבים בגן;שומרון שנת 1934;1938""; צולמו רק אלו של שנת 1934."	Hebrew	1934	Unknown	תצלום|Photograph	רפאל טפליץ	EgoDocument	1938
IL-MTFN-001-G-F-0324-001-R0010	IL-MTFN-001-G-F-0324-001	visit	Palestinian Passport for Anna Friedler, 1938	Palestinian passport for Anna Friedler from 1938; Travel document/Israeli passport with the stamp 'All countries except Germany'.	Palästinensischer Pass für Anna Friedler von 1938; Reisedokument/Israelischer Pass mit dem Stempel 'Alle Länder außer Deutschland'.	דרכון פלשתינאי לאנה פרידלר מ-1938; תעודת מסע/דרכון ישראלי עם החותמת 'כל הארצות פרט גרמניה'.	Hebrew|German	1938	Unknown	תעודת מסע|Passport	Anna Friedler	Legal Document	1938
IL-MTFN-001-G-F-0334-001-R0006	IL-MTFN-001-G-F-0334-001	visit	Passport of Mina Rosenberg with Third Reich Stamp	Passport of Mina Rosenberg, née Cohen, with a stamp of the Third Reich from 1937, issued in Breslau.	Reisepass von Mina Rosenberg, geborene Cohen, mit einem Stempel des Dritten Reichs von 1937, ausgestellt in Breslau.	דרכון של מינה רוזנברג לבית כהן עם חותמת הרייך השלישי מ-1937, הונפק בברסלאו.	German	1937	Print	תעודה|Certificate	Mina Rosenberg	Legal Document	1937
IL-MTFN-001-G-F-0339-001-R0002	IL-MTFN-001-G-F-0339-001	diary	Diary Print in German by Sophie Buchholz	In the folder, the print of the diary in the original language in German (printed by Sophie Buchholz, a student from the University of Potsdam who did her internship at the museum, 2007).	Im Ordner der Druck des Tagebuchs in der Originalsprache auf Deutsch (gedruckt von Sophie Buchholz, Studentin an der Universität Potsdam, die ihr Praktikum im Museum absolvierte, 2007).	בתיק הדפסה של היומן בשפה המקורית בגרמנית (הדפיסה סופי בוכהולץ, סטודנטית מאוניברסיטת פוטסדם שעשתה את הפרקטיקום שלה במוזיאון, 2007).	German		Typewritten	יומן|Diary	Sophie Buchholz	EgoDocument	2007
IL-MTFN-001-G-F-0341-004-R0003	IL-MTFN-001-G-F-0341-004	correspondence	Correspondence of the Palestinian Aviation Club 1946/47	The Palestinian Aviation Club: Correspondence with authorities and individuals from the years 1946/47.	Der Palästinensische Luftfahrtclub: Korrespondenz mit Behörden und Persönlichkeiten aus den Jahren 1946/47.	הקלוב הארצישראלי לתעופה: התכתבות עם גורמים ואישים מהשנים 1946/47.	Hebrew	1946	Unknown	מכתב|Letter		Communication Document	1946
IL-MTFN-001-G-F-0341-007-R0005	IL-MTFN-001-G-F-0341-007	correspondence	Correspondence between Dr. Feige and Georg Herz	Correspondence between Dr. Feige and Georg Herz. German typewritten, 1935/36.	Korrespondenz zwischen Dr. Feige und Georg Herz. Deutsch maschinengeschrieben, 1935/36.	"התכתבות בין ד""ר פייגה וגאורג הרץ. גרמנית הדפסה, 1935/36."	German	1935	Typewritten	מכתב|Letter		Communication Document	1935
IL-MTFN-001-G-F-0341-007-R0014	IL-MTFN-001-G-F-0341-007	visit	Haaretz Newspaper Pages 13.6.1945	"Pages from the newspaper ""Haaretz"" 13.6.1945, including an article ""Distribution of Scientific Prizes by the Society for Natural Sciences"". Dr. Rudolf Feige is mentioned in his role: Chief Inspector of the Government Meteorological Service. An English translation of this article is attached."	"Seiten aus der Zeitung ""Haaretz"" vom 13.6.1945, darunter ein Artikel ""Verteilung der wissenschaftlichen Preise der Gesellschaft für Naturwissenschaften"". Dr. Rudolf Feige wird in seiner Funktion erwähnt: Hauptinspektor des staatlichen meteorologischen Dienstes. Eine englische Übersetzung dieses Artikels ist beigefügt."	"דפים מעיתון ""הארץ"" 13.6.1945, בין היתר כתבה ""חלוקת הפרסים המדעיים של האגודה למדעי הטבע"" ד""ר רודולף פייגה מוזכר בתפקידו: המפקח הראשי של השרות המטאורולוגי הממשלתי. מצורף תרגום לאנגלית של מאמר זה."	Hebrew|English		Print	גזיר עיתון|News Clipping|מסמך מתורגם|Translated Document	Dr. Rudolf Feige	Communication Document	1945
IL-MTFN-001-G-F-0353-021-R0005	IL-MTFN-001-G-F-0353-021	visit	Pictures of Historical Figures	Pictures of individuals, some unidentified: Dr. Chaim Weizmann, Dr. Gustav Landau, Theodor Herzl with his three children, Abba Hushi group photo, Bedradin al-Hassani, Yitzhak Ben-Zvi group photo, visit to the Ahava institution in Kiryat Bialik group photo 1937, Sir Arthur Wauchope group photo, Struck with (probably) Gershom Schocken.	Bilder von Persönlichkeiten, einige nicht identifiziert: Dr. Chaim Weizmann, Dr. Gustav Landau, Theodor Herzl mit seinen drei Kindern, Abba Hushi Gruppenfoto, Bedradin al-Hassani, Yitzhak Ben-Zvi Gruppenfoto, Besuch im Ahava-Institut in Kiryat Bialik Gruppenfoto 1937, Sir Arthur Wauchope Gruppenfoto, Struck mit (wahrscheinlich) Gershom Schocken.	תמונות אישים, חלקם לא מזוהים: דר' חיים ויצמן, דר' גוסטב לנדאו, תאודור הרצל עם שלשת ילדיו, אבא חושי תמונה קבוצתית, בדראדין אל חסאני, יצחק בן צבי תמונה קבוצתית, ביקור במוסד אהבה בקרית ביאליק תמונה קבוצתית 1937, סר ארתור ואוצ'ופ Wauchope תמונה קבוצתית, שטרוק עם (ככל הנראה) גרשם שוקן.	Unspecified	1937	Visual Element	תצלום|Photograph		Image	1937
IL-MTFN-001-G-F-0353-023-R0015	IL-MTFN-001-G-F-0353-023	visit	Letters to Meli from Marienbad	3 letters to Meli. Schtruk on a recuperation trip to Marienbad. Meets acquaintances who also live in Palestine. Complains that Meli does not write enough, 1935.	3 Briefe an Meli. Schtruk auf einer Erholungsreise nach Marienbad. Trifft Bekannte, die ebenfalls in Palästina leben. Beschwert sich, dass Meli nicht genug schreibt, 1935.	3 מכתבים אל מלי. שטרוק בנסיעת הבראה למריאנבד Marienbad. פוגש מכרים שגם הם גרים בפלשתינה. מתלונן שמלי לא כותבת מספיק, 1935.	Hebrew	1935	Unknown	מכתב|Letter		Communication Document	1935
IL-MTFN-001-G-F-0353-023-R0016	IL-MTFN-001-G-F-0353-023	visit	6 Letters to Meli from Schtruk	6 letters to Meli. Schtruk on recuperation trips in Paris and Alexandria. Consults with doctors, suffers from kidney inflammation and high blood pressure, the doctors said it's not serious, 1939.	6 Briefe an Meli. Schtruk auf Erholungsreisen in Paris und Alexandria. Konsultiert Ärzte, leidet an Nierenentzündung und Bluthochdruck, die Ärzte sagten, dass es nicht ernst ist, 1939.	6 מכתבים אל מלי. שטרוק בנסיעות הבראה בפריס ואלכסנדריה. מתייעץ עם רופאים, סובל מדלקת כליות ולחץ דם, הרופאים אמרו, שזה לא רציני, 1939.	Hebrew	1939	Unknown	מכתב|Letter		Communication Document	1939
IL-MTFN-001-G-F-0353-037-R0001	IL-MTFN-001-G-F-0353-037	correspondence	Correspondence between Haifa Committee and Zionist Leadership, 1936	Documents and correspondence between the Haifa Committee and the Zionist leadership, Jerusalem, 1936, Hebrew.	Dokumente und Korrespondenz zwischen dem Haifa-Komitee und der zionistischen Führung, Jerusalem, 1936, Hebräisch.	מסמכים והתכתבות בין הועדה החיפאית וההנהלה הציונית, ירושלים, 1936, עברית.	Hebrew	1936	Unknown	מכתב|Letter		Organization Papertrail	1936
IL-MTFN-001-G-F-0353-049-R0001	IL-MTFN-001-G-F-0353-049	papers	List of Estate Documents on Music by Dr. Ignaz Emerich	List, 2 pages, of estate documents on music topics, sent by Dr. Ignaz Emerich, Haifa, to Firma I. A. Stargardt, auction house in Marburg, Germany. German, typewritten, 1969.	Liste, 2 Seiten, von Nachlassdokumenten zu Musikthemen, gesendet von Dr. Ignaz Emerich, Haifa, an Firma I. A. Stargardt, Auktionshaus in Marburg, Deutschland. Deutsch, Maschinenschrift, 1969.	"רשימה, 2 עמודים, של מסמכי עזבון בנושאי מוסיקה, ששולח ד""ר איגנץ אמריך Ignaz Emerich, חיפה, אל י. א. סטרגרד Firma I. A. Stargardt חברה למכירות פומביות במרבורג ,Marburg גרמניה. גרמנית, הדפסה, 1969."	German	1969	Typewritten	רשימה|List	Ignaz Emerich	EgoDocument	1969
IL-MTFN-001-G-F-0353-049-R0009	IL-MTFN-001-G-F-0353-049	correspondence	Correspondence between Meli Struck and Kalman Schlesinger	Correspondence between Meli Struck and Kalman Schlesinger regarding the transfer of book lists and books from Meli to him in Tel Aviv. German, typewritten, June & July 1944.	Korrespondenz zwischen Meli Struck und Kalman Schlesinger bezüglich der Übertragung von Bücherlisten und Büchern von Meli an ihn nach Tel Aviv. Deutsch, Maschinenschrift, Juni & Juli 1944.	התכתבות בין מלי שטרוק וקלמן שלזינגר Kalman Schlesinger בקשר עם העברתם של רשימות ספרים וספרים ממלי אליו לתל אביב. גרמנית, הדפסה, יוני & יולי 1944.	German	1944-06	Typewritten	מכתב|Letter		Communication Document	1944
IL-MTFN-001-G-F-0355-003-R0008	IL-MTFN-001-G-F-0355-003	visit	Translation Copy of Ata Miron's 1936 Letter	Copy of a translation of a letter (14 pages) that Ata Miron wrote in 1936, during his first visit to the Land of Israel, before his final immigration. In the letter, he refers to the various forms of settlement, problems, ways of improvement, tensions between old and new immigrants, and more.	Kopie einer Übersetzung eines Briefes (14 Seiten), den Ata Miron 1936 während seines ersten Besuchs in Eretz Israel vor seiner endgültigen Einwanderung schrieb. In dem Brief bezieht er sich auf die verschiedenen Formen der Besiedlung, Probleme, Verbesserungsmöglichkeiten, Spannungen zwischen alten und neuen Einwanderern und mehr.	העתק תרגום של מכתב (14 דפים) שאטה מירון כתב ב-1936, בעת ביקורו הראשון בארץ ישראל, טרם עלייתו הסופית. במכתב הוא מתייחס להתיישבות על צורותיה השונות, הבעיות, דרכים לשיפור, מתחים בין העולים הותיקים לעולים החדשים ועוד.	Hebrew	1936	Unknown	מכתב|Letter|מסמך מתורגם|Translated Document	Ata Miron	Communication Document	1936
IL-MTFN-001-G-F-0361-001-R0017	IL-MTFN-001-G-F-0361-001	memoir	Memorial Words for Dr. Hubert Polak	Copy, page with memorial words for Dr. Hubert Polak, printed in German, 1967. From the memorial words, it is learned that he was a Zionist activist.	Kopie, Seite mit Erinnerungen an Dr. Hubert Polak, gedruckt auf Deutsch, 1967. Aus den Erinnerungen lernt man, dass er ein zionistischer Aktivist war.	העתק, דף עם דברים לזכרו של דר' הוברט פולק, גרמנית מודפסת, 1967. מתוך הדברים לזכרו למדים שהיה פעיל ציוני.	German	1967	Print	מכתב|Letter	דר' הוברט פולק	EgoDocument	1967
IL-MTFN-001-G-F-0362-005-R0002	IL-MTFN-001-G-F-0362-005	diary	Family Notebook of the Neumann Family	A very thick notebook into which poems, recitations, stories, radio plays, and humor were written and copied, written by members of the Neumann family for events such as birthdays, anniversaries, and more. The handwriting in the notebook changes according to the person who wrote in the notebook. Sometimes it is possible to identify for which event and by whom the writing was done. Usually, a date is noted. This family notebook was written from 1903 to 1948, meaning the writing probably started in Breslau and ended in Nahariya.	Ein sehr dickes Notizbuch, in das Gedichte, Rezitationen, Geschichten, Hörspiele und Humor geschrieben und kopiert wurden, die von Mitgliedern der Familie Neumann für Anlässe wie Geburtstage, Hochzeitstage und mehr geschrieben wurden. Die Schrift im Notizbuch ändert sich je nach Person, die im Notizbuch geschrieben hat. Manchmal kann man erkennen, für welchen Anlass und von wem die Schrift gemacht wurde. Meistens ist ein Datum angegeben. In dieses Familiennotizbuch wurde von 1903 bis 1948 geschrieben, das heißt, der Beginn des Schreibens war wahrscheinlich in Breslau, das Ende wahrscheinlich in Nahariya.	"מחברת עבה מאד לתוכה נכתבו והועתקו שירים, דיקלומים, סיפורים, תסכיתים והומור, שנכתבו ע""י בני משפחת נוימן לאירועים כמו: ימי הולדת, ימי נישואין ועוד. הכתב במחברת משתנה בהתאם לאדם שכתב במחברת. לעיתים ניתן לזהות לאיזה אירוע ושל מי נעשתה הכתיבה. לרוב יש ציון תאריך. לתוך מחברת משפחתית זאת נכתב מ-1903 עד 1948 דהיינו, התחלת הכתיבה כנראה בברסלאו, סיומה בארץ ככל הנראה בנהריה."	Hebrew	1903	Handwritten	יומן|Diary	Neumann	EgoDocument	1948
IL-MTFN-001-G-F-0364-001-R0010	IL-MTFN-001-G-F-0364-001	papers	Palestinian Citizenship Certificate for Eliasov Family	Estate of Yehuda Eliasaf:; Palestinian citizenship certificate from the British Mandate for Dr. Walter and Mathilde Eliasov, issued in 1939. It also lists the two sons Wolfgang and Yehuda. Photos of the parents are attached to the certificate.	Nachlass von Jehuda Eliasaf:; Palästinensisches Staatsbürgerschaftszertifikat aus dem britischen Mandat für Dr. Walter und Mathilde Eliasov, ausgestellt 1939. Auch die beiden Söhne Wolfgang und Jehuda sind darauf verzeichnet. Dem Zertifikat sind Fotos der Eltern beigefügt.	עיזבון של יהודה אליאסף:; תעודת נתינות פלשתינאית מהמנדט הבריטי לדר' ולטר ומתילדה אליאסוב, הוצאה ב-1939. עליה רשומים גם שני הבנים וולפגנג ויהודה. לתעודה מחוברות תמונות ההורים.	Hebrew|עברית	1939	Unknown	תעודה|Certificate		Certificate	1939
IL-MTFN-001-G-F-0371-003-R0006	IL-MTFN-001-G-F-0371-003	visit	German Passport for Elisabeth Stein	German passport (Third Reich) for Elisabeth Stein, née Bieluschowski. Issued in 1936, Breslau. The passport does not have the name addition 'Sara' nor the letter J to indicate her Jewish identity.	Deutscher Reisepass (Drittes Reich) für Elisabeth Stein, geborene Bieluschowski. Ausgestellt 1936 in Breslau. Der Reisepass enthält nicht den Namenszusatz 'Sara' und auch nicht den Buchstaben J zur Kennzeichnung als Jüdin.	דרכון גרמני (הרייך השלישי) לאליזבת שטיין לבית בילושובסקי. הונפק ב-1936, ברסלאו. בדרכון אין את תוספת השם 'שרה' ולא את האות J לציון היותה יהודיה.	German	1936	Print	תעודה|Certificate	Elisabeth Stein	Legal Document	1936
IL-MTFN-001-G-F-0372-001-R0001	IL-MTFN-001-G-F-0372-001	visit	Album with Photos from Emek Hospital, 1947	An album with photos from Emek Hospital, which Batta received upon leaving the place in 1947. Photos of buildings, various staff teams, a doctor's visit in the department, during surgery in the operating room.	Ein Album mit Fotos vom Emek-Krankenhaus, das Batta bei ihrem Verlassen des Ortes im Jahr 1947 erhielt. Fotos von Gebäuden, verschiedenen Mitarbeiterteams, Arztbesuch in der Abteilung, während einer Operation im Operationssaal.	"אלבום עם תמונות מביה""ח העמק אותו קבלה באטה בעת עזיבתה את המקום ב-1947. תמונות של בנינים, צוותי העובדים למיניהם, ביקור רופא במחלקה, בעת ניתוח בחדר הניתוח."	Unspecified	1947	Visual Element	תצלום|Photograph		Image	1947
IL-MTFN-001-G-F-0381-001-R0003	IL-MTFN-001-G-F-0381-001	visit	Letter to Max Weiser Criticizing Propaganda Film	"Regarding his work in the Culture/Cinema Department, see the letter from 18.11.1936 written to Max Weiser. In this letter, he criticizes a propaganda film for the Land of Israel. He always ends his letters with the greeting ""Chazak""."	"Über seine Tätigkeit in der Kultur-/Filmabteilung siehe Brief vom 18.11.1936 an Max Weiser. In diesem Brief kritisiert er einen Propagandafilm für das Land Israel. Er beendet seine Briefe immer mit dem Gruß ""Chazak""."	"על עשייתו במחלקת התרבות/קולנע' ראה מכתב מ-18.11.1936 שכתב אל מקס וייזר Max Weiser. במכתב זה הוא מעביר ביקורת על סרט תעמולה למען ארץ ישראל. את מכתביו הוא מסיים תמיד בברכת ""חזק""."	Hebrew|German	1936-11-18	Unknown	מכתב|Letter	Max Weiser	Communication Document	1936
IL-MTFN-001-G-F-0382-009-R0001	IL-MTFN-001-G-F-0382-009	diary	Diaries of Erich Lehmann	Diaries of Erich Lehmann, which mention cultural events in Nahariya and private events of the Lehmann family. The diaries were recorded by volunteer Barbara Gross until 1967.	Tagebücher von Erich Lehmann, die kulturelle Ereignisse in Nahariya und private Ereignisse der Familie Lehmann erwähnen. Die Tagebücher wurden von der Freiwilligen Barbara Gross bis 1967 erfasst.	יומנים של אריך להמן, בהם יש ציון של אירועי תרבות בנהריה ואירועים פרטים של משפחת להמן, היומנים נקלטו על ידי מתנדבת Barbara Gross עד לשנת 1967	Hebrew		Unknown	יומן|Diary	Erich Lehmann	EgoDocument	1967
IL-MTFN-001-G-F-0382-010-R0001	IL-MTFN-001-G-F-0382-010	diary	Diaries of Erich Lehmann	Diaries of Erich Lehmann, which note cultural events in Nahariya and private events of the Lehmann family. The diaries were recorded by volunteer Barbara Gross until 1967.	Tagebücher von Erich Lehmann, die kulturelle Ereignisse in Nahariya und private Ereignisse der Familie Lehmann vermerken. Die Tagebücher wurden bis 1967 von der Freiwilligen Barbara Gross aufgezeichnet.	יומנים של אריך להמן, בהם יש ציון של אירועי תרבות בנהריה ואירועים פרטים של משפחת להמן, היומנים הקלטו על ידי מתנדבת Barbara Gross עד לשנת 1967.	Hebrew|German		Unknown	יומן|Diary	Erich Lehmann	EgoDocument	1967
IL-MTFN-001-G-F-0385-001-R0001	IL-MTFN-001-G-F-0385-001	memoir	Zichronot by Amira Gatzov	"Amira Gatzov, née Zizel, born 1929, member of Matzuba, wrote her memoirs. Hebrew, 2009. Book title: ""Memories""."	"Amira Gatzov, geborene Zizel, geboren 1929, Mitglied von Matzuba, schrieb ihre Erinnerungen. Hebräisch, 2009. Buchtitel: ""Erinnerungen""."	"עמירה גצוב לבית זיזל ילדת 1929, חברת מצובה, כתבה את זכרונותיה. עברית, 2009. שם הספר: ""זכרונות""."	Hebrew	2009	Unknown	Book	Amira Gatzov	EgoDocument	2009
IL-MTFN-001-G-F-0388-001-R0002	IL-MTFN-001-G-F-0388-001	papers	Letters from the Ausubel Family Estate	Dr. Dan Elder found in the estate of his father, Baruch ben Kalman Ausubel, letters in German from the years 1933 and 1940. The letters are from intra-family correspondence between family members who emigrated to Palestine and those who remained in Germany. In those days, the family lived in Stuttgart. Based on these letters, he wrote the book.	Dr. Dan Elder fand im Nachlass seines Vaters, Baruch ben Kalman Ausubel, Briefe auf Deutsch aus den Jahren 1933 und 1940. Die Briefe stammen aus der innerfamiliären Korrespondenz zwischen den Familienmitgliedern, die nach Palästina ausgewandert sind, und denen, die in Deutschland geblieben sind. In jenen Tagen lebte die Familie in Stuttgart. Basierend auf diesen Briefen schrieb er das Buch.	דר' דן אלדר מצא בעיזבון אביו, ברוך בן קלמן אוסאיבל Ausubel, מכתבים בגרמנית מהשנים 1940;1933. המכתבים מהתכתבות תוך משפחתית בין בני המשפחה שהגרו לפלשתינה לבין אלה שנשארו בגרמניה. באותם ימים חיה המשפחה בשטוטגרט Stuttgart. על סמך המכתבים האלה כתב את הספר.	German|גרמנית	1940	Unknown	מכתב|Letter	Baruch ben Kalman Ausubel	EgoDocument	1940
IL-MTFN-001-G-F-0390-002-R0010	IL-MTFN-001-G-F-0390-002	correspondence	Correspondence with Kibbutz Hanita	In catalog 9R10: Correspondence with Kibbutz Hanita regarding works ordered by the kibbutz: Holy Ark, curtains, cabinet for commemorating the fallen. 1960s.	Im Katalog 9R10: Korrespondenz mit dem Kibbuz Hanita im Zusammenhang mit Arbeiten, die der Kibbuz bei ihm bestellt: Heilige Lade, Vorhänge, Schrank zur Erinnerung an die Gefallenen. 60er Jahre.	בקטלוג 9R10 : התכתבות עם קיבוץ חניתה בהקשר עם עבודות שהקיבוץ מזמין אצלו: ארון קודש, פרוכות, ארון להנצחת הנופלים. שנות ה;60.	Hebrew	1960	Unknown	מכתב|Letter	Kibbutz Hanita	Communication Document	1960
IL-MTFN-001-G-F-0390-002-R0017	IL-MTFN-001-G-F-0390-002	visit	Rudi Lehmann and Hedwig Grossman Correspondence	"In catalog 9R17: Esoteric drawings, Eskimo letters. Envelope with love notes, Rudi writes to Hedwig whom he calls ""little dove"" Täubchen. (Not listed in the catalog); Letter in Hebrew, signed by Rudi Lehmann & Hedwig Grossman, to the Exhibition Committee in Jerusalem. The two want to present their works in a joint exhibition. Givatayim 1969. (The letter is not in the envelope, not listed in the catalog); Postcard, German, Rudi from Jerusalem to Hedwig in Tel Aviv. Waiting for her, announces winning a first prize (?), no date. (Not listed in the catalog)"	"Im Katalog 9R17: Esoterische Zeichnungen, Eskimo-Buchstaben. Umschlag mit Liebesnotizen, Rudi schreibt an Hedwig, die er ""kleine Taube"" Täubchen nennt. (Nicht im Katalog verzeichnet); Brief auf Hebräisch, unterschrieben von Rudi Lehmann & Hedwig Grossman, an das Ausstellungskomitee in Jerusalem. Die beiden möchten ihre Arbeiten in einer gemeinsamen Ausstellung präsentieren. Givatayim 1969. (Der Brief ist nicht im Umschlag, nicht im Katalog verzeichnet); Postkarte, Deutsch, Rudi aus Jerusalem an Hedwig in Tel Aviv. Wartet auf sie, informiert über den Gewinn eines ersten Preises (?), kein Datum. (Nicht im Katalog verzeichnet)"	"בקטלוג 9R17 : רישומים איזוטריים, אותיות אסקימו. מעטפה עם פתקי אהבה, שרודי כותב להדויג אותה הוא מכנה ""יונה קטנה"" Täubchen. (לא רשום בקטלוג); מכתב בעברית, חתום ע""י רודי להמן & הדויג גרוסמן, אל ועדת התערוכות בירושלים. השניים רוצים להציג בתערוכה משותפת את עבודותיהם. גבעתיים 1969. (המכתב לא במעטפה, לא רשום בקטלוג); גלויה, גרמנית, רודי מירושלים אל הדויג בתל אביב. מחכה לה, מודיעה על זכיתה מפרס ראשון (?), אין תאריך. (לא רשום בקטלוג)"	Hebrew|German	1969	Unknown	מכתב|Letter|גלויה|Postcard		Communication Document	1969
IL-MTFN-001-G-F-0390-003-R0008	IL-MTFN-001-G-F-0390-003	visit	Rudi Lehmann's Notes for Chess Exhibition 1969	"In catalog 11R9: A list by Rudi Lehmann for the opening of the chess game exhibition in 1969 for the exhibition visitors. Handwritten in German. Stencil in Hebrew with the title: ""Some notes for the internal exhibition of chess games"", signed: Rudolf Lehmann, guide for formal design, at the Art Institute; Giv'atayim."	"In Katalog 11R9: Liste von Rudi Lehmann zur Eröffnung der Schachspielausstellung 1969 für die Besucher der Ausstellung. Handschriftlich auf Deutsch. Schablone auf Hebräisch mit dem Titel: ""Einige Anmerkungen zur internen Ausstellung der Schachspiele"", unterzeichnet: Rudolf Lehmann, Leitfaden für Formgestaltung, am Kunstinstitut; Giv'atayim."	"בקטלוג 11R9 : רשימה של רודי להמן לרגל פתיחת תערוכת משחק שח ב-1969 עבור מבקרי התערוכה. גרמנית כתב יד. סטנסיל בעברית עם הכותרת: ""מספר הערות לתערוכה הפנימית של משחקי השח"", על החתום: רודולף להמן, מדריך לעיצוב צורתי, במכון לאמנות; גבעתיים."	German|Hebrew	1969	Handwritten	רשימה|List	Rudolf Lehmann	Ephemera	1969
IL-MTFN-001-G-F-0390-008-R0005	IL-MTFN-001-G-F-0390-008	visit	Copy of Article by Deborah Bertonov for 'HaDor'	Copy of an article written by Deborah Bertonov for 'HaDor' after her visit to Rudi's animal exhibition. German typewritten, 1953. Attached is a photo of the article, published in Hebrew.	Kopie eines Artikels, den Deborah Bertonov für 'HaDor' nach ihrem Besuch bei Rudis Tieraustellung schreibt. Deutsch maschinenschriftlich, 1953. Beigefügt ist ein Foto des Artikels, der auf Hebräisch veröffentlicht wurde.	העתק מאמר, שכותבת דבורה ברטונוב ל;'הדור' אחרי ביקורה בתערוכת החיות של רודי. גרמנית הדפסה, 1953. מצורף צילום המאמר, שפורסם בעברית.	German|Hebrew	1953	Typewritten	מאמר|Article	דבורה ברטונוב	Creative Nonfiction	1953
IL-MTFN-001-G-F-0390-017-R0002	IL-MTFN-001-G-F-0390-017	correspondence	Excerpts from Hedwig's Correspondence with Liza Arlosoroff	Copy, excerpts from the correspondence of Hedwig with Liza Arlosoroff, German typewritten, 1933.	Kopie, Auszüge aus der Korrespondenz von Hedwig mit Liza Arlosoroff, Deutsch maschinengeschrieben, 1933.	העתק, קטעים מתוך ההתכתבות של הדויג עם ליזה ארלוזורוב, גרמנית הדפסה, 1933.	German	1933	Typewritten	מכתב|Letter		Communication Document	1933
IL-MTFN-001-G-F-0390-017-R0011	IL-MTFN-001-G-F-0390-017	visit	Report by Dr. Stefan Levingert on Clay Deposits Visit	Copy, report by Dr. Stefan Levingert on a joint visit with Hedwig Grossman to places with clay deposits. Haifa, German typewritten, November 1933.	Kopie, Bericht von Dr. Stefan Levingert über einen gemeinsamen Besuch mit Hedwig Grossman an Orten mit Tonsedimenten. Haifa, Deutsch Maschinenschrift, November 1933.	"העתק, דוח של ד""ר סטפן לוונגרט על ביקור משותף עם הדויג גרוסמן במקומות בהם יש משקעי חרס. חיפה, גרמנית הדפסה, נובמבר 1933."	German	1933-11	Typewritten	דוח|Report	Dr. Stefan Levingert	Report	1933
IL-MTFN-001-G-F-0390-018-R0001	IL-MTFN-001-G-F-0390-018	diary	Hedwig's Notebooks on Pottery Factory Experiments, 1934	Two notebooks/diaries in which Hedwig documented the work and various experiments conducted at the pottery factory, Yagur farm. Yagur, German handwriting, 1934.	Zwei Notizbücher/Tagebücher, in denen Hedwig die Arbeit und die verschiedenen Experimente in der Töpferfabrik, Kibbuz Yagur, dokumentierte. Yagur, Handschrift auf Deutsch, 1934.	שתי מחברות/יומנים בהם תיעדה הדויג את העבודה והניסויים השונים שנעשו בבית החרושת לעציצים, משק יגור. יגור, גרמנית כתב יד, 1934.	German	1934	Handwritten	יומן|Diary		EgoDocument	1934
IL-MTFN-001-G-F-0390-018-R0002	IL-MTFN-001-G-F-0390-018	diary	Notebook/Diary of Hedwig on Work in Yagur	Notebook/Diary of Hedwig, in which she wrote about the work at the flowerpot factory in Yagur and the joint work with Rudi. Yagur, handwritten in German, 1935.	Notizbuch/Tagebuch von Hedwig, in dem sie über die Arbeit in der Blumentopffabrik in Yagur und die gemeinsame Arbeit mit Rudi schrieb. Yagur, Handschrift auf Deutsch, 1935.	מחברת/יומן של הדויג בו היא כתבה על העבודה בבית החרושת לעציצים ביגור ועל העבודה המשותפת עם רודי. יגור, גרמנית כתב יד, 1935.	German	1935	Handwritten	יומן|Diary	Hedwig	EgoDocument	1935
IL-MTFN-001-G-F-0390-018-R0005	IL-MTFN-001-G-F-0390-018	diary	Yagur Diary by Rudi Lehmann, 1936	Yagur diary written by Rudi Lehmann with emphasis on the problems. A number of notebook pages in German, handwritten and typewritten. Yagur 1936	Journaleintrag von Yagur, geschrieben von Rudi Lehmann mit Schwerpunkt auf den Problemen. Eine Anzahl von Notizbuchseiten auf Deutsch, handgeschrieben und maschinengeschrieben. Yagur 1936	יומן יגור שכתב רודי להמן עם דגש על הבעיות. מספר דפי פנקס בגרמנית כתב יד והדפסה גרמנית. יגור 1936	German	1936	Unknown	יומן|Diary	Rudi Lehmann	EgoDocument	1936
IL-MTFN-001-G-F-0390-022-R0024	IL-MTFN-001-G-F-0390-022	visit	Entry and Exit Permit for Citizens to the Camp	Entry and exit permit for citizens to the camp; Established No.1. November 1945	Ein- und Ausreisegenehmigung für Bürger in das Lager; Festgelegt Nr.1. November 1945	רשיון כניסה ויציאה לאזרחים למחנה; קבע מס.1. נובמבר 1945	Hebrew	1945-11	Unknown	תעודה|Certificate		Legal Document	1945
IL-MTFN-001-G-F-0391-004-R0006	IL-MTFN-001-G-F-0391-004	correspondence	Correspondence between Josefa and her sons	Correspondence between Josefa and her two sons, Eldad & Yovel and their families. Hebrew, between the years 1961 and 1985.	Korrespondenz zwischen Josefa und ihren beiden Söhnen, Eldad & Yovel und ihren Familien. Hebräisch, zwischen den Jahren 1961 und 1985.	התכתבות בין יוספה לשני בניה, אלדד & יבל ומשפחותיהם. עברית, בין השנים 1961 ו;1985.	Hebrew	1961	Unknown	מכתב|Letter		Communication Document	1985
IL-MTFN-001-G-F-0391-004-R0009	IL-MTFN-001-G-F-0391-004	correspondence	Correspondence with Walter Hoder	Correspondence of Josefa with the director of the Academy of Arts Archive in Berlin, Walter Hoder, on topics related to the works of Jakob Steinhardt. German typewritten, 1980s of the 20th century.	Korrespondenz von Josefa mit dem Direktor des Archivs der Akademie der Künste in Berlin, Walter Hoder, zu Themen im Zusammenhang mit den Werken von Jakob Steinhardt. Deutsch Schreibmaschine, 1980er Jahre des 20. Jahrhunderts.	התכתבות של יוספה עם מנהל ארכיון אקדמית האמנויות בברלין, Walter Hoder, בנושאים שקשורים ליצירות יעקב שטיינהרדט. גרמנית הדפסה, שנות ה-80 למאה ה-20.	German	1980	Typewritten	מכתב|Letter	Walter Hoder	Communication Document	1980
IL-MTFN-001-G-F-0391-004-R0011	IL-MTFN-001-G-F-0391-004	visit	Postcards to Various Recipients	Postcards: To Josefa from the parents traveling in Normandy, France, May 1952; To the Brown family from the parents staying in England, April 1952; To Hans Loewenson from Jerry & Helene, Baden-Baden, Germany. 1953. To the Brown family from Hugo Graetz, no year specified. To Yuval Brown (son of Josefa) from grandparents, who are in the USA, 1951. To Mini Steinhardt from Klari, Jerusalem, 1974.	Postkarten: An Josefa von den Eltern, die in der Normandie, Frankreich, Mai 1952 reisen; An die Familie Braun von den Eltern, die in England, April 1952 sind; An Hans Loewenson von Jerry & Helene, Baden-Baden, Deutschland. 1953. An die Familie Braun von Hugo Graetz, ohne Jahresangabe. An Yuval Braun (Sohn von Josefa) von den Großeltern, die in den USA sind, 1951. An Mini Steinhardt von Klari, Jerusalem, 1974.	"גלויות:; אל יוספה מאת ההורים שמטיילים הנורמנדי, צרפת, מאי 1952; אל משפחת בראון מאת ההורים ששוהים באנגליה, אפריל 1952; אל Hans Loewenson מאת Jerry & Helene, באדן באדן, גרמניה. 1953. אל משפחת בראון מאת Hugo Graetz, ללא ציון שנה. אל יובל בראון (בן של יוספה) מאת סבא וסבתא, שנמצאים בארה""ב, 1951. אל מיני שטיינהרדט מאת Klari, ירושלים, 1974."	Hebrew|English|German		Unknown	גלויה|Postcard		Ephemera	1974
IL-MTFN-001-G-F-0391-004-R0012	IL-MTFN-001-G-F-0391-004	visit	Letter to Mini from Dr. L. Scherbel, 1938	To Mini from Dr. L. Scherbel, among other things: She refers to the difficult situation in the country and mentions that the situation of Jews in Germany and Italy is bad, they want to leave and do not know where to go, Switzerland has closed its borders to them like many other countries. Basel, German, 1938.	An Mini von Dr. L. Scherbel, unter anderem: Sie bezieht sich auf die schwierige Lage im Land und erwähnt, dass die Situation der Juden in Deutschland und Italien schlecht ist, sie wollen ausreisen und wissen nicht wohin, die Schweiz hat ihre Grenzen für sie geschlossen, wie viele andere Länder auch. Basel, Deutsch, 1938.	אל מיני מאת Dr. L. Scherbel, בין היתר: היא מתייחסת למצב הלא קל בארץ ומציינת שמצב היהודים בגרמניה ואיטליה רע, הם רוצים לצאת ולא יודעים לאן, שווייץ סגרה את גבולותיה בפניהם כמו ארצות רבות אחרות.בזל, גרמנית, 1938.	German	1938	Unknown	מכתב|Letter	Dr. L. Scherbel	Communication Document	1938
IL-MTFN-001-G-F-0391-011-R0003	IL-MTFN-001-G-F-0391-011	diary	יומן אוטוביוגרפי של יעקב שטיינהרדט	P. 17;328 Autobiographical diary of Jakob Steinhardt, begins, p. 17, May 1918. On p. 2 before the end, the year 1960 was noted.	S. 17;328 Autobiografisches Tagebuch von Jakob Steinhardt, beginnt, S. 17, Mai 1918. Auf S. 2 vor dem Ende wurde das Jahr 1960 angegeben.	עמ' 17;328 יומן אוטוביוגרפי של יעקב שטיינהרדט, מתחיל, עמ' 17, מאי 1918. בעמ' 2 לפני הסוף צוינה השנה 1960.	Hebrew	1918-05	Unknown	יומן|Diary	יעקב שטיינהרדט	EgoDocument	1960
IL-MTFN-001-G-F-0391-013-R0016	IL-MTFN-001-G-F-0391-013	diary,visit	Diaries of Mini Steinhardt	16 pages, German typewritten, presumably from the diaries of Mini Steinhardt. Mini writes about her and her husband Jacob's long stay in the USA (year?). Meetings with artists, journalists, art critics, exhibition curators, museum directors. In New York, they stayed with Ora and Chaim Herzog, meeting with Esther Herlitz. She writes about their continued journey to London, where there were also many meetings around art and exhibitions. Her writing transitions to the year 1955, the Biennale in São Paulo, Brazil. The two traveled there for Jacob Steinhardt's winning of the first prize for a foreign artist in graphics and woodcuts. She describes in her writing the honorable and exciting occasion and emphasizes the national aspect; an Israeli winning this prize.	16 Seiten, Deutsch maschinengeschrieben, vermutlich aus den Tagebüchern von Mini Steinhardt. Mini schreibt über ihren langen Aufenthalt mit ihrem Ehemann Jakob in den USA (Jahr?). Treffen mit Künstlern, Journalisten, Kunstkritikern, Kuratoren, Museumsdirektoren. In New York waren sie bei Ora und Chaim Herzog zu Gast, Treffen mit Esther Herlitz. Sie schreibt über ihre Weiterreise nach London, wo es ebenfalls viele Treffen rund um Kunst und Ausstellungen gab. Ihr Schreiben wechselt ins Jahr 1955, die Biennale in São Paulo, Brasilien. Die beiden reisten dorthin anlässlich Jakobs Steinhardts Gewinn des ersten Preises für ausländische Künstler in Grafik und Holzschnitten. Sie beschreibt in ihrem Schreiben den ehrenvollen und aufregenden Anlass und betont den nationalen Aspekt; der Gewinn eines Israelis bei diesem Preis.	"16 עמודים, גרמנית הדפסה, ככל הנראה מתוך יומניה של מיני שטיינהרדט. מיני כותבת על השהות הארוכה שלה ושל בעלה, יעקב, בארה""ב (שנה ?). מפגשים עם אמנים, עיתונאים, מבקרי אמנות, עוצרי תערוכות, מנהלי מוזיאונים. בניו יורק התארחו אצל אורה וחיים הרצוג, מפגש עם אסתר הרליץ. כותבת על המשך נסיעתם ללונדון, שגם שם היו מפגשים רבים סביב נושאי האמנות ותערוכות. כתיבתה עוברת לשנת 1955, הביאנלה בסאו;פאולו, ברזיל. השניים נסעו לשם לרגל זכייתו של יעקב שטיינהרדט בפרס הראשון לאומן הזר בגרפיקה וחיתוכי עץ. היא מתארת בכתיבתה את המעמד המכובד והמרגש ומדגישה את פן הלאומי; זכייתו של ישראלי בפרס זה."	German	1955	Typewritten	יומן|Diary	Mini Steinhardt	EgoDocument	1955
IL-MTFN-001-G-F-0396-001-R0002	IL-MTFN-001-G-F-0396-001	visit	Articles on Lothar Neuwirth's Visit to Graz	Articles published in the press of the Styria region, Austria, on the occasion of Lothar Neuwirth's visit to the city of Graz, where he participated in the inauguration of the renovated synagogue and the introduction of the Torah scroll. German, 1991.	Artikel, die in der Presse der Region Steiermark, Österreich, anlässlich des Besuchs von Lothar Neuwirth in der Stadt Graz veröffentlicht wurden, wo er an der Einweihung der renovierten Synagoge und der Einführung der Tora-Rolle teilnahm. Deutsch, 1991.	מאמרים, שפורסמו בעיתונות מחוז שטיירמרקט, אוסטריה, לרגל ביקורו של לוטר נוירט בעיר גרץ Graz שם השתתף בחנוכת בית הכנסת המחודש והכנסת ספר התורה. גרמנית, 1991.	German		Print	גזיר עיתון|News Clipping		Communication Document	1991
IL-MTFN-001-G-F-0402-002-R0007	IL-MTFN-001-G-F-0402-002	memoir	Bernhard/ Ben-Zion Teitelbaum's Holocaust Memoirs	Bernhard/ Ben-Zion Teitelbaum wrote in 1993 in 3 chapters his experiences from 1941 in the labor camps during the Holocaust and his memories of the death march. Nahariya, German, typewritten total 48 + 68 + 20 pages.	Bernhard/ Ben-Zion Teitelbaum schrieb 1993 in 3 Kapiteln seine Erlebnisse ab 1941 in den Arbeitslagern während des Holocausts und seine Erinnerungen an den Todesmarsch. Nahariya, Deutsch, Maschinenschrift insgesamt 48 + 68 + 20 Seiten.	"ברנהרד/ בן;ציון טייטלבאום כתב ב-1993 ב-3 פרקים את קורותיו מ-1941 במחנות העבודה בתקופת השואה וזיכרונותיו ממצעד המוות. נהריה, גרמנית הדפסה סה""כ 48 + 68 + 20 עמודים."	German	1993	Typewritten	Biography	Bernhard/ Ben-Zion Teitelbaum	EgoDocument	1993
IL-MTFN-001-G-F-0416-001-R0001	IL-MTFN-001-G-F-0416-001	hometown	Article by a Templar Family Member on Templars in Palestine	"Report/Article, written by a daughter of the Templar family, born in Haifa in 1929, her name is unknown. She reviews the development of the Templar sect in the first half of the 18th century, the first arrival in Palestine in 1869, the settlement with its difficulties and successes. The Templar settlement in Palestine until World War I, the enlistment of men for the military effort of Germany and its allies, and at the same time the lives of their wives and children in their colonies in Palestine. Their favorable attitude towards the Turks as opposed to their hostility towards the British and their understanding of the Arab struggle as opposed to their suspicion towards the Jews. World War II, their expulsion from their homes to internment places, being Germans and enemies of Britain, population exchange deals between Britain and Germany in exchange for English and Jewish prisoners, and finally their complete expulsion from Palestine to Australia and elsewhere. She writes the article in Germany in the 1960s (information from reading). Her writing is done out of longing for her ""homeland; Palestine"". She states that the Templars are the true first pioneers in building the land. 27 pages, German, typewritten."	"Bericht/Artikel, geschrieben von einer Tochter der Templerfamilie, geboren in Haifa 1929, ihr Name ist unbekannt. Sie gibt einen Überblick über die Entwicklung der Templersekte in der ersten Hälfte des 18. Jahrhunderts, die erste Ankunft in Palästina 1869, die Besiedlung mit ihren Schwierigkeiten und Erfolgen. Die Templergemeinde in Palästina bis zum Ersten Weltkrieg, die Mobilisierung der Männer für den militärischen Einsatz Deutschlands und seiner Verbündeten und gleichzeitig das Leben ihrer Frauen und Kinder in ihren Kolonien in Palästina. Ihre freundliche Haltung gegenüber den Türken im Gegensatz zu ihrer Feindseligkeit gegenüber den Briten und ihr Verständnis für den arabischen Kampf im Gegensatz zu ihrem Misstrauen gegenüber den Juden. Der Zweite Weltkrieg, ihre Vertreibung aus ihren Häusern in Internierungslager, da sie Deutsche und Feinde Großbritanniens waren, Bevölkerungsaustauschgeschäfte zwischen Großbritannien und Deutschland im Austausch für englische und jüdische Gefangene und schließlich ihre endgültige Vertreibung aus Palästina nach Australien und anderswo. Sie schreibt den Artikel in den 1960er Jahren in Deutschland (Informationen aus dem Lesen). Ihr Schreiben erfolgt aus Sehnsucht nach ihrer ""Heimat; Palästina"". Sie stellt fest, dass die Templer die ersten wahren Pioniere beim Aufbau des Landes sind. 27 Seiten, Deutsch, Maschinenschrift."	"דוח/מאמר, שכתבה בת למשפחת טמפלרים, ילידת חיפה ב-1929, שמה לא ידוע. הנ""ל סוקרת את התפתחות כת הטמפלרים במחצית הראשונה של המאה ה;18, ההגעה הראשונה לפלשתינה ב-1869, ההתיישבות על קשייה והצלחותיה. ישוב הטמפלרים בפלשתינה עד מלח""ע I, התגייסות הגברים למאמץ הצבאי של גרמניה ובנות בריתה ובמקביל חיי נשותיהם וילדיהם במושבותיהם בפלשתינה. יחסם האוהד לתורכים לעומת עוינותם לבריטים והבנתם למאבק הערבי לעומת חשדם כלפי היהודים. מלח""ע II, גירושם מבתיהם למקומות הסגר, בהיותם גרמנים ואויבים לבריטניה, עסקות חלוף אוכלוסיה בין בריטניה וגרמניה תמורת אסירים אנגלים ויהודים ולבסוף גירושם המוחלט מפלשתינה לאוסטרליה ואחר. הנ""ל כותבת את המאמר בגרמניה בשנות השישים למאה ה;20 (המידע מתוך קריאה). כתיבתה נעשית מתוך געגועים ""למולדתה; פלשתינה"". היא קובעת שהטמפלרים הם החלוצים האמיתיים הראשונים בבניית הארץ. 27 עמודים, גרמנית הדפסה."	German	1960	Typewritten	מאמר|Article		Creative Nonfiction	1960
IL-MTFN-001-G-F-0418-001-R0001	IL-MTFN-001-G-F-0418-001	diary,visit	Albert Goetz's Diary, June 1938	Bound diary, printed in German with family photos and black/white postcards, written by Albert Goetz in June 1938 in Germany, after his and his wife's trip to visit their sons and grandchildren in Palestine. The author mainly focuses on the travel conditions, sights, meals, sons and their families, with limited descriptions of life in Palestine overall. It appears he was a family-oriented, non-political person.	Gebundenes Tagebuch, gedruckt auf Deutsch mit Familienfotos und schwarz/weiß Postkarten, geschrieben von Albert Goetz im Juni 1938 in Deutschland, nach seiner und seiner Frau Reise zum Besuch der Söhne und Enkelkinder in Palästina. Der Autor konzentriert sich hauptsächlich auf die Reisebedingungen, die Sehenswürdigkeiten, die Mahlzeiten, die Söhne und ihre Familien, begrenzte Beschreibungen des Lebens in Palästina insgesamt. Es scheint, dass er ein familiärer, nicht politischer Mensch war.	יומן כרוך, מודפס בגרמנית עם תמונות משפחתיות וגלויות שחור/לבן, שכתב אלברט גץ ביוני 1938 בגרמניה, אחרי הנסיעה שלו ושל רעייתו לביקור הבנים והנכדים בפלשתינה. הכותב מתרכז בעיקר בתנאי הנסיעה, במראות, בארוחות, בבנים ומשפחותיהם, תיאורים מוגבלים על החיים בפלשינה בכללותה. ניקר שהיה אדם משפחתי, לא פוליטי.	German|גרמנית	1938-06	Print	יומן|Diary	Albert Goetz	EgoDocument	1938
IL-MTFN-001-G-F-0422-001-R0001	IL-MTFN-001-G-F-0422-001	correspondence	Correspondence between Oha and Shimon	"Correspondence between Oha and Shimon after their meeting in the Netherlands. Oha is preparing to immigrate to Eretz Israel, Shimon, a soldier/medic in the British army, is ""wandering"" around Europe and returning to Eretz Israel. English and German, handwritten and typewritten, 1945/46. The two address each other with the nickname Mäuschen (little mouse)."	"Korrespondenz zwischen Oha und Shimon nach ihrem Kennenlernen in den Niederlanden. Oha bereitet sich darauf vor, nach Eretz Israel zu ziehen, Shimon, ein Soldat/Sanitäter in der britischen Armee, ""reist"" durch Europa und kehrt nach Eretz Israel zurück. Englisch und Deutsch, Handschrift und Maschinenschrift, 1945/46. Die beiden nennen sich gegenseitig mit dem Kosenamen Mäuschen (kleine Maus)."	"התכתבות בין אוה ושמעון אחרי היכרותם בהולנד. אוה מתארגנת לעלות לארץ ישראל, שמעון חייל/חובש בצבא הבריטי ""מסתובב"" באירופה וחוזר לארץ ישראל. אנגלית וגרמנית כתב יד והדפסה, 1945/46. השניים \פונים זה לזה בשם החיבה Mäuschen (עכבר קטן)."	English|German	1945	Unknown	מכתב|Letter		EgoDocument	1945
IL-MTFN-001-G-F-0422-004-R0004	IL-MTFN-001-G-F-0422-004	visit	Letter from Ilse Wandnagel to Shimon Berlinger	Letter to Shimon Berlinger from Ilse Wandnagel, Schwäbisch Hall, Germany. Handwritten in German, 1964. It concerns the documentation of Jews in Schwäbisch Hall. She met Shimon Berlinger when he visited there. She addresses him with questions about the Jews there, he promised to help with the documentation of Jews in Schwäbisch Hall. She asks: 1. What do the former Jewish residents think about the behavior of the Christian residents during the Third Reich? 2. Do the former Jewish residents have any connection with the city and its residents today? 3. Did the residents of Schwäbisch Hall mistreat the Jewish citizens? 4. Was there a prohibition on Jews entering restaurants or shops? 5. Are there still friendships between the former Jews of Schwäbisch Hall and its Christian residents? 6. Is there still a connection between the Jews of Schwäbisch Hall among themselves? 7. Until when did the regional school operate, were you the last teacher there? How was the condition of the school before 1936, how were the Jewish students treated? 8. Can you tell more about the Jewish youth organization and the theater group? 9. Can you tell about the fate of a family that did not manage to leave Germany in time?	Brief an Shimon Berlinger von Ilse Wandnagel, Schwäbisch Hall, Deutschland. Handschriftlich auf Deutsch, 1964. Es geht um die Dokumentation der Juden in Schwäbisch Hall. Sie traf Shimon Berlinger, als er dort besuchte. Sie stellt ihm Fragen über die Juden dort, er versprach, bei der Dokumentation der Juden in Schwäbisch Hall zu helfen. Sie fragt: 1. Was denken die ehemaligen jüdischen Einwohner über das Verhalten der christlichen Einwohner während des Dritten Reiches? 2. Haben die ehemaligen jüdischen Einwohner heute irgendeine Verbindung zur Stadt und ihren Einwohnern? 3. Haben die Einwohner von Schwäbisch Hall die jüdischen Bürger misshandelt? 4. Gab es ein Verbot für Juden, Restaurants oder Geschäfte zu betreten? 5. Gibt es weiterhin Freundschaften zwischen den ehemaligen Juden von Schwäbisch Hall und ihren christlichen Einwohnern? 6. Gibt es noch Verbindungen zwischen den Juden von Schwäbisch Hall untereinander? 7. Bis wann war die regionale Schule in Betrieb, waren Sie der letzte Lehrer dort? Wie war der Zustand der Schule vor 1936, wie wurden die jüdischen Schüler behandelt? 8. Können Sie mehr über die jüdische Jugendorganisation und den Theaterkreis erzählen? 9. Können Sie über das Schicksal einer Familie berichten, die es nicht rechtzeitig geschafft hat, Deutschland zu verlassen?	"מכתב אל שמעון ברלינגר מאת אילזה ונדנגל Ilse Wandnagel, שווביש;האל Schwäbisch;Hall, גרמניה. גרמנית כתב יד, 1964. הנ""ל עוסקת בתיעוד יהודי שווביש;האל. פגשה את שמעון ברלינגר כאשר ביקר שם. היא פונה אליו בשאלות בנושא היהודים שם, הוא הבטיח לעזור בתיעוד של יהודי שווביש;האל. היא שואלת: 1. מה חושבים התושבים היהודים לשעבר על התנהגותם של התושבים הנוצרים בתקופת הרייך השלישי? 2. האם יש לתושבים היהודים לשעבר קשר כלשהו עם העיר ותושביה היום? 3. האם תושבי שווביש;האל התעללו באזרחים היהודים? 4. האם היה איסור על יהודים להכנס למסעדות או חנויות? 5. האם יש המשך של ידידויות בין יהודי שווביש;האל לשעבר ותושביה הנוצרים? 6. האם יש קשר עדיין בין יהודי שווביש;האל לבין עצמם? 7. עד מתי פעל ביה""ס האיזורי, האם היית המורה האחרון שם? איך היה מצב ביה""ס לפני 1936, איך נהגו בתלמידים היהודים? 8. תוכל לספר יותר על על ארגון הנוער היהודי ועל חוג התיאטרון? 9. האם תוכל לספר על גורלה של משפחה שלא הספיקה לעזוב בזמן את גרמניה?"	German	1964	Handwritten	מכתב|Letter	Shimon Berlinger	Communication Document	1964
IL-MTFN-001-G-F-0423-003-R0012	IL-MTFN-001-G-F-0423-003	memoir	Article by Dr. Kalmos in 'Neue Nachrichten'	An article by Dr. Kalmos in the Jewish newspaper 'New News' with the title aus dem Schaty meiner Erinnerungen Translation: From the Treasure of My Memories, 1958.	Ein Artikel von Dr. Kalmos in der jüdischen Zeitung 'Neue Nachrichten' mit dem Titel aus dem Schaty meiner Erinnerungen Übersetzung: Aus dem Schatz meiner Erinnerungen, 1958.	"מאמר של ד""ר קלמוס בעיתון היקי 'ידיעות חדשות' עם הכותרת aus dem Schaty meiner Erinnerungen תרגום: מתוך אוצר זכרונותיי, 1958."	German		Print	מאמר|Article		Article	1958
IL-MTFN-001-G-F-0425-001-R0001	IL-MTFN-001-G-F-0425-001	hometown,memoir	מחברת לימוד עברית של אריה הנס ויט, 1943	A small notebook used by Aryeh Hans Witt to learn the Hebrew language in 1943. The notebook contains 3 essays on contemporary topics of that period: 1. From his work in the 'Homeland Guard' organization; 2. Memories from the guard days; 3. The development of relations between Russia and Germany since the First World War. Alongside the essays are the teacher's notes and error corrections. The essays serve as first-hand documentation of the topics for that period.	Ein kleines Notizbuch, das Arie Hans Witt 1943 zum Erlernen der hebräischen Sprache benutzte. Das Notizbuch enthält 3 Aufsätze zu aktuellen Themen jener Zeit: 1. Aus seiner Arbeit in der Organisation 'Heimatschutz'; 2. Erinnerungen an die Wachtage; 3. Die Entwicklung der Beziehungen zwischen Russland und Deutschland seit dem Ersten Weltkrieg. Neben den Aufsätzen stehen die Anmerkungen des Lehrers und die Korrekturen der Fehler. Die Aufsätze dokumentieren die Themen aus erster Hand für diese Zeit.	מחברת קטנה, ששמשה את אריה הנס ויט ללימוד השפה העברית ב-1943. במחברת 3 חיבורים בנושאי אקטואליה לאותה תקופה:; 1. מתוך עבודתו בארגון 'משמר המולדת'; 2. זכרונות מימי השמירה; 3. התפתחות היחסים בין רוסיה לגרמניה מאז מלחמת עולם ראשונה. לצד החיבורים כתובות ההערות של המורה ותיקוני השגיאות. החיבורים מהווים תיעוד הנושאים ממקור ראשון, לאותה תקופה.	Hebrew	1943	Handwritten	פנקס|Notepad	אריה הנס ויט	EgoDocument	1943
IL-MTFN-001-G-F-0443-001-R0003	IL-MTFN-001-G-F-0443-001	papers,visit	German Passport of Augusta Jacobson	German passport from the Third Reich period of Augusta Jacobson, née Abraham; the ex-wife of Josef Preis. The grandmother of the estate depositor. The passport was issued in 1936, the name 'Sara' is not mentioned on it and it is not marked with the letter 'J' (Jude). The photo is missing in the passport.	Deutscher Reisepass aus der Zeit des Dritten Reiches von Augusta Jacobson, geborene Abraham; die geschiedene Frau von Josef Preis. Die Großmutter des Nachlassverwalters. Der Reisepass wurde 1936 ausgestellt, der Name 'Sara' ist nicht darauf vermerkt und er ist nicht mit dem Buchstaben 'J' (Jude) gekennzeichnet. Das Foto fehlt im Reisepass.	דרכון גרמני, מתקופת הרייך השלישי, של אוגוסטה יעקובסון לבית אברהם; גרושתו של יוסף פרייס. סבתו של מפקיד העיזבון. הדרכון הונפק ב-1936, לא מצוין עליו השם 'שרה' ואינו חתום באות (J' (Jude'. התמונה חסרה בדרכון.	German	1936	Print	תעודה|Certificate	Augusta Jacobson	Legal Document	1936
IL-MTFN-001-G-F-0444-003-R0005	IL-MTFN-001-G-F-0444-003	diary	1937 Date Diary by Julius Mannheimer	Date diary, 1937, published by the family printing house of Julius Mannheimer.	Terminkalender, 1937, herausgegeben von der Familien-Druckerei von Julius Mannheimer.	"יומן תאריכים, 1937, שהוצא לאור ע""י בית הדפוס המשפחתי של יוליוס מנהיימר Julius Mannheimer."	Hebrew|German	1937	Print	יומן|Diary	Julius Mannheimer	EgoDocument	1937
IL-MTFN-001-G-F-0444-003-R0014	IL-MTFN-001-G-F-0444-003	visit	Letter from Hans Mannheimer to the Mayor of Worms	A letter written by Hans Mannheimer to the mayor of Worms. He begins his letter with an overview of his ancestors who lived in the city since the 17th century, and in the mid-19th century established a printing house that was managed by the family for generations. He writes about the difficult fate of his family during the Third Reich and names the people who worked to dispossess his family of their assets. He ends his letter with the hope that the people in Worms today are different. He accepted an official invitation to visit Worms and had difficulties with several people in the city. Scrolls; German, typewritten, 14.6.1988.	Ein Brief, den Hans Mannheimer an den Bürgermeister von Worms schreibt. Er beginnt seinen Brief mit einem Überblick über seine Vorfahren, die seit dem 17. Jahrhundert in der Stadt lebten, und in der Mitte des 19. Jahrhunderts eine Druckerei gründeten, die über Generationen von der Familie geführt wurde. Er schreibt über das schwere Schicksal seiner Familie während des Dritten Reiches und nennt die Namen der Personen, die damals daran arbeiteten, seine Familie zu enteignen. Er endet seinen Brief mit der Hoffnung, dass die Menschen in Worms heute anders sind. Er nahm eine offizielle Einladung an, Worms zu besuchen, und hatte Schwierigkeiten mit einigen Leuten in der Stadt. Rollen; Deutsch, Maschinenschrift, 14.6.1988.	"מכתב, שהנס מנהיימר כותב לראש העיר בוורמס. מתחיל את מכתבו סקירה של אבותיו שחיו בעיר מאז המאה ה;17, ובאמצע המאה ה-19 הקימו בית דפוס שנוהל במשך דורות ע""י המשפחה. הוא כותב על הגורל הקשה של משפחתו בתקופת הרייך השלישי ונוקב בשמות האנשים אשר פעלו אז לנישול משפחתו מנכסיה. הוא מסיים את מכתבו עם התקווה שהאנשים בוורמס של היום הם אחרים. הוא נענה להזמנה רשמית לבקר בוורמס והיה לו קשה עם מספר אנשים בעיר. גליל;ים, גרמנית הדפסה, 14.6.1988."	German	1988-06-14	Typewritten	מכתב|Letter	Hans Mannheimer	Communication Document	1988
IL-MTFN-001-G-F-0444-004-R0006	IL-MTFN-001-G-F-0444-004	correspondence	Correspondence on Mannheimer Family Property	Correspondence between Hans Mannheimer and Karl Theins regarding the Mannheimer family's property, especially the piano that was in their home. German typewritten, 1948.	Korrespondenz zwischen Hans Mannheimer und Karl Theins über das Eigentum der Familie Mannheimer, insbesondere das Klavier, das in ihrem Haus war. Deutsch Schreibmaschine, 1948.	התכתבות בין הנס מנהיימר וקרל תיינס Karl Theins בנושא רכוש משפחת מנהיימר ובמיוחד הפסנתר שהיה בביתם. גרמנית הדפסה, 1948.	German	1948	Typewritten	מכתב|Letter	Hans Mannheimer|Karl Theins	Communication Document	1948
IL-MTFN-001-G-F-0444-007-R0009	IL-MTFN-001-G-F-0444-007	visit	Letter to Hans from Cousins, 1937	Letter, 1.12.1937, to Hans from his cousins Mary, Hilda, and Liesel, South Africa. Among other things: They love reading his interesting letters about Palestine and ask if he is still planning a journey on camels.	Brief, 1.12.1937, an Hans von seinen Cousinen Mary, Hilda und Liesel, Südafrika. Unter anderem: Sie lieben es, seine interessanten Briefe über Palästina zu lesen und fragen, ob er immer noch eine Reise auf Kamelen plant.	מכתב, 1.12.1937, אל הנס מאת בנות דודתו מרי, הילדה וליזל, דרום אפריקה. בין היתר: הן אוהבות לקרוא את מכתביו המעניינים על פלשתינה ושואלות אם הוא עדיין טוען מסע על גמלים.	Hebrew|German	1937-12-01	Handwritten	מכתב|Letter	Hans	Communication Document	1937
IL-MTFN-001-G-F-0448-001-R0001	IL-MTFN-001-G-F-0448-001	memoir	Memories by Erich Kessel	Giora and Zipporah Rosenthal deposited 'Memories' (original print in German & translation into Hebrew) written by Erich Kessel, 1884;1968 Erich Kessel, Giora's uncle on his mother's side.	Giora und Zipporah Rosenthal hinterlegten 'Erinnerungen' (Originaldruck in Deutsch & Übersetzung ins Hebräische), geschrieben von Erich Kessel, 1884;1968 Erich Kessel, der Onkel von Giora mütterlicherseits.	גיורא וציפור רוזנטל הפקידו 'זיכרונות' (הדפסת מקור בגרמנית & תרגום לעברית) שכתב אריך קסל, 1884;1968 Erich Kessel, הדוד של גיורא מצד אמו.	German|Hebrew	1884	Typewritten	מסמך מתורגם|Translated Document	Erich Kessel	EgoDocument	1968
IL-MTFN-001-G-F-0451-001-R0001	IL-MTFN-001-G-F-0451-001	memoir,visit	זיכרונות יעקב כהן 1933-1939	Memories 1933;1939, written by Jacob Cohen in 1970, in German. He concludes his memories with his immigration to Israel. A broad description of what happened to him and his family, the community's property, his neighbors and acquaintances during Kristallnacht. Later, he lists several reasons that Jews believed were the cause of the pogrom, such as: the thugs wanted to neutralize everyone to get to the basement of champagne bottles. Others claimed the thugs were not from Mainz. Later, he describes the urgent organization of the community with its institutions after Kristallnacht. Description of the 'path of suffering' until he received permission to leave Germany, which involved large sums of money that he no longer had. The delays in obtaining an entry visa from the representations of many countries like France and the USA. During the period he was waiting for the opportunity for him and his family to leave Germany, he worked and helped the needy in a hospital and a nursing home. They arrived in Israel on the ship 'Marco Polo'; he notes that the food on this ship was not kosher.	Erinnerungen 1933;1939, geschrieben von Jakob Cohen im Jahr 1970, auf Deutsch. Er beendet seine Erinnerungen mit seiner Einwanderung nach Israel. Eine umfassende Beschreibung dessen, was ihm und seiner Familie widerfahren ist, des Eigentums der Gemeinde, seiner Nachbarn und Bekannten in der Kristallnacht. Später zählt er mehrere Gründe auf, die seiner Meinung nach Juden als Ursache für das Pogrom sahen, wie: Die Schläger wollten alle neutralisieren, um in den Keller der Champagnerflaschen zu gelangen. Andere behaupteten, die Schläger seien nicht aus Mainz. Später beschreibt er die dringende Organisation der Gemeinde mit ihren Institutionen nach der Kristallnacht. Beschreibung des „Leidenswegs“, bis er die Erlaubnis erhielt, Deutschland zu verlassen, was mit großen Geldsummen verbunden war, die er nicht mehr hatte. Die Verzögerungen bei der Erteilung eines Einreisevisums von den Vertretungen vieler Länder wie Frankreich und den USA. Während er auf die Möglichkeit wartete, Deutschland mit seiner Familie zu verlassen, arbeitete er und half Bedürftigen im Krankenhaus und im Altenheim. Sie kamen auf dem Schiff „Marco Polo“ nach Israel; er erwähnt, dass das Essen auf diesem Schiff nicht koscher war.	"זיכרונות 1933;1939, שכתב יעקב כהן בשנת 1970, בגרמנית. את זיכרונותיו הוא מסיים עם עליתו לארץ. תיאור רחב של הקורות אותו ואת משפחתו, את רכוש הקהילה, את שכניו ומכריו, בליל הבדולח. בהמשך הוא מונה מספר סיבות, שלדעת ם של יהודים היו הסיבה לפוגרום כמו: הקלגסים רצו לנטרל את כולם כדי להגיע למרתף בקבוקי השמפניה. אחרים טענו שהקלגסים לא היו בני מיינץ. בהמשך הוא מתאר את ההתארגנות הדוחקת של הקהילה על מוסדותיה אחרי ליל הבדולח. תיאור דרך ה""יסורים"" עד שקיבל את האישור לעזוב את גרמניה דבר שהיה כרוך בסכומים גדולים של כסף, שכבר לו היה ברשותו. הדחיות לקבל אשרת כניסה, מנציגויותיהן של מדינות רבות כמו צרפת וארה""ב. בתקופה שציפה לאפשרות לו ולמשפחתו לעזוב את גרמניה, עבד ועזר לנצרכים בבי""ח ובבית אבות.הם הגיעו לארץ על סיפונה שלהאניה ""מרקו;פולו""; הוא מציין, שהאוכל לא היה כשר על אוניה זאת."	German|גרמנית	1970	Handwritten	רשימות|Personal Notes	יעקב כהן	EgoDocument	1970
IL-MTFN-001-G-F-0454-001-R0002	IL-MTFN-001-G-F-0454-001	visit	Birth Certificate for Walter Oppenheimer	Birth certificate for Walter Oppenheimer, his parents are the merchant Emil Oppenheimer and his mother Rosalia née Forst. The certificate was issued in 1934. (The issuance was probably done at the request of the registered, possibly in preparation for his departure from Germany / Nili)	Geburtsurkunde für Walter Oppenheimer, seine Eltern sind der Kaufmann Emil Oppenheimer und seine Mutter Rosalia geborene Forst. Das Zertifikat wurde 1934 ausgestellt. (Die Ausstellung erfolgte wahrscheinlich auf Antrag des Registrierten, möglicherweise als Vorbereitung auf seine Ausreise aus Deutschland / Nili)	"אישור/תעודת לידה לולטר אופנהיימר, הוריו הסוחר אמיל אופנהיימר ואמו רוזליה Rosalia לבית פורסט Forst. התעודה הונפקה ב-1934. (ההנפקה נעשתה ככל הנראה עפ""י בקשת הרשום אולי כהכנה לעזיבתו את גרמניה / נילי)"	German		Unknown	תעודה|Certificate	Walter Oppenheimer	Certificate	1934
IL-MTFN-001-G-F-0454-001-R0003	IL-MTFN-001-G-F-0454-001	visit	German Citizenship Certificate for Walter Oppenheimer	German citizenship certificate for Walter Oppenheimer in Oberhausen. Issued in 1934. (The issuance was probably done at the request of the registered person, possibly in preparation for his departure from Germany / Nili)	Deutsche Staatsbürgerschaftsurkunde für Walter Oppenheimer in Oberhausen. Ausgestellt im Jahr 1934. (Die Ausstellung erfolgte wahrscheinlich auf Antrag des Registrierten, möglicherweise als Vorbereitung auf seine Ausreise aus Deutschland / Nili)	"תעודת אזרחות גרמנית לולטר אופנהיימר באוברהאוזן. הונפקה ב-1934. (ההנפקה נעשתה ככל הנראה עפ""י בקשת הרשום אולי כהכנה לעזיבתו את גרמניה / נילי)"	German	1934	Unknown	תעודה|Certificate	Walter Oppenheimer	Certificate	1934
IL-MTFN-001-G-F-0456-001-R0010	IL-MTFN-001-G-F-0456-001	visit	דרכון לפריץ פרידריך האס	Passport for Fritz Friedrich Haas of the Free City of Danzig, issued on December 5, 1939, at the Polish Consulate in Tel Aviv. Between 1940 and 1947, 12 identical stamps of the Mandate Government for extending stay in Palestine were issued in the passport.	Reisepass für Fritz Friedrich Haas der Freien Stadt Danzig, ausgestellt am 5. Dezember 1939 im polnischen Konsulat in Tel Aviv. Zwischen 1940 und 1947 wurden im Reisepass 12 identische Stempel der Mandatsregierung zur Verlängerung des Aufenthalts in Palästina ausgestellt.	דרכון לפריץ פרידריך האס של העיר העצמאית דנציג Freie Stadt Danzig, שהונפק ב-5 לדצמבר 1939 בקונסוליה הפולנית בתל אביב. בין השנים 1940 ו1947 הונפקו בדרכון 12 חותמות זהות, של ממשלת המנדט להארכת שהות בפלשתינה.	German|עברית	1939-12-05	Print	תעודה|Certificate	פריץ פרידריך האס	Legal Document	1947
IL-MTFN-001-G-F-0457-001-R0001	IL-MTFN-001-G-F-0457-001	memoir	Memory Book by Chava Wohl	Memory book in Hebrew, written by Chava Wohl, née Teplitz, 1919;2012, born in Kiel to a wealthy and educated Jewish family. The book was deposited in the Dafna Dor Museum, née Horn, the daughter of Ruth Horn, Chava Wohl's best friend since childhood.	Erinnerungsbuch auf Hebräisch, geschrieben von Chava Wohl, geborene Teplitz, 1919;2012, geboren in Kiel in eine wohlhabende und gebildete jüdische Familie. Das Buch wurde im Museum Dafna Dor, geborene Horn, der Tochter von Ruth Horn, Chava Wohls bester Freundin seit Kindheitstagen, hinterlegt.	ספר זכרונות בעברית, שכתבה חוה וול לבית טפליץ, 1919;2012, נולדה בקיל Kiel למשפחה יהודית אמידה ומשכילה. את הספר הפקידה במוזיאון דפנה דור, לבית הורן, הבת של רות הורן, חברתה הטובה של חוה וול מאז הילדות.	Hebrew	1919	Unknown	ספר זכרונות|Memory Book	Chava Wohl	EgoDocument	2012
IL-MTFN-001-G-F-0459-012-R0002	IL-MTFN-001-G-F-0459-012	memoir,visit	Letter from Arie Goral to Adi, 1990	12.04.1990 Letter to Adi from Arie Goral, Hamburg, Germany. Among other things: Arie went to Germany, does not want to visit the country because as an emigrant he will have to deal with all the questions directed at emigrants. He paints and his works are exhibited in an exhibition in Hamburg. He recalls the past, which is difficult for him since he has always been an individualist, collaborated with the general public but did not belong to them. He dedicates much space to the Holocaust in Lithuania and Latvia. It seems he has a sincere and close friendship with Adi. German typewriting.	12.04.1990 Brief an Adi von Arie Goral, Hamburg, Deutschland. Unter anderem: Arie ging nach Deutschland, möchte das Land nicht besuchen, weil er als Auswanderer mit allen Fragen konfrontiert wird, die an Auswanderer gerichtet sind. Er malt und seine Werke werden in einer Ausstellung in Hamburg gezeigt. Er erinnert sich an die Vergangenheit, die ihm schwerfällt, da er schon immer ein Individualist war, mit der Allgemeinheit zusammenarbeitete, aber nicht zu ihnen gehörte. Er widmet der Shoah in Litauen und Lettland viel Raum. Es scheint, dass er eine aufrichtige und enge Freundschaft mit Adi hat. Deutsch Schreibmaschine.	12.04.1990 מכתב אל עדי מאת אריה גוראל, המבורג, גרמניה. בין היתר: אריה ירד לגרמניה, לא רוצה לבקר בארץ כי בהיותו יורד יצטרך להתמודד אם כל השאלות שמופנות אל יורדים. הוא מצייר ויצירותיו מוצגות בתערוכה בהמבורג. מעלה זכרונות מהעבר איתו קשה לו מאחר ומאז ומתמיד היה אינדיבידואליסט, שיתף פעולה עם הכלל אבל לא השתייך אליהם. מקדיש מקום רב לשואה בליטה ולטביה. נראה שיש לו יחסי ידידות כנים וקרובים אל עדי. גרמנית הדפסה.	German	1990-04-12	Typewritten	מכתב|Letter	Arie Goral	Communication Document	1990
IL-MTFN-001-G-F-0459-013-R0015	IL-MTFN-001-G-F-0459-013	visit	Adi Nachmani's Letter on Israel's Path and Image	Photograph, letter dated 20.2.1986 in which Adi Nachmani writes about his own 'credo' regarding Israel's path, its stance against terror and terrorists, its foreign relations, and its image. The letter is a response to a letter/article that puts Israel on the defendant's bench. Adi writes the letter to Werner and Maria (without last name and without city/country), from whom he heard the criticism of Israel. German.	Fotografie, Brief vom 20.2.1986, in dem Adi Nachmani über seinen eigenen 'Glauben' in Bezug auf Israels Weg, ihren Widerstand gegen Terror und Terroristen, ihre Außenbeziehungen und ihr Image schreibt. Der Brief ist eine Antwort auf einen Brief/Artikel, der Israel auf die Anklagebank stellt. Adi schreibt den Brief an Werner und Maria (ohne Nachnamen und ohne Stadt/Land), von denen er die Kritik an Israel gehört hat. Deutsch.	צילום, מכתב 20.2.1986 שעדי נחמני כותב על ה'אני מאמין' של עצמו בכל שקשור לדרכה של ישראל, עמידתה כנגד הטרור והטרוריסטים, יחסי החוץ שלה ותדמיתה. המכתב, תגובה למכתב/מאמר, שמעמיד את ישראל על ספסל הנאשמים. את המכתב עדי כותב לורנר ומריה (ללא שם משפחה וללא עיר/ארץ), מהם שמע את הביקורת על ישראל. גרמנית.	German	1986-02-20	Unknown	מכתב|Letter	Adi Nachmani	Communication Document	1986
IL-MTFN-001-G-F-0460-001-R0004	IL-MTFN-001-G-F-0460-001	visit	Letter from Ali Braun to his sisters	A letter in English sent by Ali Braun (Laci Braun) to his sisters. Content: Travel itinerary, explanations for photos, story about the family house in Slovakia and about the worldwide Maccabi organization. German typewritten, 14.12.1999.	Ein Brief auf Englisch, den Ali Braun (Laci Braun) an seine Schwestern geschickt hat. Inhalt: Reiseroute, Erklärungen zu Fotos, Geschichte über das Familienhaus in der Slowakei und über die weltweite Maccabi-Organisation. Deutsch maschinenschriftlich, 14.12.1999.	מכתב באנגלית ששלח עלי בראון (לצי בראון Laci Braun) לאחיותיו. בתוכן: מסלול טיול, הסברים לתמונות, סיפור על בית המשפחה בסלובקיה ועל ארגון מכבי העולמי. גרמנית הדפסה, 14.12.1999.	English|German	1999-12-14	Typewritten	מכתב|Letter	Ali Braun	Communication Document	1999
IL-MTFN-001-G-F-0463-001-R0001	IL-MTFN-001-G-F-0463-001	memoir	Father's Memories by Hana Bastian	Hana Bastian sent by email her father's memories, which he wrote in 1975 in Hebrew.	Hana Bastian schickte per E-Mail die Erinnerungen ihres Vaters, die er 1975 auf Hebräisch schrieb.	"חנה בסטיאן שלחה בדוא""ל את זיכרונות אביה אותם כתב ב-1975 בעברית."	Hebrew	1975	Unknown	רשימות|Personal Notes		EgoDocument	1975
IL-MTFN-001-G-F-0469-008-R0009	IL-MTFN-001-G-F-0469-008	papers	Three Letters Confirming Receipt of Estate Documents	Photograph, three letters 1948; 1963; 1964 confirming that Yosef Athai received estate documents and that they are kept in the General Archive of the History of Israel.	Fotografie, drei Briefe 1948; 1963; 1964, die bestätigen, dass Joseph Athaï Nachlassdokumente erhalten hat und dass sie im Allgemeinen Archiv der Geschichte Israels aufbewahrt werden.	צילום, שלושה מכתבים 1948; 1963 ;1964 שמאשרים ליוסף אתאי קבלת מסמכי עיזבון והמצאותם בארכיון הכללי לתולדות ישראל.	Hebrew		Unknown	מכתב|Letter	יוסף אתאי	Communication Document	1964
IL-MTFN-001-G-F-0469-008-R0010	IL-MTFN-001-G-F-0469-008	correspondence	Correspondence with German Archives	Photograph, correspondence with archives in Germany, 1980s and 1990s of the 20th century.	Fotografie, Korrespondenz mit Archiven in Deutschland, 80er und 90er Jahre des 20. Jahrhunderts.	צילום, התכתבות עם ארכיונים בגרמניה, שנות ה;80 וה;90 למאה ה;20.	Hebrew|German		Unknown	מכתב|Letter		Communication Document	1990
IL-MTFN-001-G-F-0470-003-R0007	IL-MTFN-001-G-F-0470-003	visit	Letters to Miriam from Charles Baer	Letters to Miriam from Charles Baer, USA, 1959 & 1967. Among other things: family, children, trips to Europe. It can be understood that the acquaintance between the two is long-standing. German typewritten.	Briefe an Miriam von Charles Baer, USA, 1959 & 1967. Unter anderem: Familie, Kinder, Reisen nach Europa. Es ist ersichtlich, dass die Bekanntschaft zwischen den beiden langjährig ist. Deutsch Schreibmaschine.	"1959 & 1967 מכתבים אל מרים מאת צ'רלס בר Charles Baer, ארה""ב. בין היתר: משפחה, ילדים, נסיעות לאירופה. ניתן להבין שההיכרות בין השנים היא ארוכת שנים. גרמנית הדפסה."	German	1959	Typewritten	מכתב|Letter	Charles Baer	Communication Document	1967
IL-MTFN-001-G-F-0470-003-R0008	IL-MTFN-001-G-F-0470-003	correspondence,papers	Correspondence between Miriam and the National Library regarding Julius Hilzen's estate	1980s of the 20th century, correspondence between Miriam and the National and University Library in Jerusalem regarding the estate documents of Julius Hilzen that Miriam deposited with them. A list of the materials Miriam deposited is attached; most of them are about the study of Jewish cemeteries and the ancient Jewish community of Frankfurt am Main.	1980er Jahre des 20. Jahrhunderts, Korrespondenz zwischen Miriam und der National- und Universitätsbibliothek in Jerusalem bezüglich der Nachlassdokumente von Julius Hilzen, die Miriam dort hinterlegt hat. Eine Liste der von Miriam hinterlegten Materialien ist beigefügt; die meisten davon betreffen die Erforschung jüdischer Friedhöfe und die alte jüdische Gemeinde von Frankfurt am Main.	שנות ה-80 למאה ה-20, התכתבות בין מרים ובית הספרים הלאומי והאוניברסיטאי בירושלים בקשר למסמכי עיזבון יוליוס הילזן שמרים הפקידה אצלם. מצורפת רשימה של החומרים שמרים הפקידה; מרביתם בנושא חקר בתי קברות יהודים והקהילה היהודית העתיקה של פרנקפורט על המיין.	Hebrew	1980	Typewritten	מכתב|Letter|רשימה|List	Julius Hilzen	Communication Document	1980
IL-MTFN-001-G-F-0471-001-R0001	IL-MTFN-001-G-F-0471-001	memoir	Memoirs of Rudolf Moz from 1931/32	Rudolf Moz wrote his memoirs from the years 1931/32, 1700 pages. The memoirs were written in the years 1934;1944. Describes the period before Hitler's rise to power. Among other things: refers to Hitler, Hindenburg, the Communists. Expands on the Salamander shoe factory, which his family was among the founders and managers of. The material relates to activities in Germany and Europe. There is no mention of Israel.	Rudolf Moz schrieb seine Erinnerungen aus den Jahren 1931/32, 1700 Seiten. Die Erinnerungen wurden in den Jahren 1934;1944 geschrieben. Beschreibt die Zeit vor Hitlers Machtergreifung. Unter anderem: bezieht sich auf Hitler, Hindenburg, die Kommunisten. Erweitert über die Schuhfabrik Salamander, deren Mitbegründer und Manager seine Familie war. Das Material bezieht sich auf Aktivitäten in Deutschland und Europa. Es gibt keinen Hinweis auf Israel.	רודולף מוז כתב את זכרונותיו מהשנים 1931/32 1700 עמודים. את הזכרונות כתב בשנים 1934;1944. מתאר את התקופה טרום עליית היטלר לשלטון. בין היתר: מתייחס להיטלר להינדנבורג לקומוניסטים. מרחיב לכתוב על מפעל הנעליים סלמנדרה, שמשפחתו היתה בין המייסדים והמנהלים שלה. החומר מיוחס לפעילות בגרמניה ואירופה. אין איזכור לישראל.	German	1934	Unknown	רשימות|Personal Notes	Rudolf Moz	EgoDocument	1944
IL-MTFN-001-G-F-0474-001-R0001	IL-MTFN-001-G-F-0474-001	memoir	Memory Book by German Emigrant Girls	Memory book in which girls wrote between 1938 and 1941, no illustrations. The memories from 1940 were written by girls, emigrants from Germany to Australia.	Erinnerungsbuch, in dem Mädchen zwischen 1938 und 1941 schrieben, keine Illustrationen. Die Erinnerungen aus dem Jahr 1940 wurden von Mädchen geschrieben, die aus Deutschland nach Australien emigrierten.	"ספר זכרונות בו כתבו בנות בין השנים 1938; 1941, אין איורים. הזכרונות משנת 1940 נכתבו ע""י ילדות, מהגרות מגרמניה לאוסטרליה."	Hebrew|German	1940	Handwritten	ספר זכרונות|Memory Book		EgoDocument	1941
IL-MTFN-001-G-F-0474-001-R0004	IL-MTFN-001-G-F-0474-001	correspondence	Email Correspondence with Paula Boltman and Synagogue Photographs	The email correspondence with Paula Boltman; 1935, Hamburg, copies of photographs of the Papagoyen Synagogue, during the 250th anniversary celebrations of the synagogue.	Die Korrespondenz per E-Mail mit Paula Boltman; 1935, Hamburg, Kopien von Fotografien der Papagoyen-Synagoge, bei den 250-Jahr-Feierlichkeiten der Synagoge.	"ההתכתבות בדוא""ל עם פאולה בולטמן; 1935, המבורג Hamburg, העתקים של צילומים של בית כנסת Papagoyen Synagoge, בחגיגות 250 לבית הכנסת."	Hebrew|German	1935	Unknown	דוא׳ל|Email|תצלום|Photograph		Communication Document	1935
IL-MTFN-001-G-F-0478-001-R0002	IL-MTFN-001-G-F-0478-001	memoir,papers	זיכרונות גרטרוד מאייר	A printed collection, German, the memories of Gertrud Meyer from childhood, youth, and profession. The source for the printing is from the notes of Gertrud Meyer, found in her estate. Edited/printed in 1951. Total of 127 pages.	Eine gedruckte Sammlung, Deutsch, die Erinnerungen von Gertrud Meyer aus Kindheit, Jugend und Beruf. Die Quelle für den Druck sind aus den Notizen von Gertrud Meyer, die in ihrem Nachlass gefunden wurden. Die Bearbeitung/Druck von 1951. Insgesamt 127 Seiten.	"אסופה מודפסת, גרמנית, הזיכרונות של גרטרוד מאייר מהילדות, הנעורים והמקצוע. המקור להדפסה הם מתוך רשימותיה של גרטרוד מאייר, אשר נמצאו בעיזבונה. העריכה/הדפסה מ-1951. סה""כ 127 עמודים."	German		Print	מסמך מתורגם|Translated Document	גרטרוד מאייר	EgoDocument	1951
IL-MTFN-001-G-F-0478-007-R0001	IL-MTFN-001-G-F-0478-007	correspondence	Correspondence between Andreas Meyer and Peter Jaffe, November 1979	2 letters, correspondence between Andreas Meyer and his relative, Peter Jaffe. November 1979. German typewritten.	2 Briefe, Korrespondenz zwischen Andreas Meyer und seinem Verwandten, Peter Jaffe. November 1979. Deutsch Maschinenschrift.	2 מכתבים, התכתבות בין אנדראס מאייר וקרוב משפחתו, פטר יפה Peter Jaffe. נובמבר 1979. גרמנית הדפסה.	German	1979-11	Typewritten	מכתב|Letter		Communication Document	1979
IL-MTFN-001-G-F-0478-008-R0005	IL-MTFN-001-G-F-0478-008	memoir	Writing by Justus on Hermann Lietz's Book	19.10.1992 Writing by Justus referring to the book by Hermann Lietz, Life Memories. German, typewritten, 5 pages.	19.10.1992 Schreiben von Justus unter Bezugnahme auf das Buch von Hermann Lietz, Lebenserinnerungen. Deutsch, Maschinenschrift, 5 Seiten.	19.10.1992 כתיבה של יוסטוס תוך התייחסות לספרו של הרמן ליץ Hermann Lietz, זיכרונות חיים Lebenserinnerungen. גרמנית הדפסה, 5 עמודים.	German	1992-10-19	Typewritten	Letter	Hermann Lietz	EgoDocument	1992
IL-MTFN-001-G-F-0478-010-R0004	IL-MTFN-001-G-F-0478-010	correspondence	Correspondence between Otto Mayer and Jüdischer Kulturbund	June; September 1937 Correspondence between Otto Mayer and the Jewish Cultural Association Jüdischer Kulturbund in East Westphalia, following Otto Mayer's resignation as director of the association in Rheda.	Juni; September 1937 Korrespondenz zwischen Otto Mayer und dem jüdischen Kulturbund in Ostwestfalen, nach dem Rücktritt von Otto Mayer als Leiter des Bundes in Rheda.	יוני;ספטמבר 1937 התכתבות בין אוטו מאייר וחוג התרבות היהודי Jüdischer Kulturbund במזרח וסטפליה, בעקבות התפטרותו של אוטו מאייר מתפקידו כמנהל החוג ברדה Rheda.	German|Hebrew	1937	Unknown	מכתב|Letter	Otto Mayer	Communication Document	1937
IL-MTFN-001-G-F-0478-010-R0005	IL-MTFN-001-G-F-0478-010	correspondence	Correspondence with Otto Mayer regarding donations	5.7.1937 & 7.7.1937 Keren Hayesod, Cologne, Germany, thank Otto Mayer for his monthly donation of 5 RM and hope that he will continue the habit for the building of Palestine. Otto replies to them that he will continue to donate until his immigration to Palestine, provided the money is available.	5.7.1937 & 7.7.1937 Keren Hayesod, Köln, Deutschland, danken Otto Mayer für seine monatliche Spende von 5 RM und hoffen, dass er die Gewohnheit fortsetzt, um den Aufbau Palästinas zu unterstützen. Otto antwortet ihnen, dass er weiterhin spenden wird, bis er nach Palästina auswandert, vorausgesetzt, das Geld ist verfügbar.	5.7.1937 & 7.7.1937 קרן היסוד, קלן גרמניה, מודים לאוטו מאייר על תרומתו החודשית של 5 RM ומקווים שימשיך במנהג למען בנייתה של פלשתינה. אוטו עונה להם, שימשיך להעלות תרומה עד להגירתו לפלשתינה ובתנאי ,שהכסף יהיה מצוי בידו.	Hebrew|German	1937-07-07	Typewritten	מכתב|Letter	Otto Mayer	Communication Document	1937
IL-MTFN-001-G-F-0478-010-R0006	IL-MTFN-001-G-F-0478-010	correspondence	Correspondence between the Zionist Organization in Germany and Otto Mayer, 1937	"April; July 1937 Correspondence between the Zionist Organization in Germany and Otto Mayer, who was appointed by KKL as the local manager of ""Shekel"" in Rheda."	"April; Juli 1937 Korrespondenz zwischen der zionistischen Organisation in Deutschland und Otto Mayer, der von KKL zum lokalen Leiter von ""Shekel"" in Rheda ernannt wurde."	"אפריל; יולי 1937 התכתבות בין ההסתדרות הציונית בגרמניה ואוטו מאייר, אשר נבחר מטעם קק""ל למנהל המקומי של ""שקל"" ברדה Rheda."	Hebrew|German	1937-04	Unknown	מכתב|Letter	Otto Mayer	Communication Document	1937
IL-MTFN-001-G-F-0478-011-R0002	IL-MTFN-001-G-F-0478-011	correspondence	Correspondence with The South African Binjan Mortgage Co. Ltd	September 1946; April 1947 Correspondence with The South African Binjan Mortgage Co. Ltd; Haifa / South African Building Mortgage Company.	September 1946; April 1947 Korrespondenz mit The South African Binjan Mortgage Co. Ltd; Haifa / Südafrikanische Bauhypotheken-Gesellschaft.	ספטמבר 1946; אפריל 1947 התכתבות עם The South African Binjan Mortgage Co. Ltd; Haifa / חברת דרום אפריקה בנין למשכנתאות.	English|Hebrew	1946-09	Unknown	מכתב|Letter	The South African Binjan Mortgage Co. Ltd	Communication Document	1947
IL-MTFN-001-G-F-0483-008-R0014	IL-MTFN-001-G-F-0483-008	visit	Biography and Request by Avraham Frank	23.03.1939 by Avraham Frank. Avraham writes his biography, mentioning the schools he attended and requesting to be taught painting and carpentry. Handwritten, Hebrew.	23.03.1939 von Avraham Frank. Avraham schreibt seine Lebensgeschichte, mit Angabe der Schulen, die er besucht hat, und bittet um Unterricht in Malerei und Tischlerei. Handschrift, Hebräisch.	23.03.1939 מאת אברהם פרנק. אברהם כותב את קורות חייו, עם ציון בתי ספר בהם הוא למד ובקשה ללמדו ציור ונגרות. כתב יד, עברית.	Hebrew	1939-03-23	Handwritten	קורות חיים|Biography	Avraham Frank	EgoDocument	1939
IL-MTFN-001-G-F-0483-008-R0015	IL-MTFN-001-G-F-0483-008	visit	Abraham's Travel Description in the USA	Abraham describes a trip to famous sites in the USA with time indications such as hours and days. 2 pages, handwritten, German.	Abraham beschreibt eine Reise zu berühmten Orten in den USA mit Zeitangaben wie Stunden und Tagen. 2 Seiten, Handschrift, Deutsch.	"19.021.1951 אברהם מתאר נסיע לאתרים מפורסמים בארה""ב עם ציון זמנים כמו שעות וימים. 2 דפים, כתב יד, גרמנית."	German	1951-02-19	Handwritten	מכתב|Letter	אברהם	EgoDocument	1951
IL-MTFN-001-G-F-0483-009-R0003	IL-MTFN-001-G-F-0483-009	visit	Letters from Marita to Abraham Frank, 1950	1950 Marita to Abraham Frank, letters with personal content while they were in the USA and he was on business trips, handwritten, German.	1950 Marita an Abraham Frank, Briefe mit persönlichem Inhalt während ihres Aufenthalts in den USA und seiner Geschäftsreisen, Handschrift, Deutsch.	"1950 מריטה לאברהם פרנק, מכתבים עם תוכן אישי בזמן שהם שהו בארה""ב והוא היה בנסיעות מהעבודה, כתב יד, גרמנית."	German	1950	Handwritten	מכתב|Letter	Abraham Frank	EgoDocument	1950
IL-MTFN-001-G-F-0483-011-R0008	IL-MTFN-001-G-F-0483-011	memoir	Bar Mitzvah Memory Book 1969	1969 Bar Mitzvah memory book without inscription.	1969 Bar-Mizwa-Erinnerungsbuch ohne Beschriftung.	1969 ספר זיכרונות של בר מצווה בלי כיתוב.	Unspecified	1969	Unknown	ספר זכרונות|Memory Book		Memory Book	1969
IL-MTFN-001-G-F-0483-012-R0003	IL-MTFN-001-G-F-0483-012	memoir	Memories of Meli Yaros on Zvi Dushnitzki's Fall	Memories of Meli Yaros about the fall of Zvi Dushnitzki in the War of Independence; 1996	Erinnerungen von Meli Yaros über den Tod von Zvi Dushnitzki im Unabhängigkeitskrieg; 1996	זיכרונות של מלי ירוס על נפילתו של צבי דושניצקי במלחמת השחרור; ,1996	Hebrew	1996	Unknown	Testimony	Meli Yaros	EgoDocument	1996
IL-MTFN-001-G-F-0483-018-R0001	IL-MTFN-001-G-F-0483-018	visit	Pictures of Avraham Frank and Friends	"1944 – 1955 Pictures of Avraham Frank and friends on trips in the country, including a picture of the arrival of the immigrant ship ""The United Nations"" on 01.01.1948 on the shores of Nahariya."	"1944 – 1955 Bilder von Avraham Frank und Freunden auf Reisen im Land, darunter ein Bild der Ankunft des Einwanderungsschiffs ""Die Vereinten Nationen"" am 01.01.1948 an den Küsten von Nahariya."	"1944 – 1955 תמונות של אברהם פרנק וחברים בטיולים בארץ בין היתר תמונה של ההגעה אונית המעפילים ""האומות המאוחדות"" ב 01.01.1948 בחופי נהריה."	Unspecified		Visual Element	תצלום|Photograph	אברהם פרנק	Image	1955
IL-MTFN-001-G-F-0483-022-R0003	IL-MTFN-001-G-F-0483-022	correspondence	Correspondence with Schechter Institute on Passover Haggadot Sale	2008 Correspondence with the Schechter Institute for Jewish Studies about the sale of Passover Haggadot.	2008 Korrespondenz mit dem Schechter-Institut für Jüdische Studien über den Verkauf von Pessach-Haggadot.	2008 התכתבות עם מכון שכטר למדעי היהדות על מכירת הגדות של פסח.	Hebrew	2008	Unknown	מכתב|Letter	מכון שכטר למדעי היהדות	Communication Document	2008
IL-MTFN-001-G-F-0483-022-R0005	IL-MTFN-001-G-F-0483-022	visit	Personal Writing on Trip to Spain	25.08.1987 Personal writing about a trip to Spain, handwritten, Hebrew.	25.08.1987 Persönliches Schreiben über eine Reise nach Spanien, Handschrift, Hebräisch.	25.08.1987 כתיבה אישית על טיול בספרד, כתב יד, עברית.	Hebrew	1987-08-25	Handwritten	רשימות|Personal Notes		EgoDocument	1987
IL-MTFN-001-G-F-0489-001-R0002	IL-MTFN-001-G-F-0489-001	memoir	Seminar Paper by Miriam Peleg: Memories of Esther Kalwari	"Seminar paper, written by Miriam Peleg at the University of Haifa in 2005 with the title: ""Following a Manuscript in My Family: Memories of Esther Kalwari"". Hebrew typewritten."	"Seminararbeit, geschrieben von Miriam Peleg an der Universität Haifa im Jahr 2005 mit dem Titel: ""Auf den Spuren eines Manuskripts in meiner Familie: Erinnerungen an Esther Kalwari"". Hebräisch Maschinenschrift."	"עבודה סמינריונית, שכתבה מרים פלג באוניברסיטת חיפה ב-2005 עם הכותרת: ""בעקבות כתב-יד במשפחתי: זכרונות אסתר קלוורי"". עברית הדפסה."	Hebrew	2005	Typewritten	מסמך מתורגם|Translated Document	Esther Kalwari	EgoDocument	2005
IL-MTFN-001-G-F-0489-001-R0011	IL-MTFN-001-G-F-0489-001	memoir	Bulletin for Friends of the Leo Baeck Institute	Bulletin for Friends of the Leo Baeck Institute with Childhood Memories of Esther Kalvari, German, total 8 pages, year 1959.	Bulletin für Freunde des Leo Baeck Instituts mit Kindheitserinnerungen von Esther Kalvari, Deutsch, insgesamt 8 Seiten, Jahr 1959.	"חוברת Bulletin לידידי מכון לאו בק עם זיכרונות הילדות של אסתר קלוורי, גרמנית, סה""כ 8 עמודים, שנת 1959."	German	1959	Print	חוברת|Booklet	Esther Kalvari	Creative Nonfiction	1959
IL-MTFN-001-G-F-0490-003-R0002	IL-MTFN-001-G-F-0490-003	visit	Correspondences of Ulla with Friends	1933;1941; Correspondences of Ulla with various friends. The topics are mainly about organizing the departure from Germany and settling in the country.	1933;1941; Korrespondenzen von Ulla mit verschiedenen Freunden und Freundinnen. Die Themen sind hauptsächlich über die Organisation der Ausreise aus Deutschland und die Ansiedlung im Land.	1933;1941; התכתבויות אולה Ulla עם חברחם וחברות שונים. הנושאים הם בעיקר על התארגנות לעזיבה של גרמניה והתיישבות בארץ.	Hebrew|German	1933	Unknown	מכתב|Letter	Ulla	Communication Document	1941
IL-MTFN-001-G-F-0491-002-R0002	IL-MTFN-001-G-F-0491-002	visit	Travel Book/Report by Hugo Friedel and Franz Huber	Book/Report on a trip to a destination, information and meeting of a group of travelers who visited the country from 26.03.1971 to 14.04.1971, written by Hugo Friedel and Franz Huber. The book is accompanied by many photos, also with meetings with Israeli movements. German, printed; 03.1971, Israel, Deutschland Israel.	Buch/Bericht über eine Reise zu einem Ziel, Informationen und Treffen einer Gruppe von Reisenden, die das Land vom 26.03.1971 bis 14.04.1971 besuchten, geschrieben von Hugo Friedel und Franz Huber. Das Buch enthält viele Fotos, auch von Treffen mit israelischen Bewegungen. Deutsch, gedruckt; 03.1971, Israel, Deutschland Israel.	ספר/דוח נסיע למיעד, למידע ופגישה של קבוצת מטיילים שביקרו בארץ מה;26.03.1971 עד 14.04.1971, כותבים הספר הוגו פרידל Hugo Friedel, פראנץ הובר Franz Huber. הספר מלווה בהרבה תמונות גם עם מפגשים עם תנועות ישראלים. גרמנית, מודפס; 03.1971, ישראל, Deutschland Israel.	German|גרמנית	1971-03	Print	ספר|Book|דוח|Report		Report	1971
IL-MTFN-001-G-F-0491-002-R0003	IL-MTFN-001-G-F-0491-002	correspondence	Correspondence with the Jeremias Family	Letters to the Jeremias family and from the Jeremias family regarding their activities in the Olivia group and the German group Aufbauwerk, German; 1962+1970+1971+1972+1988.	Briefe an die Familie Jeremias und von der Familie Jeremias in Bezug auf ihre Aktivitäten in der Gruppe Olivia und der deutschen Gruppe Aufbauwerk, Deutsch; 1962+1970+1971+1972+1988.	מכתבים אל משפחת ירמיאס ומאת משפחת ירמיאס בקשר לפעילותם בקבוצת אוליוויה Olivia, והקבוצה הגרמנית Aufbauwerk, גרמנית; 1962+1970+1971+1972+1988.	German		Unknown	מכתב|Letter	משפחת ירמיאס	Communication Document	1988
IL-MTFN-001-G-F-0491-002-R0006	IL-MTFN-001-G-F-0491-002	visit	Letters on Olivia's Activities	Letters regarding Olivia's activities: study trips of youth in Germany, travel schedules, German, printed; 1972;1983.	Briefe über die Aktivitäten von Olivia: Studienreisen von Jugendlichen in Deutschland, Reisepläne, Deutsch, gedruckt; 1972;1983.	מכתבים בקשר לפעילות של אוליוויה: נסיעות לימודים של נוער בגרמניה, לוחות זמנים של נסיעות, גרמנית, מודפס; 1972;1983.	German	1972	Typewritten	מכתב|Letter		Communication Document	1983
IL-MTFN-001-G-F-0491-002-R0013	IL-MTFN-001-G-F-0491-002	visit	Supervision of Goods and Services Law Order, 1963	Supervision of Goods and Services Law, 1957. Order regarding travel agencies and tourist transportation agencies, with markings and notes in English, printed, Hebrew; 14.02.1963.	Gesetz zur Überwachung von Waren und Dienstleistungen, 1957. Verordnung über Reisebüros und Agenturen für den Transport von Touristen, mit Markierungen und Anmerkungen auf Englisch, gedruckt, Hebräisch; 14.02.1963.	"חוק הפיקוח על מצרכים ושירותים, תשי""ח 1957 צו בדבר סוכניות נסיעות וסוכנויות להסעת תיירים, עם סימונים והערות באנגלית, מודפס, עברית; 14.02.1963."	Hebrew|English	1963-02-14	Print	הסכם|Agreement		Legal Document	1963
IL-MTFN-001-G-F-0491-003-R0002	IL-MTFN-001-G-F-0491-003	visit	Correspondence and Letters from India	Correspondence regarding the India service, list of guest recipients in India, official letters, letters from Benjamin and Hannah from India to friends, in which he tells about experiences during their trip to India; 1980;1983	Korrespondenz bezüglich des Dienstes in Indien, Liste der Gästeempfänger in Indien, offizielle Briefe, Briefe von Benjamin und Hanna aus Indien an Freunde, in denen er von Erlebnissen während ihrer Reise in Indien erzählt; 1980;1983	התכתבות בקשר ל סרווס הודו, רשימה של מקבלי אורחים בהודו, מכתבים רשמיים, מכתבים מבנימין וחנה מהודו אל חברים, בהם הוא מספר על חוויות בזמן הטיול שלהם בהודו; 1980;1983	Hebrew|עברית	1980	Unknown	מכתב|Letter		Communication Document	1983
IL-MTFN-001-G-F-0500-001-R0010	IL-MTFN-001-G-F-0500-001	visit	1997 Stuttgart Program for Former Jewish Residents	1997 program of the city of Stuttgart for the visit of former Jewish residents, German	1997 Programm der Stadt Stuttgart für den Besuch ehemaliger jüdischer Einwohner, Deutsch	1997 תוכניה של עירית Stuttgart לביקור של יהודי העיר לשעבר, גרמנית	German	1997	Print	תוכניית כנס|Conferences Program		Organization Papertrail	1997
IL-MTFN-001-G-F-0501-006-R0001	IL-MTFN-001-G-F-0501-006	visit	Letter from Angie to Yehudit, 1940	A letter from 1940 that Angie writes to Yehudit from the Carmel forests. Angie talks in the letter about her isolated life, the garden, Kurt who came to visit, and her future plans.	Ein Brief aus dem Jahr 1940, den Angie an Yehudit aus den Karmelwäldern schreibt. Angie erzählt im Brief von ihrem isolierten Leben, dem Garten, Kurt, der zu Besuch kam, und ihren Zukunftsplänen.	מכתב אחד משנת 1940 שאנג'י כותבת ליהודית מיערות הכרמל. אנג'י מספרת במכתב על חייה המבודדים, על הגינה, על קורט שבא לבקר ועל תכניותיה לעתיד.	Hebrew	1940	Handwritten	מכתב|Letter		Communication Document	1940
IL-MTFN-001-G-F-0510-001-R0001	IL-MTFN-001-G-F-0510-001	memoir	Memory Book by Gershon Netzer	"1998, Memory book ""Grandma, are the birds in the country also Jewish?"" by Gershon Netzer, member of Kibbutz Hukok with original photos. Hebrew, printed"	"1998, Erinnerungsbuch ""Oma, sind auch die Vögel im Land jüdisch?"" von Gershon Netzer, Mitglied des Kibbutz Hukok mit Originalfotos. Hebräisch, gedruckt"	"1998, ספר זכרונות ""סבתא, גם הציפורים בארץ הן יהודיות""? של גרשון נצר, חבר קיבוץ חוקוק עם תמונות מקוריות. עברית, מודפס"	Hebrew	1998	Print	ספר זכרונות|Memory Book	Gershon Netzer	EgoDocument	1998
IL-MTFN-001-G-F-0511-003-R0013	IL-MTFN-001-G-F-0511-003	correspondence	Correspondence with Relatives Regarding Family Tree	1966;1969, Correspondence with relatives regarding a family tree and relatives scattered around the world, including correspondence with Dr. Frieda Sichel; Gotthelft, Daniela Benuzzi, Mrs. Margaret Hess, K.H. Sichel, handwritten, printed, German, English.	1966;1969, Korrespondenz mit Verwandten bezüglich eines Stammbaums und verstreuten Verwandten weltweit, unter anderem Korrespondenz mit Dr. Frieda Sichel; Gotthelft, Daniela Benuzzi, Frau Margaret Hess, K.H. Sichel, Handschrift, gedruckt, Deutsch, Englisch.	1966;1969, התכתבות עם קרובי משפחה בקשר לאילן יוחסין וקרובי משפחה המפוזרים בעולם, בין היתר התכתבות עם Dr. Frieda Sichel;Gotthelft, Daniela Benuzzi, Mrs. Margaret Hess, K.H. Sichel, כתב יד, מודפס, גרמנית, אנגלית.	German|English	1966	Unknown	מכתב|Letter		Communication Document	1969
IL-MTFN-001-G-F-0511-005-R0017	IL-MTFN-001-G-F-0511-005	memoir	Memories of Auguste Katzenstein, 1959	25.01.1959, Memories of Auguste Katzenstein, printed, German;	25.01.1959, Erinnerungen von Auguste Katzenstein, gedruckt, Deutsch;	25.01.1959, זכרונות של אוגוסטה קצנשטיין Auguste Katzenstein, מודפס, גרמנית;	German|גרמנית	1959-01-25	Print	רשימות|Personal Notes	Auguste Katzenstein	EgoDocument	1959
IL-MTFN-001-G-F-0511-005-R0019	IL-MTFN-001-G-F-0511-005	correspondence,papers	Correspondence between Fritz Katzenstein and Leo Baeck Institute	1956;1961, Correspondence between Fritz Katzenstein and the Leo Baeck Institute regarding the family estate;	1956;1961, Korrespondenz zwischen Fritz Katzenstein und dem Leo Baeck Institut in Bezug auf den Familiennachlass;	1956;1961, התכתבות בין פריץ קצנשטיין לבין מכון לאו בק בקשר לעיזבון המשפחתי;	Hebrew|German	1956	Unknown	מכתב|Letter	Fritz Katzenstein	Communication Document	1961
IL-MTFN-001-G-F-0514-001-R0002	IL-MTFN-001-G-F-0514-001	memoir	Memory Book for Bnei Brith House	2005, Memory Book for the Bnei Brith House 1948	2005, Erinnerungsbuch für das Haus Bnei Brith 1948	2005, ספר זיכרונות לבית בני ברית 1948	Hebrew	1948	Unknown	ספר זכרונות|Memory Book		Memory Book	2005
IL-MTFN-001-G-F-0515-001-R0004	IL-MTFN-001-G-F-0515-001	memoir	Memory Book by Dorit Heyman	"2010, Memory book written by Dorit Heyman ""Omama Laura, from Germany to Israel"";"	"2010, Erinnerungsbuch geschrieben von Dorit Heyman ""Omama Laura, von Deutschland nach Israel"";"	"2010, ספר זכרונות שכתבה דורית היימן "" אוממה לורה, מגרמניה לישראל"";"	Hebrew|German	2010	Unknown	ספר זכרונות|Memory Book	Dorite Heyman	EgoDocument	2010
IL-MTFN-001-G-F-0516-001-R0011	IL-MTFN-001-G-F-0516-001	memoir	Photo Album of Israel in the 1950s	1950, Jerusalem, photo album with the inscription 'All thoughts and memories were recorded in this book'. The album contains photos of Israel in the 1950s.	1950, Jerusalem, Fotoalbum mit der Aufschrift 'Alle Gedanken und Erinnerungen wurden in diesem Buch festgehalten'. Im Album befinden sich Fotos von Israel in den 1950er Jahren.	1950, ירושלים, אלבום תמונות עם כיתוב של 'כל המחשבות וזיכרונות היו רשומים בספר זה'. באלבום תמונות של ישראל בשנות ה 1950;	Hebrew	1950	Unknown	תצלום|Photograph		Image	1950
IL-MTFN-001-G-F-0516-003-R0001	IL-MTFN-001-G-F-0516-003	diary	World War II Newspaper Clippings	4 notebooks with newspaper clippings about the evaporation of World War II from England with clippings and articles mainly from English newspapers. Captions: Berlin 1945, War Diary 1940, printed	4 Notizbücher mit Zeitungsausschnitten, die den Zweiten Weltkrieg aus England verdampfen lassen, mit Ausschnitten und Artikeln hauptsächlich aus englischen Zeitungen. Beschriftungen: Berlin 1945, Kriegstagebuch 1940, gedruckt	4 מחברות עם גזרות עיתון בהם המתאדת אנא את המלחמת עולם II מאנגליה עם גזירות ומאמרים מעיתונים בעיקר אנגלים. כתוביות: ברלין 1945, יומן מלחמה 1940, מודפס	Hebrew|English		Print	רשימות|Personal Notes		EgoDocument	1945
IL-MTFN-001-G-F-0517-001-R0005	IL-MTFN-001-G-F-0517-001	memoir	Memory Book and Cemetery Papers of Oskar Aumann	1966, Memory book and paperwork of the cemetery from the death of Oskar Aumann, New York.	1966, Erinnerungsbuch und Unterlagen des Friedhofs vom Tod von Oskar Aumann, New York.	1966, ספר זכרונות וניירת של בית הקברות מפטירתו של אוסקאר אומאן Oskar Aumann, ניו יורק.	Hebrew|German	1966	Unknown	ספר זכרונות|Memory Book	Oskar Aumann	EgoDocument	1966
IL-MTFN-001-G-F-0517-001-R0006	IL-MTFN-001-G-F-0517-001	correspondence	Köppern Booklet on Jewish History in Friedrichsdorf	1999, Köppern, booklet Schriften zur Geschichte der Stadt Friedrichsdorf, with correspondence with the author and Reiner Auman about the history of the Jews of the place.	1999, Köppern, Broschüre Schriften zur Geschichte der Stadt Friedrichsdorf, mit Korrespondenz mit dem Autor und Reiner Auman über die Geschichte der Juden des Ortes.	1999, קופרן Köppern, ספרון Schriften zur Geschichte der Stadt Friedrichsdorf, ובו התכתבות עם המחבר ו ריינר אומאן Reiner Auman על היסטורית יהודי המקום.	German|עברית		Print	חוברת|Booklet	Reiner Auman	Creative Nonfiction	1999
IL-MTFN-001-G-F-0519-001-R0001	IL-MTFN-001-G-F-0519-001	diary,visit	Explanation and Travel Diary on the Dogon Tribe by Marli Shamir	1968, explanation of 31 pages about the Dogon tribe, and a travel diary about the 'Land of the Dogon' by Marli Shamir with simple illustrations. German, handwritten.	1968, Erklärung von 31 Seiten über den Dogon-Stamm, und ein Reisetagebuch über das 'Land der Dogon' von Marli Shamir mit einfachen Illustrationen. Deutsch, Handschrift.	1968, הסבר של 31 דפים על שבט דוגון Dogon, ויומן נסיע על 'ארץ דוגון' של מרלי שמיר עם איורים פשוטים. גרמנית, כתב יד.	German	1968	Handwritten	יומן|Diary	Marli Shamir	EgoDocument	1968
IL-MTFN-001-G-F-0519-001-R0003	IL-MTFN-001-G-F-0519-001	visit	Story by Marli Shamir about first visit to Dogonecountry, Mali	15.02.1969, Story of 5 pages by Marli Shamir about the first visit to Dogonecountry, Mali, printed, German.	15.02.1969, Geschichte von 5 Seiten von Marli Shamir über den ersten Besuch in Dogonecountry, Mali, gedruckt, Deutsch.	15.02.1969, סיפור על 5 דפחם של מרלי שמיר על הביקור הראשון ב Dogonecountry, Mali, מודפס, גרמנית.	German|גרמנית	1969-02-15	Print	סיפור|Fiction	Marli Shamir	Creative Nonfiction	1969
IL-MTFN-001-G-F-0519-001-R0006	IL-MTFN-001-G-F-0519-001	diary	Diary of Marli Shamir in Bamako, Africa	1970;1971 Diary of Marli Shamir while she was in Bamako, Africa, handwritten, German.	1970;1971 Tagebuch von Marli Shamir, als sie in Bamako, Afrika war, Handschrift, Deutsch.	1970;1971 יומן של מרלי שמיר בזמן שהיא היתתה בבאמאקו אפריקה Bamako Afrika, כתב יד, גרמנית.	German	1970	Handwritten	יומן|Diary	Marli Shamir	EgoDocument	1971
IL-MTFN-001-G-F-0519-001-R0008	IL-MTFN-001-G-F-0519-001	diary	The Last Days in Bamako	1971, in Bamako, diary pages with the title 'The Last Days in Bamako'. Handwriting, German.	1971, in Bamako, Tagebuchseiten mit dem Titel 'Die letzten Tage in Bamako'. Handschrift, Deutsch.	1971, באמקו Bamako, דפי ימן עם הכותרת 'הימים האחרונים בבאמאקו' Die letzen Tage in Bamako. כתב יד, גרמנית.	German	1971	Handwritten	יומן|Diary		EgoDocument	1971
IL-MTFN-001-G-F-0519-001-R0015	IL-MTFN-001-G-F-0519-001	memoir	Marli Shamir's Memories of Mali	1967, 15 A5 pages with memories of Marli Shamir about the period she and her husband were in Mali, handwritten in German.	1967, 15 A5-Seiten mit Erinnerungen von Marli Shamir über die Zeit, die sie und ihr Mann in Mali verbrachten, handschriftlich auf Deutsch.	1967, 15 דפי A 5 עם זכרונות של מרלי שמיר על התקופה שהיא ובעלה היו ב מאלי, כתב יד גרמנית.	German	1967	Handwritten	רשימות|Personal Notes	Marli Shamir	EgoDocument	1967
IL-MTFN-001-G-F-0519-003-R0009	IL-MTFN-001-G-F-0519-003	visit	Touristen in Mali, Januar 1970	8 pages about the visit of Maria Callas, Alberto Oravia, and Paolo Pasolini, with the title Tourists in Mali, January 1970, German, printed.	8 Seiten über den Besuch von Maria Callas, Alberto Oravia und Paolo Pasolini, mit dem Titel Touristen in Mali, Januar 1970, Deutsch, gedruckt.	8 דפים על ביקור של Maria Callas, Alberto Oravia und Paolo Pasolini, עם הכותרת Touristen in Mali, Januar 1970 גרמנית, מודפס.	German	1970-01	Print	Report		Report	1970
IL-MTFN-001-G-F-0523-002-R0008	IL-MTFN-001-G-F-0523-002	hometown	Story of Holb and Dr. Fritz Frank's Family	1976, story of the town of Holb, the birthplace of Dr. Fritz Frank and family life within it.	1976, Geschichte der Stadt Holb, der Geburtsstadt von Dr. Fritz Frank und das Familienleben darin.	1976, סיפור עיירת הולב Holb, עיר הולדתה של דר פריץ פרנק וחיי המשפחה בתוכה.	Hebrew	1976	Unknown	סיפור|Fiction	Dr. Fritz Frank	Creative Nonfiction	1976
IL-MTFN-001-G-F-0523-002-R0010	IL-MTFN-001-G-F-0523-002	hometown	Certificates of Hugo Frank and Fritz Frank	1914;1935, Originals and copies of certificates. Among others, the birth certificate of Hugo Frank, the marriage certificate of Fritz Frank and Raiza, a certificate of military service of Fritz Frank in the First World War, a citizenship certificate Heimatschein of Fritz Frank and Raiza, German.	1914;1935, Originale und Kopien von Urkunden. Unter anderem die Geburtsurkunde von Hugo Frank, die Heiratsurkunde von Fritz Frank und Raiza, eine Bescheinigung über den Militärdienst von Fritz Frank im Ersten Weltkrieg, eine Heimatschein-Bescheinigung von Fritz Frank und Raiza, Deutsch.	1914;1935, מקור והעתקים של תעודות. בין היתר, תעודת הלידה של הוגו פרנק Hugo Frank, תעודת נישואין של פריץ פרנק וראיזה, אישור על שירות צבאי של פריץ פרנק במלחמת עולם הראשון, אישור אזרחות Heimatschein של פריץ פרנק ו ראיזה, גרמנית.	German	1914	Unknown	תעודה|Certificate	Hugo Frank	Certificate	1935
IL-MTFN-001-G-F-0523-003-R0001	IL-MTFN-001-G-F-0523-003	visit	Recommendations for Dr. Fritz Frank	Recommendations for Dr. Fritz Frank from workplaces where he was employed as a doctor. Among others, a recommendation from the Odenwaldschule, Heppenheim Municipality Hess. Kreisamt Heppenheim, Prof. Dr. August Homburger, Prof. Dr. Moro, Bikur Cholim Hospital Jerusalem, Ramot HaShavim, German, Hebrew; 1923;1937.	Empfehlungen für Dr. Fritz Frank von Arbeitsplätzen, an denen er als Arzt tätig war. Unter anderem eine Empfehlung von der Odenwaldschule, Stadtverwaltung Heppenheim Hess. Kreisamt Heppenheim, Prof. Dr. August Homburger, Prof. Dr. Moro, Bikur Cholim Krankenhaus Jerusalem, Ramot HaShavim, Deutsch, Hebräisch; 1923;1937.	המלצות עבור דר' פריץ פרנק ממקומות עבודה בהן היה מועסק כרופאה. בין היתר המלצה מבית הספר Odenwaldschule, עירית הפנהיים Hess. Kreisamt Heppenheim, פרופ. דר. אוגוסט הומבורגר Prof. Dr. August Homburger, פרופ. דר. מורו Prof. Dr. Moro, ביקור חולים הוספיטל ירושלים, רמות השבים, גרמנית, עברית; 1923;1937.	German|Hebrew	1923	Unknown	Letter	Dr. Fritz Frank	EgoDocument	1937
IL-MTFN-001-G-F-0524-003-R0001	IL-MTFN-001-G-F-0524-003	correspondence	Correspondence with Helene Stille	1963;1973, Correspondence with friends/family in Germany. Most of the letters are from a woman named Helene Stille.	1963;1973, Korrespondenz mit Freunden/Familie in Deutschland. Die meisten Briefe sind von einer Frau namens Helene Stille.	1963;1973, התכתבות עם חברים/משפחה בגרמניה. עיקר המכתבים מאישה בשם הלנה שטילה Helene Stille.	Hebrew|German	1963	Unknown	מכתב|Letter	Helene Stille	Communication Document	1973
IL-MTFN-001-G-F-0524-004-R0012	IL-MTFN-001-G-F-0524-004	correspondence	Letters from Family and Friends, 1933-1956	1933;1956, Letters from family members and friends, including letters from Rudi about his activities in the 'Hechalutz' youth movement, correspondence between Germany and Palestine, between Palestine and Palestine, German;	1933;1956, Briefe von Familienmitgliedern und Freunden, unter anderem Briefe von Rudi über seine Aktivitäten in der Jugendbewegung 'Hechaluz', Korrespondenz zwischen Deutschland und Palästina, zwischen Palästina und Palästina, Deutsch;	1933;1956, מכתבים מבני משפחה וחברים, בין היתר מכתבים של רודי על פעילותו בתנועת הנוער 'החלוץ', התכתבות בין גרמניה לפלשתינה, בין פלשתינה לפלשתינה, גרמנית;	German|Hebrew	1933	Unknown	מכתב|Letter		Communication Document	1956
IL-MTFN-001-G-F-0524-005-R0010	IL-MTFN-001-G-F-0524-005	visit	Newspaper Clippings and Letter from HaChalutz	"Newspaper clippings and measurement sheets with the passengers: Ernst Simon, letter from ""HaChalutz"" in Vilna, injury of a type of travelers near Jericho, sheet addressed to: ""To the members of the student union"", printed, Hebrew; 1941"	"Zeitungsausschnitte und Maßblätter mit den Passagieren: Ernst Simon, Brief von ""HaChalutz"" in Wilna, Verletzung einer Art von Reisenden in der Nähe von Jericho, Blatt an: ""An die Mitglieder der Studentenvereinigung"", gedruckt, Hebräisch; 1941"	"קטעי עיתון ודפי מידה עם הנוסעים: ארנסט סימון, מכתב מ""החלוץ"" בווילנה, פציעה של סוג מטיילים ליד יריחו, דפ הפונה אל: לחברי ההסתדרות הסטודנטים"", מודפס, עברית; 1941"	Hebrew	1941	Print	גזיר עיתון|News Clipping|מכתב|Letter	Ernst Simon	Communication Document	1941
IL-MTFN-001-G-F-0526-001-R0001	IL-MTFN-001-G-F-0526-001	diary	Diary of Miriam from 1923 to 1943	1923, diary of Miriam from her first birthday until 1943, the first part was written by the parents until 1926 in Berlin, the second part Miriam started in 1939 in Ein Harod, handwriting, German.	1923, Tagebuch von Miriam von ihrem ersten Geburtstag bis 1943, den ersten Teil schrieben die Eltern bis 1926 in Berlin, den zweiten Teil begann Miriam 1939 in Ein Harod, Handschrift, Deutsch.	1923, יומן של מרים מיום הולדתה הראשון ועד 1943, את החלק הראשון ההורים כתבו עד 1926 בברלין, החלק השני מרים התחילה ב 1939 בעין חרוד, כתב יד, גרמנית.	German	1923	Handwritten	יומן|Diary	Miriam	EgoDocument	1943
IL-MTFN-001-G-F-0526-001-R0002	IL-MTFN-001-G-F-0526-001	diary	Diary of Miriam Blumenfeld	1938;1971, Diary of Miriam Blumenfeld starting with training in Rudnitz and ending with marital problems between Miriam and Erich. The main part of the diary is written about interpersonal relationship problems of Miriam but also about longing for the mother who remained in Germany. Handwritten, German.	1938;1971, Tagebuch von Miriam Blumenfeld, das mit der Ausbildung in Rudnitz beginnt und mit Problemen in der Ehe zwischen Miriam und Erich endet. Der Hauptteil des Tagebuchs handelt von Problemen in Miriams zwischenmenschlichen Beziehungen, aber auch von der Sehnsucht nach der Mutter, die in Deutschland geblieben ist. Handschrift, Deutsch.	1938;1971, יומן של מרים בלומנפלד שמתחיל בהכשרה ברודניץ Rudnitz, ומסיים עם בעיות בבנישואין בין מרים ואריך. עיקר היומן כתוב על בעיות בקשרים בין אישיים של מרים אבל גם על געגועים לאמא שנוטרה בגרמניה. כתב יד, גרמנית.	German	1938	Handwritten	יומן|Diary	Miriam Blumenfeld	EgoDocument	1971
IL-MTFN-001-G-F-0541-001-R0016	IL-MTFN-001-G-F-0541-001	visit	Letter from H. Kalizki to Eva	02.02.1943, Letter from H. Kalizki to Eva, in which he expresses his love for Eva and also talks about places he visited, Egypt, .. printed by Miriam Poland.	02.02.1943, Brief von H. Kalizki an Eva, in dem er seine Liebe zu Eva ausdrückt und auch über Orte erzählt, die er besucht hat, Ägypten, .. gedruckt von Miriam Polen.	02.02.1943, מכתב מאת H. Kalizki אל אווה, בו הוא מביע את אהבתו אל אווה וגם מספר על קומות בהם הוא ביקר, מצריים, .. מודפס על ידי מרים פולין.	Hebrew|German	1943-02-02	Typewritten	מכתב|Letter	H. Kalizki	Communication Document	1943
IL-MTFN-001-G-F-0547-001-R0013	IL-MTFN-001-G-F-0547-001	correspondence	Correspondence with Ruti Jacobi and Life Story of Martha Jacobi	24;09;2017, Correspondence with the daughter Ruti Jacobi and the life story of Martha Jacobi written by the daughter Ruti Jacobi, Hebrew, printed.	24;09;2017, Korrespondenz mit der Tochter Ruti Jacobi und das Leben von Martha Jacobi, geschrieben von der Tochter Ruti Jacobi, Hebräisch, gedruckt.	24;09;2017, התכתבות עם הבת רותי יעקובי וקורות חייה של מרתה יעקובי כתוב על ידי הבת רותי יעקובי, עברית, מודפס.	Hebrew	2017-09-24	Typewritten	מכתב|Letter	Ruti Jacobi	EgoDocument	2017
IL-MTFN-001-G-F-0555-002-R0001	IL-MTFN-001-G-F-0555-002	diary	יומן לידה של נריה	1956-1924, Diaries - 1956, Birth diary of Neria.	1956-1924, Tagebücher - 1956, Geburtsjournal von Neria.	1956-1924, יומנימ- 1956, יומן לידה של נריה.	Hebrew	1956	Unknown	יומן|Diary	נריה	EgoDocument	1956
IL-MTFN-001-G-F-0555-002-R0002	IL-MTFN-001-G-F-0555-002	diary	Diary of Aliza, 1938	1938, diary of Aliza when she was a girl in a youth movement. In the diary, she writes about her feelings towards boys and girls.	1938, Tagebuch von Aliza, als sie ein Mädchen in einer Jugendbewegung war. Im Tagebuch schreibt sie über ihre Gefühle gegenüber Jungen und Mädchen.	1938, יומן של עליזה בעת שהייתה נערה בתנועת נוער. ביומן היא רושמת על רגשותיה כלפי בנים ובנות.	Hebrew	1938	Handwritten	יומן|Diary		EgoDocument	1938
IL-MTFN-001-G-F-0555-003-R0003	IL-MTFN-001-G-F-0555-003	memoir	Book in memory of Moshe Budmor	2017, Book in memory of Budmor Allegro con Brio, My lives in music a memoir Moshe Budmor 1923; 2015, English	2017, Buch zum Gedenken an Budmor Allegro con Brio, Mein Leben in der Musik, eine Memoiren Moshe Budmor 1923; 2015, Englisch	2017, ספר לזכר בודמור Allegro con Brio, My lives in music a memoir Moshe Budmor 1923; 2015, מוספס, אנגלית	English	2015	Unknown	ספר|Book	Moshe Budmor	EgoDocument	2017
IL-MTFN-001-G-F-0556 -0 1-R0001	IL-MTFN-001-G-F-0556 -0 1	diary	Diaries and Letters in Czech	1940; 1943, Diaries in Czech language, location Ein Gev - 1939; 1940, Letters in Czech language to Kurt from the cities Brno, Budapest, Haifa;	1940; 1943, Tagebücher in tschechischer Sprache, Ort Ein Gev - 1939; 1940, Briefe in tschechischer Sprache an Kurt aus den Städten Brno, Budapest, Haifa;	1940; 1943, יומנים בשפה הצ'כית, המקום עין גב- 1939 ;1940, מכתבים בשפה הצ'כית אל קורט מהערים, Brno, Budapest, Haifa,;	Other	1940	Unknown	יומן|Diary|מכתב|Letter		EgoDocument	1943
IL-MTFN-001-G-F-0556-002-R0020	IL-MTFN-001-G-F-0556-002	papers	Letter from Heidi Efron regarding Avi Baruch's estate	2018, Letter from Heidi Efron from the Givat Chaim Ichud Kibbutz Archive regarding the estate of Avi Baruch, Hebrew.	2018, Brief von Heidi Efron aus dem Archiv des Kibbuz Givat Chaim Ichud in Bezug auf den Nachlass von Avi Baruch, Hebräisch.	2018, מכתב מאת היידי עפרון מארכיון קיבוץ גבעת חיים איחוד בקשר לעיזבון של אבי ברוך, עברית.	Hebrew	2018	Typewritten	מכתב|Letter	Heidi Efron	Communication Document	2018
IL-MTFN-001-G-F-0561-005-R0002	IL-MTFN-001-G-F-0561-005	diary	Diary/Calendar with Markings	1938, diary/calendar with some markings of unclear significance.	1938, Tagebuch/Kalender mit einigen Markierungen von unklarer Bedeutung.	1938, יומן/לוח שנה עם מעט סימונים בעלי משמעות לא ברורה.	Unspecified	1938	Unknown	יומן|Diary|לוח שנה|Calendar		EgoDocument	1938
IL-MTFN-001-G-F-0561-005-R0010	IL-MTFN-001-G-F-0561-005	correspondence	Correspondence Copies via Red Cross between Hedwig Sternfeld and Richard Jacoby, 1941	1941, copies of correspondence through the Red Cross between Hedwig Sternfeld and Richard Jacoby, Hedwig is Richard's grandmother, regarding the fate of family members, German.	1941, Kopien des Briefwechsels über das Rote Kreuz zwischen Hedwig Sternfeld und Richard Jacoby, Hedwig ist die Großmutter von Richard, bezüglich des Schicksals von Familienmitgliedern, Deutsch.	1941, העתקים של החלפת מכתבים דרך הצלב האדום בין הדויג שטרנפלד Hedwig Sternfeld לבית ריכרד יעקובי Richard Jacoby, הדויג היא סבתא של ריכרד בקשר לגורל בני משפחה, גרמנית.	German	1941	Unknown	מכתב|Letter	Hedwig Sternfeld|Richard Jacoby	Communication Document	1941
