item_id	parent	signals	title	english_translation	german_translation	item_description	language	creation_date	format	document_type	main_subject	item_class
IL-MTFN-001-G-F-0001-001-R0001	IL-MTFN-001-G-F-0001-001	diary	Bruno Asch - Diary, Biography	Book 'Bruno Asch - Diary, Biography about the Asch Family'.	Buch 'Bruno Asch - Tagebuch, Biografie über die Familie Asch'.	ספר 'ברונו אש - יומן, ביוגראפיה על משפחת אש'.	Hebrew		Print	ספר|Book	Bruno Asch	EgoDocument
IL-MTFN-001-G-F-0002-001-R0002	IL-MTFN-001-G-F-0002-001	hometown,visit	Article on Oppenheimer's Visit to Offenbach	An article in German from 1972 reporting on Oppenheimer's visit to his hometown Offenbach.	Ein Artikel auf Deutsch aus dem Jahr 1972, der über den Besuch von Oppenheimer in seiner Heimatstadt Offenbach berichtet.	מאמר בגרמנית מ-1972 שמדווח על בקורו של אופנהיימר בעיר מולדתו אופנבך;	German|גרמנית	1972	Print	מאמר|Article	Oppenheimer	Report
IL-MTFN-001-G-F-0005-002-R0006	IL-MTFN-001-G-F-0005-002	hometown,visit	Letters of Udo Moses from Argentina	Collection in memory of Udo Moses, containing letters from Udo from Argentina to his parents shortly before the outbreak of World War II and a short letter after the outbreak of the war. Udo wants to return to the 'homeland' and fight its enemies. He returned, enlisted, and fell on the battlefield shortly after his enlistment.	Sammlung zum Gedenken an Udo Moses, mit Briefen von Udo aus Argentinien an seine Eltern kurz vor dem Ausbruch des Zweiten Weltkriegs und einem kurzen Brief nach dem Ausbruch des Krieges. Udo möchte in die 'Heimat' zurückkehren und gegen ihre Feinde kämpfen. Er kehrte zurück, trat in die Armee ein und fiel kurz nach seiner Einberufung auf dem Schlachtfeld.	אוסף לזכרו של אודו מוזס, ובו מכתבים של אודו מארגנטינה אל הוריו זמן קצר לפני פרוץ מלחמת העולם ומכתב קצר אחרי פרוץ המלחמה. אודו רוצה לחזור ל'מולדת' ולהלחם באויביה. הוא חזר, התגייס ונפל בשדה הקרב זמן קצר אחרי גיוסו.	Hebrew		Unknown	מכתב|Letter	Udo Moses	EgoDocument
IL-MTFN-001-G-F-0005-003-R0005	IL-MTFN-001-G-F-0005-003	memoir	Memories of Chana Frida Haker	The book 'Kmiot', Memories of Chana Frida Haker née Moses, Hebrew	Das Buch 'Kmiot', Erinnerungen von Chana Frida Haker, geborene Moses, Hebräisch	הספר 'כמיהות', זכרונות חנה פרידה הקר לבית מוזס, עברית	Hebrew		Print	ספר|Book	Chana Frida Haker	EgoDocument
IL-MTFN-001-G-F-0008-001-R0007	IL-MTFN-001-G-F-0008-001	correspondence	Family Photos and Correspondence with Andrew Bergerson, 1993	Family photos and correspondence with Andrew Bergerson from Hildesheim from 1993.	Familienfotos und Korrespondenz mit Andrew Bergerson aus Hildesheim aus dem Jahr 1993.	צילומי תמונות משפחתיות והתכתבות עם Andrew Bergerson מהילדסהיים משנת 1993.	Hebrew|English	1993	Unknown	תצלום|Photograph|מכתב|Letter	Andrew Bergerson	EgoDocument
IL-MTFN-001-G-F-0008-001-R0011	IL-MTFN-001-G-F-0008-001	visit	Visit of Walter Loser in Hildesheim 1964	Articles and pictures from the visit of Walter Loser and his wife in Hildesheim 1964.	Artikel und Bilder vom Besuch von Walter Loser und seiner Frau in Hildesheim 1964.	מאמרים ותמונות מביקור של ולטר לוזר ואישתו בהילדסהיים 1964.	Unspecified	1964	Unknown	מאמר|Article	Walter Loser	Communication Document
IL-MTFN-001-G-F-0008-002-R0007	IL-MTFN-001-G-F-0008-002	hometown	Illustrated German Christmas Song Leaflet from Bercalonnette Camp	An illustrated song leaflet in German for Christmas, edited in the Bercalonnette detention camp, France, 1916-1920. The leaflet contains two patriotic songs written by Gertrud Loser in 1914-15 about the brave soldiers fighting for the homeland.	Ein illustriertes Liederblatt auf Deutsch für Weihnachten, erstellt im Internierungslager Bercalonnette, Frankreich, 1916-1920. Das Blatt enthält zwei patriotische Lieder, die Gertrud Loser 1914-15 über die tapferen Soldaten schrieb, die für das Vaterland kämpfen.	עלון שירים מאוייר בגרמנית לחג המולד, נערך במחנה המעצר ברסנולטה Bercalonnette, צרפת, 1916-1920. בעלון שני שירים פטריוטיים שכתבה גרטרוד לוזר ב-1914-15 על החיילים האמיצים שנלחמים למען המולדת;	German	1914-1915	Print	חוברת|Booklet	Gertrud Loser	Creative Nonfiction
IL-MTFN-001-G-F-0009-002-R0001	IL-MTFN-001-G-F-0009-002	diary,memoir	Collection of Writings and Memories by Hella Lux and Mary Holtz	Diary of Hella Lux from 1910; a booklet of poems by Hella and a picture; 2 notebooks in which Hella wrote her thoughts on 'The World Law' 'Das Weltrecht'; memory book of Mary Holtz (Rena's maternal grandmother) from 1816, her maiden name starts with the letter B; photograph of two poems apparently written by Hella, without a date; humorous writing by Hella for a carnival, no date.	Tagebuch von Hella Lux aus dem Jahr 1910; ein Gedichtbuch von Hella und ein Bild; 2 Notizbücher, in denen Hella ihre Gedanken über 'Das Weltrecht' niederschrieb; Erinnerungsbuch von Mary Holtz (Renas Großmutter mütterlicherseits) aus dem Jahr 1816, ihr Mädchenname beginnt mit dem Buchstaben B; Fotografie von zwei Gedichten, die wahrscheinlich von Hella geschrieben wurden, ohne Datum; humoristische Schrift von Hella anlässlich eines Karnevals, kein Datum.	"יומן של הלה לוקס מ-1910; ספרון שירים של הלה ותמונה; 2 פנקסים בהם הלה כתבה את מחשבותיה על 'חוקיות העולם' 'Das Weltrecht'; ספר זכרונות של מרי הולץ (הסבתא של רנה מצד אמו) מ-1816, שם נעוריה מתחיל באות B; צילום שני שירים שנכתבו ככל הנראה ע""י הלה, ללא תאריך; כתיבה הומוריסטית של הלה לרגל קרנבל, אין תאריך."	Hebrew|German		Unknown	יומן|Diary|פנקס|Notepad|ספר זכרונות|Memory Book|שיר|Poem		EgoDocument
IL-MTFN-001-G-F-0009-002-R0003	IL-MTFN-001-G-F-0009-002	diary	Lace Cap and Annual Diaries from 1912 and 1918	Lace cap for a baby, unclear from which period. Two annual diaries from 1912 and 1918 - very small and suitable for a wallet, as the German name indicates Geldtaschenkalender.	Spitzenmütze für ein Baby, unklar aus welcher Zeit. Zwei Jahreskalender von 1912 und 1918 - sehr klein und passend für eine Geldbörse, wie der deutsche Name darauf hinweist Geldtaschenkalender.	מצנפת מתחרה לתינוק, לא ברור מאיזו תקופה. שני יומנים שנתיים מ-1912 ו-1918 - קטנים מאד ומתאימים לארנק, כפי שהשם הגרמני מצביע על כך Geldtaschenkalender.	German	1912	Unknown	יומן|Diary		EgoDocument
IL-MTFN-001-G-F-0009-003-R0004	IL-MTFN-001-G-F-0009-003	correspondence,visit	Tickets and Correspondence with Palestine Office in Berlin	Tickets for the voyage to Palestine; Correspondence with the Palestine Office in Berlin, Meinekestrasse 10, regarding emigration to the country. During this period, 1935, the family lived in Neu-Isenburg.	Tickets für die Überfahrt nach Palästina; Korrespondenz mit dem Palästina-Amt in Berlin, Meinekestrasse 10, bezüglich der Ausreise ins Land. In dieser Zeit, 1935, lebte die Familie in Neu-Isenburg.	כרטיסים להפלגה לפלסתינה; התכתבות עם משרד פלסתינה בברלין Palästina Amt Berlin, Meinekestrasse 10 בקשר ליציאה לארץ. בתקופה זו, 1935, המשפחה חיה בנוי-איזנבורג; Neu Isenburg	German|Hebrew	1935	Unknown	מכתב|Letter		Communication Document
IL-MTFN-001-G-F-0009-004-R0003	IL-MTFN-001-G-F-0009-004	papers	חוברת על משפחת לוקס מאת אריך לוקס	A booklet in German from the Aachen area, entirely dedicated to certain branches of the Lux family, written by Erich Lux in 1980. The names of 'Lux' from this estate were not found;	Broschüre auf Deutsch aus der Region Aachen, die sich ganz bestimmten Zweigen der Familie Lux widmet, geschrieben von Erich Lux im Jahr 1980. Die Namen der 'Lux' aus diesem Nachlass wurden nicht gefunden;	"חוברת בגרמנית מאיזור אאכן כולה עוסקת בענפים מסוימים של משפ. לוקס, נכתב ע""י אריך לוקס ב-1980. לא נמצאו שמותיהם של 'לוקס' מעיזבון זה;"	German	1980	Print	חוברת|Booklet	אריך לוקס	Creative Nonfiction
IL-MTFN-001-G-F-0009-004-R0005	IL-MTFN-001-G-F-0009-004	visit	Photograph of a German Article by Richard (Uri) Weiss	Photograph of an article in German written during a visit by Richard (Uri) Weiss to Neu-Isenburg, Germany, where he grew up and went to school.	Fotografie eines Artikels auf Deutsch, der während eines Besuchs von Richard (Uri) Weiss in Neu-Isenburg, Deutschland, wo er aufwuchs und zur Schule ging, geschrieben wurde.	"צילום מאמר בגרמנית שנכתב בביקור שעשה ריכרד (אורי) וייס בנוי-איזנבורג, גרמניה, שם גדל והלך לבי""ס;"	German		Unknown	מאמר|Article	Richard (Uri) Weiss	Creative Nonfiction
IL-MTFN-001-G-F-0009-006-R0001	IL-MTFN-001-G-F-0009-006	diary	Diary of René Weiss, March 1914	Diary written by René Weiss in March 1914 in a foreign nationals camp in India	Tagebuch, das René Weiss im März 1914 in einem Lager für ausländische Staatsangehörige in Indien geschrieben hat	יומן שכתב רנה וייס במרץ 1914 במחנה נתינים זרים בהודו	Hebrew	1914-03	Handwritten	יומן|Diary	René Weiss	EgoDocument
IL-MTFN-001-G-F-0009-013-R0003	IL-MTFN-001-G-F-0009-013	diary	A Kind of Diary	A kind of diary.	Eine Art Tagebuch.	מין יומן.	Unspecified		Unknown	יומן|Diary		EgoDocument
IL-MTFN-001-G-F-0009-013-R0007	IL-MTFN-001-G-F-0009-013	correspondence	Correspondence between Rena and Hela, 1928	Correspondence between Rena and Hela from 1928, Rena with the children and Hela is at her parents'. In the letters, things that trouble the couple in daily life are written.	Korrespondenz zwischen Rena und Hela aus dem Jahr 1928, Rena mit den Kindern und Hela ist bei ihren Eltern. In den Briefen werden Dinge geschrieben, die das Paar im Alltag beschäftigen.	התכתבות בין רנה והלה מ-1928, רנה עם הילדים והלה נמצאת אצל הוריה. במכתבים נכתבים דברים שמטרידים את הזוג בחיי היום יום.	Hebrew	1928	Handwritten	מכתב|Letter		Communication Document
IL-MTFN-001-G-F-0012-002-R0010	IL-MTFN-001-G-F-0012-002	visit	Residence Permit for Salomon Fink, 1902	1902, Residence permit in Reichenbach for the traveling merchant Salomon Fink. Issued by the royal police in Dresden.	1902, Aufenthaltserlaubnis in Reichenbach für den reisenden Händler Salomon Fink. Ausgestellt von der königlichen Polizei in Dresden.	"1902, אישור שהייה ברייכנזכסן לסוחר הנוסע סלומון פינק. הוצא ע""י המשטרה המלכותית בדרזדן Drezden;"	German	1902	Unknown	תעודה|Certificate	Salomon Fink	Legal Document
IL-MTFN-001-G-F-0012-002-R0014	IL-MTFN-001-G-F-0012-002	visit	Siegfried Pink's Request for Help to Return to Germany	Siegfried Pink, who is in Shanghai, asks Heinz Pink for help to return to Germany, 1946. In a letter, Siegfried details his family connection to Heinz. He also mentions in his letter that he left Germany in 1939 but would like to receive an entry visa for Germany.	Siegfried Pink, der sich in Shanghai befindet, bittet Heinz Pink um Hilfe, um nach Deutschland zurückzukehren, 1946. In einem Brief beschreibt Siegfried seine familiäre Verbindung zu Heinz. Er erwähnt auch in seinem Brief, dass er Deutschland 1939 verlassen hat, aber gerne ein Einreisevisum für Deutschland erhalten würde.	זיגפריד Siegfried פינק שנמצא בשנגחאי מבקש עזרה מהיינץ פינק לחזור לגרמניה, 1946. במכתב מפרט זיגפריד את הקשר המשפחתי שלו להיינץ. כמו כן הוא מזכיר במכתבו שעזב את גרמניה ב-1939 אבל היה רוצה לקבל אשרת כניסה לגרמניה;	Hebrew	1946	Typewritten	מכתב|Letter	Siegfried Pink	Communication Document
IL-MTFN-001-G-F-0012-003-R0001	IL-MTFN-001-G-F-0012-003	papers	Pillowcase for Passover with Embroidery	"The file contains: Pillowcase for Passover with embroidered image of participants at the Seder night and the embroidered inscription: ""Next year in Jerusalem"". The leader of the Seder sits relaxed (leaning) on the pillow. From the estate of the family that immigrated from Germany. No date."	"Die Akte enthält: Kissenbezug für Pessach mit gesticktem Bild von Teilnehmern am Sederabend und der gestickten Aufschrift: ""Nächstes Jahr in Jerusalem"". Der Leiter des Seders sitzt entspannt (angelehnt) auf dem Kissen. Aus dem Nachlass der Familie, die aus Deutschland eingewandert ist. Ohne Datum."	"התיק מכיל: ציפת כרית לפסח עם רקמת תמונה של מסובים בליל הסדר ורקמת הכיתוב: ""בשנה הבאה בירושלים"". עורך הסדר יושב נינוח (מסובה / מסובין) תוך השענות על הכרית. מעיזבון המשפחה שעלתה מגרמניה. ללא תאריך."	Hebrew|עברית		Visual Element|אלמנט ויזואלי	לא מזוהה|Unrecognized		Ephemera
IL-MTFN-001-G-F-0013-001-R0002	IL-MTFN-001-G-F-0013-001	visit	Leather Case with Embroidered Initials RP	Leather case for photos or business cards, with silver and gold thread embroidery of the initials RP.	Ledertasche für Fotos oder Visitenkarten, mit Silber- und Goldfadenstickerei der Initialen RP.	נרתיק מעור לתמונות או לכרטיסי ביקור, עליו רקמת חוטי כסף וזהב של ראשי התיבות RP.	Unspecified		Unknown	חפץ|Object		Object
IL-MTFN-001-G-F-0013-001-R0005	IL-MTFN-001-G-F-0013-001	diary,visit	יומן כיס קטנטן של פלורה מ-1880	A tiny pocket diary from 1880. From the diary: 14-year-old Flora studies at a boarding school for noble girls in Prague. She goes for walks, attends concerts, theater, parties, learns cutting and sewing, and is happy to spend the holidays at home.	Ein kleines Taschenbuch aus dem Jahr 1880. Aus dem Tagebuch: Die 14-jährige Flora besucht ein Internat für adlige Mädchen in Prag. Sie macht Spaziergänge, besucht Konzerte, Theater, Partys, lernt Schneiderei und Nähen und freut sich, die Ferien zu Hause zu verbringen.	יומן כיס קטנטן מ-1880. מתוך היומן: פלורה בת ה-14 לומדת בפנימיה לבנות מיוחסות בפראג Prag. היא מטיילת, מבקרת בקונצרטים, תיאטרון, מסיבות, לומדת גזירה ותפירה ושמחה לבלות את החופשות בבית.	Hebrew|German	1880	Handwritten	יומן|Diary	Flora	EgoDocument
IL-MTFN-001-G-F-0013-001-R0006	IL-MTFN-001-G-F-0013-001	diary	"Flora's Diary ""Head and Heart"" 1884"	"Small diary of Flora with the title ""Head and Heart"" from 1884, Flora is 18 years old."	"Kleines Tagebuch von Flora mit dem Titel ""Kopf und Herz"" aus dem Jahr 1884, Flora ist 18 Jahre alt."	"יומן קטן של פלורה עם הכותרת ""ראש ולב"" מ-1884, פלורה בת 18."	Hebrew	1884	Unknown	יומן|Diary	Flora	EgoDocument
IL-MTFN-001-G-F-0013-001-R0012	IL-MTFN-001-G-F-0013-001	diary	Flora Glaser's Diary, 1883	Small diary of Flora Glaser from 1883, at the beginning she writes: With God.	Kleines Tagebuch von Flora Glaser aus dem Jahr 1883, am Anfang schreibt sie: Mit Gott.	יומן קטן של פלורה גלזר מ-1883 בראשיתו היא כותבת: עם ה' Mit Gott.	Hebrew|German	1883	Handwritten	יומן|Diary	Flora Glaser	EgoDocument
IL-MTFN-001-G-F-0015-005-R0002	IL-MTFN-001-G-F-0015-005	visit	Letter from Max Kramer to his mother, 1889	"Since 1889, a 9-year-old boy named Max (according to the date, the writer is Dr. Max Kramer, 9 years old) writes to his mother who is at some health resort with the son/brother Hans. Max writes that he hopes her cough has improved and that Hans is healthy. In his letter, he mentions that the emperor visited the city ""yesterday"" and the duke hosted him and about 4000 organizations in the city garden where there were refreshments of beer and sausages. (It is possible that the city is Karlsruhe since Max Kramer was born there)."	"Seit 1889 schreibt ein 9-jähriger Junge namens Max (laut Datum ist der Verfasser Dr. Max Kramer, 9 Jahre alt) an seine Mutter, die sich mit dem Sohn/Bruder Hans an einem Kurort befindet. Max schreibt, dass er hofft, dass ihr Husten sich verbessert hat und dass Hans gesund ist. In seinem Brief erzählt er, dass der Kaiser ""gestern"" die Stadt besucht hat und der Herzog ihn und etwa 4000 Organisationen im Stadtgarten empfangen hat, wo es Bier und Würstchen gab. (Es ist möglich, dass die Stadt Karlsruhe ist, da Max Kramer dort geboren wurde)."	"משנת 1889 ילד בשם מקס בן 9 (לפי התאריך, הכותב הוא ד""ר מקס קרמר בן ה;9) כותב אל אמו שנמצאת במקום הבראה כל שהוא יחד עם הבן / האח הנס. מקס כותב שהוא מקווה שהשיעול שלה השתפר וגם שהנס בריא. הוא מספר במכתבו שהקיסר ביקר ""אתמול"" בעיר והדוכס אירח אותו ועוד כ-4000 אירגונים בגן העיר ושהיה כיבוד בבירה ונקניקיות. (יתכן שהעיר היא קרלסרואה מאחר ומקס קרמר נולד שם)."	Hebrew	1889	Handwritten	מכתב|Letter	Max Kramer	EgoDocument
IL-MTFN-001-G-F-0015-006-R0001	IL-MTFN-001-G-F-0015-006	memoir	Memory Books of Johanna Neumark	Three memory books of three generations in the family: Memory book of Johanna Neumark (Hess), also known as 'Henchen', the mother of Jenny Kramer. The memories were written in the years 1874-1932 in Nördlingen.	Drei Erinnerungsbücher von drei Generationen in der Familie: Erinnerungsbuch von Johanna Neumark (Hess), auch bekannt als 'Henchen', die Mutter von Jenny Kramer. Die Erinnerungen wurden in den Jahren 1874-1932 in Nördlingen geschrieben.	שלושה ספרי זכרונות של 3 דורות במשפחה: ספר זכרונות של יוהנה נוימרק (הס) Johanna Neumark הידועה גם כ'הנכן', אמה של ג'ני קרמר. הזכרונות נכתבו בשנים 1874-1932 בנורדלינגן Nördlingen.	German|גרמנית	1874-1932	Unknown	ספר זכרונות|Memory Book	Johanna Neumark	EgoDocument
IL-MTFN-001-G-F-0015-006-R0002	IL-MTFN-001-G-F-0015-006	memoir	Memory Book of Jenny Hess (Kramer)	Memory book of Jenny Hess (Kramer), written in the years 1901-1932 in Stuttgart.	Erinnerungsbuch von Jenny Hess (Kramer), geschrieben in den Jahren 1901-1932 in Stuttgart.	ספר זכרונות של ג'ני הס (קרמר), שנכתבו בשנים 1901-1932 בשטוטגרט Stuttgart.	Hebrew|German	1932	Handwritten	ספר זכרונות|Memory Book	Jenny Hess (Kramer)	EgoDocument
IL-MTFN-001-G-F-0015-006-R0003	IL-MTFN-001-G-F-0015-006	memoir	Memory Book of Gertrud (Tuvit) Kramer	Memory book of Gertrud (Tuvit) Kramer (Shimshon), written in the years 1928-1932 in Stuttgart.	Erinnerungsbuch von Gertrud (Tuvit) Kramer (Shimshon), geschrieben in den Jahren 1928-1932 in Stuttgart.	ספר זכרונות של גרטרוד (טובית) קרמר (שמשון) נכתבו בשנים 1928-1932 בשטוטגרט.	Hebrew	1928-1932	Handwritten	ספר זכרונות|Memory Book	גרטרוד (טובית) קרמר (שמשון)	EgoDocument
IL-MTFN-001-G-F-0015-007-R0001	IL-MTFN-001-G-F-0015-007	diary	Mein Ahnenbuch by Jenny Kramer	"A thick notebook written in German in the handwriting of Jenny Kramer, née Hess. Its title is ""Mein Ahnenbuch"" in Hebrew: My Ancestry Book. The first chapter is: The Cromwell Family, who are the beginning of the family."	"Ein dickes Notizbuch, geschrieben auf Deutsch in der Handschrift von Jenny Kramer, geborene Hess. Sein Titel ist ""Mein Ahnenbuch"". Der erste Abschnitt ist: Die Familie Kromwell, die der Ursprung der Familie ist."	"מחברת עבה כתובה גרמנית בכתב ידה של ג'ני קרמר לבית הס. כותרתה ""Mein Ahnenbuch"" בעברית: ספר אבותיי. הפרק הראשון הוא: משפחת קרומוול Die Kromwells שהם ראשית המשפחה."	German		Handwritten	יומן|Diary	Jenny Kramer	EgoDocument
IL-MTFN-001-G-F-0015-012-R0001	IL-MTFN-001-G-F-0015-012	visit	Letters from Jenny Kramer to Dr. Max Kramer, 1916	Letters in German bound in a notebook: Jenny Kramer writes to her husband Dr. Max Kramer while he served as a doctor in the military during World War I. The letters were written from February to September 1916. Among other things, Jenny writes to her husband about his patients, whom she continued to care for, about family and friends, about visits to the theater, about her pregnancy, and more. She occasionally also sends pictures.	Briefe auf Deutsch in ein Notizbuch gebunden: Jenny Kramer schreibt an ihren Ehemann Dr. Max Kramer, während er im Ersten Weltkrieg als Arzt im Militär diente. Die Briefe wurden von Februar bis September 1916 geschrieben. Unter anderem schreibt Jenny an ihren Ehemann über seine Patienten, die sie weiterhin betreut, über Familie und Freunde, über Theaterbesuche, über ihre Schwangerschaft und mehr. Sie schickt gelegentlich auch Fotos.	"מכתבים בגרמנית כרוכים למחברת: ג'ני קרמר כותבת לבעלה ד""ר מקס קרמר בזמן ששירת כרופא בצבא במלח""ע I. המכתבים נכתבו מפברואר עד ספטמבר 1916. בין היתר כותבת ג'ני לבעלה על הפציאנטים שלו, שהיא המשיכה לטפל בהם, על המשפחה והחברים, על ביקורים בתיאטרון, על הריונה ועוד. היא שולחת מדי פעם גם תמונות."	German|גרמנית	1916-02	Handwritten	מכתב|Letter	Jenny Kramer	EgoDocument
IL-MTFN-001-G-F-0017-002-R0009	IL-MTFN-001-G-F-0017-002	diary	Quotes on Death from Simon Klenbach's Diary	Quotes from famous writers about death, from the diary of Simon Klenbach.	Zitate bekannter Schriftsteller über den Tod, aus dem Tagebuch von Simon Klenbach.	ציטטות של סופרים ידועים על המות, מתוך יומנו של סימון קלנבך.	Hebrew		Unknown	רשימות|Personal Notes	Simon Klenbach	EgoDocument
IL-MTFN-001-G-F-0020-001-R0001	IL-MTFN-001-G-F-0020-001	visit	Excerpt from Dr. Yitzhak Rilf's Book	A printed excerpt from Dr. Yitzhak Rilf's book Drei Tage in Jüdisch;Russland, Three Days in Jewish Russia (1882). The excerpt discusses his visit to Minsk after a pogrom and the burning of the synagogue. He finds and takes a partially burned Torah scroll and requests that one day it be buried with him.	Ein gedruckter Auszug aus dem Buch von Dr. Yitzhak Rilf Drei Tage in Jüdisch;Russland, Drei Tage im jüdischen Russland (1882). Der Abschnitt handelt von seinem Besuch in Minsk nach einem Pogrom und der Verbrennung der Synagoge. Er findet und nimmt eine teilweise verbrannte Tora-Rolle und bittet darum, dass sie eines Tages mit ihm begraben wird.	"קטע מודפס מתוך ספרו של ד""ר יצחק רילף Drei Tage in Jüdisch;Russland, שלושה ימים ברוסיה היהודית (1882). בקטע מדובר בביקורו במינסק אחרי פוגרום ושריפת בית הכנסת. הוא מוצא ולוקח ספר תורה שרוף בחלקו ומבקש שבבוא היום יקברו אותו עם הספר הנ""ל."	German|Hebrew	1882	Print	מסמך מתורגם|Translated Document		Creative Nonfiction
IL-MTFN-001-G-F-0020-001-R0002	IL-MTFN-001-G-F-0020-001	memoir	Letters to Ruth Rilf from Margot Hausenstein	Two letters to Ruth Rilf (wife of Dr. Shlomo Rilf) from Margot Hausenstein; the 88-year-old granddaughter of Yitzhak Rilf, who lives in London and writes her memories of her grandfather Yitzhak Rilf. London, German, handwritten, 1979.	Zwei Briefe an Ruth Rilf (Ehefrau von Dr. Shlomo Rilf) von Margot Hausenstein; die 88-jährige Enkelin von Yitzhak Rilf, die in London lebt und ihre Erinnerungen an den Großvater Yitzhak Rilf schreibt. London, Deutsch, Handschrift, 1979.	"שני מכתבים אל רות רילף (רעיתו של ד""ר שלמה רילף) מאת מרגוט האוזנשטיין Margot Hausenstein; נכדתו של יצחק רילף בת ה-88, שחיה בלונדון וכותבת את הזיכרונות שלה על הסבא יצחק רילף. לונדון, גרמנית כתב יד, 1979."	German	1979	Handwritten	מכתב|Letter	Margot Hausenstein	EgoDocument
IL-MTFN-001-G-F-0021-001-R0001	IL-MTFN-001-G-F-0021-001	visit	3 German Books by the Wolf Couple	3 books in German, written by the Wolf couple: Im freien Asien; Travel sketches of two doctors / International Worker; Verlag Berlin, 1931. Durch Kaukasien; Travel sketches of German doctors / International Worker; Verlag, Berlin, 1927; Faschistenland; Italian travel sketches ? International Worker; Verlag, Berlin, 1931;	3 Bücher auf Deutsch, geschrieben von dem Ehepaar Wolf: Im freien Asien; Reiseskizzen zweier Ärzte / Internationaler Arbeiter; Verlag Berlin, 1931. Durch Kaukasien; Reiseskizzen deutscher Ärzte / Internationaler Arbeiter; Verlag, Berlin, 1927; Faschistenland; Italienische Reiseskizzen ? Internationaler Arbeiter; Verlag, Berlin, 1931;	"3 ספרים בגרמנית, שנכתבו ע""י הזוג וולף: Im freien Asien; Reiseskizzen zweier Ärzte / Internationaler Arbeiter;Verlag Berlin, 1931. Durch Kaukasien; Reiseskizzen deutscher Ärzte / Internationaler Arbeiter;Verlag, Berlin, 1927; Faschistenland; Italienische Reiseskitzzen ? Internationaler Arbeiter;Verlag, Berlin, 1931;"	German		Print	ספר|Book		Creative Nonfiction
IL-MTFN-001-G-F-0022-001-R0002	IL-MTFN-001-G-F-0022-001	diary	Diary Pages of Ursula Weihl	Several original pages from the diary of Red Cross nurse Ursula Weihl, a child caregiver who worked at the Jewish children's home in Cologne.	Einige Originalseiten aus dem Tagebuch der Rotkreuzschwester Ursula Weihl, einer Kinderpflegerin, die im jüdischen Kinderheim in Köln arbeitete.	מספר דפים מקוריים מתוך ספר יומן Tagebuch של אחות הצלב האדום אורסולה וייל Ursula Weihl מטפלת ילדים, שעבדה בבית הילדים היהודי בקלן Köln.	German		Unknown	יומן|Diary	Ursula Weihl	EgoDocument
IL-MTFN-001-G-F-0022-003-R0005	IL-MTFN-001-G-F-0022-003	visit	Visit of President Chaim Weizmann, 1955	Visit of the President of the State, Chaim Weizmann, 1955.	Besuch des Staatspräsidenten, Chaim Weizmann, 1955.	ביקור של נשיא המדינה, חיים ויצמן, 1955.	Unspecified	1955	Unknown	לא מזוהה|Unrecognized	Chaim Weizmann	Organization Papertrail
IL-MTFN-001-G-F-0022-003-R0007	IL-MTFN-001-G-F-0022-003	correspondence	Correspondence with Dr. Meyer Wolf on the New Aliyah Party	"Correspondence in German with the first chairman of the Nahariya council, Dr. Meyer Wolf, regarding the ""New Aliyah"" party."	"Korrespondenz auf Deutsch mit dem ersten Vorsitzenden des Rates von Nahariya, Dr. Meyer Wolf, über die Partei ""Neue Alija""."	"התכתבות בגרמנית עם ראש המועצה הראשון של נהריה, ד""ר מאייר וולף MeyerWolf בנושא מפלגת ""עליה חדשה""."	German		Unknown	מכתב|Letter	Meyer Wolf	Communication Document
IL-MTFN-001-G-F-0022-004-R0005	IL-MTFN-001-G-F-0022-004	correspondence	Documents and Correspondence with German Authorities	Documents and correspondence with lawyers and authorities in Germany during the Third Reich period, regarding Dr. Weil's professional rights and financial obligations in his favor.	Dokumente und Korrespondenz mit Anwälten und Behörden in Deutschland während der Zeit des Dritten Reiches, in Bezug auf die beruflichen Rechte von Dr. Weil und finanzielle Verpflichtungen zu seinen Gunsten.	"מסמכים והתכתבויות עם עו""ד והרשויות בגרמניה, בתקופת הרייך השלישי, בקשר עם זכויותו המקצועיות של ד""ר וייל וחובות כספיים שלזכותו."	Hebrew|German		Unknown	Letter	Dr. Weil	Legal Document
IL-MTFN-001-G-F-0022-005-R0015	IL-MTFN-001-G-F-0022-005	visit	רשיון כניסה לארנסט וייל	"Entry permit of the ""Military Government in the Occupied Territories"" for Ernst Weil, a doctor, who is allowed to travel to Nazareth and the Eastern Galilee, 1950."	"Einreisegenehmigung des ""Militärverwaltung in den besetzten Gebieten"" für Ernst Weil, Arzt, der berechtigt ist, nach Nazareth und Ostgaliläa zu reisen, 1950."	"רשיון כניסה, של ""ממשל צבאי בשטחים המוחזקים"" לארנסט וייל, רופא, הנ""ל רשאי לנסוע לנצרת ולגליל המזרחי, 1950."	Hebrew	1950	Unknown	תעודה|Certificate	ארנסט וייל	Legal Document
IL-MTFN-001-G-F-0022-008-R0004	IL-MTFN-001-G-F-0022-008	visit	ברכה לחתונת הזהב לאלישבע וייל	"Congratulations on the Golden Wedding Anniversary to Elisheva Weil from ""The Knitting Circle"". Attached to the card are 16 portrait photos of the circle's members with their names; in the middle is the photo of Elisheva Weil."	"Glückwünsche zur Goldenen Hochzeit an Elisheva Weil von ""Das Strick Kränzchen"". An der Glückwunschkarte sind 16 Porträtfotos der Mitglieder des Kreises mit ihren Namen angebracht; in der Mitte das Foto von Elisheva Weil."	"ברכה לחתונת הזהב לאלישבע וייל מאת ""חוג הסריגה"" Das Strick Kränzchen. לברכה מודבקים 16 תמונות דיוקן של החברות לחוג עם שמותיהן; באמצע תמונתה של אלישבע וייל."	Hebrew|German		Unknown	כרטיס ברכה|Greeting Card	אלישבע וייל	Ephemera
IL-MTFN-001-G-F-0022-006-R0002	IL-MTFN-001-G-F-0022-006	visit	Letter from Julius Frank to Ernst and Lisbeth Weil	Letter from Julius Frank in Paris to Ernst and Lisbeth Weil. For further description of the file contents see: Notes on further description of the file contents: Among other things: He aims to improve his drawing skills, earn as much as possible in his temporary work, return to Berlin to work in window display design, and acquire a studio where he can paint. In Paris, he specializes in copying paintings in museums. The letter also contains illustrations. German handwriting, 1926.	Brief von Julius Frank in Paris an Ernst und Lisbeth Weil. Für eine weitere Beschreibung des Akteninhalts siehe: Anmerkungen zur weiteren Beschreibung des Akteninhalts: Unter anderem: Er strebt danach, seine Zeichenfähigkeiten zu verbessern, so viel wie möglich in seiner vorübergehenden Arbeit zu verdienen, nach Berlin zurückzukehren, um Schaufenster zu gestalten und sich ein Atelier zu kaufen, in dem er malen kann. In Paris spezialisiert er sich auf das Kopieren von Gemälden in Museen. Der Brief enthält auch Illustrationen. Deutsch Handschrift, 1926.	מכתב מאת יוליוס פרנק בפריז אל ארנסט וליזבט וייל. להמשך תיאור תכולת התיק ראו: הערות המשך תיאור תכולת התיק: בין היתר: הוא שואף לשפר את מיומנות הציור, להרויח כמה שיותר בעבודתו הזמנית, לחזור לברלין לעבוד בעיצוב חלונות ראווה ולרכוש לעצמו סטודיו בו יוכל לצייר. בפריז הוא מתמחה בהעתקת ציורים במוזיאונים. על המכתב ישנם גם איורים. גרמנית כתב יד, 1926.	German	1926	Handwritten	מכתב|Letter	Julius Frank	Communication Document
IL-MTFN-001-G-F-0022-008-R0020	IL-MTFN-001-G-F-0022-008	visit	Approval for Zelma and Anna Weil's Medical Consultation Trip, 1919	Photograph, approval for Zelma and Anna Weil to travel for medical consultation in Frankfurt am Main, 1919.	Fotografie, Genehmigung für Zelma und Anna Weil zur Reise zwecks ärztlicher Beratung in Frankfurt am Main, 1919.	צילום, אישור לזלמה ואנה וייל לנסיעה למטרת התייעצות רופא בפרנקפורט על המיין, 1919.	German	1919	Unknown	תעודה|Certificate	Zelma Weil|Anna Weil	Certificate
IL-MTFN-001-G-F-0022-012-R0012	IL-MTFN-001-G-F-0022-012	diary	"יומן כיס קטן ""יומן מאיר לאשה"" 1960"	"Small pocket diary ""Meir Diary for Women"" 1960."	"Kleines Taschenbuch ""Meir Tagebuch für Frauen"" 1960."	"יומן כיס קטן ""יומן מאיר לאשה"" 1960."	Hebrew	1960	Unknown	יומן|Diary		EgoDocument
IL-MTFN-001-G-F-0030-005-R0001	IL-MTFN-001-G-F-0030-005	visit	Photos of Mayer Family Trip to Germany, 1957	1957, Photos of a trip to Germany of the Mayer family, Andreas, Esther, and Gertrud	1957, Fotos von einer Reise nach Deutschland der Familie Mayer, Andreas, Esther und Gertrud	1957, תמונות של טיול לגרמניה של משפחת מאייר, אנדראס, אסתר וגרטרוד	Unspecified	1957	Visual Element|אלמנט ויזואלי	תצלום|Photograph	Mayer	Image
IL-MTFN-001-G-F-0030-005-R0003	IL-MTFN-001-G-F-0030-005	visit	1957 Travel Photos in Germany	1957, Travel photos in Germany of Andreas, Esther, and Gertrud and the Hoffner family	1957, Reisebilder aus Deutschland von Andreas, Esther und Gertrud und der Familie Hoffner	1957, תמונות טיול בגרמניה של אנדראס, אסתר וגרטרוד ומשפחת הופנר	Unspecified	1957	Visual Element	תצלום|Photograph		Image
IL-MTFN-001-G-F-0030-005-R0011	IL-MTFN-001-G-F-0030-005	visit	Landscape Photos of Meier Family Trip, 1957	1957, Landscape photos of a trip abroad by the Meier family. London, Paris, Holland, Italy, Germany, and Switzerland	1957, Landschaftsbilder einer Auslandsreise der Familie Meier. London, Paris, Holland, Italien, Deutschland und Schweiz	1957, תמונות נוף של טיול בחול של משפחת מאייר. לונדון, פריז, הולנד, איטליה, גרמניה ושוויץ	Unspecified	1957	Visual Element	תצלום|Photograph	מאייר	Image
IL-MTFN-001-G-F-0030-008-R0003	IL-MTFN-001-G-F-0030-008	visit	Various Documents and Certificates of Otto Mayer	"1914-1917, Various certificates/documents, including a business card of Otto Mayer, an envelope from 1917 with a stamp indicating the letter was checked, a leave permit for Otto Mayer 1917, a postcard from 1914 where to send packages, a postcard with a drawing ""Mayer's new apartment"";"	"1914-1917, Verschiedene Dokumente/Zertifikate, darunter eine Visitenkarte von Otto Mayer, ein Umschlag von 1917 mit einem Stempel, dass der Brief geprüft wurde, eine Urlaubsgenehmigung für Otto Mayer 1917, eine Postkarte von 1914, wohin Pakete gesendet werden sollen, eine Postkarte mit einer Zeichnung ""Die neue Wohnung von Mayer"";"	"1914-1917, תעודות/מסמכים שונות, בין היתר כרטיס ביקור של אוטו מאייר, מעטפה מ 1917 עם חותמת שהמכתה נבדק, אישור ליציאת חופש לאוטו מאייר 1917, גלויה 1914 לאן לשלוח חבילות, גלויה עם ציור ""הדירה החדשה של מאייר"";"	Hebrew|German	1914	Unknown	Business Card|Envelope|Postcard|Certificate	Otto Mayer	Organization Papertrail
IL-MTFN-001-G-F-0030-009-R0004	IL-MTFN-001-G-F-0030-009	memoir	Memories and Documents of Otto Mayer	1937, 12 pages of memories of Otto Mayer, email with a short summary of Otto Mayer in English, eulogy for Otto Mayer 1954 by Fritz Wolf, copy of Otto Mayer's death certificate, German, printed;	1937, 12 Seiten Erinnerungen von Otto Mayer, E-Mail mit kurzer Zusammenfassung von Otto Mayer auf Englisch, Nachruf auf Otto Mayer 1954 von Fritz Wolf, Kopie der Sterbeurkunde von Otto Mayer, Deutsch, gedruckt;	1937, 12 דפים של זיכרונות של אוטו מאייר, מייל עם תקציר קצר של אוטו מאייר באנגלית, הספד לאוטו מאייר 1954 מאת פריץ וולף, העתק תעודת פטירה של אוטו מאייר, גרמנית, מודפס;	German|English	1937	Print	מכתב|Letter|תעודת פטירה|Death Certificate	Otto Mayer	EgoDocument
IL-MTFN-001-G-F-0030-010-R0011	IL-MTFN-001-G-F-0030-010	diary	Hospital Diary Pages	Single pages from a hospital diary without a date.	Einzelne Seiten aus einem Krankenhaus-Tagebuch ohne Datum.	דפים בודדים מיומן מבית החולים בלי תאריך.	Unspecified		Unknown	יומן|Diary		Medical Document
IL-MTFN-001-G-F-0030-010-R0012	IL-MTFN-001-G-F-0030-010	visit	Letters from Otto Mayer to his mother, 1912	Letters from Otto Mayer. 1912 to his mother, in which he talks about a trip.	Briefe von Otto Mayer. 1912 an seine Mutter, in denen er über eine Reise berichtet.	מכתבים מאת אוטו מאייר.1912 אל אמו בו הוא מספר על נסיעה.	German	1912	Unknown	מכתב|Letter	Otto Mayer	Communication Document
IL-MTFN-001-G-F-0030-011-R0002	IL-MTFN-001-G-F-0030-011	memoir	Letter from Gertrud Meyer to Heinrich	1943, Letter from Gertrud Meyer To my Joy in Germany, from her memories, Letter to Heinrich without date;	1943, Brief von Gertrud Meyer An meine Freude in Deutschland, aus ihren Erinnerungen, Brief an Heinrich ohne Datum;	1943, מכתב מאת גרטרוד מאייר An meine Freude in Deutschland, מתוך הזכרונות שלה, מכתב אל היינריך בלי תאריך;	German	1943	Unknown	מכתב|Letter	Gertrud Meyer	EgoDocument
IL-MTFN-001-G-F-0030-011-R0006	IL-MTFN-001-G-F-0030-011	visit	Letters from Otto Mayer to Gertrud	1950-1953, Letters from Otto Mayer who visited Germany to his wife Gertrud in Nahariya. He talks about meetings and financial matters. Typewritten, German;	1950-1953, Briefe von Otto Mayer, der Deutschland besuchte, an seine Frau Gertrud in Nahariya. Er berichtet über Treffen und finanzielle Angelegenheiten. Getippt, Deutsch;	1950-1953, מכתבים מאת אוטו מאייר שביקר בגרמניה אל גרטרוד אשתו בנהריה. הוא מספר על פגישות ועניינים כספים. מודפס, גרמנית;	German	1950-1953	Typewritten	מכתב|Letter	Otto Mayer	Communication Document
IL-MTFN-001-G-F-0030-011-R0007	IL-MTFN-001-G-F-0030-011	visit	Travel Report by Otto Mayer, 1950	1950, Travel report by Otto Mayer from a trip to Germany. Mainly, he reports on negotiations regarding financial matters and visits to friends and relatives.	1950, Reisebericht von Otto Mayer von einer Reise nach Deutschland. Hauptsächlich berichtet er über Verhandlungen in Bezug auf finanzielle Angelegenheiten und Besuche bei Freunden und Verwandten.	1950, דוח נסיע של אוטו מאייר מנסיעה לגרמניה. בעיקר הוא מספר על מסע ומתן בקשר לעניינים כספים וביקורים אצל חברים וקרובי משפחה;	Hebrew|German	1950	Unknown	דוח|Report	Otto Mayer	Report
IL-MTFN-001-G-F-0030-011-R0013	IL-MTFN-001-G-F-0030-011	diary,visit	Otto Mayer's 1951 Travel Diary to Germany	1951, Travel diary of Otto Mayer from a trip to Germany, handwritten, German;	1951, Reisetagebuch von Otto Mayer von einer Reise nach Deutschland, Handschrift, Deutsch;	1951, יומן נסיע של אוטו מאייר מנסיעה לגרמניה, כתב יד, גרמנית;	German	1951	Handwritten	יומן|Diary	Otto Mayer	EgoDocument
IL-MTFN-001-G-F-0030-012-R0001	IL-MTFN-001-G-F-0030-012	visit	Passports of Gertrud Meyer	1940-1951, Passports of Gertrud Meyer, British passport from 1940 and Israeli passport from 1951. The Israeli passport has an approval from the Israeli authorities to visit Germany and a visa from the Germans to enter Germany.	1940-1951, Pässe von Gertrud Meyer, britischer Pass von 1940 und israelischer Pass von 1951. Im israelischen Pass gibt es eine Genehmigung der israelischen Behörden, Deutschland zu besuchen, und ein Visum der Deutschen, um nach Deutschland einzureisen.	1940-1951, דרכונים של גרטרוד מאייר, דרכון בריטי מ 1940 ודרכון ישראלי מ 1951. בדרכון הישראלי יש אישור מהרשויות הישראלים לבקר בגרמניה וויזה מהגרמנים להיכנס לגרמניה.	Hebrew|German|English	1940	Unknown	תעודה|Certificate	Gertrud Meyer	Legal Document
IL-MTFN-001-G-F-0030-013-R0001	IL-MTFN-001-G-F-0030-013	memoir	Memories of Gertrud Meyer	1951-1955, Memories of Gertrud Meyer in English printed with the titles: Childhood at the Luetzowufen; Mama 1955, G. Meyer writes of Hedwig Meyer, nee Schierer; Gertrud Meyer, Childhood, Youth, Profession (from posthumous manuscript)	1951-1955, Erinnerungen von Gertrud Meyer auf Englisch gedruckt mit den Titeln: Kindheit in Luetzowufen; Mama 1955, G. Meyer schreibt über Hedwig Meyer, geborene Schierer; Gertrud Meyer, Kindheit, Jugend, Beruf (aus posthumem Manuskript)	1951-1955, זכרונות של גרטרוד מאייר באנגלית מודפס עם הכותרות: Childhood at the Luetzowufen; Mama 1955, G. Meyer writes of Hedwig Meyer, nee Schierer; Gertrud Meyer, Childhood, Youth, Profession (from posthumous manuscript)	English		Print	מסמך מתורגם|Translated Document	Gertrud Meyer	EgoDocument
IL-MTFN-001-G-F-0030-013-R0002	IL-MTFN-001-G-F-0030-013	correspondence,memoir	Correspondence between Ruth Schocken and Andreas and Ruth Meyer	1951-2003, correspondence between Ruth Schocken and Andreas and Ruth Meyer regarding the memories of Gertrud Meyer, typewritten, German.	1951-2003, Korrespondenz zwischen Ruth Schocken und Andreas und Ruth Meyer bezüglich der Erinnerungen von Gertrud Meyer, getippt, Deutsch.	1951-2003, התכתבות עם רות שוקן Ruth Schocken לבין אנדריאס ורות מאייר בקשר לזיכרונות של גרטרוד מאייר, מודפס, גרמנית.	German	1951	Typewritten	מכתב|Letter		Communication Document
IL-MTFN-001-G-F-0030-013-R0003	IL-MTFN-001-G-F-0030-013	memoir	Memories of Gertrud Meyer	1953-2003, Memories of Gertrud Meyer translated by Ruth Shoken, 34 pages, Family life until the death of Alexander Meyer, printed, English;	1953-2003, Erinnerungen von Gertrud Meyer, übersetzt von Ruth Shoken, 34 Seiten, Familienleben bis zum Tod von Alexander Meyer, gedruckt, Englisch;	1953-2003, זיכרונות של גרטרוד מאייר מתורגם על ידי רות שוקן, 34 דפים, Family life until the death of Alexander Meyer, מודפס, אנגלית;	English	1953	Typewritten	מסמך מתורגם|Translated Document	Gertrud Meyer	EgoDocument
IL-MTFN-001-G-F-0030-013-R0004	IL-MTFN-001-G-F-0030-013	memoir	Parts of Gertrud Meyer's Memories	1939-1955, parts of the memories of Gertrud Meyer, printed, German; Gertrud Meyer, childhood, youth, profession. From left behind texts, the division as it was in the received binder; Family life until Alexander Meyer's death, 1953;	1939-1955, Teile der Erinnerungen von Gertrud Meyer, gedruckt, Deutsch; Gertrud Meyer, Kindheit, Jugendzeit, Beruf. Aus hinterlassenen Texten, die Aufteilung wie sie im erhaltenen Ordner war; Familienleben bis zum Tod von Alexander Meyer, 1953;	1939-1955, חלקים מהזיכרונות של גרטרוד מאייר, מודפס, גרמנית; Gertrud Meyer, Kindheit, Jugendzeit, Beruf. Aus hinterlassenen Texten, החלוקה כפי שהייתה בקלסר שהתקבל; Familienleben bis zu Alexander Meyers Tod, 1953;	German|גרמנית		Print	רשימות|Personal Notes	Gertrud Meyer	EgoDocument
IL-MTFN-001-G-F-0030-013-R0005	IL-MTFN-001-G-F-0030-013	visit	Vossische Zeitung Article on Swedish Trip	1944; Spanish Journey 1908; From a holiday trip through Sweden. Vossische Zeitung, Tuesday, August 8, 1905, I. Gothenburg, Nääs, Marstrand;	1944; Spanische Reise 1908; Von einer Ferienreise durch Schweden. Vossische Zeitung, Dienstag, den 8, August 1905, I. Gothenburg, Nääs, Marstrand;	1944; Spanische Reise 1908; Von einer Ferienreise durch Schweden. Vossische Zeitung, Dienstag, den 8, August 1905, I. Gothenburg, Nääs, Marstrand;	German	1905-08-08	Unknown	Article		Communication Document
IL-MTFN-001-G-F-0030-013-R0006	IL-MTFN-001-G-F-0030-013	visit	Travel Report by Gertrud Meyer, 1908	1908, Spain, travel report by Gertrud Meyer. La Coruna; Santiago; Vigo, printed, 16 pages, German;	1908, Spanien, Reisebericht von Gertrud Meyer. La Coruna; Santiago; Vigo, gedruckt, 16 Seiten, Deutsch;	1908, ספרד, דוח נסיעות של גרטרוד מאייר. La Coruna; Santiago; Vigo, מודפס, 16 דפים, גרמנית;	German	1908	Print	דוח|Report	Gertrud Meyer	Report
IL-MTFN-001-G-F-0030-014-R0013	IL-MTFN-001-G-F-0030-014	correspondence	Correspondence on Car Damage Repair	"Correspondence between the Meier family and Milton Richard, regarding damage to a car that was ""repaired"" at Andreas Meier's garage, German;"	"Korrespondenz zwischen der Familie Meier und Milton Richard, bezüglich eines Schadens an einem Auto, das in der Werkstatt von Andreas Meier ""repariert"" wurde, Deutsch;"	"התכתבות בין משפחת מאייר למילטון ריכרד Milton Richard, בקשר לנזק של רכב ש ""תוקן"" במוסך של אנדריאס מאייר, גרמנית;"	German		Unknown	Letter	Milton Richard	Communication Document
IL-MTFN-001-G-F-0030-014-R0014	IL-MTFN-001-G-F-0030-014	visit	Correspondence of Andreas and Justus Meyer regarding business in Nahariya	1939-1941, correspondence of Andreas Meyer and Justus Meyer regarding their business in Nahariya. Among other things: invoices, price quotes, payments, price list for bicycle repairs, prices of raw materials, request to the Office of the Controller of Heavy Industries and Director of War Production to help find a machine part, German.	1939-1941, Korrespondenz von Andreas Meyer und Justus Meyer bezüglich ihres Geschäfts in Nahariya. Unter anderem: Rechnungen, Preisvorschläge, Zahlungen, Preisliste für Fahrradreparaturen, Preise für Rohstoffe, Antrag an das Office of the Controller of Heavy Industries and Director of War Production, um bei der Suche nach einem Maschinenteil zu helfen, Deutsch.	1939-1941, התכתבות של אנדריאס מאייר Andreas Meyer ויוסטוס מאייר Justus Meyer בקשר לעסק שלהם בנהריה. בין היתר: חשבוניות הצעות מחיר, תשלומים, מחירון על תיקוני אופניים, מחירים של חומרי גלם, בקשה אל Office of the Controller of Heavy Industires and Director of War Production לעזור למצוא חלק למכונה, גרמנית,;	German	1939	Unknown	מכתב|Letter	Andreas Meyer|Justus Meyer	Communication Document
IL-MTFN-001-G-F-0030-015-R0008	IL-MTFN-001-G-F-0030-015	visit	Correspondence of Otto Mayer on Haavera Transfer and Farm Purchase	1938-1937, Correspondence of Otto Mayer regarding the Haavera transfer, purchase of a farm in Nahariya from Nahariya Small Holdings Ltd., Nahariya, costs of the farm, purchase prices, German.	1938-1937, Korrespondenz von Otto Mayer bezüglich der Haavera-Übertragung, Kauf eines Anwesens in Nahariya von Nahariya Small Holdings Ltd., Nahariya, Kosten des Anwesens, Kaufpreise, Deutsch.	"1938-1937, התכתבות של אוטו מאייר בקשר להעברה Haavera, קנית משק בנהריה מנהריה משקים זעירים בע""ם, נהריה Nahariya Small Holdings Ltd. Nahariya, עלויות של משק, מחירי קניה, גרמנית."	German	1937	Unknown	מכתב|Letter	Otto Mayer	Communication Document
IL-MTFN-001-G-F-0030-015-R0009	IL-MTFN-001-G-F-0030-015	correspondence	Correspondence on Water Tariff	1940-1941, correspondence between Andreas and Justus Mayer and the Nahariah small holders cooperative society LTd. regarding the water tariff, German.	1940-1941, Korrespondenz zwischen Andreas und Justus Mayer und der Nahariah small holders cooperative society LTd. bezüglich des Wassertarifs, Deutsch.	"1940-1941, התכתבות בין אנדריאס ויוסטוס מאייר לבין האגודה שתופית חקלאית של בעלי משק זעיר בע""מ Nahariah small holders cooperative society LTd. בקשר לתעריף המים, גרמנית."	German	1940	Unknown	מכתב|Letter	Andreas and Justus Mayer	Communication Document
IL-MTFN-001-G-F-0030-017-R0001	IL-MTFN-001-G-F-0030-017	visit	Passport of Emanuel Meyer from Prussia, 1837	Emanuel Meyer 1811-1883; 1837, Passport of Emanuel Meyer from the Kingdom of Prussia, German;	Emanuel Meyer 1811-1883; 1837, Reisepass von Emanuel Meyer aus dem Königreich Preußen, Deutsch;	עמונאל מאייר 1811-1883; 1837, דרכון של עמנואל מאייר E manuel Meyer מממלכת פרוסיה Königlich Preußische Staaten, גרמנית;	German	1837	Unknown	תעודה|Certificate	Emanuel Meyer	Legal Document
IL-MTFN-001-G-F-0030-017-R0010	IL-MTFN-001-G-F-0030-017	correspondence	Correspondence on Emanuel Meyer's Family Tree	2007, correspondence between Andreas and Mike Roberts in the United States regarding the family tree of Emanuel Meyer, English;	2007, Korrespondenz zwischen Andreas und Mike Roberts in den USA über den Stammbaum von Emanuel Meyer, Englisch;	2007, התכתבות בין אנדריאס לבין מיק רוברטס Mike Roberts בארצות הברית בקשר לאילן יוחסין של עמנואל מאייר Emanuel Meyer, אנגלית;	English	2007	Unknown	מכתב|Letter	Emanuel Meyer	Communication Document
IL-MTFN-001-G-F-0030-017-R0015	IL-MTFN-001-G-F-0030-017	memoir	Memories of Otto Mayer about Emanuel Mayer	22.03.1991, Memories of Otto Mayer regarding Emanuel Mayer, with the story about Emanuel Mayer's factories and the story of the brothers, printed by Justus Mayer, German;	22.03.1991, Erinnerungen von Otto Mayer im Zusammenhang mit Emanuel Mayer, mit der Geschichte über die Werke von Emanuel Mayer und der Geschichte der Brüder, gedruckt von Justus Mayer, Deutsch;	22.03.1991, זכרונות של אוטו מאייר בקשר של עמנואל מאייר, עם הסיפור על מפעלי עמנואל מאייר וסיפור של האחים, מודפס על ידי יוסטוס מאייר, גרמנית;	German		Typewritten	מסמך מתורגם|Translated Document	Emanuel Mayer	EgoDocument
IL-MTFN-001-G-F-0030-017-R0022	IL-MTFN-001-G-F-0030-017	correspondence	Correspondence with Sabine Klamroth about the Meyer Family	2006, correspondence with Sabine Klamroth regarding the Meyer family from Halberstadt, disk with pictures of the Meyer family who lived in Halberstadt, German	2006, Korrespondenz mit Sabine Klamroth bezüglich der Familie Meyer aus Halberstadt, Disk mit Bildern der Familie Meyer, die in Halberstadt lebten, Deutsch	2006, התכתבות עם Sabine Klamroth בקשר למשפחת מאייר מהלברשטט Halberstadt, דיסק עם תמונות של משפחת מאייר שהיו גרים בהלברשטט, גרמנית	German	2006	Unknown	מכתב|Letter	Sabine Klamroth	Communication Document
IL-MTFN-001-G-F-0030-018-R0002	IL-MTFN-001-G-F-0030-018	visit	Passports of Otto Mayer (1940-1955)	1940-1955, Passports of Otto Mayer. British passport with prohibition to enter Syria and Egypt. Israeli passport from 1953 with a one-time visit visa to enter Germany and a stamp from the State of Israel removing the prohibition to enter Germany.	1940-1955, Pässe von Otto Mayer. Britischer Pass mit Einreiseverbot nach Syrien und Ägypten. Israelischer Pass von 1953 mit einem einmaligen Besuchervisum für die Einreise nach Deutschland und einem Stempel des Staates Israel, der das Einreiseverbot nach Deutschland aufhebt.	1940-1955, דרכונים של אוטו מאייר. דרכון בריטי עם איסור להיכנס לסוריה ומצריים. דרכון ישראלי מ 1953 עם ויזה לביקור אחד פעמי להיכנס לגרמניה וחותמת ממדינת ישראל בה נמחק האיסור להיכנס לגרמניה.	Hebrew|English|German	1953	Unknown	תעודה|Certificate	Otto Mayer	Legal Document
IL-MTFN-001-G-F-0030-018-R0005	IL-MTFN-001-G-F-0030-018	visit	Letters to Otto Mayer regarding Nuremberg Laws	1933-1935, two letters to Otto Mayer informing him that he can no longer be a member of the circles due to the Nuremberg Laws, handwritten in German.	1933-1935, zwei Briefe an Otto Mayer, die ihm mitteilen, dass er aufgrund der Nürnberger Gesetze nicht mehr Mitglied in den Kreisen sein kann, handschriftlich auf Deutsch.	1933-1935, שתי מכתבים אל אוטו מאייר שמודיעים לו שהוא לא יכול יותר להיות חבר בחוגים עקב חוקי נירנברג, גרמנית כתב יד.	German	1933	Handwritten	מכתב|Letter	Otto Mayer	Communication Document
IL-MTFN-001-G-F-0030-018-R0007	IL-MTFN-001-G-F-0030-018	diary	Copy of Otto Mayer's WWI Participation Certificate	1936, copy of a certificate of Otto Mayer's participation in World War I and in which battles he participated; war diary, certified by the mayor of Rheda, German, handwritten.	1936, Kopie einer Bestätigung über die Teilnahme von Otto Mayer am Ersten Weltkrieg und an welchen Schlachten er teilgenommen hat; Kriegstagebuch, bestätigt vom Bürgermeister von Rheda, Deutsch, Handschrift.	1936, העתק אישור על השתתפותו של אוטו מאייר במלחמת העולם הראשונה ובאיזה קרבות השתתף; יומן מלחמה, מאושר על ידי ראש העיר של Rheda, גרמנית, כתב יד.	German	1936	Handwritten	תעודה|Certificate	Otto Mayer	Certificate
IL-MTFN-001-G-F-0030-025-R0013	IL-MTFN-001-G-F-0030-025	correspondence	2 CDs with Radio Recordings and Correspondence	2002, 2 CDs with recordings of radio programs in Germany Nachtstudio, the story of the German Jews in the Holy Land, and correspondence with Ulrich Manz;	2002, 2 CDs mit Aufnahmen von Radiosendungen in Deutschland Nachtstudio, die Geschichte der deutschen Juden im Heiligen Land, und Korrespondenz mit Ulrich Manz;	2002, 2 דיסקים עם הקלטה של תוכניות רדיו בגרמניה Nachtstudio, הסיפור של יהודי גרמניה בארץ הקודש Die Geschichte der deutschen Juden im Heiligen Land, והתכתבות עם Ulrich Manz;	German|Hebrew	2002	Unknown	מכתב|Letter	Ulrich Manz	Communication Document
IL-MTFN-001-G-F-0030-027-R0006	IL-MTFN-001-G-F-0030-027	correspondence,visit	Correspondence and Newspaper Clippings on Nahariya-Bielefeld Friendship	Correspondence with delegations from Bielefeld with Andreas Meyer regarding visits - 2005, Nahariya Bielefeld, various newspaper clippings about 25 years of friendship between Nahariya Bielefeld and articles about 70 years of Nahariya, German, printed.	Korrespondenz mit Delegationen aus Bielefeld mit Andreas Meyer bezüglich Besuchen - 2005, Nahariya Bielefeld, verschiedene Zeitungsausschnitte über 25 Jahre Freundschaft zwischen Nahariya Bielefeld und Artikel über 70 Jahre Nahariya, Deutsch, gedruckt.	התכתבות עם משלחות מבילפלד עם אנדריאס מאייר בקשר לביקורים- 2005, נהריה בילפלד, קטעי עיתון שונים על 25 שנות חברות בין נהריה בילפלד וכתבות על 70 שנה לנהריה, גרמנית, מודפס.	German|גרמנית	2005	Print	מכתב|Letter|גזיר עיתון|News Clipping	Andreas Meyer	Communication Document
IL-MTFN-001-G-F-0030-027-R0009	IL-MTFN-001-G-F-0030-027	visit	Correspondence regarding Nahariya's 70th anniversary celebrations	2005, Correspondence of Andreas Meyer and the city of Bielefeld regarding the 70th anniversary celebrations of the city of Nahariya, including flight details and schedule of Andreas and Yigal Meyer for the visit to Bielefeld.	2005, Korrespondenz von Andreas Meyer und der Stadt Bielefeld bezüglich der 70-Jahr-Feier der Stadt Nahariya, einschließlich Flugdetails und Zeitplan von Andreas und Yigal Meyer für den Besuch in Bielefeld.	2005, התכתבות של אנדריאס מאייר Andreas Meyer ועירית בילפלד Bielefeld בקשר לחגיגות 70 של העיר נהריה, בין היתר פירטי טיסה ולוח זמנים של אנדריאס ויגאל מאייר לביקור בבילפלד.	Hebrew|German	2005	Unknown	מכתב|Letter	Andreas Meyer	Communication Document
IL-MTFN-001-G-F-0030-029-R0002	IL-MTFN-001-G-F-0030-029	correspondence	Correspondence between Edgar Carmi and Andreas Meyer	2003, correspondence between Edgar Carmi and Andreas Meyer, regarding the return of the flag, + picture of the first Independence Day in Nahariya with the flag	2003, Korrespondenz zwischen Edgar Carmi und Andreas Meyer, bezüglich der Rückgabe der Flagge, + Bild vom ersten Unabhängigkeitstag in Nahariya mit der Flagge	2003, התכתבות בין אדגר קרמי Edgar Carmi ואנדריאס מאייר Andreas Meyer, בקשר להחזרת הדגל, +תמונה של יום עצמאות הראשון בנהריה עם הדגל	Hebrew|German	2003	Unknown	מכתב|Letter		Communication Document
IL-MTFN-001-G-F-0030-032-R0013	IL-MTFN-001-G-F-0030-032	visit	Letter from Andreas during trip near Dead Sea and Jerusalem	08.11.1940, a letter Andreas wrote while on a trip near the Dead Sea and Jerusalem to his family. In the letter, Andreas humorously describes a few days of travel in the area. German, handwritten print.	08.11.1940, ein Brief, den Andreas schrieb, als er auf einer Reise in der Nähe des Toten Meeres und Jerusalems war, an seine Familie. In dem Brief beschreibt Andreas auf humorvolle Weise einige Tage der Reise in der Gegend. Deutsch, handschriftlich gedruckt.	08.11.1940, מכתב שאנדריאס כתב כאשר היה בטיול ליד ים המלח וירושלים אל משפחתו. במכתב אנדריאס מתאר בצורה הומוריסטית כמה ימי טיול באזור. גרמנית, מודפס כתב יד.	German	1940-11-08	Handwritten	מכתב|Letter	Andreas	EgoDocument
IL-MTFN-001-G-F-0030-032-R0014	IL-MTFN-001-G-F-0030-032	visit	Letters from Andreas and Esther Meyer to Gertrud Meyer, 1957	1957, Letters from Andreas Meyer and Esther Meyer (each separately) to Gertrud Meyer, Andreas's mother, for her birthday. Andreas and Esther are on a trip abroad. German, handwritten.	1957, Briefe von Andreas Meyer und Esther Meyer (jeweils separat) an Gertrud Meyer, die Mutter von Andreas, zu ihrem Geburtstag. Andreas und Esther sind auf einer Reise im Ausland. Deutsch, Handschrift.	"1957, מכתבים מאת אנדריאס מאייר Andreas Meyer ואסתר מאייר Esther Meyer (כל אחד בנפרד) אל גרטרוד מאייר Gertrud Meyer אמו של אנדריאס לכבוד יום ההולדת שלה. אנדריאס ואסתר נמצאים בטיול בחו""ל. גרמנית, כתב יד."	German	1957	Handwritten	מכתב|Letter	Gertrud Meyer	Communication Document
IL-MTFN-001-G-F-0030-032-R0016	IL-MTFN-001-G-F-0030-032	memoir	Memories of Andreas and Justus Mayer's Businesses	23.03.1992, 2 pages, Justus writes the memories about the businesses of Andreas and Justus Mayer (Andreas und Justus), German, printed.	23.03.1992, 2 Seiten, Justus schreibt die Erinnerungen an die Geschäfte von Andreas und Justus Mayer (Andreas und Justus), Deutsch, gedruckt.	23.03.1992, 2 דפים, יוסטוס כותב את הזכרונות על העסקים של אנדריאס ויוסטוס מאייר (Andreas und Justus ), גרמנית, מודפס.	German	1992-03-23	Print	מכתב|Letter	Andreas und Justus Mayer	EgoDocument
IL-MTFN-001-G-F-0030-032-R0018	IL-MTFN-001-G-F-0030-032	correspondence	Correspondence with Dr. Klaus Kreppel regarding Nahariya book	2010;2011, correspondence with Dr. Klaus Kreppel, newspaper clippings, donor lists, related to the book about Nahariya, the German colony 1935-1941.	2010;2011, Korrespondenz mit Dr. Klaus Kreppel, Zeitungsausschnitte, Spenderlisten, im Zusammenhang mit dem Buch über Nahariya, die deutsche Kolonie 1935-1941.	2010;2011, התכתבות, עם קלאוס קרפל Dr. Klaus Kreppel, קטעי עיתון, רשימות של תורמים, בקשר לספר של נהריה מושבת היקים 1935-1941.	Hebrew|German	2010	Unknown	מכתב|Letter|גזיר עיתון|News Clipping|רשימה|List	Dr. Klaus Kreppel	Communication Document
IL-MTFN-001-G-F-0030-034-R0003	IL-MTFN-001-G-F-0030-034	correspondence	Correspondence with Nurit Carmel regarding the film Hanariada	2001-2003, Correspondence with Nurit Carmel, regarding the film Hanariada, English, Hebrew;	2001-2003, Korrespondenz mit Nurit Carmel, in Bezug auf den Film Hanariada, Englisch, Hebräisch;	2001-2003, התכתבות עם נורית כרמל Nurit Carmel, בקשר לסרט הנהריאדה, אנגלית, עברית;	Hebrew|English	2001	Unknown	מכתב|Letter	Nurit Carmel	Communication Document
IL-MTFN-001-G-F-0030-034-R0004	IL-MTFN-001-G-F-0030-034	correspondence	Correspondence with Film Archives about Nahariya Film	2000, correspondence with film archives around the world and in the country, looking for a film about Nahariya by Sascha Alexander, produced about the agricultural settlement of Nahariya.	2000, Korrespondenz mit Filmarchiven weltweit und im Land, auf der Suche nach einem Film über Nahariya von Sascha Alexander, der über die landwirtschaftliche Siedlung Nahariya produziert wurde.	2000, התכתבות עם ארכיונים לסרטים בכל העולם ובארץ, מחפשים סרט על נהריה של סשה אלכסנדר Sascha Alexander, שהופק על הישוב החקלאי נהריה;	Hebrew|Other	2000	Unknown	Letter	Sascha Alexander	Communication Document
IL-MTFN-001-G-F-0030-034-R0005	IL-MTFN-001-G-F-0030-034	correspondence	Correspondence with Herr Dieckhoff and Lutz Jaffe	1999-2000, Hamburg, correspondence with Herr Dieckhoff and Lutz Jaffe regarding a film by Sascha Alexander, German;	1999-2000, Hamburg, Korrespondenz mit Herr Dieckhoff und Lutz Jaffe bezüglich eines Films von Sascha Alexander, Deutsch;	1999-2000, המבורג Hamburg, התכתבות עם Herr Dieckhoff ו Lutz Jaffe בקשר לסרט של Sascha Alexander, גרמנית;	German	1999-2000	Unknown	מכתב|Letter		Communication Document
IL-MTFN-001-G-F-0030-034-R0007	IL-MTFN-001-G-F-0030-034	visit	Documents and Newspaper Clippings of Andreas and Esther Meyer's Trip to Bielefeld	2000, Documents and newspaper clippings about the trip of Andreas and Esther Meyer related to their journey to the city of Bielefeld, German;	2000, Dokumente und Zeitungsausschnitte über die Reise von Andreas und Esther Meyer im Zusammenhang mit ihrer Reise nach Bielefeld, Deutsch;	2000, מסמכים וקטעי עיתון של הנסיעה של אנדריאס ואסתר מאייר הקשורים לנסתם לעיר בילפלד, גרמנית;	German|Hebrew	2000	Unknown	News Clipping|Translated Document	Andreas and Esther Meyer	Communication Document
IL-MTFN-001-G-F-0030-034-R0008	IL-MTFN-001-G-F-0030-034	correspondence	Correspondence between Andreas Meyer and Dr. Klaus Kerpel	1998-2000, correspondence between Andreas Meyer and Dr. Klaus Kerpel regarding the Haneriyada film, German, typewritten;	1998-2000, Korrespondenz zwischen Andreas Meyer und Dr. Klaus Kerpel bezüglich des Films der Haneriyada, Deutsch, getippt;	1998-2000, התכתבות בין אנדריאס מאייר ודר קלאוס קרפל בקשר לסרט של הנהריאדה, גרמנית, מודפס;	German	1998	Typewritten	מכתב|Letter		Communication Document
IL-MTFN-001-G-F-0030-034-R0009	IL-MTFN-001-G-F-0030-034	correspondence	Correspondence between Andreas Meyer and Ruthi Ofek	1999-2000, Correspondence between Andreas Meyer and Ruthi Ofek regarding the film 'The Nahariyada', German, Hebrew;	1999-2000, Korrespondenz zwischen Andreas Meyer und Ruthi Ofek bezüglich des Films 'Die Nahariyada', Deutsch, Hebräisch;	1999-2000, התכתבות בין אנדריאס מאייר ורותי אופק בקשר לסרט הנהריאדה, גרמנית, עברית;	German|Hebrew	1999-2000	Unknown	מכתב|Letter		Communication Document
IL-MTFN-001-G-F-0030-034-R0011	IL-MTFN-001-G-F-0030-034	correspondence	Correspondence with David Witzthum and Andreas Meyer	1998-2001, correspondence with David Witzthum and Andreas Meyer, David Witzthum produced the film The Nahariya, German;	1998-2001, Korrespondenz mit David Witzthum und Andreas Meyer, David Witzthum produzierte den Film Die Nahariya, Deutsch;	1998-2001, התכתבות עם דוד ויצטום David Witzthum ואנדריאס מאייר Andreas Meyer, דוד ויצטום הפיק הסרט הנהריאדה, גרמנית;	German|Hebrew	1998	Unknown	מכתב|Letter	David Witzthum	Communication Document
IL-MTFN-001-G-F-0030-034-R0012	IL-MTFN-001-G-F-0030-034	correspondence	Correspondence with Carsten Hueck about Nahariyada Film	1998, correspondence with Carsten Hueck, regarding the film Nahariyada, German	1998, Korrespondenz mit Carsten Hueck, bezüglich des Films Nahariyada, Deutsch	1998, התכתבות עם Carsten Hueck, בקשר לסרט נהריאדה, גרמנית	German	1998	Unknown	מכתב|Letter	Carsten Hueck	Communication Document
IL-MTFN-001-G-F-0030-036-R0001	IL-MTFN-001-G-F-0030-036	correspondence	Correspondence between Andreas Meyer and Klaus Karpel	2005, correspondence between Andreas Meyer and Klaus Karpel regarding the book 'Nahariya' and also regarding personal matters;	2005, Korrespondenz zwischen Andreas Meyer und Klaus Karpel bezüglich des Buches 'Nahariya' und auch in Bezug auf persönliche Angelegenheiten;	2005, התכתבות בין אנדריאס מאייר לבין קלאוס קרפל בקשר לספר 'נהריה' וגם בקשר לדברים אישים;	Hebrew|German	2005	Unknown	מכתב|Letter		Communication Document
IL-MTFN-001-G-F-0030-036-R0002	IL-MTFN-001-G-F-0030-036	correspondence	Correspondence between Andreas Meyer and Klaus Kerpel	1997-2003 Correspondence between Andreas Meyer and Klaus Kerpel, including a biography of Fritz Wolf, information about the settlement in Nahariya, correspondence regarding the book Nahariya, the German Colony, and also personal correspondence	1997-2003 Korrespondenz zwischen Andreas Meyer und Klaus Kerpel, unter anderem Biografie über Fritz Wolf, Informationen über die Siedlung in Nahariya, Korrespondenz bezüglich des Buches Nahariya, die deutsche Kolonie, sowie persönliche Korrespondenz	1997-2003 התכתבות בין אנדריאס מאייר לקלאוס קרפל, בין היתר ביוגרפיה על פריץ וולף, מידע על ההתיישבות בנהריה, התכתבות בקשר לספר נהריה מושבת היקים וגם התכתבות אישית	German|Hebrew	1997	Unknown	מכתב|Letter	Andreas Meyer|Klaus Kerpel	Communication Document
IL-MTFN-001-G-F-0030-037-R0005	IL-MTFN-001-G-F-0030-037	visit	Adam Niepolcoyczychi Business Card and Brochure	Business card of Adam Niepolcoyczychi, black and white drawing, brochure from the 50s of nude photography Akt Fotografie;	Visitenkarte von Adam Niepolcoyczychi, Schwarz-Weiß-Zeichnung, Broschüre aus den 50er Jahren mit Aktfotografie;	כרטיס ביקור של Adam Niepolcoyczychi, ציור שחור לבן, חוברת משנת ה;50 שלצילומי ערום Akt Fotografie;	Other		Unknown	כרטיס ביקור|Business Card|חוברת|Booklet	Adam Niepolcoyczychi	Ephemera
IL-MTFN-001-G-F-0030-038-R0003	IL-MTFN-001-G-F-0030-038	correspondence	Correspondence with Paula Knepper and Joachim Merz, 1972	1972, correspondence with Paula Knepper and Joachim Merz regarding Elisabeth Föckeler who hid Paula Knepper during World War II. German, printed;	1972, Korrespondenz mit Paula Knepper und Joachim Merz in Bezug auf Elisabeth Föckeler, die Paula Knepper während des Zweiten Weltkriegs versteckte. Deutsch, gedruckt;	1972, התכתבות עם Paula Knepper ו Joachim Merz בקשר לבקשר ל Elisabeth Föckeler שהסתירה את גב קנפר בזמן מלחמת עולם II. גרמנית, מודפס;	German	1972	Typewritten	מכתב|Letter		Communication Document
IL-MTFN-001-G-F-0030-038-R0004	IL-MTFN-001-G-F-0030-038	correspondence	מכרז ותכתובת עם יוסטוס מאיאר	"1974, Tender of the town of Nahariya for ""Employee in the Tourism Department"" and correspondence with Justus Meier on the matter, printed in Hebrew;"	"1974, Ausschreibung der Stadt Nahariya für ""Mitarbeiter in der Tourismusabteilung"" und Korrespondenz mit Justus Meier darüber, auf Hebräisch gedruckt;"	"1974, מכרז של עיירת נהריה על ""עובד במחלקת תיירות"" והתכתבות עם יוסטוס מאיאר בעניין, עברית מודפס;"	Hebrew	1974	Typewritten	מכתב|Letter	יוסטוס מאיאר	Communication Document
IL-MTFN-001-G-F-0030-039-R0005	IL-MTFN-001-G-F-0030-039	correspondence	Correspondence between Andreas Mayer and Eva Warburg Unger	1994, correspondence between Andreas Mayer and Eva Warburg Unger related to the family tree;	1994, Korrespondenz zwischen Andreas Mayer und Eva Warburg Unger in Bezug auf den Stammbaum;	1994, התכתבות בין אנדריאס מאייר לבין אווה ורבורג אונגר Eva Warburg Unger קשר לאילן היוחסין;	Hebrew|German	1994	Unknown	מכתב|Letter		Communication Document
IL-MTFN-001-G-F-0030-039-R0017	IL-MTFN-001-G-F-0030-039	correspondence	Correspondence with Gita Shmueli regarding Michael family tree	2003, Correspondence with Gita Shmueli from the Weizmann Institute regarding the family tree of the Michael family, English;	2003, Korrespondenz mit Gita Shmueli vom Weizmann-Institut bezüglich des Stammbaums der Familie Michael, Englisch;	2003, התכתבות עם גיתה שמועלי Gita Shmueli ממכון ויצמן בקשר לאילן יוחסין של משפחת מיכאל, אנגלית;	English	2003	Unknown	מכתב|Letter	Gita Shmueli	Communication Document
IL-MTFN-001-G-F-0030-041-R0005	IL-MTFN-001-G-F-0030-041	correspondence	Correspondence with Peter Jaffee about Family Tree	1998, correspondence with Peter Jaffee regarding a family tree	1998, Korrespondenz mit Peter Jaffee bezüglich eines Stammbaums	1998, התכתבות עם פיטר יפה Peter Jaffee בקשר לאילן יוחסין	Hebrew|German	1998	Unknown	מכתב|Letter	Peter Jaffee	Communication Document
IL-MTFN-001-G-F-0030-041-R0006	IL-MTFN-001-G-F-0030-041	correspondence	Correspondence with Lili Bernhard regarding family tree and booklet	1998, correspondence with Lili Bernhard regarding a family tree and a booklet, among other things a booklet written by Lili Bernhard; with the title: Erinnerung verpflichtet.	1998, Korrespondenz mit Lili Bernhard in Bezug auf einen Stammbaum und ein Heft, unter anderem ein Heft, das Lili Bernhard geschrieben hat; mit dem Titel: Erinnerung verpflichtet.	1998, התכתבות עם לילי ברנהרד בקשר לאילן יוחסין וחוברת, בין היתר חוברת שכתבה לילי ברנהרד;איתי Lili Bernhard;Ithai עם הכותרת: Erinnerung verpflichtet.	Hebrew|German	1998	Unknown	מכתב|Letter|חוברת|Booklet	Lili Bernhard	Communication Document
IL-MTFN-001-G-F-0030-042-R0001	IL-MTFN-001-G-F-0030-042	memoir	Memories and Stories of Wolfgang Meyer	Without date, part of the memories and stories of Wolfgang Meyer; Michael; The story of Uncle Adolf; School time; Carved chestnuts;	Ohne Datum, Teil der Erinnerungen und Geschichten von Wolfgang Meyer; Michael; Die Geschichte von Onkel Adolf; Schulzeit; Geschnitzte Kastanien;	בלי תאריך, חלק מזכרונות וסיפורים של ולפגנג מאייר;מיכאל Wolfgang Meyer;Michael; Die Geschichte von Onkel Adolf; Schulzeit; Geschnitzte Kastanien;	German		Unknown	סיפור|Fiction	Wolfgang Meyer	EgoDocument
IL-MTFN-001-G-F-0030-042-R0002	IL-MTFN-001-G-F-0030-042	memoir	Memories of Wolfgang Meyer	1971, 66 pages of memories by Wolfgang Meyer, Michael, printed, German;	1971, 66 Seiten Erinnerungen von Wolfgang Meyer, Michael, gedruckt, Deutsch;	1971, 66 דפים זיכרונות של ולפגנג מאייר, מיכאל Wolfgang Meyer,Michael, מודפס, גרמנית;	German	1971	Typewritten	רשימות|Personal Notes	Wolfgang Meyer	EgoDocument
IL-MTFN-001-G-F-0030-042-R0003	IL-MTFN-001-G-F-0030-042	memoir	Memories by Wolfgang Meyer	Memories of 227 pages, Wolfgang Meyer, Michael, German printed	Erinnerungen von 227 Seiten, Wolfgang Meyer, Michael, Deutsch gedruckt	12.1971, זיכרונות של 227 דפים, ולפגנג מאייר, מיכאל Wolfgang Meyer, Michael, גרמנית מודפס	German	1971-12	Print	ספר|Book	Wolfgang Meyer	EgoDocument
IL-MTFN-001-G-F-0030-044-R0001	IL-MTFN-001-G-F-0030-044	memoir	Memories of Justus Meyer - Lecture at the Alumni Meeting	Memories of Justus Meyer with the title, Lecture at the Meeting of the Alumni of the Ratsgymnasium in Bielefeld on October 23, 1982 From Rheda to Palestine; from Israel back to Bielefeld, the booklet contains 25 pages with pictures, printed, German.	Erinnerungen von Justus Meyer mit dem Titel, Vortrag beim Treffen der Ehemaligen des Ratsgymnasiums zu Bielefeld am 23. Oktober 1982 Von Rheda nach Palästina; von Israel zurück nach Bielefeld, die Broschüre enthält 25 Seiten mit Bildern, gedruckt, Deutsch.	זיכרונות של יוסטוס מאייר Justus Meyer עם הכותרת, Vortrag beim Treffen der Ehemaligen des Ratsgymnasiums zu Bielefeld am 23,Oktober 1982 Von Rheda nach Palästina; von Israel zurück nach Bielefeld, החוברת מכילה 25 דפים עם תמונות, מודפס, גרמנית.	German	1982-10-23	Print	חוברת|Booklet	Justus Meyer	EgoDocument
IL-MTFN-001-G-F-0030-044-R0002	IL-MTFN-001-G-F-0030-044	visit	Notebook and Correspondence on Germany Trip	Notebook about a trip to Germany, probably by Edith; 1937, letter + copies of letters on correspondence about a bicycle trip by Andreas + birthday letter from Otto Mayer in Haifa to his son Andreas in Germany, German, printed.	Notizbuch über eine Reise in Deutschland, wahrscheinlich von Edith; 1937, Brief + Kopien von Briefen über eine Korrespondenz über eine Fahrradtour von Andreas + Geburtstagsbrief von Otto Mayer in Haifa an seinen Sohn Andreas in Deutschland, Deutsch, gedruckt.	מחברת על טיול בגרמניה, כנראה של Edith אדית; 1937, מכתב + העתק מכתבים על התכתבות בנושא טיול אופניים של אנדריאס + מכתב יום הולדת מאוטו מאייר בחיפה אל בנו אנדריאס בגרמיה, גרמנית, מודפס.	German|עברית	1937	Typewritten	מכתב|Letter|רשימות|Personal Notes	Andreas	EgoDocument
IL-MTFN-001-G-F-0030-047-R0001	IL-MTFN-001-G-F-0030-047	correspondence	Correspondence between Andreas Meyer and Joachim Schlör	2000-2006, correspondence between Andreas Meyer and Joachim Schlör, regarding Alexander Meyer and the book Aus guter alter Zeit; nan	2000-2006, Korrespondenz zwischen Andreas Meyer und Joachim Schlör, in Bezug auf Alexander Meyer und das Buch Aus guter alter Zeit; nan	2000-2006, התכתבות בין אנדריאס מאייר ויואכים שלור Joachim Schlör, בקשר לאלכסנדר מאייר Alexander Meyer ולספר Aus guter alter Zeit; nan	German|Hebrew	2000	Unknown	מכתב|Letter	Andreas Meyer	Communication Document
IL-MTFN-001-G-F-0030-048-R0005	IL-MTFN-001-G-F-0030-048	memoir	Memories of Hedwig Meyer from Childhood	Without date, memories of Hedwig Meyer née Schierer, from my childhood, German, printed.	Ohne Datum, Erinnerungen von Hedwig Meyer geb. Schierer, aus meiner Kindheit, Deutsch, gedruckt.	בלי תאריך, זכרונות של הדויג מאייר לבית שירר Hedwig Meyer geb. Schierer, מהילדות שלי Aus meiner Kindheit, גרמנית, מודפס.	German		Print	רשימות|Personal Notes	Hedwig Meyer	EgoDocument
IL-MTFN-001-G-F-0030-048-R0006	IL-MTFN-001-G-F-0030-048	memoir	Memories of Gertrud Meyer	Without date, parts of the memories of Gertrud Meyer born Schnierer, German, printed.	Ohne Datum, Teile der Erinnerungen von Gertrud Meyer geb. Schnierer, Deutsch, gedruckt.	בלי תאריך, חלקי זיכרונות של גרטרוד מאיר Gertrud Meyer geb, Schnierer, גרמנית, מודפס.	German		Print	לא מזוהה	Gertrud Meyer	EgoDocument
IL-MTFN-001-G-F-0030-051-R0005	IL-MTFN-001-G-F-0030-051	memoir	Memories by Wolfgang Schocken	Memories by Wolfgang Schocken (1908-1933) Thoughts upon my Early Life, English, 1982.	Erinnerungen von Wolfgang Schocken (1908-1933) Gedanken über mein frühes Leben, Englisch, 1982.	זכרונות מאת וולפגנג שוקן (1908-1933) Thoughts upon my Early Life, אנגלית, 1982.	English	1982	Print	סיפור|Fiction	Wolfgang Schocken	EgoDocument
IL-MTFN-001-G-F-0030-055-R0012	IL-MTFN-001-G-F-0030-055	correspondence	Correspondence on Esther's Immigration Story	2002, Correspondence between Esther/Andreas Meyer and the Atlit detention camp about Esther's immigration story for preservation;	2002, Korrespondenz zwischen Esther/Andreas Meyer und dem Flüchtlingslager Atlit über Esthers Einwanderungsgeschichte zur Erhaltung;	2002, התכתבות בין אסתר/אנדריאס מאייר עם מחנה המעפילים עתלית על סיפור העלייה של אסתר לצורך שימור;	Hebrew|German	2002	Unknown	מכתב|Letter	Esther/Andreas Meyer	Communication Document
IL-MTFN-001-G-F-0030-055-R0013	IL-MTFN-001-G-F-0030-055	correspondence	Copies of Winkelhof Training Photos and Correspondence	2003, copies of photos from the Winkelhof training, in which Esther Meier participated, and correspondence with a friend who also participated in the training, German;	2003, Kopien von Fotos der Ausbildung Winkelhof, an der Esther Meier teilnahm, und Korrespondenz mit einem Freund, der ebenfalls an der Ausbildung teilnahm, Deutsch;	2003, העתקי תמונות של ההכשרה וינקלהוף Winkelhof, בה הייתה אסתר מאייר והתכתבות עם חברה שגם הייתה בהכשרה, גרמנית;	German|Hebrew	2003	Unknown	תצלום|Photograph|מכתב|Letter	Esther Meier	Image
IL-MTFN-001-G-F-0030-056-R0003	IL-MTFN-001-G-F-0030-056	correspondence	Correspondence between Andreas Mayer and Service for Searching Relatives	1989-1990, correspondence between Andreas Mayer and the Service for Searching Relatives regarding the family of Fanny Tropper, German.	1989-1990, Korrespondenz zwischen Andreas Mayer und dem Dienst für die Suche nach Verwandten in Bezug auf die Familie von Fanny Tropper, Deutsch.	1989-1990, התכתבות בין אנדריאס מאייר ושרות לחיפושי קרובים בקשר למשפחה של פאני טרופר Fanny Tropper, גרמנית.	German	1989-1990	Unknown	מכתב|Letter	Fanny Tropper	Communication Document
IL-MTFN-001-G-F-0030-057-R0001	IL-MTFN-001-G-F-0030-057	correspondence	Correspondence Copies: Andreas Meyer and Eli Bar-On, 2003	2003, copies of correspondence between Andreas Meyer and Eli Bar-On regarding 'Nahariya Cooperative Agricultural Association of Landowners and City Ltd'.	2003, Kopien der Korrespondenz zwischen Andreas Meyer und Eli Bar-On bezüglich 'Nahariya Kooperative landwirtschaftliche Vereinigung von Landbesitzern und Stadt GmbH'.	"2003, העתקי התכתבות בין אנדריאס מאייר לבין אלי בר און בקשר ל'נהריה אגודה שתופית חקלאית של בעלי משק ועיר בע""מ'."	Hebrew|German	2003	Unknown	מכתב|Letter		Communication Document
IL-MTFN-001-G-F-0030-059-R0001	IL-MTFN-001-G-F-0030-059	visit	Letters to and from Family Members (1957-1964)	1957-1964, Letters to and from family members; 1957, Letters from Andreas and Esther who were visiting Germany to family members in the country, Fanny Wechsler, Yigal. Andreas studied and took the Meister exam in Germany. German; 1964, Letters to family members mainly Esther from Andreas who was in Europe in various cities and also with family members, German, handwritten; 1964, Letters from the Höpner family in Bielefeld to the Mayer family in Nahariya; 1964, Family letter to Andreas and Esther from London. The sender OW, German, typewritten; 1956 + 1954, Letters with birthday greetings to Esther from the Mayer family in Argentina, English, German; no date, Letter in German from New Zealand by Joe.	1957-1964, Briefe an und von Familienmitgliedern; 1957, Briefe von Andreas und Esther, die Deutschland besuchten, an Familienmitglieder im Land, Fanny Wechsler, Yigal. Andreas studierte und machte die Meisterprüfung in Deutschland. Deutsch; 1964, Briefe an Familienmitglieder, hauptsächlich Esther von Andreas, der in Europa in verschiedenen Städten und auch bei Familienmitgliedern war, Deutsch, Handschrift; 1964, Briefe von der Familie Höpner in Bielefeld an die Familie Mayer in Nahariya; 1964, Familienbrief an Andreas und Esther aus London. Der Absender OW, Deutsch, gedruckt; 1956 + 1954, Briefe mit Geburtstagsgrüßen an Esther von der Familie Mayer in Argentinien, Englisch, Deutsch; ohne Datum, Brief auf Deutsch aus Neuseeland von Joe.	1957-1964, מכתבים אל ומבני משפחה; 1957, מכתבים של אנדריאס ואסתר שהיו בביקור בגרמניה אל בני משפחה בארץ, פאני וכסלר Fanny Wechsler, יגאל. אנדריאס עשה למד ועשה את המבחן Meister בגרמניה. גרמנית; 1964, מכתבים אל בני משפחה בעיקר אסתר מאנדריאס שהיה באירופה בערים שונות וגם אצל בני משפחה, גרמנית, כתב יד; 1964, מכתבים ממשפחת האפנר Höpner בבילפלד אל משפחת מאייר בנהריה; 1964, מכתב משפחתי אל אנדריאס ואסתר מלונדון. השולח OW, גרמנית, מודפס; 1956 + 1954, מכתבים עם ברכות יום הולדת לאסתר ממשפחת מאיר בארגנטינה, אנגלית, גרמנית; בלי תאריך, מכתב בגרמנית מניו זילנד מאת Joe.	German|English		Unknown	מכתב|Letter		Communication Document
IL-MTFN-001-G-F-0030-059-R0002	IL-MTFN-001-G-F-0030-059	correspondence,diary,visit	Correspondence and Letters to Andreas Meyer	1936-1937, Letters to Andreas from Klärchen, Hans Steffen who was a friend of Andreas, German, handwritten, German; Letters to relatives and friends estimated in the 1930s, letters from Elsbeth Cohen to Andreas Meyer; 1947, Letters from Carla Harff living in New York to Andreas in Nahariya; 1930-1937, Germany, letters and postcards to Andreas from relatives and friends for Andreas' birthdays, German; 1951-1958, Letters from the family of Heinrich Meyer, Andreas' older brother in Argentina with the Meyer family in Israel, German; 1935, Greetings for Andreas' Confirmation from friends and family, German; 1938-1972, Various letters from friends, family members on various topics, German; 1960-1961, Letters from Raia Strauss and Zeev Midan living in Germany to Andreas and Esther Meyer + photo of Raia with baby, German; 1930-1937, Letters from Andreas' childhood, German; 1935-1937, Various letters - 28.11.1935 Letter to Aunt Grete; Part of a postcard; 01.1938 Copy of a diary page of Andreas in the first month of his arrival in Palestine; 1928-1957, Various correspondences; 1935, Correspondence between Britta and Andreas Meyer, partly in Germany and partly from Germany to Palestine, German, handwritten; 1928-1929, Letters to Andreas from his mother Gertrud. Andreas was at a summer camp in southern Germany, Ferienkolonie Köhlbrand, German, printed and handwritten; 1955-1957, Correspondence of Andreas with friends and relatives and in business matters. Among other things, sale of a shooting booth, purchase of spare parts; 17.02.2006, Birthday greeting to Andreas from Sascha Blitzblau, German, printed; Undated, Letter + business card of Gideon Greif from Yad Vashem regarding a book about Jeckes, German.	1936-1937, Briefe an Andreas von Klärchen, Hans Steffen, der ein Freund von Andreas war, Deutsch, Handschrift, Deutsch; Briefe an Verwandte und Freunde, geschätzt in den 1930er Jahren, Briefe von Elsbeth Cohen an Andreas Meyer; 1947, Briefe von Carla Harff, die in New York lebte, an Andreas in Nahariya; 1930-1937, Deutschland, Briefe und Postkarten an Andreas von Verwandten und Freunden zu Andreas' Geburtstagen, Deutsch; 1951-1958, Briefe von der Familie von Heinrich Meyer, Andreas' älterem Bruder in Argentinien, mit der Familie Meyer in Israel, Deutsch; 1935, Glückwünsche zur Konfirmation von Andreas von Freunden und Familie, Deutsch; 1938-1972, verschiedene Briefe von Freunden, Familienmitgliedern zu verschiedenen Themen, Deutsch; 1960-1961, Briefe von Raia Strauss und Zeev Midan, die in Deutschland lebten, an Andreas und Esther Meyer + Foto von Raia mit Baby, Deutsch; 1930-1937, Briefe aus Andreas' Kindheit, Deutsch; 1935-1937, verschiedene Briefe - 28.11.1935 Brief an Tante Grete; Teil einer Postkarte; 01.1938 Kopie einer Tagebuchseite von Andreas im ersten Monat seiner Ankunft in Palästina; 1928-1957, verschiedene Korrespondenzen; 1935, Korrespondenz zwischen Britta und Andreas Meyer, teilweise in Deutschland und teilweise von Deutschland nach Palästina, Deutsch, Handschrift; 1928-1929, Briefe an Andreas von seiner Mutter Gertrud. Andreas war in einem Sommerlager in Süddeutschland, Ferienkolonie Köhlbrand, Deutsch, gedruckt und Handschrift; 1955-1957, Korrespondenz von Andreas mit Freunden und Verwandten und in geschäftlichen Angelegenheiten. Unter anderem Verkauf eines Schießstandes, Kauf von Ersatzteilen; 17.02.2006, Geburtstagsgruß an Andreas von Sascha Blitzblau, Deutsch, gedruckt; ohne Datum, Brief + Visitenkarte von Gideon Greif von Yad Vashem in Bezug auf ein Buch über Jeckes, Deutsch.	1936-1937, מכתבים אל אנדריאס מאל Klärchen, Hans Steffen שהיה חבר של אנדריאס, גרמנית, כתב יד, גרמנית; מכתבים לקרובי משפחה וחברים משוער שנות השלושים, מכתבים מאלזבט כהן Elsbeth Cohen אל אנדריאס מאיר; 1947, מכתבים מ-Carla Harff שגרה בניו יורק אל אנדריאס, בנהריה; 1930-1937, גרמניה, מכבים וגלויות את אנדריאס מקרובי משפחה וחברים לכבוד ימי הולדת של אנדריאס, גרמנית; 1951-1958, מכתבים מהמשפחה של היינריך מאיר Heinrich Meyer, האח הגדול של אנדריאס בארגנטינה עם משפחת מאיר בארץ, גרמנית; 1935, ברכות לKonformation של אנדריאס מחברים ומשפחה, גרמנית; 1938-1972, מכתבים שונים מחברים, בני משפחה בנושאים שונים, גרמנית ; 1960-1961, מכתבים מאת רעיה שטראוס וזאב מידען שחייו בגרמניה אל אנדריאס ואסתר מאייר + תמונה של רעיה עם תינוק, גרמנית; 1930-1937, מכתבים מהילדות של אנדריאס, גרמנית; 1935-1937, מכתבים שונימ- 28.11.1935 מכתב אל דודה גרטה Tante Grete; חלק מגלויה; 01.1938 העתק של דף יומן של אנדריאס בחודש הראשון שהגיע לפלשתינה; 1928-1957, התכתבות שונות; 1935, התכתבות בין בריטה לאנדריאס מאיר Britta und Andreas חלק בגרמניה וחלק מגרמניה לפלשתינה, גרמנית, כתב יד; 1928-1929, מכתבים אל אנדריאס מאמו גרטרוד. אנדריאס היה במחנה קיץ בדרום גרמניה Ferienkolonie Köhlbrand, גרמנית, מודפס וכתב יד; 1955-1957, התכתבות של אנדריאס עם חברים וקרובי משפחה ובעניינים עסקים. בין היתר מכירת דוכן הירי, קניות חלקי חלוף; 17.02.2006, ברכת יום הולדת לאנדריאס מאת סשה בליצבלאו Sascha Blitzblau, גרמנית, מודפס; בלי תאריך, מכתב + כרטיס ביקור של גדעון גרייף מיד ושם בקשר לספר על יקים, גרמנית.	German|גרמנית		Unknown	מכתב|Letter|גלויה|Postcard|כרטיס ביקור|Business Card	Andreas Meyer	EgoDocument
IL-MTFN-001-G-F-0030-060-R0002	IL-MTFN-001-G-F-0030-060	memoir	Draft and Memory Book of Esther Meir	Draft and memory book of Esther Meir née Troper, Hebrew, German, printed; 2007	Entwurf und Erinnerungsbuch von Esther Meir, geborene Troper, Hebräisch, Deutsch, gedruckt; 2007	טיוטה וספר זיכרונות של אסתר מאיר לבית טרופר, עברית, גרמנית, מודפס; 2007	Hebrew|German	2007	Print	טיוטה|Draft|ספר זכרונות|Memory Book	אסתר מאיר לבית טרופר	EgoDocument
IL-MTFN-001-G-F-0030-060-R0005	IL-MTFN-001-G-F-0030-060	memoir	Letter from Laura to Esther and Andreas	Letter from Laura to Esther and Andreas after she read Esther's memories, German, typewritten.	Brief von Laura an Esther und Andreas, nachdem sie die Erinnerungen von Esther gelesen hatte, Deutsch, maschinengeschrieben.	מכתב מאת לורה אל אסתר ואנדראס אחרי שהיה קראה את הזיכרונות של אסתר, גרמנית, מודפס.	German		Typewritten	מכתב|Letter		Communication Document
IL-MTFN-001-G-F-0030-061-R0001	IL-MTFN-001-G-F-0030-061	memoir	"Backup Disks of ""Memories of Andreas Meyer"""	"2007, Backup disks of the book ""Memories of Andreas Meyer"" in German and Hebrew, with 2 reels to the Holy Land;"	"2007, Sicherungsdisks des Buches ""Erinnerungen von Andreas Meyer"" auf Deutsch und Hebräisch, mit 2 Rollen ins Heilige Land;"	"2007, דיסקים גיבוי של הספר ""זיכרונות של אנדריאס מאייר"" בגרמנית ועברית, עם 2 גלגלים לארץ הקודש;"	Hebrew|German	2007	Unknown	לא מזוהה		EgoDocument
IL-MTFN-001-G-F-0030-061-R0002	IL-MTFN-001-G-F-0030-061	correspondence,memoir	Correspondence between Andreas and Michal Peretz	2008, correspondence between Andreas and Michal Peretz regarding the book 'Memories';	2008, Korrespondenz zwischen Andreas und Michal Peretz in Bezug auf das Buch 'Erinnerungen';	"2008, התכתבות בין אנדריאס לבין מיכל פרץ בקשר לספר ""זיכרונות"";"	Unspecified	2008	Unknown	מכתב|Letter		Communication Document
IL-MTFN-001-G-F-0030-061-R0004	IL-MTFN-001-G-F-0030-061	correspondence,memoir	Correspondence on Book Design	"2008, Correspondence between Andreas Meyer and Ziva Dotan regarding the design of the book ""Memories"", Hebrew;"	"2008, Korrespondenz zwischen Andreas Meyer und Ziva Dotan bezüglich des Designs des Buches ""Erinnerungen"", Hebräisch;"	"2008, התכתבות בין אנדריאס מאייר לבים זיוה דותן בקשר לעיצוב הספר ""זכרונות"", עברית;"	Hebrew	2008	Unknown	מכתב|Letter		Communication Document
IL-MTFN-001-G-F-0030-061-R0005	IL-MTFN-001-G-F-0030-061	memoir	Correspondence of Andreas Meyer regarding a memory book	2008, correspondence of Andreas Meyer with various people regarding a memory book. Among others: Yossi Feldman (Council for the Preservation of Heritage Sites in Israel), Klaus Karpel.	2008, Korrespondenz von Andreas Meyer mit verschiedenen Personen in Bezug auf ein Erinnerungsbuch. Unter anderem: Yossi Feldman (Rat zur Erhaltung von Kulturerbestätten in Israel), Klaus Karpel.	2008, התכתבות של אנדריאס מאייר עם אנשים שונים בקשר לספר זכרונות. בין היתר: יוסי פלדמן (מועצה לשימור אתרי מורשת בישראל), קלאוס קרפל.	Hebrew|German	2008	Unknown	מכתב|Letter	Andreas Meyer	Communication Document
IL-MTFN-001-G-F-0036-001-R0001	IL-MTFN-001-G-F-0036-001	correspondence	Correspondence with Daughter	Correspondence with the daughter who wants or does not want to send material;	Korrespondenz mit der Tochter, die Material senden möchte oder nicht;	התכתבות עם הבת שרוצה או לא לשלוח חומר;	Unspecified		Unknown	מכתב|Letter		Communication Document
IL-MTFN-001-G-F-0041-003-R0001	IL-MTFN-001-G-F-0041-003	diary	Commercial Diary of Bernhard Blumenthal	1879-1888 Commercial diary of Bernhard Blumenthal in the form of business letters in German, English, and Dutch; printing of the diary pages in German and English. The printing was done by Mrs. Elisheva Schenfeld.	1879-1888 Geschäftstagebuch von Bernhard Blumenthal in Form von Geschäftsbriefen in den Sprachen Deutsch, Englisch und Niederländisch; Druck der Tagebuchseiten in Deutsch und Englisch. Der Druck wurde von Frau Elisheva Schenfeld durchgeführt.	"1879-1888 יומן מסחרי של ברנהרד בלומנטל בצורת מכתבים עסקיים בשפות גרמנית, אנגלית, והולנדית; הדפסה של דפי היומן בגרמנית ואנגלית. ההדפסה נעשתה ע""י גב' אלישבע שנפלד;"	German|English|Other	1879-1888	Typewritten	מכתב|Letter	Bernhard Blumenthal	EgoDocument
IL-MTFN-001-G-F-0042-001-R0006	IL-MTFN-001-G-F-0042-001	correspondence	Correspondence between Mariana Barton and Nili Davidson	Correspondence between Mariana Barton and Nili Davidson; Museum archive, 1999, Hebrew.	Korrespondenz zwischen Mariana Barton und Nili Davidson; Museumsarchiv, 1999, Hebräisch.	התכתבות בין מריאנה ברטון ונילי דוידסון ;ארכיון המוזיאון, 1999, עברית.	Hebrew	1999	Unknown	מכתב|Letter		Communication Document
IL-MTFN-001-G-F-0044-004-R0001	IL-MTFN-001-G-F-0044-004	correspondence	Correspondence on Apartment Rental at Yarkon Street	1979-1981, Tel Aviv, correspondence between Gerda Luft and Gliksman regarding the rental of an apartment at 226 Yarkon Street, Attorney Ernst W. Klimowski is handling the case, Hebrew;	1979-1981, Tel Aviv, Korrespondenz zwischen Gerda Luft und Gliksman bezüglich der Miete einer Wohnung in der Yarkon-Straße 226, Anwalt Ernst W. Klimowski bearbeitet den Fall, Hebräisch;	"1979-1981, תל אביב, התכתבות בין גרדה לופט לבין גליקסמן בקשר לשכירות של דירה ברחוב הירקון 226, עו""ד ארנסט ו. קלימובסקי מטפל בתיק, עברית;"	Hebrew	1979	Unknown	מכתב|Letter		Communication Document
IL-MTFN-001-G-F-0044-004-R0004	IL-MTFN-001-G-F-0044-004	hometown,visit	"Manuscript of ""Return to the Unknown Homeland"""	"Without date, manuscript of the book ""Return to the Unknown Homeland"", 133 pages, Hebrew, printed;"	"Ohne Datum, Manuskript des Buches ""Heimkehr ins unbekannte Heimat"", Seiten 133, Hebräisch, gedruckt;"	"בלי תאריך, מנוסקריפט של הספר ""שיבה למולדת הבלתי נודעת"" שמו בגרמנית Heimkehr ins unbekannte, דפים 133, עברית, מודפס;"	Hebrew		Print	ספר|Book		Creative Fiction
IL-MTFN-001-G-F-0044-005-R0001	IL-MTFN-001-G-F-0044-005	hometown,memoir,visit	Frühling am Landgraben Manuscript	Manuscript of the book Frühling am Landgraben, Spring in the Village Canal, 377 pages, memories of Gerda Luft starting in her hometown Königsberg, study period in Berlin, trip to Palestine, Arlosoroff, life with Luft and ending in 1980, German, printed	Manuskript des Buches Frühling am Landgraben, 377 Seiten, Erinnerungen von Gerda Luft, die in ihrer Heimatstadt Königsberg beginnen, Studienzeit in Berlin, Reise nach Palästina, Arlosoroff, Leben mit Luft und endet 1980, Deutsch, gedruckt	מנוסקריפט של ספר Frühling am Landgraben, אביב בתעלת הכפר, 377 עמודים, זיכרונות של גרדה לופט שמתחילים בעיר מולדתה קניגסברג, תקופת הלימודים בברלין, נסיע לפלשתינה, ארלוזורוב, החיים ים לופט ומסתיים ב 1980, גרמנית, מודפס	German		Print	ספר|Book	Gerda Luft	Creative Nonfiction
IL-MTFN-001-G-F-0044-006-R0001	IL-MTFN-001-G-F-0044-006	memoir	Memories of Gerda Luft	Memories of Gerda Luft in English, from the early years until her arrival in Berlin, 37 pages, along with printed draft pages, English.	Erinnerungen von Gerda Luft auf Englisch, von den ersten Jahren bis zu ihrer Ankunft in Berlin, 37 Seiten, zusammen mit gedruckten Entwurfsseiten, Englisch.	זכרונות של גרדה לופט באנגלית, משנים ראשונות עד להגעתה לברלין, 37 דפים, יחד עם דפי טיוטה מודפס, אנגלית.	English		Typewritten	רשימות|Personal Notes	Gerda Luft	EgoDocument
IL-MTFN-001-G-F-0044-007-R0007	IL-MTFN-001-G-F-0044-007	visit	Letter from Gerda Luft to her husband, 1928	1928, Letter from Gerda Luft to her husband from her lecture tour, Hebrew, Handwritten;	1928, Brief von Gerda Luft an ihren Ehemann von ihrer Vortragsreise, Hebräisch, Handschrift;	1928, מכתב מאת גרדה לופט אל בעלה ממסעה הרצאות, עברית, כתב יד;	Hebrew	1928	Handwritten	מכתב|Letter	Gerda Luft	Communication Document
IL-MTFN-001-G-F-0044-007-R0020	IL-MTFN-001-G-F-0044-007	diary	Business Diary of Gerda Luft	1964-1965; Business diary with information about Gerda Luft;	1964-1965; Geschäftstagebuch mit Informationen über Gerda Luft;	1964-1965; ביזנס דייארי עם מידע על גרדה לופט;	Unspecified	1964-1965	Unknown	יומן|Diary	Gerda Luft	EgoDocument
IL-MTFN-001-G-F-0044-009-R0007	IL-MTFN-001-G-F-0044-009	diary,memoir	Article by Gerda Luft on Arthur Ruppin	1986, MB, article by Gerda Luft Arthur Ruppin; Diaries, Letters, Memories German.	1986, MB, Artikel von Gerda Luft Arthur Ruppin; Tagebücher, Briefe, Erinnerungen Deutsch.	1986, MB, כתבה מאת גרדה לופט Arthur Ruppin; Tagebücher, Briefe, Erinnerungen גרמנית.	German|גרמנית		Print	מאמר|Article	Arthur Ruppin	Communication Document
IL-MTFN-001-G-F-0044-009-R0022	IL-MTFN-001-G-F-0044-009	visit	Card to Dr. W. Goldberg from Friends of the Deceased	Card 'On behalf of the Friends of the Deceased' to Dr. W. Goldberg, Tarshish Publishing House, Jerusalem Rehavia, Radak Street 20.	Karte 'Im Namen des Freundeskreises der Verstorbenen' an Dr. W. Goldberg, Tarschisch Buchverlag, Jerusalem Rechavia, Radak Straße 20.	"כרטיס 'מטעם חוג ידידי המנוחה' אל דר. וו. גולדברג, הוצאת ספרי תרשיש, ירושלים רחביה, רחוב רד""ק 20."	Hebrew		Unknown	כרטיס|Ticket|Card	Dr. W. Goldberg	Ephemera
IL-MTFN-001-G-F-0044-014-R0002	IL-MTFN-001-G-F-0044-014	diary	Diary of Itzhak Shapiro, 1950	1950, Diary of Itzhak Shapiro, unclear what is written about, statistics, settlement;	1950, Tagebuch von Itzhak Shapiro, unklar worüber geschrieben, Statistiken, Siedlung;	1950, יומנו של יצחק שפירו Itzhak Shapiro, לא ברור על מה כתוב, סטטיסטיקות, התיישבות;	Hebrew	1950	Unknown	יומן|Diary	Itzhak Shapiro	EgoDocument
IL-MTFN-001-G-F-0045-001-R0002	IL-MTFN-001-G-F-0045-001	visit	Article on Rudi Dayan's Visit to Munich	Photograph of an article that appeared in a Munich newspaper, telling about Rudi Dayan's visit to Munich and Rudi Dayan's proposal to build a monument for the synagogue.	Foto eines Artikels, der in einer Münchner Zeitung erschienen ist, in dem über den Besuch von Rudi Dayan in München und Rudi Dayans Vorschlag zum Bau eines Denkmals für die Synagoge berichtet wird.	צילום מאמר שהופיע בעיתון במינכן בו מסופר על הביקור של רודי דיין במינכן והצעה של רודי דיין לבניית אנדרטה לבית הכנסת.	German		Print	גזיר עיתון|News Clipping	Rudi Dayan	Communication Document
IL-MTFN-001-G-F-0047-021-R0005	IL-MTFN-001-G-F-0047-021	visit	Copy of a Letter to His Wife	Copy of a letter to his wife who is planning to visit him. In the letter, he instructs her on her way. September 6, 1925.	Kopie eines Briefes an seine Frau, die plant, ihn zu besuchen. Im Brief weist er sie auf ihrem Weg an. 6. September 1925.	עותק מכתב לרעיתו מתכוננת לבקרו, במכתב הוא מנחה אותה בדרכה. 6 לספטמבר 1925.	Hebrew	1925-09-06	Unknown	מכתב|Letter		Communication Document
IL-MTFN-001-G-F-0047-022-R0001	IL-MTFN-001-G-F-0047-022	diary	Diary of Alfred Landsberg, 1898	Diary from 1898 with notes written in pencil. Alfred Landsberg, 11 years old.	Tagebuch aus dem Jahr 1898 mit in Bleistift geschriebenen Notizen. Alfred Landsberg, 11 Jahre alt.	יומן משנת 1898 עם רשימות כתובות בעיפרון. אלפרד לנדסברג בן 11 שנים.	Hebrew	1898	Handwritten	יומן|Diary	Alfred Landsberg	EgoDocument
IL-MTFN-001-G-F-0047-022-R0002	IL-MTFN-001-G-F-0047-022	diary	Diary from 1901-1902	Diary from the years 1901-1902, the entries are in ink. Many notes on artistic events, several drawings in pencil and ink.	Tagebuch aus den Jahren 1901-1902, die Einträge sind in Tinte. Viele Notizen über künstlerische Ereignisse, einige Zeichnungen in Bleistift und Tinte.	יומן מהשנים 1901-1902, הרישום בו בדיו. הרבה רשימות על אירועים אמנותיים, מספר איורים בעיפרון ובדיו.	Hebrew	1901	Handwritten	יומן|Diary		EgoDocument
IL-MTFN-001-G-F-0047-022-R0003	IL-MTFN-001-G-F-0047-022	diary	Summary Translation of Diary by Carla Wolf	Attached to the diary is a summary translation into Hebrew of parts of the diary that provide a picture of the life of a 14/15-year-old boy in a Jewish bourgeois family in a large city. The translation was written by Carla Wolf.	Dem Tagebuch ist eine Zusammenfassung der Übersetzung ins Hebräische von Teilen des Tagebuchs beigefügt, die ein Bild vom Leben eines 14/15-jährigen Jungen in einer jüdischen bürgerlichen Familie in einer großen Stadt geben. Die Übersetzung wurde von Carla Wolf geschrieben.	"ליומן מצורף סיכום תרגום לעברית של חלקים מתוך היומן אשר נותנים תמונה על חייו של נער בן 14/15, במשפחה יהודית בורגנית בעיר גדולה. התרגום נכתב ע""י קרלה וולף."	Hebrew		Unknown	מסמך מתורגם|Translated Document		EgoDocument
IL-MTFN-001-G-F-0047-022-R0004	IL-MTFN-001-G-F-0047-022	diary	Diary from 1905-1906	Diary from the years 1905-1906 written in ink in shorthand script.	Tagebuch aus den Jahren 1905-1906, geschrieben in Tinte in stenografischer Schrift.	יומן מהשנים 1905-1906 כתוב בדיו בכתב סטנוגרפי.	Unspecified	1905	Handwritten	יומן|Diary		EgoDocument
IL-MTFN-001-G-F-0047-026-R0004	IL-MTFN-001-G-F-0047-026	visit	Letters from Peter Frank to Otto and Leoni	Letters from Peter Frank to his uncle Otto and sister Leoni regarding financial claims from companies that acquired the family's property in the Third Reich at prices that did not match the property's value. From the letters, it can be understood that there are disagreements between the siblings and the uncle, who lives in the USA. End of 1948.	Briefe von Peter Frank an seinen Onkel Otto und seine Schwester Leoni über finanzielle Ansprüche gegenüber den Unternehmen, die das Familienvermögen im Dritten Reich zu unangemessenen Preisen erworben haben. Aus den Briefen geht hervor, dass es Meinungsverschiedenheiten zwischen den Geschwistern und dem Onkel, der in den USA lebt, gibt. Ende 1948.	"מכתבים של פטר פרנק אל דודו אוט ואחותו לאוני בנושא תביעות כספיות מהחברות שרכשו את רכוש המשפחה ברייך השלישי במחירים שלא הלמו את ערך הרכוש. מתוך המכתבים ניתן להבין שישנן חילוקי דעות בין האחים לבין הדוד, שחי בארה""ב. סוף 1948."	Hebrew|German	1948	Unknown	מכתב|Letter	Peter Frank	Communication Document
IL-MTFN-001-G-F-0047-027-R0001	IL-MTFN-001-G-F-0047-027	correspondence	Correspondence between Leoni Frank-Landsberg and the Central Zionist Archive	Correspondence between Leoni Frank-Landsberg and the Central Zionist Archive; Dr. Alex Bein, Dr. I. Klausner, regarding the deposit of her letters and photos in the archive. German and Hebrew, 1950s and 1960s. In several letters written by Leoni to the archive, it can be inferred that she was dissatisfied with their handling and demanded the return of the deposit.	Korrespondenz zwischen Leoni Frank-Landsberg und dem Zentralen Zionistischen Archiv; Dr. Alex Bein, Dr. I. Klausner, über die Hinterlegung ihrer Briefe und Fotos im Archiv. Deutsch und Hebräisch, 1950er und 1960er Jahre. In mehreren Briefen, die Leoni an das Archiv schreibt, kann man schließen, dass sie mit deren Behandlung unzufrieden war und die Rückgabe der Hinterlegung forderte.	"התכתבות בין לאוני פרנק-לנדסברג והארכיון הציוני המרכזי; ד""ר אלכס ביין Dr. Alex Bein, ד""ר ישראל קלאוזנר Dr. I. Klausner, בנושא הפקדת המכתבים והתמונות שברשותה בארכיון. גרמנית ועברית, שנות ה-50 וה-60 למאה ה-20. במספר מכתבים, שכותבת לאוני אל הארכיון ניתן להסיק שלא היתה מרוצה מהטיפול שלהם ושדרשה את ההפקדה בחזרה."	German|Hebrew		Unknown	מכתב|Letter	Leoni Frank-Landsberg	Communication Document
IL-MTFN-001-G-F-0047-027-R0006	IL-MTFN-001-G-F-0047-027	visit	Letters to Leoni from Dr. Ernst W. Kalimowsky	Two letters to Leoni from her lawyer, Dr. Ernst W. Kalimowsky, in which he informs her about his efforts to return to her what she deposited in the Zionist archive, as she requested back in 1959. Hebrew, 1973.	Zwei Briefe an Leoni von ihrem Anwalt, Dr. Ernst W. Kalimowsky, in denen er sie über seine Bemühungen informiert, ihr das zurückzugeben, was sie im zionistischen Archiv hinterlegt hat, wie sie bereits 1959 beantragt hatte. Hebräisch, 1973.	"שני מכתבים אל לאוני מאת עו""ד שלה, ד""ר ארנסט ו. קלימובסקי Dr. Ernst W. Kalimowsky בהם הוא מיידע אותה על מאמציו להחזיר לה את שהפקידה בארכיון הציוני, כפי שבקשה כבר בשנת 1959. עברית, 1973."	Hebrew	1973	Unknown	מכתב|Letter	Dr. Ernst W. Kalimowsky	Communication Document
IL-MTFN-001-G-F-0047-027-R0007	IL-MTFN-001-G-F-0047-027	papers	Letter from Dr. Michael Heimann to Chava Pelz	Letter to Chava Pelz (daughter of Leoni and Alfred Landsberg) from Dr. Michael Heimann; Director of the Central Zionist Archives in Jerusalem, in which he asks the daughter to transfer the remaining materials from her parents' estate to the archive. Hebrew, 1982.	Brief an Chava Pelz (Tochter von Leoni und Alfred Landsberg) von Dr. Michael Heimann; Direktor des Zentralen Zionistischen Archivs in Jerusalem, in dem er die Tochter bittet, das restliche Material aus dem Nachlass ihrer Eltern an das Archiv zu übergeben. Hebräisch, 1982.	"מכתב אל חוה פלץ (בתם של לאוני ואלפרד לנדסברג) מאת ד""ר מיכאל היימן Dr. Michael Heimann; מנהל הארכיון הציוני המרכזי בירושלים, בו הוא מבקש מהבת להעביר לארכיון את יתר החומרים מעזבון הוריה. עברית, 1982."	Hebrew	1982	Typewritten	מכתב|Letter	Chava Pelz	Communication Document
IL-MTFN-001-G-F-0047-029-R0011	IL-MTFN-001-G-F-0047-029	visit	Home Visits in Transit Camps in the 1950s	Home visits in the transit camps and exposure to the customs and habits of the immigrants in the 1950s of the 20th century.	Hausbesuche in den Übergangslagern und Einblicke in die Bräuche und Gewohnheiten der Einwanderer in den 1950er Jahren des 20. Jahrhunderts.	ביקורי בית במעברות והחשפות למנהגים והרגלים של העולים בשנות ה-50 למאה ה-20.	Hebrew		Unknown	Report		Report
IL-MTFN-001-G-F-0047-032-R0001	IL-MTFN-001-G-F-0047-032	hometown,memoir,visit	Hölengeschlecht by Alfred Landsberg	"A play, written by Alfred Landsberg, titled Hölengeschlecht ""Race/Cave People"". The play has 8 acts (act 5 is missing). Content: Josef, the Jewish boy who came to Palestine from Germany, takes part in the founding of a kibbutz on the shore of the Sea of Galilee. In WWII, he fights alongside the British against the Germans. He befriends an English soldier, William, a devout Catholic. At the end of the war, he visits his hometown in Germany and returns to the kibbutz where he fights in the underground against the British, is accidentally shot by a friend, and dies. The play incorporates memories of the Holocaust and his family, who perished. 36 pages, German, no date specified, typewritten."	"Ein Stück, geschrieben von Alfred Landsberg, mit dem Titel Hölengeschlecht ""Rasse/Höhlenmenschen"". Das Stück hat 8 Akte (Akt 5 fehlt). Zum Inhalt: Josef, der jüdische Junge, der aus Deutschland nach Palästina kam, beteiligt sich an der Gründung eines Kibbuz am Ufer des Sees Genezareth. Im Zweiten Weltkrieg kämpft er an der Seite der Briten gegen die Deutschen. Er freundet sich mit einem englischen Soldaten, William, einem strenggläubigen Katholiken, an. Am Ende des Krieges besucht er seine Heimatstadt in Deutschland und kehrt in den Kibbuz zurück, wo er im Untergrund gegen die Briten kämpft, versehentlich von einem Freund erschossen wird und stirbt. Das Stück enthält Erinnerungen an den Holocaust und seine Familie, die umgekommen ist. 36 Seiten, Deutsch, kein Datum angegeben, Druck."	"מחזה, כתב אלפרד לנדסברג,עם הכותרת Hölengeschlecht ""גזע/אנשי המערות"". למחזה 8 מערכות (מערכה 5 חסרה). לתוכן: יוסף, הנער היהודי שהגיע לפלשתינה מגרמניה, לוקח חלק ביסודו של קיבוץ על שפת הכנרת. במלח""ע II הוא נלחם לצד הבריטים נלחם בגרמנים. מתחבר אל חייל אנגלי, ויליאם, נוצרי קתולי אדוק. בסוף המלחמה הוא מבקר בעיר הולדתו בגרמניה וחוזר לקיבוץ שם הוא נלחם במחתרת נגד הבריטים, נורה בשגגה מידי חבר ומת. במחזה משולבים זכרונות מהשואה וממשפחתו, שנספתה. 36 עמודים, גרמנית, ללא ציון תאריך, הדפסה."	German		Typewritten	מחזה|Play	Alfred Landsberg	Creative Fiction
IL-MTFN-001-G-F-0047-037-R0006	IL-MTFN-001-G-F-0047-037	visit	Competition Announcement Form for Shmaryahu Levin House	Competition announcement form, distributed by the committee for the establishment of the Shmaryahu Levin House in Kfar Shmaryahu. The committee announces a competition among the plan submitters. The form details the competition conditions, the composition of the judges, the prize amount, and more. Rassco Company is the address for further information or proposals. Hebrew typewritten 1938.	Wettbewerbsankündigungsformular, herausgegeben vom Komitee zur Errichtung des Shmaryahu Levin Hauses in Kfar Shmaryahu. Das Komitee kündigt einen Wettbewerb unter den Einreichern der Pläne an. Das Formular enthält die Wettbewerbsbedingungen, die Zusammensetzung der Jury, die Höhe des Preises und mehr. Die Firma Rassco ist die Adresse für weitere Informationen oder Vorschläge. Hebräisch Maschinenschrift 1938.	טופס הכרזת התחרות, שמפיץ הועד להקמת בית שמריהו לוין בכפר שמריהו. הועד מכריז על תחרות בין מגישי התוכניות. בטופס מפורטים תנאי התחרות, הרכב השופטים, גובה הפרס, ועוד. חברת רסקו היא הכתובת לקבלת פרטים נוספים או הצעות. עברית הדפסה 1938.	Hebrew	1938	Typewritten	טופס|Form		Organization Papertrail
IL-MTFN-001-G-F-0047-039-R0003	IL-MTFN-001-G-F-0047-039	visit	Critical Article on Bialik Bureau by Dr. Landsberg	Critical article about the Bialik Bureau, Tel Aviv, written by Dr. Landsberg. Hebrew, typewritten, 4 pages (2 copies), no date.	Kritischer Artikel über das Bialik-Büro, Tel Aviv, geschrieben von Dr. Landsberg. Hebräisch, Maschinenschrift, 4 Seiten (2 Kopien), ohne Datum.	"מאמר ביקורתי על לשכת ביאליק, תל אביב, שכותב ד""ר לנדסברג. עברית הדפסה 4 עמודים (2 עותקים), ללא תאריך."	Hebrew		Typewritten	מאמר|Article		Creative Nonfiction
IL-MTFN-001-G-F-0047-039-R0005	IL-MTFN-001-G-F-0047-039	correspondence	Correspondence between Leoni Landsberg and Various Individuals	Correspondence between Leoni Landsberg; Frank with various individuals regarding issues faced by her brother Kurt Frank and his fiancée staying in London. Among the correspondents is also Martin Rosenblüth, the brother of Pinchas Rosen. German, typewritten and handwritten, 1938.	Korrespondenz zwischen Leoni Landsberg; Frank mit verschiedenen Persönlichkeiten im Zusammenhang mit Problemen, die ihr Bruder Kurt Frank und seine Verlobte haben, die in London verweilen. Unter den Korrespondenten ist auch Martin Rosenblüth, der Bruder von Pinchas Rosen. Deutsch, Schreibmaschine und Handschrift, 1938.	התכתבות בין לאוני לנדסברג;פרנק עם אישים שונים בקשר עם בעיות שיש לאחיה קורט פרנק וארוסתו ששוהים בלונדון. בין המכותבים גם מרטין רוזנבליט Martin Rosenblüth, אחיו של פנחס רוזן. גרמנית, הדפסה וכתב יד, 1938.	German|Hebrew	1938	Unknown	מכתב|Letter	Leoni Landsberg	Communication Document
IL-MTFN-001-G-F-0047-039-R0006	IL-MTFN-001-G-F-0047-039	correspondence	Correspondence on the Rescue of Dvir Publishing	"Correspondence between Alfred Landsberg, Zalman Schocken, Georg Landauer, Shemaryahu Levin, Leoni Landsberg-Frank, Kurt Blumenfeld. Subject of the correspondence: Rescue of the publishing house ""Dvir"" in Palestine owned by Shemaryahu Levin and Zalman Schocken. German, typewritten and handwritten, 1931."	"Korrespondenz zwischen Alfred Landsberg, Salman Schocken, Georg Landauer, Shemaryahu Levin, Leoni Landsberg-Frank, Kurt Blumenfeld. Thema der Korrespondenz: Rettung des Verlags ""Dvir"" in Palästina im Besitz von Shemaryahu Levin und Salman Schocken. Deutsch, Maschinenschrift und Handschrift, 1931."	"התכתבות בין אלפרד לנדסברג, זלמן שוקן, גיאורג לנדאואר, שמריהו לוין, לאוני לנדסברג-פרנק, קורט בלומנפלד. נושא התכתובת: הצלת ההוצאה לאור ""דביר"" בפלשתינה שבבעלות שמריהו לוין וזלמן שוקן. גרמנית, הדפסה וכתב יד, 1931."	German	1931	Unknown	מכתב|Letter		Communication Document
IL-MTFN-001-G-F-0047-045-R0008	IL-MTFN-001-G-F-0047-045	visit	Postcard from Arthur Ruppin to the Landsberg couple	Postcard with greetings written by Arthur Ruppin to the Landsberg couple, from a trip in Baalbek, Lebanon. 1936.	Postkarte mit Gruß von Arthur Ruppin an das Ehepaar Landsberg, von einer Reise in Baalbek, Libanon. 1936.	"גלויה עם ד""ש שכתב ארתור רופין אל הזוג לנדסברג, מטיול בבעלבק, לבנון. 1936."	Hebrew	1936	Print	גלויה|Postcard	Arthur Ruppin	Communication Document
IL-MTFN-001-G-F-0047-045-R0013	IL-MTFN-001-G-F-0047-045	visit	Letter from Ruppin to Leoni from 'Mariette Pascha'	A letter from Ruppin to Leoni from the ship 'Mariette Pascha', he regrets not reaching her before his departure with his daughter Carmela for recovery in Switzerland. German 1939.	Ein Brief von Ruppin an Leoni vom Schiff 'Mariette Pascha', er bedauert, dass er sie nicht vor seiner Abreise mit seiner Tochter Carmela zur Erholung in die Schweiz erreichen konnte. Deutsch 1939.	"מכתב של רופין אל לאוני מהאוניה ""Mariette Pascha"", הוא מצטער שלא השיג אותה לפני הפלגתו עם בתו כרמלה להבראה לשוייץ. גרמנית 1939."	German	1939	Unknown	מכתב|Letter		Communication Document
IL-MTFN-001-G-F-0047-048-R0008	IL-MTFN-001-G-F-0047-048	visit	Letter from Eliza Marx to Peter and Leonie Frank	Letter to the brothers Peter and Leonie Frank in England (Leonie visiting her brother) from their aunt Eliza Marx; Alice Marx in the USA. German handwriting, 1953.	Brief an die Brüder Peter und Leonie Frank in England (Leonie besucht ihren Bruder) von ihrer Tante Eliza Marx; Alice Marx in den USA. Deutsch Handschrift, 1953.	"מכתב אל האחים פטר ולאוני פרנק באנגליה (לאוני מבקרת את אחיה) מאת דודתם אליזה מרקס; Alice Marx בארה""ב. גרמנית כתב יד, 1953."	German	1953	Handwritten	מכתב|Letter		Communication Document
IL-MTFN-001-G-F-0047-048-R0011	IL-MTFN-001-G-F-0047-048	visit	Letter from Leoni to her daughter Ohe	Copy, letter from Leoni to her daughter Ohe. She addresses her and asks her to receive her father (Alfred) kindly and with understanding when he comes to visit her. Kfar Shmaryahu, German, typewritten, 1945.	Kopie, Brief von Leoni an ihre Tochter Ohe. Sie wendet sich an sie und bittet sie, ihren Vater (Alfred) freundlich und verständnisvoll zu empfangen, wenn er sie besuchen kommt. Kfar Shmaryahu, Deutsch, Maschinenschrift, 1945.	העתק, מכתב של לאוני אל בתה אוה. היא פונה אליה ומבקשת ממנה לקבל את אביה (אלפרד) יפה ובהבנה שיבוא אליה לביקור. כפר שמריהו, גרמנית הדפסה, 1945.	German	1945	Typewritten	מכתב|Letter		Communication Document
IL-MTFN-001-G-F-0047-049-R0001	IL-MTFN-001-G-F-0047-049	visit	Letters of Alfred Landsberg	From the letters of Alfred Landsberg: He lives and works in Hannover in a rented 2-room apartment, everything around is destroyed and gloomy, everything has changed and is strange to him, knowledge of the language helps, he begins to understand the contradictions and changes that have occurred in Germany, he concludes that there are common things between Jews and Germans, he meets wonderful people who are open to what is happening in the world, like the German President Heuss, whose good speech on the occasion of 'Brotherhood Week' he heard on the radio. There is also a not small group of people who are dissatisfied and complain, and their voices are well heard. He regrets that in the country he had to give up many things because he could not afford them, in Germany he can afford more, like clothes. He misses the children, would like to visit but it is still impossible.	Aus den Briefen von Alfred Landsberg: Er lebt und arbeitet in Hannover in einer gemieteten 2-Zimmer-Wohnung, alles um ihn herum ist zerstört und düster, alles hat sich verändert und ist ihm fremd, die Sprachkenntnisse helfen, er beginnt die Widersprüche und Veränderungen in Deutschland zu verstehen, er kommt zu dem Schluss, dass es gemeinsame Dinge zwischen Juden und Deutschen gibt, er trifft wunderbare Menschen, die offen für das Geschehen in der Welt sind, wie den deutschen Präsidenten Heuss, dessen gute Rede anlässlich der 'Woche der Brüderlichkeit' er im Radio hörte. Es gibt auch eine nicht kleine Gruppe von Menschen, die unzufrieden sind und meckern, und ihre Stimmen sind deutlich zu hören. Er bedauert, dass er im Land auf viele Dinge verzichten musste, weil er sie sich nicht leisten konnte, in Deutschland kann er sich mehr leisten, wie zum Beispiel Kleidung. Er vermisst die Kinder, würde sie gerne besuchen, aber das ist noch nicht möglich.	מתוך מכתביו של אלפרד לנדסברג: הוא חי ועובד בהנובר Hannover בדירת 2 חדרים שכורה, מסביב הכל הרוס וקודר, הכל השתנה וזר לו, ידיעת השפה עוזרת, הוא מתחיל להבין את הניגודים והשינויים שחלו בגרמניה, הוא מגיע למסקנה שיש דברים משותפים ליהודים ולגרמנים, פוגש אנשים נהדרים שפתוחים לנעשה בעולם כמו הנשיא הגרמני הויס Heuss, שאת נאומו הטוב לרגל 'שבוע האחווה' שמע ברדיו. ישנה גם קבוצת אנשים לא קטנה שאינה מרוצה ומקטרת ואת קולם שומעים היטב. הוא מצטער שבארץ צריך היה לותר על הרבה דברים כי ידו לא השיגה אותם, בגרמניה הוא יכול להרשות לעצמו יותר כמו למשל בגדים. הוא מתגעגע אל הילדים, היה רוצה לבקר אבל זה עדיין בלתי אפשרי.	German		Handwritten	מכתב|Letter	Alfred Landsberg	EgoDocument
IL-MTFN-001-G-F-0052-001-R0004	IL-MTFN-001-G-F-0052-001	correspondence	Correspondence between soldier and parents	Correspondence between the soldier and his parents 1916-1918.	Korrespondenz zwischen dem Soldaten und seinen Eltern 1916-1918.	1916-1918 התכתבות בין החייל והוריו.	Hebrew	1916	Unknown	מכתב|Letter		Communication Document
IL-MTFN-001-G-F-0053-004-R0002	IL-MTFN-001-G-F-0053-004	hometown	Request for Permission and Protection Letter by Salmen Simon Kahlberg	1814, Nienover, the Jew Salmen Simon Kahlberg, who until now has lived and worked with his father, the Schutzjude Simon Salmen, requests permission to establish a house and livelihood in his hometown Bodenfeld for himself, as well as a protection letter for himself.	1814, Nienover, der Jude Salmen Simon Kahlberg, der bisher bei seinem Vater, dem Schutzjuden Simon Salmen, gelebt und gearbeitet hat, beantragt die Erlaubnis, ein Haus und einen Lebensunterhalt in seiner Geburtsstadt Bodenfeld für sich selbst zu errichten und ebenso einen Schutzbrief für sich selbst.	1814, Nienover, היהודי Salmen Simon Kahlberg, שעד עתה חי ועבד אצל אביו יהודי החסות Schutzjude Simon Salmen מבקש אישור להקים בית ופרנסה בעיר הולדתו Bodenfeld לעצמו וכמו כך מכתב חסות לעצמו.	German|Hebrew	1814	Unknown	Letter	Salmen Simon Kahlberg	Legal Document
IL-MTFN-001-G-F-0054-001-R0002	IL-MTFN-001-G-F-0054-001	diary	Diary of Judah's Grandfather from the 1870/71 War	Diary of Judah's grandfather from the 1870/71 war	Tagebuch von Judas Großvater aus dem Krieg 1870/71	יומן של סבו של יהודה ממלחמת 1870/71;	Hebrew		Unknown	יומן|Diary		EgoDocument
IL-MTFN-001-G-F-0059-001-R0002	IL-MTFN-001-G-F-0059-001	correspondence	Family Correspondence on Dr. A. Barth's Documentation	Correspondence with family members regarding the documentation of Dr. A. Barth	Korrespondenz mit Familienmitgliedern über die Dokumentation von Dr. A. Barth	"התכתבות עם בני המשפחה בנושא תיעודו של דר"" א. בארט"	Hebrew		Unknown	מכתב|Letter	Dr. A. Barth	Communication Document
IL-MTFN-001-G-F-0066-001-R0002	IL-MTFN-001-G-F-0066-001	visit	Articles by Dr. W. Preuss on Organization and Journey in Israel	"Articles written by Dr. W. Preuss on the topics ""Organization"" 1944 ""Journey in Israel 1914"" Motivation and Leadership"	"Artikel geschrieben von Dr. W. Preuss zu den Themen ""Organisation"" 1944 ""Reise in Israel 1914"" Motivation und Führung"	"כתבות שנכתבו ע""י ד""ר ו. פרויס בנושאים ""הסתדרות"" 1944 ""מסע בארץ ישראל 1914"" Motivation and Leadership"	Hebrew|German		Unknown	מאמר|Article	Dr. W. Preuss	Creative Nonfiction
IL-MTFN-001-G-F-0070-002-R0002	IL-MTFN-001-G-F-0070-002	diary,visit	Travel Diary by Ruth Ollendorf	Travel diary written by Ruth Ollendorf during a stay in Europe, mainly in Switzerland; the year is not mentioned, German.	Reisetagebuch geschrieben von Ruth Ollendorf während eines Aufenthalts in Europa, hauptsächlich in der Schweiz; das Jahr wird nicht erwähnt, Deutsch.	יומן נסיעה שכתבה רות אולנדורף משהייה באירופה בעיקר בשוויץ; השנה לא מוזכרת, גרמנית.	German		Handwritten	יומן|Diary	Ruth Ollendorf	EgoDocument
IL-MTFN-001-G-F-0070-004-R0003	IL-MTFN-001-G-F-0070-004	visit	Program and Review of Israeli and Arab Dancers in Europe	Program and review of a group of Israeli and Arab dancers performing in Europe.	Programm und Kritik einer Gruppe israelischer und arabischer Tänzer bei einem Auftritt in Europa.	תכנית וביקורת של קבוצת רקדנים ישראלים והערבים בהופעה באירופה.	Hebrew		Unknown	תכניה|Playbill		Communication Document
IL-MTFN-001-G-F-0070-010-R0002	IL-MTFN-001-G-F-0070-010	memoir	Memorial Booklet for Prof. P. Olendorf	"Booklet in Hebrew in memory of Prof. P. Olendorf ""Collection of Memories and Articles"" without year mentioned."	"Broschüre auf Hebräisch zum Gedenken an Prof. P. Olendorf ""Sammlung von Erinnerungen und Artikeln"" ohne Jahresangabe."	"חוברת בעברית לזכרו של פרופ. פ. אולנדורף ""לקט זכרונות ומאמרים"" ללא ציון השנה."	Hebrew		Print	חוברת|Booklet	Prof. P. Olendorf	Creative Nonfiction
IL-MTFN-001-G-F-0070-010-R0018	IL-MTFN-001-G-F-0070-010	correspondence	Correspondence between Prof. Olendorf and Melani Serbu	Correspondence between Prof. Olendorf and the engineer Melani Serbu, a student of Albert Einstein.	Korrespondenz zwischen Prof. Olendorf und der Ingenieurin Melani Serbu, einer Schülerin von Albert Einstein.	התכתבות בין פרופ' אולנדורף והמהנדסת מלני סרבו תלמידתו של אלברט אינשטיין Melani Serbu.	Hebrew|German		Unknown	מכתב|Letter	Melani Serbu	Communication Document
IL-MTFN-001-G-F-0070-032-R0001	IL-MTFN-001-G-F-0070-032	visit	Certificate for Prof. P. Ollendorff - Rothschild Prize 1973	1973 Certificate given to Prof. P. Ollendorff upon receiving the Rothschild Prize for his contribution to science.	1973 Zertifikat, das Prof. P. Ollendorff bei der Verleihung des Rothschild-Preises für seinen Beitrag zur Wissenschaft verliehen wurde.	1973 תעודה שנתנה לפרופ. פ. אולנדורף עם קבלת פרס רוטשילד על תרומתו למדע.	Hebrew	1973	Unknown	תעודה|Certificate	Prof. P. Ollendorff	Certificate
IL-MTFN-001-G-F-0070-006-R0002	IL-MTFN-001-G-F-0070-006	diary,visit	Travel Diaries 1922	Travel diaries written in 1922; Trip to Thüringen	Reisetagebücher, die 1922 geschrieben wurden; Reise nach Thüringen	יומני נסיעות שכתבה ב-1922; טיול ל-Türingen	Hebrew	1922	Handwritten	יומן|Diary		EgoDocument
IL-MTFN-001-G-F-0070-006-R0004	IL-MTFN-001-G-F-0070-006	diary	Diary on Jerusalem 1940-1944	Diary about Jerusalem 1940-1944	Tagebuch über Jerusalem 1940-1944	יומן על ירושלים 1940-1944	Hebrew	1940	Unknown	יומן|Diary		EgoDocument
IL-MTFN-001-G-F-0070-006-R0005	IL-MTFN-001-G-F-0070-006	diary	Diaries to Hans Malow	Diaries, lines written to a childhood friend in Germany, Hans Malow; was not sure she would see him again	Tagebücher, Zeilen an einen Jugendfreund in Deutschland, Hans Malow, geschrieben; war sich nicht sicher, ob sie ihn wiedersehen würde	יומנים, שורות כתובות לחבר נעורים בגרמניה הנס מאלוב; לא היתה בטוח שתראה אותו שוב	Hebrew|German		Handwritten	יומן|Diary	Hans Malow	EgoDocument
IL-MTFN-001-G-F-0070-006-R0006	IL-MTFN-001-G-F-0070-006	diary	Diaries from Ruth to Edeltraut	2 diaries written by Ruth to her friend Edeltraut	2 Tagebücher, die Ruth ihrer Freundin Edeltraut geschrieben hat	2 יומנים שרות כתבה לחברתה אדלטראוט Edeltraut nan	Hebrew|German		Unknown	יומן|Diary	Edeltraut	EgoDocument
IL-MTFN-001-G-F-0070-009-R0002	IL-MTFN-001-G-F-0070-009	visit	Honorary Awards for Prof. Franz Ollendorff	Honorary awards and words of honor for Prof. Franz Ollendorff	Ehrenpreise und Ehrenworte für Prof. Franz Ollendorff	פרסי כבוד ודברי כבוד לפרופ. פרנץ אולנדורף	Unspecified		Unknown	תעודה|Certificate	פרופ. פרנץ אולנדורף	Certificate
IL-MTFN-001-G-F-0077-001-R0008	IL-MTFN-001-G-F-0077-001	correspondence	Correspondence between Rülf and Reis families	1914-1918, various letters, some military letters Feldpostbriefe, including letters from Hotel Flörsheim in Bad Nauheim, correspondence between the Rülf and Reis families. Handwritten, German;	1914-1918, verschiedene Briefe, teilweise Feldpostbriefe, unter anderem Briefe vom Hotel Flörsheim in Bad Nauheim, Korrespondenz zwischen den Familien Rülf und Reis. Handschriftlich, Deutsch;	1914-1918, מכתבים שונים חלקם מכתבי צבא Feldpostbriefe, בין היתר מכתבים מHotel Flörsheim in Bad Nauheim, התכתבות בין משפחת Rülf und Reis. כתב יד, גרמנית;	German	1914-1918	Handwritten	מכתב|Letter		Communication Document
IL-MTFN-001-G-F-0084-001-R0003	IL-MTFN-001-G-F-0084-001	correspondence	Correspondence with the International Red Cross	Correspondence with the International Red Cross 1940-1942.	Korrespondenz mit dem Internationalen Roten Kreuz 1940-1942.	התכתבות עם הצלב האדום הבינלאומי 1940-1942.	Hebrew|Other	1940	Unknown	מכתב|Letter	International Red Cross	Communication Document
IL-MTFN-001-G-F-0084-001-R0004	IL-MTFN-001-G-F-0084-001	visit	Manuscript by Werner Frank after visiting Eppingen	An English-written manuscript written by Werner Frank after visiting his birthplace Eppingen.	Ein englisch geschriebenes Manuskript, das Werner Frank nach einem Besuch seiner Geburtsstadt Eppingen verfasst hat.	מנוסקריפט כתוב אנגלית שכתב ורנר פרנק אחרי ביקור הולדתו Eppingen.	English		Handwritten	מכתב|Letter	Werner Frank	EgoDocument
IL-MTFN-001-G-F-0091-001-R0002	IL-MTFN-001-G-F-0091-001	memoir	Memory Book of Jenny Wolpe	Memory book of Jenny Wolpe, writing began in 1893. Among other things: writing also in Hebrew from 1898 by A.S. Yehezkel Yehuda; a man from Jerusalem, whose love for her did not succeed. The book is displayed in the museum exhibition.	Erinnerungsbuch von Jenny Wolpe, das Schreiben begann 1893. Unter anderem: Schreiben auch auf Hebräisch ab 1898 von A.S. Jehezkel Jehuda; ein Mann aus Jerusalem, dessen Liebe zu ihr ihm nicht gelang. Das Buch wird in der Museumsausstellung gezeigt.	"ספר זיכרונות של ג'ני וולפה, הכתיבה בו החלה בשנת 1893. בין היתר: כתיבה גם בעברית משנת 1898 ע""י א.ש. יחזקאל יהודה; איש ירושלים, שאהבתו אליה לא צלחה לו. הספר מוצג בתצוגת המוזיאון."	Hebrew|Other	1893	Handwritten	ספר זכרונות|Memory Book	Jenny Wolpe	EgoDocument
IL-MTFN-001-G-F-0093-005-R0001	IL-MTFN-001-G-F-0093-005	correspondence	Correspondence between Hans Bernkopf and Fritz Rosenau	Letters in German from 1928-1935, some typewritten, from the correspondence between friends Hans Bernkopf; Germany and Fritz Rosenau; the letters contain material about the political-social situation in Germany, considerations on where to go, where to complete medical studies, immigration to Palestine and adaptation, philosophy, culture.	Briefe in deutscher Sprache von 1928-1935, teilweise mit Schreibmaschine, aus der Korrespondenz zwischen den Freunden Hans Bernkopf; Deutschland und Fritz Rosenau; die Briefe enthalten Material über die politische und soziale Lage in Deutschland, Überlegungen, wohin man gehen soll, wo man das Medizinstudium abschließen soll, Einwanderung nach Palästina und Anpassung, Philosophie, Kultur.	1928-1935 מכתבים בגרמנית, חלקם במכונת כתיבה, מהתכתבות בין החברים הנס ברנקופף Hans Bernkopf; גרמניה ופרנץ רוזנאו Fritz Rosenau; במכתבים יש חומר על המצב הפוליטי-חברתי בגרמניה, התלבטויות לאן לפנות, היכן ךסיים לימודי רפואה, עליה לפלסטינה וההתאקלמות, פילוסופיה, תרבות.	German	1928	Typewritten	מכתב|Letter	Hans Bernkopf|Fritz Rosenau	Communication Document
IL-MTFN-001-G-F-0093-005-R0002	IL-MTFN-001-G-F-0093-005	correspondence	Correspondence with Parents in Germany, 1934	1934 correspondence with the parents who remained in Germany.	1934 Korrespondenz mit den Eltern, die in Deutschland geblieben sind.	1934 התכתבות עם ההורים שנשארו בגרמניה.	Hebrew|German	1934	Unknown	Letter		Communication Document
IL-MTFN-001-G-F-0093-005-R0004	IL-MTFN-001-G-F-0093-005	correspondence	Correspondence with Nir regarding land acquisition	"Correspondence with ""Nir"" ""Transfer"" regarding the acquisition of agricultural land."	"Korrespondenz mit ""Nir"" ""Übertragung"" im Zusammenhang mit dem Erwerb von landwirtschaftlichem Boden."	"התכתבות עם ""ניר"" ""העברה"" בקשר לרכוש אדמה חקלאית."	Hebrew		Unknown	Letter	Nir	Communication Document
IL-MTFN-001-G-F-0093-006-R0005	IL-MTFN-001-G-F-0093-006	visit	Notices to Dr. Hans Branko about Research Award	1935/6 Notices to Dr. Hans Branko regarding the receipt of the research award named after Dr. Oscar Hornik;	1935/6 Mitteilungen an Dr. Hans Branko über die Verleihung des Forschungspreises benannt nach Dr. Oscar Hornik;	"1935/6 הודעות לד""ר הנס ברנקועל קבלת פרס מחקר ע""ש ד""ר אוסקר הורניק;"	Hebrew|German	1935	Unknown	מכתב|Letter	Dr. Hans Branko	Communication Document
IL-MTFN-001-G-F-0093-006-R0006	IL-MTFN-001-G-F-0093-006	visit	Notice to Ellen Brankopf about A. Beck Prize	Notice in the name of Hadassah to the wife of Prof. H. Brankopf, Ellen Brankopf, about the awarding of the A. Beck Prize posthumously.	Mitteilung im Namen von Hadassah an die Frau von Prof. H. Brankopf, Ellen Brankopf, über die Verleihung des Preises zu Ehren von A. Beck posthum.	"הודעה בח""י הדסה לאושתו של פרופ. ה ברנקופף, אלן ברנקופף על מתן פרס ע""ש א. בק אחרי מותו;"	Hebrew		Unknown	Letter	Ellen Brankopf	Communication Document
IL-MTFN-001-G-F-0093-011-R0001	IL-MTFN-001-G-F-0093-011	diary	Diary and Album by Paula Bernkopf	Diary and album managed and written by Paula Bernkopf née Schoss for her son Hans Bernkopf	Tagebuch und Album geführt und geschrieben von Paula Bernkopf geb. Schoss für ihren Sohn Hans Bernkopf	יומן ואלבום שמנהלת וכותבת פאולה ברנקופף לבית שלוס Paula Bernkopf geb. Schoss לבנה הנס ברנקופף nan	Hebrew|German		Unknown	יומן|Diary	Paula Bernkopf	EgoDocument
IL-MTFN-001-G-F-0098-001-R0011	IL-MTFN-001-G-F-0098-001	visit	Notice of Departure from Palestine Office in Paris	Notice of Avat's departure from the Palestine Office in Paris, that her passport has arrived and is being transferred to the Paris police. French, typewritten, December 1946.	Mitteilung über die Abreise von Avat aus dem Palästina-Büro in Paris, dass ihr Pass angekommen ist und an die Pariser Polizei übergeben wird. Französisch, maschinengeschrieben, Dezember 1946.	הודעה לפרידה אבט ממשרד פלשתינה בפריז, שדרכונה הגיע והוא מועבר למשטרת פריז. צרפתית הדפסה, דצמבר 1946.	French	1946-12	Typewritten	מכתב|Letter		Communication Document
IL-MTFN-001-G-F-0103-001-R0002	IL-MTFN-001-G-F-0103-001	diary,visit	Schlangenritual, Ein Reisebericht	1995 book in German written based on the travel diary of Aby Warburg to New Mexico in 1895, the title of the book is Schlangenritual, Ein Reisebericht;	1995 Buch auf Deutsch, basierend auf dem Reisetagebuch von Aby Warburg nach Neu-Mexiko im Jahr 1895, Titel des Buches Schlangenritual, Ein Reisebericht;	1995 ספר בגרמנית שנכתב עפי יומן נסיעה של אבי ורבורג ל Neu Mexico ב-1895 שם הספר Schlangenritual, Ein Reisebericht;	German|גרמנית	1895	Print	ספר|Book	Aby Warburg	Creative Nonfiction
IL-MTFN-001-G-F-0103-001-R0009	IL-MTFN-001-G-F-0103-001	correspondence	Correspondence between Eva Warburg and Bernhard Gelbart	1939-1941, Vilnius, Kaunas, correspondence between Eva Warburg and Bernhard Gelbart, the letters were written in the pool of the Nazis, about the difficulties, about requests to Eva Warburg and about the thanks of the pioneers, German, the letters in handwriting printed by Miriam Poland;	1939-1941, Vilnius, Kaunas, Korrespondenz zwischen Eva Warburg und Bernhard Gelbart, die Briefe wurden im Pool der Nazis geschrieben, über die Schwierigkeiten, über Anfragen an Eva Warburg und über den Dank der Pioniere, Deutsch, die Briefe in Handschrift gedruckt von Miriam Polen;	1939-1941, וילנה, Kaunas, התכתבות בין אווה ורבורג לבין Eva Warburg ברנהרט גלברט Bernhard Gelbart, המכתבים נכתבו בבריכה מהנצים, על הקושי, על בקשות לאווה ורבורג ועל תודות של החלוצים, גרמנית, מהמכתבים בכתב יד מודפסים על ידי מרים פולין;	German|עברית	1939	Handwritten	מכתב|Letter	Eva Warburg	Communication Document
IL-MTFN-001-G-F-0103-002-R0002	IL-MTFN-001-G-F-0103-002	diary	Diary Pages of Charlotte Warburg	Photograph of the original pages from the diary of Charlotte Warburg, née Oppenheimer;	Fotografie der Originalseiten aus dem Tagebuch von Charlotte Warburg, geborene Oppenheimer;	צילום הדפים האורגינלים מתוך יומנה של שרלוטה ורבורג לבית אופנהימר;	Unspecified		Unknown	יומן|Diary	Charlotte Warburg	EgoDocument
IL-MTFN-001-G-F-0103-002-R0003	IL-MTFN-001-G-F-0103-002	diary	Charlotte Warburg's Diary Pages	Printing of Charlotte Warburg's diary pages; the work was done by Mrs. Miriam Polin (2002/2003)	Druck der Tagebuchseiten von Charlotte Warburg; die Arbeit wurde von Frau Miriam Polin durchgeführt (2002/2003)	"הדפסה דפי היומן של שרלוטה ורבורג; העבודה נעשתה ע""י גב. מרים פולין (2002/2003)"	Hebrew	2002-2003	Typewritten	יומן|Diary	Charlotte Warburg	EgoDocument
IL-MTFN-001-G-F-0103-002-R0004	IL-MTFN-001-G-F-0103-002	diary	Original Diary of Charlotte and Max Warburg's Daughter	The original diary is with Mrs. Ohe Inger (Warburg), the daughter of Charlotte and Max Warburg, who lives in Rechovot.	Das Originaltagebuch befindet sich bei Frau Ohe Inger (Warburg), der Tochter von Charlotte und Max Warburg, die in Rechovot lebt.	היומן המקורי המקורי המקורי נמצא אצל גב. אוה אינגר (ורבורג) הבת של שרלוטה ומקס ורבורג חיה ברחובות	Unspecified		Unknown	יומן|Diary	Ohe Inger (Warburg)	EgoDocument
IL-MTFN-001-G-F-0103-004-R0002	IL-MTFN-001-G-F-0103-004	memoir	Photo Album of Eva Warburg's Children	"1938-1935, photo album with ""the children"" of Eva Warburg in various summer activities, mainly trips to Kregme, Jersey, Hochhallee, Fanö. Miriam Polin added her memories of the photos in German."	"1938-1935, Fotoalbum mit ""den Kindern"" von Eva Warburg bei verschiedenen Sommeraktivitäten, hauptsächlich Ausflüge nach Kregme, Jersey, Hochhallee, Fanö. Miriam Polin fügte ihre Erinnerungen an die Fotos auf Deutsch hinzu."	"1938-1935, אלבום תמונות עם ""הילדים"" של אווה ורבורג בפעילויות קיץ שונות בעיקר טיולים ל Kregme, Jersey,Hochhallee, Fanö, מרים פולין הוסיפה את זכרונותיה של התמונות בגרמנית."	German|Hebrew	1935	Visual Element	תצלום|Photograph	Eva Warburg	Image
IL-MTFN-001-G-F-0103-004-R0003	IL-MTFN-001-G-F-0103-004	memoir	Photo Album of Jewish Youth in Sweden, 1942	1942, photo album of Jewish youth in Sweden, Stockholm, who established a factory for wooden toys and decorative items. Miriam Polin recorded the names of the children from her memories and explained the picture. An article about the story was published in Haaretz on Holocaust Remembrance Day in 2017. It is also attached.	1942, Fotoalbum jüdischer Jugendlicher in Schweden, Stockholm, die eine Fabrik für Holzspielzeug und Dekorationsgegenstände gründeten. Miriam Polin schrieb aus ihren Erinnerungen die Namen der Kinder auf und erklärte das Bild. Über die Geschichte wurde am Holocaust-Gedenktag 2017 ein Artikel in Haaretz veröffentlicht. Auch dieser ist beigefügt.	1942, אלבום תמונות של נוער יהודי בשוודיה שטוקהולם שהקימו מפעל לצעצועי עץ ודברי נוי. מרים פולין רשמה מתוך זכרונותיה את שמות הילדים והסבירה את התמונה. על סיפור המעל יצאה כתבה בהארץ ביום השואה ב 2017. גם היא מצורפת.	Hebrew|עברית	1942	Unknown	תצלום|Photograph		Image
IL-MTFN-001-G-F-0104-001-R0005	IL-MTFN-001-G-F-0104-001	memoir	התרשמות הדסה מיהודי 'החלוקה'	Half a page on which Hadassah wrote her impressions of the 'Chalukah' Jews in Safed, Tiberias, and Jerusalem. These Jews live off the Chalukah funds, dependent on the Jews of the diaspora. They do not work the land and have no connection to it. They have neither anxiety nor expectation, they live on memories alone. They draw hope and courage from the farmers, workers, and youth in the land. The exile has turned the Jews into slaves, the land makes them free.	Eine halbe Seite, auf der Hadassah ihre Eindrücke von den 'Chalukah'-Juden in Safed, Tiberias und Jerusalem notiert hat. Diese Juden leben von den Chalukah-Geldern, abhängig von den Juden der Diaspora. Sie arbeiten nicht das Land und haben keine Verbindung dazu. Sie haben weder Angst noch Hoffnung, sie leben nur von Erinnerungen. Hoffnung und Mut schöpfen sie von den Bauern, Arbeitern und der Jugend im Land. Das Exil hat die Juden zu Sklaven gemacht, das Land macht sie frei.	חצי עמוד עליו רשמה הדסה את התרשמותה מיהודי 'החלוקה' בצפת, טבריה וירושלים. יהודים אלה חיים מכספי החלוקה, תלוים ביהודי הגלות. אינם עובדים את אדמת הארץ ואין להם קשר אליה. אין בהם לא חרדה ולא ציפיה, הם חיים על זיכרונות בלבד. את התקווה והאומץ שואבים מהחקלאים, הפועלים והנוער בארץ. הגלות הפכה את היהודים לעבדים, אדמת הארץ הופכת אותם לחופשיים.	Hebrew		Handwritten	רשימות|Personal Notes		EgoDocument
IL-MTFN-001-G-F-0104-001-R0006	IL-MTFN-001-G-F-0104-001	visit	Letter from Grandfather in Safed to Granddaughter Hadassah	Photograph, a letter written by the grandfather in Safed, Israel, Weinstein, to his granddaughter Hadassah. He heard she is planning to travel to Germany, and warns her not to do so and to return to Safed to live with them. Hebrew handwriting, 1914.	Fotografie, ein Brief, den der Großvater in Safed, Israel, Weinstein, an seine Enkelin Hadassah schreibt. Er hat gehört, dass sie plant, nach Deutschland zu reisen, und warnt sie davor, dies zu tun und nach Safed zurückzukehren, um bei ihnen zu leben. Hebräisch Handschrift, 1914.	צילום, מכתב שכותב הסבא בצפת ישראל ויינשטיין לנכדתו, הדסה. הוא שמע שהיא מתכוננת ליסוע לגרמניה, הוא מזהיר אותה לבל תעשה זאת ותחזור לצפת לגור אצלם. עברית כתב יד, 1914.	Hebrew	1914	Handwritten	מכתב|Letter		Communication Document
IL-MTFN-001-G-F-0104-003-R0003	IL-MTFN-001-G-F-0104-003	visit	Discussion on the Difficult Situation in Palestine and Criticism of German Zionists	She writes about the difficult situation in Palestine in general and in Galilee in particular. The Turks are recruiting Jews and sending them to Armenia; who will work in the colonies, the women? Hadassah is politically engaged, Zionist, and critical of the German Zionists, who only talk and argue compared to the Russian Zionists who are actually active in Palestine. She attends Buber's lectures in Berlin and is not always satisfied with his lectures. 1917-1927.	Sie schreibt über die schwierige Lage in Palästina im Allgemeinen und in Galiläa im Besonderen. Die Türken rekrutieren Juden und schicken sie nach Armenien; wer wird in den Kolonien arbeiten, die Frauen? Hadassah ist politisch engagiert, zionistisch und kritisch gegenüber den deutschen Zionisten, die nur reden und diskutieren, im Gegensatz zu den russischen Zionisten, die tatsächlich in Palästina tätig sind. Sie besucht Vorträge von Buber in Berlin und ist nicht immer mit seinen Vorträgen zufrieden. 1917-1927.	היא כותבת על המצב הקשה בפלשתינה בכלל ובגליל בפרט. התורכים מגייסים יהודים ושולחים אותם לארמניה; מי יעבוד במושבות, הנשים? הדסה רתומה פוליטית, ציונית וביקורתית על ציוני גרמניה, שרק מדברים ומתווכחים לעומת ציוני רוסיה שעושים בפועל בפלשתינה. היא מבקרת בהרצאות של בובר בברלין ולא תמיד מרוצה מהרצאותיו. 1917-1927.	Hebrew	1917	Unknown	מכתב|Letter		Communication Document
IL-MTFN-001-G-F-0104-004-R0004	IL-MTFN-001-G-F-0104-004	diary	Diary by Moshe Kalwari after divorce from Hadassah	Notebook/diary written by Moshe Kalwari after the divorce from Hadassah. The writing in the diary is usually addressed to Hadassah, he talks to her. German handwriting, 1925.	Notizbuch/Tagebuch, das Moshe Kalwari nach der Scheidung von Hadassah schrieb. Das Schreiben im Tagebuch richtet sich normalerweise an Hadassah, er spricht mit ihr. Handschrift auf Deutsch, 1925.	"מחברת/יומן שכתב משה קלוורי אחרי הגירושין מהדסה. הכתיבה ביומן מופנית בדר""כ אל הדסה, הוא משוחח איתה. גרמנית כתב יד, 1925."	German	1925	Handwritten	יומן|Diary	Moshe Kalwari	EgoDocument
IL-MTFN-001-G-F-0104-008-R0004	IL-MTFN-001-G-F-0104-008	visit	Letter to Moshe Kalwari from Blau-Weiss Management	A letter to Moshe Kalwari on a sheet of Blau-Weiss, the logo: Die Bundesleitung der Jüdischen Wanderbünde Blau-Weiss. The letter was sent from the organization's management in Berlin, the writer's signature is difficult to decipher. The letter discusses disagreements between Moshe Kalwari and the organization's management. Moshe Kalwari is upset that he is not personally invited to management meetings, to which he is responded with a series of reasons that all share his critical stance towards the organization. Among other things: Kalwari speaks sharply against Walter Moses, he speaks against the organization, he claims that the organization's policy contradicts agreements and more. Berlin, German handwriting, October 1920, 2 pages.	Ein Brief an Mosche Kalwari auf einem Blatt von Blau-Weiss, das Logo: Die Bundesleitung der Jüdischen Wanderbünde Blau-Weiss. Der Brief wurde von der Leitung der Organisation in Berlin gesendet, die Unterschrift des Verfassers ist schwer zu entziffern. Der Brief behandelt Meinungsverschiedenheiten zwischen Mosche Kalwari und der Leitung der Organisation. Mosche Kalwari ist verärgert, dass er nicht persönlich zu den Leitungstreffen eingeladen wird, woraufhin er mit einer Reihe von Gründen konfrontiert wird, die alle seine kritische Haltung gegenüber der Organisation gemeinsam haben. Unter anderem: Kalwari spricht sich scharf gegen Walter Moses aus, er spricht gegen die Organisation, er behauptet, dass die Politik der Organisation den Vereinbarungen widerspricht und mehr. Berlin, Deutsche Handschrift, Oktober 1920, 2 Seiten.	מכתב אל משה קלווארי על דף של הבלאו-וייס, הלוגו: Die Bundesleitung der Jüdischen Wanderbünde Blau-Weiss. המכתב נשלח מהנהלת הארגון בברלין, קשה לפענח את חתימת הכותב. המכתב משטח חילוקי דעות בין משה קלווארי וההנהלת הארגון. משה קלווארי כועס שאינו מוזמן אישית לפגישות ההנהלה על כך הוא נענה בשורה של סיבות שהמשותף להן היא עמדתו הביקורתית של קלוורי כלפי הארגון. בין היתר: קלוורי יוצא בחריפות נגד ולטר מוזס, הוא מדבר בגנות הארגון, הוא טוען שמדיניות הארגון מנוגדת להסכמות ועוד. ברלין, גרמנית כתב יד, אוקטובר 1920, 2 דפים.	German	1920-10	Handwritten	מכתב|Letter	Moshe Kalwari	Communication Document
IL-MTFN-001-G-F-0104-009-R0004	IL-MTFN-001-G-F-0104-009	visit	Gideon's Letter to His Mother	December 11, 1929, Gideon is angry that his mother is not visiting him and threatens that if she does not come, he will not speak to her anymore. He is happy that Hanukkah is approaching and mentions that he has a role in the Hanukkah play.	11. Dezember 1929, Gideon ist wütend, dass seine Mutter ihn nicht besucht und droht, dass er nicht mehr mit ihr sprechen wird, wenn sie nicht kommt. Er freut sich, dass Chanukka näher rückt und erzählt, dass er eine Rolle in der Chanukka-Aufführung hat.	11 לדצמבר 1929, גדעון כועס שאמו אינה מבקרת אותו ומאיים, שאם לו תבוא הוא לא ידבר איתה יותר. הוא שמח, שחנוכה מתקרב ומספר שיש לו תפקיד בהצגת חנוכה.	Hebrew	1929-12-11	Unknown	מכתב|Letter	Gideon	EgoDocument
IL-MTFN-001-G-F-0104-009-R0007	IL-MTFN-001-G-F-0104-009	visit	Letter discussing weather, health, and activities	September 28, 1931, he says that it rained at their place and reads that it already snowed in Germany and asks if it also snowed at her place. He asks if she still has joint pains. Liese Perlmann does not allow him to visit them because of the scarlet fever he contracted. He goes to the cinema, plays with Raphael Margulis. Today they are going to a horse race and maybe to the Dizengoff House Museum to see an exhibition of pictures.	28. September 1931, er sagt, dass es bei ihnen geregnet hat und liest, dass es in Deutschland bereits geschneit hat und fragt, ob es bei ihr auch geschneit hat. Er fragt, ob sie noch Gelenkschmerzen hat. Liese Perlmann erlaubt ihm nicht, sie wegen der Scharlachkrankheit, an der er erkrankt ist, zu besuchen. Er geht ins Kino, spielt mit Raphael Margulis. Heute gehen sie zu einem Pferderennen und vielleicht ins Dizengoff-Hausmuseum, um eine Bildausstellung zu sehen.	28.לספטמבר 1931, מספר שאצלם ירד גשם וקרא שבגרמניה כבר ירד שלג ושואל אם גם אצלה ירד שלג. שואל אם יש לה עדיין כאבי פרקים. ליזה פרלמן Liese Perlmann לא מרשה לו לבקר אצלם בגלל מחלת הסקרלטינה בה חלה. הוא הולך לקולנוע, משחק עם רפאל מרגוליס Magulis. היום הולכים למירוץ סוסים ואולי ילכו למוזיאון בית דיזנגוף לראות תערוכת תמונות.	Hebrew|German	1931-09-28	Unknown	מכתב|Letter	Liese Perlmann	Communication Document
IL-MTFN-001-G-F-0104-010-R0001	IL-MTFN-001-G-F-0104-010	correspondence	Correspondence between Moshe Kalwari and Gideon	Correspondence, translated into Hebrew and typewritten, between Moshe Kalwari and his son Gideon from the years 1926-1938.	Briefwechsel, ins Hebräische übersetzt und gedruckt, zwischen Moshe Kalwari und seinem Sohn Gideon aus den Jahren 1926-1938.	חליפת מכתבים, תורגמו לעברית והודפסו, בין משה קלוורי לבנו גדעון מהשנים 1926-1938.	Hebrew	1926	Typewritten	מכתב|Letter		Communication Document
IL-MTFN-001-G-F-0104-010-R0002	IL-MTFN-001-G-F-0104-010	memoir	זכרונות גדעון קלוורי 1919-2004	Memories of Gideon Kalvari 1919-2004, Hebrew, typewritten.	Erinnerungen von Gideon Kalvari 1919-2004, Hebräisch, Maschinenschrift.	זכרונות גדעון קלוורי 1919-2004, עברית הדפסה.	Hebrew		Typewritten	רשימות|Personal Notes	גדעון קלוורי	EgoDocument
IL-MTFN-001-G-F-0105-001-R0012	IL-MTFN-001-G-F-0105-001	correspondence	Correspondence between Karl and Franziska, 1907	Letters, correspondence between Karl, Mengede, and Franziska, Dortmund, from the year 1907, the year they got engaged and married.	Briefe, Korrespondenz zwischen Karl, Mengede, und Franziska, Dortmund, aus dem Jahr 1907, dem Jahr ihrer Verlobung und Heirat.	מכתבים, התכתבות בין קרל, מנגדה Mengede, ופרנציסקה, דורטמונד, משנת 1907, השנה בה התארסו והתחתנו.	German|Hebrew	1907	Unknown	מכתב|Letter		Communication Document
IL-MTFN-001-G-F-0112-001-R0001	IL-MTFN-001-G-F-0112-001	papers	Porcelain Bowl from Rosa Avat's Estate	Porcelain bowl from the estate of Rosa Avat; see file with documents from the same estate, file no. G.F.0098;	Porzellanschale aus dem Nachlass von Rosa Avat; siehe Akte mit Dokumenten aus demselben Nachlass, Aktennummer G.F.0098;	קערת פורצלן מאותרת / מעיזבון רוזה אבט; ראה תיק עם מסמכים מאותו עיזבון תיק מס. G.F.0098;	Unspecified		Unknown	לא מזוהה	Rosa Avat	Ephemera
IL-MTFN-001-G-F-0113-005-R0001	IL-MTFN-001-G-F-0113-005	diary	Dr. Fritz Wolf's Diary	Almost daily diary of Dr. Fritz Wolf Notes / Diary 1983;1985; 232 pages	Fast tägliches Tagebuch von Dr. Fritz Wolf Aufzeichnungen / Tagebuch 1983;1985; 232 Seiten	יומן כמעט יומי של דר' פריץ וולפ Aufzeichnungen / Tagebuch 1983;1985; 232 עמודים	German	1983	Unknown	יומן|Diary	Dr. Fritz Wolf	EgoDocument
IL-MTFN-001-G-F-0113-006-R0001	IL-MTFN-001-G-F-0113-006	diary	Das letzte Tagebuch	The last diary, 1978, 61 pages.	Das letzte Tagebuch, 1978, 61 Seiten.	Das letzte Tagebuch, 1978, 61 עמודים.	German	1978	Unknown	יומן|Diary		EgoDocument
IL-MTFN-001-G-F-0113-006-R0002	IL-MTFN-001-G-F-0113-006	diary	Unwritten Diary, 1991	Unwritten diary, 1991, 82 pages.	Ungeschriebenes Tagebuch, 1991, 82 Seiten.	Ungeschriebenes Tagebuch, 1991, 82 עמודים.	German	1991	Unknown	יומן|Diary		EgoDocument
IL-MTFN-001-G-F-0113-0063 #2-R0001	IL-MTFN-001-G-F-0113-0063 #2	correspondence	Correspondence between Dr. P.W. and Sonja & Wilherm Krall	Correspondence between Dr. P.W. and Sonja & Wilherm Krall, Düsseldorf 1960;1970	Korrespondenz zwischen Dr. P.W. und Sonja & Wilherm Krall, Düsseldorf 1960;1970	"התכתבות בין ד""ר פ.ו. לבין Sonja & Wilherm Krall, מדיסלדורף 1960;1970"	Hebrew|German	1960	Unknown	מכתב|Letter		Communication Document
IL-MTFN-001-G-F-0113-0063 #2-R0002	IL-MTFN-001-G-F-0113-0063 #2	correspondence	Correspondence between Dr. P.W. and Elsi von Kaltenborn	Correspondence between Dr. P.W. and Elsi von Kaltenborn from Garmischpartenkirchen, 1960;1970	Korrespondenz zwischen Dr. P.W. und Elsi von Kaltenborn aus Garmischpartenkirchen, 1960;1970	"התכתבות בין ד""ר פ.ו. לבית Elsi von Kaltenborn aus Garmischpartenkirchen, 1960;1970"	German	1960	Unknown	מכתב|Letter		Communication Document
IL-MTFN-001-G-F-0113-007-R0002	IL-MTFN-001-G-F-0113-007	correspondence	Intimate Correspondence with Elisheva Cohen	1977;1979 Intimate correspondence with Elisheva Cohen from Nahariya	1977;1979 Intime Korrespondenz mit Elisheva Cohen aus Nahariya	1977;1979 התכתבות אינטימית עם אלישבע כהו מנהריה	Hebrew	1977	Unknown	מכתב|Letter	אלישבע כהו	Communication Document
IL-MTFN-001-G-F-0113-009-R0003	IL-MTFN-001-G-F-0113-009	memoir	Jetzt und früher, damals und einst	Now and before, then and once Translation: now and before, then and once, 233 pages; Memories and thoughts	Jetzt und früher, damals und einst Übersetzung: jetzt und früher, damals und einst, 233 Seiten; Erinnerungen und Gedanken	Jetzt und früher, damals und einst תרגום: עכשיו ולפנים, אז ופעם, 233 עמודים; זכרונות ומחשבות	German|Hebrew		Print	ספר|Book		EgoDocument
IL-MTFN-001-G-F-0113-011-R0001	IL-MTFN-001-G-F-0113-011	diary	Tagebuch des Alters	Diary of Maturity; typewritten in German, approximately 200 pages	Tagebuch des Alters; geschrieben auf einer Schreibmaschine in Deutsch, ungefähr 200 Seiten	Tagebuch des Alters יומן הבגרות ; כתוב במכונת כתיבה בגרמנית, בערך 200 עמודים	German		Typewritten	יומן|Diary		EgoDocument
IL-MTFN-001-G-F-0113-012-R0001	IL-MTFN-001-G-F-0113-012	visit	Hoppla, אנחנו נוסעים לארץ הוויקיטים	Hoppla, we're going to Vikingland; Translation: Hoppla, we're going to Vikingland. Dr. Fritz Wolf writes a travel report to Norway and Germany and dedicates it to his fellow travelers. The trip was in a group with guides. The folder also contains a list of group members. 1989, 121 pages	Hoppla, wir fahren ins Wikingerland; Übersetzung: Hoppla, wir fahren ins Wikingerland. Dr. Fritz Wolf schreibt einen Reisebericht nach Norwegen und Deutschland und widmet ihn seinen Mitreisenden. Die Reise war in einer Gruppe mit Führern. In der Mappe befindet sich auch eine Liste der Gruppenmitglieder. 1989, 121 Seiten	"Hoppla wir fahren ins Wikingerland; תרגום: הופלה, אנחנו נוסעים לארץ הוויקיטים ד""ר פריץ וולף כותב דוח הנסיעות לנורבגיה וגרמניה ומקדיש אותו לחבריו בנסיעה. הנסיעה היתה בקבוצה עם מדריכים. בתיק גם רשימוה של חברי הקבוצה. 1989, 121 עמודים"	Hebrew|German	1989	Typewritten	דוח|Report|רשימה|List	Dr. Fritz Wolf	Report
IL-MTFN-001-G-F-0113-015-R0002	IL-MTFN-001-G-F-0113-015	diary	Peas and Potato Peels Diary	Peas and Potato Peels; Translation: Peas and Potato Peels; the prose is structured as a diary; daily writing; 1993-1994, unnumbered pages, a total of 45 pages counted	Erbsen und Kartoffelschale; Übersetzung: Erbsen und Kartoffelschalen; die Prosa ist als Tagebuch strukturiert; tägliches Schreiben; 1993-1994, unnummerierte Seiten, insgesamt 45 Seiten gezählt	"Erbsen und Kartoffelschale ; תרגום: אפונה וקליפות תפוח אדמה; הפרוזה ערוכה כיומן; כתיבה יום-יומית; 1993-1994 עמודים לא ממוסםרים, נספרו סה""כ 45 עמודים"	Hebrew|German	1993-1994	Typewritten	יומן|Diary		EgoDocument
IL-MTFN-001-G-F-0113-015-R0006	IL-MTFN-001-G-F-0113-015	diary	Thoughts and Events 1986	Thoughts and Events 1986; Translation: Thoughts and Events 1986 Biographical notes in diary form 1986, pages 104	Gedanken und Ereignisse 1986; Übersetzung: Gedanken und Ereignisse 1986 Biographische Notizen in Tagebuchform 1986, Seiten 104	Gedanken und Geschehnis 1986; תרגום: מחשבות ואירועים 1986 רשימות ביוגרפיה בצורת יומן 1986, עמודים 104	German|Hebrew	1986	Typewritten	רשימות|Personal Notes|יומן|Diary		EgoDocument
IL-MTFN-001-G-F-0113-016-R0008	IL-MTFN-001-G-F-0113-016	visit	Die Reise nach Innen und Aussen	The Journey to the Inside and Outside; The Journey to the Inside and Outside, 84 pages, no date	Die Reise nach Innen und Aussen; Die Reise nach Innen und Aussen, 84 Seiten, kein Datum	Die Reise nach Innen und Aussen ; הנסיע אל התוך והחוץ, 84 עמודים, אין תאריך	German|עברית		Unknown	ספר|Book		Creative Nonfiction
IL-MTFN-001-G-F-0113-017-R0001	IL-MTFN-001-G-F-0113-017	diary	Excerpts from Alfred Wolf's Writings	The Lady Daughter; Excerpts from the thesis of Dr. Alfred Wolf; Excerpts from the war diary of Dr. Alfred Wolf; Alfred the brother of Fritz Wolf 1914;1918; Translation: The Lady Daughter. Dr. Fritz Wolf uses excerpts from his brother Alfred's writings from 1. the thesis 2. the war diary 1914-1918; The manuscript was written by Fritz in 1948 in Nahariya, 87 pages.	Das Fräulein Tochter; Auszüge aus der Diplomarbeit von Dr. Alfred Wolf; Auszüge aus dem Kriegstagebuch von Dr. Alfred Wolf; Alfred der Bruder von Fritz Wolf 1914;1918; Übersetzung: Die Dame Tochter. Dr. Fritz Wolf verwendet Auszüge aus den Schriften seines Bruders Alfred aus 1. der Diplomarbeit 2. dem Kriegstagebuch 1914-1918; Das Manuskript wurde 1948 von Fritz in Nahariya geschrieben, 87 Seiten.	"Das Fräulein Tochter ; Auszüge aus der Diplomarbeit von Dr. Alfred Wolf; Auszüge aus dem Kriegstagebuch von Dr. Alfred Wolf; Alfred der Bruder von Fritz Wolf 1914;1918; תרגום: הגברת בת. ד""ר פריץ וולף משתמש בקטעי כתיבה של אחיו אלפרד מתוך 1. עבודת הדיפלומה 2. יומן המלחמה 1914-1918; המנוסקריפט נכתב ע""י פריץ ב-1948 בנהריה, 87 עמודים."	Hebrew|German	1948	Unknown	Translated Document|Diary	Fritz Wolf	EgoDocument
IL-MTFN-001-G-F-0113-017-R0004	IL-MTFN-001-G-F-0113-017	diary	Excerpts from Alfred Wolf's War Diary 1914-1918	Excerpts from the war book of Alfred Wolf 1914-1918 in the same binding; Translation: Excerpts from the war diary of Alfred Wolf 1914-1918, 16 pages, no date;	Auszüge aus dem Kriegsbuch von Alfred Wolf 1914-1918 in derselben Bindung; Übersetzung: Auszüge aus dem Kriegstagebuch von Alfred Wolf 1914-1918, 16 Seiten, kein Datum;	Auszüge aus dem Kriegsbuch von Alfred Wolf 1914-1918 באותה כריכה; תרגום: קטעים מתוך יומן המלחמה של אלפרד וולף 1914-1918, 16 עמודים, אין תאריך;	German|עברית		Unknown	מסמך מתורגם|Translated Document	Alfred Wolf	EgoDocument
IL-MTFN-001-G-F-0113-020-R0002	IL-MTFN-001-G-F-0113-020	memoir	Memories of Jackie Niebock	Memories of Jackie Niebock, Gentleman and Womanizer	Erinnerungen des Jackie Niebock / Gentleman und Frauenjäger	Memorien des Jackie Niebock / Gentelman und Frauenjäger; תרגום: זכרונות של ז'קי ניבוק, גנטלמן ורודף נשים, 8 עמודים, אין תאריך;	German|Hebrew		Unknown	Translated Document	Jackie Niebock	EgoDocument
IL-MTFN-001-G-F-0113-027-R0001	IL-MTFN-001-G-F-0113-027	visit	Die Heimkehr; A play by Fritz Wolf	The Return Home; A play in four acts by Fritz Wolf; The piece is dedicated to Margot Klausner; Translation: The Return Home (And the sons shall return to their borders) a play in 4 acts by Fritz Wolf, bound, 67 pages 1938-1939 dedicated to Margot Klausner	Die Heimkehr; Spiel in vier Akten von Fritz Wolf; Das Stück ist Margot Klausner Gewidmet; Übersetzung: Die Heimkehr (Und die Söhne kehren heim) ein Stück in 4 Akten von Fritz Wolf, gebunden, 67 Seiten 1938-1939 gewidmet Margot Klausner	Die Heimkehr; Spiel in vier Akten von Fritz Wolf ; Das Stück ist Margot Klausner Gewidmet; תרגום: החזרה הביתה (ושבו בנים לגבולם) מחזה ב-4 מערכות מאת פריץ וולף, כרוך, 67 עמודים 1938-1939 מוקדש למרגוט קלאוזנר	German|עברית	1938-1939	Print	ספר|Book	Margot Klausner	Creative Fiction
IL-MTFN-001-G-F-0113-039-R0025	IL-MTFN-001-G-F-0113-039	diary	Chico's Diary Excerpt	From Chico's Diary: at Midnight nan	Aus Chicos Tagebuch: um Mitternacht nan	Aus Chicos Tagebuch: um Mitternacht nan	German		Unknown	יומן|Diary		EgoDocument
IL-MTFN-001-G-F-0113-041-R0016	IL-MTFN-001-G-F-0113-041	visit	Germany, a Winter Journey Lecture	Germany, a Winter Journey; Lecture for the Golden Age Club of Wizo Nahariya, Translation: Germany; Winter Journey. Lecture for the Golden Age Club of Wizo Nahariya	Deutschland, eine Winterreise; Vortrag für den Goldenen ;Age;Klub der Wizo Nahariya, Übersetzung: Deutschland; Winterreise. Vortrag für den Goldenen Club der Wizo Nahariya	15 עמודים, 1969 Deutschland, eine Winterreise; Vortrag für den Goldenen ;Age;Klub der Wizo Nahariya, תרגום: גרמניה; נסיעת חורף. הרצאה עבור מועדון גיל הזהב של ויצו נהריה	German|עברית	1969	Typewritten	הרצאה|Lecture		Communication Document
IL-MTFN-001-G-F-0113-042-R0001	IL-MTFN-001-G-F-0113-042	hometown	Heilbronn Welcome Speech by Dr. P. Wolf	5 pages, 1985, Heilbronn Welcome Speech, Translation: Welcome speech for Heilbronn, Dr. P. Wolf was invited to his hometown and delivered his speech there.	5 Seiten, 1985, Heilbronn Begrüssungsrede, Übersetzung: Begrüßungsrede für Heilbronn, Dr. P. Wolf wurde in seine Geburtsstadt eingeladen und hielt dort seine Rede.	"5 עמודים, 1985, Heilbronn Begrüssungsrede, תרגום: נאום ברכה להיילברון, ד""ר פ. וולף הוזמן לעיר הולדתו ושם נשא את דבריו."	German	1985	Typewritten	נאום|Speech	Dr. P. Wolf	Communication Document
IL-MTFN-001-G-F-0113-042-R0002	IL-MTFN-001-G-F-0113-042	hometown	Episode for Hometown Heilbronn	3 pages, episode for his hometown Heilbronn; Klio;	3 Seiten, Episode für seine Heimatstadt Heilbronn; Klio;	3 עמודים, אפיזודה עבור עיר הולדתו היילברון; Klio;	Unspecified		Unknown	לא מזוהה		Creative Nonfiction
IL-MTFN-001-G-F-0113-044-R0001	IL-MTFN-001-G-F-0113-044	diary	Lesebuch für meinen Enkel Manuscript	Page 241;288, 1995;1996, Lesebuch für meinen Enkel, from a reading book for my grandchild, the manuscript starts on page 241, previous pages are not available. The writing is in diary form, starting on November 2, 1995, 2 copies were left in the file.	Seite 241;288, 1995;1996, Lesebuch für meinen Enkel, aus dem Buch für meinen Enkel, das Manuskript beginnt auf Seite 241, vorherige Seiten sind nicht vorhanden. Das Schreiben ist in Tagebuchform, beginnt am 2. November 1995, 2 Kopien wurden in der Akte hinterlassen.	עמוד 241;288, 1995;1996, Lesebuch für meinen Enkel ,מתוך ספר קריא לנכד שלי, המנוסקריפט מתחיל בעמוד 241, עמודים קודמים לאנ בנמצא. הכתיבה היא בצורת יומן, מתחילה ב-2 לנובמבר 1995, 2 העתקים הושארו בתיק	German	1995-11-02	Unknown	יומן|Diary		EgoDocument
IL-MTFN-001-G-F-0113-047-R0001	IL-MTFN-001-G-F-0113-047	diary	Mein Kriegstagebuch by Alfred Wolf	My War Diary, 1920; Alfred Wolf, Mein Kriegstagebuch; Alfred Wolf, refers to World War I. Written in German on a typewriter and luxuriously bound. Inside the cover is an ex-libris with the year 1920 and the name Trude Victor; Trude Victor; possibly the name of his wife who later calls herself Victoria.	Mein Kriegstagebuch, 1920; Alfred Wolf, Mein Kriegstagebuch; Alfred Wolf, bezieht sich auf den Ersten Weltkrieg. In deutscher Sprache auf Schreibmaschine geschrieben und aufwendig gebunden. Im Inneren des Einbands Exlibris mit der Jahresangabe 1920 und dem Namen Trude Victor; Trude Victor; möglicherweise der Name seiner Frau, die sich später Victoria nennt.	יומן המלחמה שלי, 1920; אלפרד וולף, Mein Kriegstagebuch; Alfred Wolf, מתיחס למלחמת עולם I. כתוב בגרמנית במכונת כתיבה וכרוך בצורה מפוארת. בפנים הכריכה אקסליבריס עם ציון השנה 1920 והשם טרודה ויקטור; Trude Victor; יתכן שזה שם אישתו שמאוחר יותר קוראת לעצמה ויקטוריה	German	1920	Typewritten	יומן|Diary	Alfred Wolf	EgoDocument
IL-MTFN-001-G-F-0113-049-R0025	IL-MTFN-001-G-F-0113-049	visit	Besuch im Himmel	Visit in Heaven	Besuch im Himmel	Besuch im Himmel	Unspecified		Unknown	לא מזוהה		Creative Fiction
IL-MTFN-001-G-F-0113-057-R0001	IL-MTFN-001-G-F-0113-057	correspondence	Correspondence with Verlag Herder	Correspondence with publishers from the 1980s of the 20th century Verlag Herder; Freiburg.	Korrespondenz mit Verlagen aus den 80er Jahren des 20. Jahrhunderts Verlag Herder; Freiburg.	התכתבות עם הוצאות לאור שנות ה 80 למאה ה-20 Verlag Herder; Freiburg.	Hebrew|German	1980	Unknown	מכתב|Letter	Verlag Herder	Communication Document
IL-MTFN-001-G-F-0113-057-R0002	IL-MTFN-001-G-F-0113-057	correspondence	Correspondence with Ruth Liedmann	Correspondence with Ruth Liedmann from the publishing house in Zurich, 1980s.	Korrespondenz mit Ruth Liedmann vom Verlag in Zürich, 80er Jahre des 20. Jahrhunderts.	התכתבות עם Ruth Liedmann מהוצאת לאור בציריך, שנות ה 80 למאה ה-20.	Hebrew|German	1980	Unknown	מכתב|Letter	Ruth Liedmann	Communication Document
IL-MTFN-001-G-F-0113-057-R0003	IL-MTFN-001-G-F-0113-057	correspondence	Correspondence with Gilles & Francke Duisburg	Correspondence with the publisher Gilles & Francke Duisburg, 1980s.	Korrespondenz mit dem Verlag Gilles & Francke Duisburg, 1980er Jahre.	התכתבויות עם ההוצאה לאור Gilles & Francke Duisburg, שנות ה-80.	Hebrew|German	1980	Unknown	מכתב|Letter	Gilles & Francke Duisburg	Communication Document
IL-MTFN-001-G-F-0113-057-R0004	IL-MTFN-001-G-F-0113-057	correspondence	Correspondence with S. Fischer Verlag	Correspondence with the publisher S. Fischer Verlag, Frankfurt a.m., 1980s.	Korrespondenz mit dem Verlag S. Fischer Verlag, Frankfurt a.m., 1980er Jahre.	התכתבות עם ההוצאה לאור S. Fischer Verlag, Frankfurt a.m., שנות ה-80.	Hebrew|German		Unknown	מכתב|Letter	S. Fischer Verlag	Communication Document
IL-MTFN-001-G-F-0113-057-R0005	IL-MTFN-001-G-F-0113-057	correspondence	Correspondence with Rainer Wunderlich Verlag	Correspondence with the publisher Rainer Wunderlich Verlag Hermann Leins; Tübingen, 1960s.	Korrespondenz mit dem Verlag Rainer Wunderlich Verlag Hermann Leins; Tübingen, 1960er Jahre.	התכתבות עם ההוצאה לאור Rainer wunderlich Verlag Hermann Leins; Tübingen, שנות ה-60.	German		Unknown	מכתב|Letter	Rainer Wunderlich Verlag Hermann Leins	Communication Document
IL-MTFN-001-G-F-0113-057-R0006	IL-MTFN-001-G-F-0113-057	correspondence	Correspondence with Publishing House in Israel, 1948	Correspondence with a publishing house in Israel from 1948 in English. Dr. P.W. responded to the inquiry with a request for patience as the publishing house was bombed and is asked to get in touch again in 3 weeks. The publishing house: Malka Lyons and Jaap Bar-David; Book agencies Molly Lyons and Jaap Bar-David Literary Agency; the letter is interesting and reflects the conditions at the time, before the establishment of the state.	Korrespondenz mit einem Verlag in Israel aus dem Jahr 1948 auf Englisch. Dr. P.W. antwortete auf die Anfrage mit der Bitte um Geduld, da der Verlag bombardiert wurde und gebeten wird, in 3 Wochen erneut Kontakt aufzunehmen. Der Verlag: Malka Lyons und Jaap Bar-David; Buchagenturen Molly Lyons und Jaap Bar-David Literary Agency; der Brief ist interessant und spiegelt die damaligen Bedingungen wider, vor der Gründung des Staates.	"התכתבות עם הוצאת לאור בישראל מ-1948 בשפה האנגלית. ד""ר פ.ו. נענה על פנייתו בבקשת סבלנות כי בית הוצאה לאור הופצץ ומתבקש יצור שוב קשר בעוד 3 שבועות. ההוצאה לאור: מלכה ליינס את יעקב בר-דוד; סוכניות לספרים Molly Lyons and Jaap Bar-David Literary Agency; המכתב מעניין ומשקיף את התנאים דאז, לפני קום המדינה."	English	1948	Typewritten	מכתב|Letter		Communication Document
IL-MTFN-001-G-F-0113-057-R0007	IL-MTFN-001-G-F-0113-057	correspondence	Correspondence with Merkur Newspaper Editorial	Correspondence with the editorial staff of the German newspaper Merkur in Munich. 1950s. Among them is a letter from the editorial staff to Prof. Ernst Simon; Ernst Simon, which refers to the rejection of the publication of P.W.'s poems in the newspaper. A. Simon, as it appears from the letter, sent and recommended material for the publication of P.W. This letter is from 05.11.1952.	Korrespondenz mit der Redaktion der deutschen Zeitung Merkur in München. 1950er Jahre. Darunter ein Brief von der Redaktion an Prof. Ernst Simon; Ernst Simon, der sich auf die Ablehnung der Veröffentlichung von P.W.s Gedichten in der Zeitung bezieht. A. Simon hat, wie aus dem Brief hervorgeht, Material zur Veröffentlichung von P.W. empfohlen. Dieser Brief ist vom 05.11.1952.	התכתבות עם מערכת עיתון גרמני Merkur במינכן. שנות ה-50 למאה ה-20. בניהם מכתב מהמערכת אל פרופ ארנסט סימון; Ernst Simon שמתיחס לדחיית הפרסום של שירי פ.ו. בעיתון. א. סימון כך יוצא מהמכתב שלח והמליץ על חומר פרו כתיבתו של פ.ו. מכתב זה מ-05.11.1952.	Hebrew|German	1952-11-05	Typewritten	מכתב|Letter	Ernst Simon	Communication Document
IL-MTFN-001-G-F-0113-058-R0013	IL-MTFN-001-G-F-0113-058	correspondence	Correspondence between Dr. Fritz Wolf and Elfriede Mebing	Correspondence between Dr. Fritz Wolf and his agent Elfriede Mebing, late 1960s	Korrespondenz zwischen Dr. Fritz Wolf und seinem Agenten Elfriede Mebing, Ende der 60er Jahre	"התכתבות בין ד""ר פריץ וולף והסוכן שלו אלפרידה מבינג, סוף שנות ה;60"	Hebrew|German	1960	Unknown	מכתב|Letter	Dr. Fritz Wolf|Elfriede Mebing	Communication Document
IL-MTFN-001-G-F-0113-060-R0001	IL-MTFN-001-G-F-0113-060	correspondence	Correspondence with Lawyer Edmund Stupp	Correspondence with the lawyer in Haifa, Edmund Stupp, regarding the rental of an apartment	Korrespondenz mit dem Anwalt in Haifa, Edmund Stupp, bezüglich der Vermietung einer Wohnung	התכתבות עם עורך דין בחיפה אדמונד סטופ; Edmund Stupp בקשר להשכרת דירה	Hebrew|German		Unknown	מכתב|Letter	Edmund Stupp	Communication Document
IL-MTFN-001-G-F-0113-064-R0001	IL-MTFN-001-G-F-0113-064	correspondence	Correspondence between Thomas Mann and Fritz Wolf	1951;1953, Correspondence between Thomas Mann and Fritz Wolf	1951;1953, Korrespondenz zwischen Thomas Mann und Fritz Wolf	1951;1953, התכתבות בין תומס מאן ופריץ וולף	German|Hebrew	1951	Unknown	מכתב|Letter	Thomas Mann|Fritz Wolf	Communication Document
IL-MTFN-001-G-F-0113-064-R0002	IL-MTFN-001-G-F-0113-064	correspondence	Correspondence between Dr. Ernst Simon and Fritz Wolf	1952;1953, correspondence between Dr. Ernst Simon and Fritz Wolf	1952;1953, Korrespondenz zwischen Dr. Ernst Simon und Fritz Wolf	"1952;1953, התכתבות בין ד""ר ארנסט סימון ופריץ וולף"	Hebrew|German	1952	Unknown	מכתב|Letter	Dr. Ernst Simon|Fritz Wolf	Communication Document
IL-MTFN-001-G-F-0130-001-R0002	IL-MTFN-001-G-F-0130-001	correspondence	התכתבות עם הבן מר אורי ברנע	Correspondence with the son Mr. Uri Barnea 1998	Korrespondenz mit dem Sohn Herrn Uri Barnea 1998	התכתבות עם הבן מר אורי ברנע 1998	Hebrew	1998	Unknown	מכתב|Letter	אורי ברנע	Communication Document
IL-MTFN-001-G-F-0133-001-R0001	IL-MTFN-001-G-F-0133-001	memoir	Memory Book of Jenny Bear	Memory book Poesie Album of a girl named Jenny Bear (the name is engraved in gold on the cover of the book), writing inside the book 1862; 1873; from the writing in the book it can be understood that Jenny studied at a boarding school in Posen until 1863 with a lady named Henriette Heilbronn; in the book her friends from the boarding school write and also add their photos (in clothes, hats, and hairstyles of that period), not all the photos have been preserved. The last dedication in the book was written by Agathe Baer in 1873 on the occasion of a party held in honor of Jenny's wedding.	Poesiealbum von einem Mädchen namens Jenny Bear (der Name ist in Gold auf dem Einband des Buches eingraviert), geschrieben im Buch 1862; 1873; aus dem Inhalt des Buches geht hervor, dass Jenny bis 1863 in einem Internat in Posen bei einer Frau namens Henriette Heilbronn lernte; im Buch schreiben ihre Freundinnen aus dem Internat und fügen auch ihre Fotos hinzu (in Kleidung, Hüten und Frisuren jener Zeit), nicht alle Fotos sind erhalten geblieben. Die letzte Widmung im Buch wurde 1873 von Agathe Baer anlässlich einer Party zu Ehren von Jennys Hochzeit geschrieben.	"ספר זכרונות Poesie Album של נערה בשם ג'ני בר Jenny Bear (השם חרוט על כריכת הספר בזהב), הכתיבה בתוך הספר 1862;1873; מתוך הכתוב בספר ניתן להבין שגני למדה בפנימיה בפוזן Posen עד 1863 אצל גברת בשם הנריאטה היילברון Henriette Heilbronn; בספר כותבות חברותיה בפנימיה כשהן מוסיפות גם את תמונותיהן (בבגדים, כובעים ותסרוקות של אותה תקופה) לא כל התמונות השתמרו. הכתיבה;הקדש האחרונה בספר נכתבה ע""י אגתה בר Agathe Baer בשנת 1873 וזאת לרגל מסיבה שנערכה לכבוד חתונתה של ג'ני;"	Hebrew|German	1862	Handwritten	ספר זכרונות|Memory Book	Jenny Bear	EgoDocument
IL-MTFN-001-G-F-0133-001-R0002	IL-MTFN-001-G-F-0133-001	memoir	Memory Book of Ella Reinmann	Memory book of Ella Reinmann, née Reinmann, 1906;1994 from Munich, in first marriage to Franz Ebstein 1888;1931 from Munich. From this marriage Kurt and Pinchas; Rodan. In second marriage: Hans Reinmann 1981;1901, from Munich.	Erinnerungsbuch von Ella Reinmann, geborene Reinmann, 1906;1994 aus München, in erster Ehe mit Franz Ebstein 1888;1931 aus München. Aus dieser Ehe Kurt und Pinchas; Rodan. In zweiter Ehe: Hans Reinmann 1981;1901, aus München.	ספר זכרונות של אלה ריינמן Ella Reinmann לבית ריינמן 1906;1994 ממינכן בנישואין ראשונים לפרנץ אבשטיין 1888;1931 Franz Ebstein ממינכן. מנשואין אלה קורט ופנחס ;רודן. בנשואין שניים: הנס ריינמן 1981;1901, ממינכן	Hebrew|German		Unknown	ספר זכרונות|Memory Book	Ella Reinmann	EgoDocument
IL-MTFN-001-G-F-0136-001-R0001	IL-MTFN-001-G-F-0136-001	memoir	Memory Book by Hans Schmel	A memory book written by Hans Schmel, printed in Hebrew and bound, was made for his descendants. The book contains family photos and documents (photographs) from the period in Germany and in the country. Among other things, Hans Schmel writes a chapter about the difficulties he had in marrying Renée, as his mother converted in Berlin. The rabbinate did not recognize the mother's Judaism because she could not show documents; the documents were lost in Germany. Hans Schmel waged a 'war' against the rabbinate and also won; there is documentation in the form of article photos that he added to the book.	Ein Erinnerungsbuch, das von Hans Schmel geschrieben, auf Hebräisch gedruckt und gebunden wurde, hat er für seine Nachkommen erstellt. Im Buch befinden sich Familienfotos und Dokumente (Fotografien) aus der Zeit in Deutschland und im Land. Unter anderem schreibt Hans Schmel ein Kapitel über die Schwierigkeiten, die er hatte, Renée zu heiraten, da seine Mutter in Berlin konvertiert war. Das Rabbinat erkannte das Judentum der Mutter nicht an, weil sie keine Dokumente vorlegen konnte; die Dokumente gingen in Deutschland verloren. Hans Schmel führte einen 'Krieg' gegen das Rabbinat und gewann auch; es gibt Dokumentationen in Form von Artikelfotos, die er dem Buch hinzugefügt hat.	ספר זכרונות שכתב הנס שמל, מודפס בעברית וכרוך, עשה זאת עבור צאציו. בספר תמונות משפחתיות ותעודות (צילומים)מהתקופה בגרמניה ובארץ. בין היתר כותב, הנס שמל, פרק בנושא הקשיים שהיו לו להנשא לרנה, מאחר ואמו התגיירה בברלין. הרבנות לא הכירה ביהדות האם בגלל שלא יכולה להראות תעודות; התעודות הלכו לעיבוד בגרמניה. הנס שמל נהל 'מלחמה' כנגד הרבנות וגם ניצח; יש תעוד בצילומי מאמרים שהוסיף לספר.	Hebrew|German		Print	ספר זכרונות|Memory Book	Hans Schmel	EgoDocument
IL-MTFN-001-G-F-0138-001-R0001	IL-MTFN-001-G-F-0138-001	diary	Diary Pages of Brest Litowsk Community	Pages from the diary of the Brest Litowsk community, from December 1941 to August 1944.	Seiten aus dem Tagebuch der Gemeinde Brest Litowsk, von Dezember 1941 bis August 1944.	דפים מתוך יומן על של קהילת Brest Litowsk, מדצמבר 1941 ועד אוגוסט 1944.	Hebrew	1944-08	Unknown	יומן|Diary		EgoDocument
IL-MTFN-001-G-F-0138-001-R0011	IL-MTFN-001-G-F-0138-001	correspondence	Correspondence with Press and Organizations	Correspondence with the press, organizations, and individuals in Israel and abroad.	Korrespondenz mit Presse, Organisationen und Persönlichkeiten in Israel und im Ausland.	"התכתבות עם עיתונות, אירגונים ואישים בישראל ובחו""ל."	Hebrew|Other		Unknown	Letter		Communication Document
IL-MTFN-001-G-F-0138-001-R0012	IL-MTFN-001-G-F-0138-001	correspondence	Correspondence from Friedrichs' Lawyer	Letters from Friedrichs' lawyer, Mr. Heinz, to Shiloni and various institutions - Correspondence with the Zionist Jewish Congress and Dr. Van Dam, Secretary of the Central Council of Jews in Germany.	Briefe von Friedrichs Anwalt, Herrn Heinz, an Shiloni und verschiedene Institutionen - Korrespondenz mit dem Zionistischen Jüdischen Kongress und Dr. Van Dam, Sekretär des Zentralrats der Juden in Deutschland.	מכתבים מעורך דינו של פרידריכס, מר Heinz, אל שילוני ומוסדות שונים - התכתבות עם הקונגרס היהודי הציוני ו- Dr. Van Dam מזכיר Zentralrat der Juden in Deutschland.	German|Hebrew		Unknown	מכתב|Letter		Communication Document
IL-MTFN-001-G-F-0138-001-R0013	IL-MTFN-001-G-F-0138-001	correspondence	Correspondence with Dr. Neuberger	Correspondence with the Minister of Justice of Niedersachsen and Westfalen Dr. Neuberger.	Korrespondenz mit dem Justizminister von Niedersachsen und Westfalen Dr. Neuberger.	התכתבות עם שר המשפטים של Niedersachsen und Westfalen Dr. Neuberger.	Hebrew|German		Unknown	מכתב|Letter	Dr. Neuberger	Communication Document
IL-MTFN-001-G-F-0139-001-R0003	IL-MTFN-001-G-F-0139-001	hometown	Heimatschein for Eugen Goldberg	'Heimatschein' for Eugen Goldberg in Palestine proving that he is a Prussian citizen. The certificate was issued in 1927 and is valid until 1932. The certificate was issued for his stay abroad.	'Heimatschein' für Eugen Goldberg in Palästina, der beweist, dass er preußischer Staatsbürger ist. Das Zertifikat wurde 1927 ausgestellt und ist bis 1932 gültig. Das Zertifikat wurde für seinen Aufenthalt im Ausland ausgestellt.	"'תעודת מולדת' Heimatschein לאויגן גולדברג בפלשתינה שמוכיחה שהנ""ל אזרח פרוסי. התעודה הוצאה ב-1927 ובתוקף עד 1932. תעודה הוצאה למטרת שהייתו בחו""ל."	German	1927	Unknown	תעודה|Certificate	Eugen Goldberg	Certificate
IL-MTFN-001-G-F-0141-001-R0001	IL-MTFN-001-G-F-0141-001	memoir	Memory Book by Mrs. Pinner	A memory book written by Mrs. Pinner about and for her family. The book is in Hebrew, divided into two chapters: 1. Childhood in Germany; 2. The stranded transport on the Danube River. In the second half of the book, the long immigration to Eretz Israel is described, including a long stay in Yugoslavia and a six-month residence on the ship 'Uranus'. The book refers to the places Breslau, Posnan, Beuthen.	Ein Erinnerungsbuch, das Frau Pinner über und für ihre Familie geschrieben hat. Das Buch ist auf Hebräisch und in zwei Kapitel unterteilt: 1. Kindheit in Deutschland; 2. Der gestrandete Transport auf der Donau. In der zweiten Hälfte des Buches wird über die lange Einwanderung nach Eretz Israel berichtet, einschließlich eines langen Aufenthalts in Jugoslawien und eines sechsmonatigen Aufenthalts auf dem Schiff 'Uranus'. Im Buch wird auf die Orte Breslau, Posnan, Beuthen eingegangen.	"ספר זכרונות שכתבה גב פינר על ואל משפחתה. הספר בעברית, מחולק ל;2 פרקימ- 1. ילדות בגרמניה; 2. הטרנספורט התקוע על נהר הדנובה, במחצית השניה של הספר מסופר על העלייה הארוכה לא""י בין היתר שהות ארוכה ביוגוסלביה, מגורים של חצי שנה על האוניה ""אורנוס""; בספר יש התייחות למקומות Breslau, Posnan, Beuthen;"	Hebrew		Unknown	ספר זכרונות|Memory Book	Pinner Family	EgoDocument
IL-MTFN-001-G-F-0143-004-R0001	IL-MTFN-001-G-F-0143-004	memoir	Memory Books of Arna Cohen	Two memory books of Arna Cohen; 1925; 1928	Zwei Erinnerungsbücher von Arna Cohen; 1925; 1928	שני ספרי זכרונות של ארנה כהן; 1925;1928	Hebrew	1925	Unknown	ספר זכרונות|Memory Book	Arna Cohen	EgoDocument
IL-MTFN-001-G-F-0143-004-R0002	IL-MTFN-001-G-F-0143-004	memoir	Memory Book of Lotte Gliksman	Memory book of Lotte Gliksman, daughter of Erna Cohen	Erinnerungsbuch von Lotte Gliksman, Tochter von Erna Cohen	ספר זכרונות של לוטה גליקסמן, בתה של ארנה כהן	Hebrew		Unknown	ספר זכרונות|Memory Book	Lotte Gliksman	EgoDocument
IL-MTFN-001-G-F-0147-001-R0004	IL-MTFN-001-G-F-0147-001	correspondence	Correspondence on Street Naming in Jerusalem	Correspondence between Shiloni, lawyer Jacobi, and Avraham Heyman about naming streets in Jerusalem after David Wolffsohn and Otto Warburg.	Korrespondenz zwischen Shiloni, Rechtsanwalt Jacobi und Avraham Heyman über die Benennung von Straßen in Jerusalem nach David Wolffsohn und Otto Warburg.	התכתבות בין שילוני, עורך דין יעקובי ואברהם היימן על קריאת רחובות בירושים על דוד וולפסון ו אוטו ורבורג Otto Warburg.	Hebrew|German		Unknown	מכתב|Letter		Communication Document
IL-MTFN-001-G-F-0147-001-R0008	IL-MTFN-001-G-F-0147-001	correspondence	Correspondence on Street Naming for Wolfson	Correspondence between lawyer Jakobi and the Jerusalem Municipality regarding naming a street after Wolfson.	Korrespondenz zwischen Anwalt Jakobi und der Stadtverwaltung Jerusalem bezüglich der Benennung einer Straße nach Wolfson.	התכתבות בין עורך דין יעקובי ועיריית ירושלים בעיניני קריאת רחוב על שמו של וולפסון.	Hebrew		Unknown	מכתב|Letter		Communication Document
IL-MTFN-001-G-F-0155-001-R0002	IL-MTFN-001-G-F-0155-001	memoir	Lucie Mandelstam Memories	Lucie Mandelstam; Memories	Lucie Mandelstam; Erinnerungen	Lucie Mandelstam; Erinnerungen; לוסי מנדלשטם; זכרונות.	German|Hebrew		Unknown	לא מזוהה	Lucie Mandelstam	EgoDocument
IL-MTFN-001-G-F-0157-001-R0008	IL-MTFN-001-G-F-0157-001	visit	German Passport	German passport	Deutscher Reisepass	2000. דרכון גרמני;	German	2000	Unknown	תעודה|Certificate		Legal Document
IL-MTFN-001-G-F-0157-001-R0009	IL-MTFN-001-G-F-0157-001	visit	Israeli Passport 1989	1989, Israeli passport;	1989, israelischer Reisepass;	1989, דרכון ישראלי;	Hebrew	1989	Unknown	תעודה|Certificate		Legal Document
IL-MTFN-001-G-F-0113-061-R0003	IL-MTFN-001-G-F-0113-061	correspondence	Correspondence with Embassies and Individuals	Correspondence with: German Embassy in Israel; Swiss Embassy in Israel; Bella and Ernst Bachmann, Tel Aviv; Hanna Friedlinghaus from Ludwigsburg; Prof. Otto Betz from Tübingen; The correspondence includes personal topics + on the subject of writing and publishing by P.W.	Korrespondenz mit: Deutsche Botschaft in Israel; Schweizer Botschaft in Israel; Bella und Ernst Bachmann, Tel Aviv; Hanna Friedlinghaus von Ludwigsburg; Prof. Otto Betz von Tübingen; Die Korrespondenz enthält persönliche Themen + zum Thema Schreiben und Veröffentlichen von P.W.	התכתבות עם:; שגרירות גרמניה בישראל; שגרירות שוויצריה בישראל; בלה וארנסט בכמן, תל אביב; Hanna Friedlinghaus von Ludwigsburg; Prof. Otto Betz von Tübingen; בהתכתבות יש נושאים אישים + בנושא הכתיבה והפרסום של פ.ו.	Hebrew|German		Unknown	מכתב|Letter		Communication Document
IL-MTFN-001-G-F-0157-001-R0028	IL-MTFN-001-G-F-0157-001	visit	Photographs and Passport of Rosalie Lewin	Photographs of various pictures and a passport of Rosalie Lewin, née Lebknecht;	Fotos von verschiedenen Bildern und einem Reisepass von Rosalie Lewin, geborene Lebknecht;	צילומים של תמונות שונות ופספורט של Rosalie Lewin לבית Lebknecht;	Unspecified		Visual Element	תצלום|Photograph	Rosalie Lewin	Image
IL-MTFN-001-G-F-0158-001-R0005	IL-MTFN-001-G-F-0158-001	visit	Letters from Fuhrmann to Ets Gliksman	1933;1955, Letters from Fuhrmann to Ets Gliksman, Fuhrmann lived in Germany Friedrichssegen, associated with Kurt Schroeder Verlag, emigrated to the United States in 1939, his wife and son remained in Germany/Hamburg. His condition was not the best in the United States, as it seems, in the years after the war he writes to Gliksman about lack of money and food sometimes, about the possibility of his deportation from the United States. Gliksman visits him and also his wife and son from Hamburg.	1933;1955, Briefe von Fuhrmann an Ets Gliksman, Fuhrmann lebte in Deutschland Friedrichssegen, verbunden mit Kurt Schroeder Verlag, wanderte 1939 in die USA aus, seine Frau und sein Sohn blieben in Deutschland/Hamburg. Sein Zustand war in den USA nicht der beste, wie es scheint, in den Jahren nach dem Krieg schreibt er an Gliksman über Geld- und Nahrungsmangel, manchmal über die Möglichkeit seiner Abschiebung aus den USA. Gliksman besucht ihn und auch seine Frau und seinen Sohn aus Hamburg.	1933;1955, מכתבים מאת פורמאן Fuhrmann אל אץ גליקסמן, פורמן גר בגרמניה Friedrichssegen קשור עם Kurt Schroeder Verlag, היגר 1939 לארצות הברית, אישתו ובנו נשארו בגרמניה/המבורג. מצבו לא היה הכי טוב בארצות הברית כפי הנראה בשנים אחרי המלחמה הוא כותב לגליקסמן על מחסור בכסף ומזון לפעמים, על אפשרות גירושו מארצות הברית. גליקסמן מבקר אותו וגם את אשתו ובנו מהמבורג.	German|Hebrew	1933	Unknown	מכתב|Letter	Fuhrmann	Communication Document
IL-MTFN-001-G-F-0158-001-R0006	IL-MTFN-001-G-F-0158-001	correspondence	Correspondence between Ernst Fuhrmann, Paul Guttfeld, and Artur Glückson	1930;1955, Correspondence between Ernst Fuhrmann, Paul Guttfeld with Artur Glückson, Fuhrmann, writer and philosopher lived in Germany Friedrichssegen, emigrated to America in 1939. Guttfeld worked at Folkwang;Auriga Verlag, also interested in biology, agriculture, and plants. He emigrated with his family to Palestine. Glückson, an architecture student in Berlin, lived a year in Palestine, returned to Berlin, and emigrated to Palestine. Close friendly relationship.	1930;1955, Briefwechsel zwischen Ernst Fuhrmann, Paul Guttfeld und Artur Glückson, Fuhrmann, Schriftsteller und Philosoph, lebte in Deutschland Friedrichssegen, wanderte 1939 nach Amerika aus. Guttfeld arbeitete bei Folkwang;Auriga Verlag, interessierte sich auch für Biologie, Landwirtschaft und Pflanzen. Er wanderte mit seiner Familie nach Palästina aus. Glückson, Architekturstudent in Berlin, lebte ein Jahr in Palästina, kehrte nach Berlin zurück und wanderte nach Palästina aus. Enge freundschaftliche Beziehung.	1930;1955, התכתבות מכתבים בין Ernst Fuhrmann, Paul Guttfeld עם Artur Glückson, פורמן, סופר ופילוסוף גר בגרמניה Friedrichssegen היגר 1939 לאמריקה. גוטפלד עבד ב Folkwand;Auriga Verlag התעניין גם בביולוגיה, חקלאות וצמחים. היגר עם משפחתו לפלשתינה. גליקסון סטודנט לארכיטקטורה בברלין, חי שנה בפלשתינה חזר לברלין והיגר לפלשתינה. קשר ידידותי הדוק.	German|Hebrew	1930	Unknown	מכתב|Letter		Communication Document
IL-MTFN-001-G-F-0159-001-R0001	IL-MTFN-001-G-F-0159-001	memoir	חוברת זכרונות של חנה ירמיאס	1999, Memory booklet of Hanna Jeremias Trietsch tells about her life in Germany and in Israel for the younger generation and those who come after	1999, Erinnerungsheft von Hanna Jeremias Trietsch erzählt von ihrem Leben in Deutschland und in Israel für die jüngere Generation und die Nachkommen	1999, חוברת זכרונות של חנה ירמיאס Jeremias טריטש Trietsch מספרת על חייה בגרמניה ובארץ ישראל לדור הצעיר ולבאים אחריה	Hebrew|German		Print	ספר זכרונות|Memory Book	חנה ירמיאס	EgoDocument
IL-MTFN-001-G-F-0161-001-R0003	IL-MTFN-001-G-F-0161-001	correspondence	Correspondence between Israel Shiloni and Eli Rothschild	1987, correspondence between Israel Shiloni and Eli Rothschild	1987, Korrespondenz zwischen Israel Shiloni und Eli Rothschild	1987, התכתבות בין ישראל שילוני ואלי רוטשילד	Hebrew	1987	Unknown	מכתב|Letter		Communication Document
IL-MTFN-001-G-F-0161-001-R0006	IL-MTFN-001-G-F-0161-001	correspondence	Correspondence between Shiloni and Ilse Frank	Correspondence between Shiloni and Ilse Frank	Korrespondenz zwischen Shiloni und Ilse Frank	התכתבות בין שילוני ואילזה פרנק	Hebrew|German		Unknown	מכתב|Letter		Communication Document
IL-MTFN-001-G-F-0161-001-R0008	IL-MTFN-001-G-F-0161-001	memoir	Memories of Otto Warburg by Hanna Lesch	Memories of her grandfather Otto Warburg, written by Hanna Lesch	Erinnerungen an ihren Großvater Otto Warburg, geschrieben von Hanna Lesch	זיכרונות על סבא שלה אוטו ורבורג כתבה חנה לש	Hebrew		Unknown	רשימות|Personal Notes	Otto Warburg	EgoDocument
IL-MTFN-001-G-F-0163-001-R0001	IL-MTFN-001-G-F-0163-001	memoir	Memories of Dr. Max Rosenberg	Without date, memories of the doctor Dr. Max Rosenberg. He immigrated to Palestine in 1924, Acre and worked as a doctor. Printed, German	Ohne Datum, Erinnerungen der Ärztin Dr. Max Rosenberg. Er wanderte 1924 nach Palästina aus, Akko und arbeitete als Arzt. Gedruckt, Deutsch	בלי תאריך, זכרונות של הרופאה דר מקס רוזנברג Dr. Max Rosenberg. הוא עלה 1924 לפלשתינה, עכו ועבד כרופאה. מודפס, גרמנית	German		Typewritten	רשימות|Personal Notes	Dr. Max Rosenberg	EgoDocument
IL-MTFN-001-G-F-0165-001-R0003	IL-MTFN-001-G-F-0165-001	visit	Letter from Brigitta Wolf to Wilhelm Friedrichs	3.10.1969, Letter from Brigitta Wolf to Wilhelm Friedrichs, a German prisoner who saved Jews in Lithuania during World War II and was sentenced to life imprisonment after the war for killing a bank messenger. Shiloni and also Wolf helped to obtain a pardon for him, and the man visited the country.	3.10.1969, Brief von Brigitta Wolf an Wilhelm Friedrichs, einen deutschen Gefangenen, der während des Zweiten Weltkriegs Juden in Litauen rettete und nach dem Krieg zu lebenslanger Haft wegen der Tötung eines Bankboten verurteilt wurde. Shiloni und auch Wolf halfen, eine Begnadigung für ihn zu erwirken, und der Mann besuchte das Land.	3.10.1969, מכתב מאת בריגיטה וולף אל וילהלם פרידריכס Friedrichs, אסיר גרמני, שבזמן מלחמת העולם II הציל יהודים בליטה וקיבל אחרי המלחמה מאסר עולם על הריגה של שליח בנק. שילוני וגם וולף עזרו לקבל עבורו חנינה והאיש ביקר בארץ.	German|Hebrew	1969-10-03	Handwritten	מכתב|Letter	Wilhelm Friedrichs	Communication Document
IL-MTFN-001-G-F-0165-001-R0008	IL-MTFN-001-G-F-0165-001	correspondence	Exchange of Letters between Brigitta Wolf and Dr. K. Kütscher	January 1975, exchange of letters between Brigitta Wolf and Dr. K. Kütscher, who is a nephew of Israel Shiloni. His letter is a sharp attack on her work, views, and actions, he responds to him on each and every point. Britta Wolf is the niece of the second wife of Hermann Göring, German.	Januar 1975, Briefwechsel zwischen Brigitta Wolf und Dr. K. Kütscher, der ein Neffe von Israel Shiloni ist. Sein Brief ist ein scharfer Angriff auf ihre Arbeit, Ansichten und Handlungen, er antwortet ihm auf jeden einzelnen Punkt. Britta Wolf ist die Nichte der zweiten Frau von Hermann Göring, Deutsche.	ינואר 1975, החלפת מכתבים בין ברגיטה וולף ו Dr. K. Kütscher שהוא אחיין של ישראל שילוני. מכתבו הוא התקפה חריפה של עבודתה, דעותיה, ומעשה, הוא עונה לו על כל סעיף וסעיף. בריטה וולף היא אחייניתו של אשתו השנייה של Hermann Göring, גרמנית	German|Hebrew	1975-01	Unknown	מכתב|Letter	Brigitta Wolf	Communication Document
IL-MTFN-001-G-F-0167-001-R0001	IL-MTFN-001-G-F-0167-001	memoir	Request Letter to President Zalman Shazar for Financial Assistance	Copy of a request letter written by Israel Shiloni to President Zalman Shazar, asking to provide financial assistance to Liza Steinberg, Arlosoroff's sister, so she can complete writing the memoirs about her brother. The 70-year-old Liza Steinberg still needs to support herself by giving music lessons and therefore cannot complete the writing about Chaim Arlosoroff. Nahariya, Hebrew, June 1971.	Kopie eines Antragsbriefes, den Israel Shiloni an Präsident Zalman Shazar schreibt, in dem er bittet, Liza Steinberg, die Schwester von Arlosoroff, finanzielle Unterstützung zu gewähren, damit sie die Erinnerungen an ihren Bruder fertigstellen kann. Die 70-jährige Liza Steinberg muss sich noch durch Musikunterricht selbst versorgen und kann daher das Schreiben über Chaim Arlosoroff nicht abschließen. Nahariya, Hebräisch, Juni 1971.	העתק מכתב בקשה, שכותב ישראל שילוני אל הנשיא זלמן שזר בו הוא מבקש לאפשר לליזה שטיינברג, אחותו של ארלוזורוב, עזרה כלכלית, שתוכל להשלים את כתיבת הזיכרונות על אחיה. ליזה שטיינברג בת ה-70 עדיין צריכה לפרנס עצמה ממתן שיעורי מוסיקה ולכן איננה יכולה להתפנות להשלמת הכתיבה על חיים ארלוזורוב. נהריה, עברית, יוני 1971.	Hebrew	1971-06	Unknown	מכתב|Letter	ליזה שטיינברג	Communication Document
IL-MTFN-001-G-F-0167-001-R0003	IL-MTFN-001-G-F-0167-001	visit	Copy of a letter to Chaim Arlosoroff from P. Gereke	Copy of a letter and typewritten letter to Chaim Arlosoroff from his German literature teacher, P. Gereke; P. Gereke. Among other things, about the student's statements that German literature is distant from him and his national feeling. From the letter, it can be understood that Arlosoroff is studying at a mixed school. Friedenau, German, September 1917.	Kopie eines Briefes und Druck des Briefes an Chaim Arlosoroff von seinem Lehrer für deutsche Literatur, P. Gereke; P. Gereke. Unter anderem über die Äußerungen des Schülers Arlosoroff, dass die deutsche Literatur ihm und seinem nationalen Gefühl fern sei. Aus dem Brief geht hervor, dass Arlosoroff eine gemischte Schule besucht. Friedenau, Deutsch, September 1917.	"העתק מכתב והדפסה של המכתב אל חיים ארלוזורוב מאת המורה שלו לספרות גרמנית, פ. גרקה; P. Gereke. בין היתר על התבטאויותיו של התלמיד ארלוזורוב שהספרות הגרמנית רחוקה ממנו ומהרגשתו הלאומית. מהמכתב ניתן להבין שארלוזורוב לומד בבי""ס מעורב. פרידנאו Friedenau, גרמנית, ספטמבר 1917."	German|Hebrew	1917-09	Typewritten	מכתב|Letter	Chaim Arlosoroff	Communication Document
IL-MTFN-001-G-F-0168-001-R0001	IL-MTFN-001-G-F-0168-001	visit	Newspaper Clippings on Elias Canetti	1981;1994, three newspaper clippings about Elias Canetti; 1981, article about Alice Schwartz in 'Israel News' on the awarding of the Nobel Prize to the writer; article about his book Welt im Kopf; 1994, article about his death in Zurich at the age of 89;	1981;1994, drei Zeitungsausschnitte über Elias Canetti; 1981, Artikel über Alice Schwartz in 'Nachrichten Israel' über die Verleihung des Nobelpreises an den Schriftsteller; Artikel über sein Buch Welt im Kopf; 1994, Artikel über seinen Tod in Zürich im Alter von 89 Jahren;	1981;1994, שלושה קטעי עיתון על Elias Canetti,; 1981, כתבה על אליס שורץ ב 'חדשות ישראל' על קבלת פרס נובל לסופר; מאמר על ספרו Welt im Kopf; 1994, מאמר על מותו בציריך בגיל 89;	Hebrew|German	1981	Print	גזיר עיתון|News Clipping	Elias Canetti	Ephemera
IL-MTFN-001-G-F-0168-001-R0002	IL-MTFN-001-G-F-0168-001	visit	Letter to Leo from Cametti, 28.6.1963	28.6.1963, London, Letter to Leo from Cametti, Thank you letter for participating in his mourning, he is aware of Leo's invitation and promises to visit the country sometime.	28.6.1963, London, Brief an Leo von Cametti, Dankesbrief für die Teilnahme an seiner Trauer, er ist sich der Einladung von Leo bewusst und verspricht, einmal das Land zu besuchen.	28.6.1963, לונדון, מכתב אל ליאו מ Cametti, מכתב תודה על השתתפות באבלו, הוא מודע על ההזמנה של ליאו ומפתיח פעם לבא לבקר בארץ;	Hebrew|עברית	1963-06-28	Unknown	מכתב|Letter	Leo	Communication Document
IL-MTFN-001-G-F-0170-001-R0001	IL-MTFN-001-G-F-0170-001	diary,visit	Diary Pages of Painter Ernst Levy	Lena, part of the story: Ernst and Johannes, diary pages of the painter Ernst Levy. A story about the sister of Johannes, the painter's best friend, the girl Lena who died of a lung disease. Visit of Ernst to the house and village of Johannes for the Pentecost holiday, his deep impressions of the house, Johannes' parents, and their lives.	Lena, Teil der Geschichte: Ernst und Johannes, Tagebuchseiten des Malers Ernst Levy. Eine Geschichte über die Schwester von Johannes, dem besten Freund des Malers, das Mädchen Lena, die an einer Lungenkrankheit starb. Besuch von Ernst im Haus und Dorf von Johannes zum Pfingstfest, seine tiefen Eindrücke vom Haus, den Eltern von Johannes und ihrem Leben.	לנה Lena חלק מתוך הסיפור: ארנסט ויוהנס, דפי יומן של הצייר ארנסט לוי. סיפור על אחותו של יוהנס, חברו הטוב של הצייר, הילדה לנה שנפטרה ממחלת ריאות. ביקור של ארנסט בביתו וכפרו של יוהנס לחג ה Pfingsten התרשמותיו העמוקות מביתו, הוריו של יוהנס וחיימ.	Hebrew		Unknown	יומן|Diary		EgoDocument
IL-MTFN-001-G-F-0170-001-R0005	IL-MTFN-001-G-F-0170-001	diary,visit	Diary Pages of Painter Ernst Levy	List of picture names, conversation topics; no date, Lena; Lena, part of the story 'Ernst and Johannes' diary pages of the painter Ernst Levy. Story about Johannes' sister, the painter's good friend, the girl Lena died of a lung disease. Visit of Ernst to his house and Johannes' hand at Pentecost, his deep impressions of his house, Johannes' parents and their lives.	Liste von Bildnamen, Gesprächsthemen; ohne Datum, Lena; Lena, Teil der Geschichte 'Ernst und Johannes' Tagebuchseiten des Malers Ernst Levy. Geschichte über die Schwester von Johannes, seine gute Freundin des Malers, das Mädchen Lena starb an einer Lungenerkrankung. Besuch von Ernst in seinem Haus und Johannes' Hand an Pfingsten, seine tiefen Eindrücke von seinem Haus, Johannes' Eltern und ihrem Leben.	רשימת שמות של תמונות, נושאי שיחות; בלי תאריך, לנה; Lena, חלק מתוך הסיפור 'ארנסט ויוהנס' דפי יומן של הצייר ארנסט לוי. סיפור על אחותו של יוהנס, חברתו בטוב של הצייר, הילדה לנה נפתרה ממחלה ממחלת ריאות. ביקור של ארנסט בביתו וכפו של יוהנסמלחג בPfingsten התרשמותיו העמוקות מביתו, הוריו של יוהנס וחייהם.	Hebrew|German		Unknown	רשימה|List	Ernst Levy	EgoDocument
IL-MTFN-001-G-F-0180-001-R0002	IL-MTFN-001-G-F-0180-001	diary	Diary of the girl Strauss	Diary of the girl Strauss 1936;1945, in private edition.	Tagebuch von dem Mädchen Strauss 1936;1945, in privater Ausgabe.	יומן של הילדה שטראוס 1936;1945, בהוצאה פרטית.	Hebrew	1936	Unknown	יומן|Diary	Strauss	EgoDocument
IL-MTFN-001-G-F-0180-002-R0008	IL-MTFN-001-G-F-0180-002	visit	Exit Certificate from Germany 1936	1936, Exit Certificate from Germany 008;	1936, Ausreisebescheinigung aus Deutschland 008;	1936, תעודת יציאה מגרמניה 008;	German	1936	Unknown	תעודה|Certificate		Certificate
IL-MTFN-001-G-F-0180-002-R0020	IL-MTFN-001-G-F-0180-002	visit	First Visit of the Child in Post-WWII Germany	1949, first visit of the child in post-WWII Germany, document 020;	1949, erster Besuch des Kindes im Nachkriegsdeutschland, Dokument 020;	"1949, ביקור ראשון של הילדה בגרמניה שאחרי מלח""ע II, מסמך 020;"	Unspecified	1949	Unknown	מסמך מתורגם|Translated Document		EgoDocument
IL-MTFN-001-G-F-0184-001-R0001	IL-MTFN-001-G-F-0184-001	diary	Life Diaries of Mariana Konra	Life diaries of Mariana Konra, née Davidson, from the years 1915;1938 and 1938;1959. The diaries are printed (by Karla Wolf) for ease of reading + a summarized summary in Hebrew (by Karla Wolf).	Lebenstagebücher von Mariana Konra, geborene Davidson, aus den Jahren 1915;1938 und 1938;1959. Die Tagebücher sind zur besseren Lesbarkeit gedruckt (von Karla Wolf) + eine zusammengefasste Zusammenfassung auf Hebräisch (von Karla Wolf).	"יומני חיים של מריאנה קונרה לבית דוידסון מהשנים 1915;1938 ומ- 1938;1959. היומנים מודפסים (ע""י קרלה וולף) לנוחות הקריאה + סיכום מתומצת בעברית ( ע""י קרלה וולף)."	Hebrew	1915	Typewritten	יומן|Diary	Mariana Konra	EgoDocument
IL-MTFN-001-G-F-0184-001-R0002	IL-MTFN-001-G-F-0184-001	diary	Diaries of Mariana	From the diaries, it appears that Mariana suffered from dissatisfaction over long periods in her life.	Aus den Tagebüchern entsteht der Eindruck, dass Mariana über lange Zeiträume in ihrem Leben unzufrieden war.	מתוך היומנים מתקבל הרושם שמריאנה סבלה מחוסר שביעות רצון לאורך תקופות ארוכות בחייה.	Hebrew		Handwritten	יומן|Diary	Mariana	EgoDocument
IL-MTFN-001-G-F-0184-001-R0003	IL-MTFN-001-G-F-0184-001	memoir	ספר זכרונות של מריאנה	Memory book of Mariana from the years 1925; 1931; Summary of Mariana's biography from 1931 which she writes for her acceptance into a course (unclear which).	Erinnerungsbuch von Mariana aus den Jahren 1925; 1931; Lebenslauf von Mariana aus dem Jahr 1931, den sie für die Aufnahme in einen Kurs schreibt (nicht klar welcher).	ספר זכרונות של מריאנה מהשנים 1925;1931; תקציר קורות חיים של מריאנה מ-1931 אותו היא כותבת עבור קבלתה לקורס (לא ברור איזה).	Hebrew	1931	Unknown	ספר זכרונות|Memory Book|קורות חיים|Biography	מריאנה	EgoDocument
IL-MTFN-001-G-F-0184-001-R0004	IL-MTFN-001-G-F-0184-001	diary	Diaries in the form of letters by Angi Kantorowicz	2 diaries in the form of letters 1933; 1939 and; 1943 written by Angi Kantorowicz to her friends: Judith Ledermann, Gerda Krone, Heddi Bär.	2 Tagebücher in Form von Briefen 1933; 1939 und; 1943, geschrieben von Angi Kantorowicz an ihre Freundinnen: Judith Ledermann, Gerda Krone, Heddi Bär.	2 יומנים בצורת מכתבים 1933;1939 ו;1943 שכותבת אנג'י קנטורוביץ Angi Kantorowicz לחברותיה :; יהודית לדרמן Judith Ledermann, גרדה קרונה Gerda Krone, הדי בר Heddi Bär.	Hebrew|German	1933	Unknown	מכתב|Letter|יומן|Diary	Angi Kantorowicz	EgoDocument
IL-MTFN-001-G-F-0184-003-R0005	IL-MTFN-001-G-F-0184-003	papers	Letter from Mariana Konre to Baron Amerigo Franchetti, 1978	A letter written by Mariana Konre to Baron Amerigo Franchetti, son of Luigi (unclear; why this letter is in the estate; according to the envelope it was sent to Italy to the Baron!) in 1978.	Ein Brief von Mariana Konre an den Baron Amerigo Franchetti, Sohn von Luigi (nicht klar; warum dieser Brief im Nachlass ist; laut dem Umschlag wurde er nach Italien an den Baron geschickt!) im Jahr 1978.	"מכתב שכתבה מריאנה קונרה אל הברון אמריגו פרנקטי Amerigo Franchetti בנו של לואיג'י (לא ברור; מדוע מכתב זה מצוי בעיזבון; עפ""י המעטפה הוא נשלח לאיטליה אל הברון!) ב-1978."	Hebrew|עברית	1978	Unknown	מכתב|Letter	Amerigo Franchetti	Communication Document
IL-MTFN-001-G-F-0184-003-R0014	IL-MTFN-001-G-F-0184-003	correspondence	Correspondence between Mariana and Shlomo	Correspondence between Mariana and Shlomo	Korrespondenz zwischen Mariana und Shlomo	התכתבות בין מריאנה ושלמה;	Unspecified		Unknown	מכתב|Letter		Communication Document
IL-MTFN-001-G-F-0185-001-R0004	IL-MTFN-001-G-F-0185-001	visit	Telegram to Moshe Garzon from Ossin, 1949	1949 Telegram to Moshe Garzon in Kfar Hasidim from Ossin in Tel Aviv. Content: We will come to pick you up on Saturday to visit our lands in Kfar Lam (the Arabic name of Moshav HaBonim).	1949 Telegramm an Mosche Garzon im Kfar Hasidim von Ossin aus Tel Aviv. Inhalt: Wir werden dich am Samstag abholen, um unsere Ländereien im Kfar Lam (arabischer Name des Moshav HaBonim) zu besuchen.	1949 מברק אל משה גרזון בכפר חסידים מאת אוסין מתל;אביב.; התוכן: נבוא לקחתך בשבת לבקר באדמותינו בכפר לם (שמו הערבי של מושב הבונים).	Hebrew	1949	Typewritten	מברק|Telegram	Moshe Garzon	Communication Document
IL-MTFN-001-G-F-0185-001-R0008	IL-MTFN-001-G-F-0185-001	correspondence	1946 Photo of a Letter Regarding Moshe Garzon	1946 photo of a printed letter in English, correspondence between relatives of Moshe Garzon, who mistakenly think that Moshe perished in the Holocaust.	1946 Foto eines gedruckten Briefes auf Englisch, Korrespondenz zwischen Verwandten von Moshe Garzon, die fälschlicherweise denken, dass Moshe im Holocaust umgekommen ist.	1946 צילום של מכתב מודפס באנגלית, התכתבות בין קרובי משפחה של משה גרזון, שבטעות חושבים שמשה נספה בשואה.	English	1946	Unknown	מכתב|Letter	Moshe Garzon	Communication Document
IL-MTFN-001-G-F-0185-003-R0001	IL-MTFN-001-G-F-0185-003	diary	Booklet with Diary Photo from 1914-1915	Booklet with a photo of a diary from 1914;1915, written during World War I and translated into Hebrew (handwritten) by Chaim Spiegel from Givat Brenner.	Broschüre mit einem Foto eines Tagebuchs von 1914;1915, das während des Ersten Weltkriegs geschrieben und von Chaim Spiegel aus Givat Brenner ins Hebräische (handschriftlich) übersetzt wurde.	"חוברת עם צילום יומן 1914;1915 אותו כתב בעת מלח""ע I שתורגם לעברית (בכתב יד) ע""י חיים שפיגל מגבעת ברנר."	Hebrew|German	1914	Print	חוברת|Booklet|מסמך מתורגם|Translated Document	Chaim Spiegel	EgoDocument
IL-MTFN-001-G-F-0185-006-R0001	IL-MTFN-001-G-F-0185-006	diary	Ahalem Diary by Moshe Garzon	Ahalem Diary 1921;1924; Manfred, Moshe Garzon details and reports precisely, every day, about the weather, temperatures, and the tasks he performed. He worked for about a year in the vegetable and shrub fruit department, then worked in the flower and tree nursery and in various grain fields. Manfred explains his agricultural work both in writing and through sketches/drawings.	Tagebuch Ahalem 1921;1924; Manfred, Moshe Garzon beschreibt und berichtet genau, jeden Tag, über das Wetter, die Temperaturen, die Arbeiten, die er ausgeführt hat. Er arbeitet etwa ein Jahr in der Gemüse- und Strauchfrüchteabteilung, danach arbeitete er in der Blumen- und Baumschule und auf verschiedenen Getreidefeldern. Manfred erklärt seine landwirtschaftliche Arbeit sowohl schriftlich als auch durch Skizzen/Zeichnungen.	יומן אהלם 1921;1924; מנפרד, משה גרזון מפרט ומדווח בדייקנות, כל יום, על מזג האויר, הטמפרטורות, העבודות אותן בצע. הוא עובד כשנה במחלקת הירקות ופירות שיחים, אחר כך עבד במשתלת הפרחים והעצים ובשדות תבואה למיניהן.מנפרד מסביר בכתיבה וגם בשרטוט/ציור את עבודתו החקלאית.	Hebrew	1921	Handwritten	יומן|Diary	Moshe Garzon	EgoDocument
IL-MTFN-001-G-F-0185-006-R0002	IL-MTFN-001-G-F-0185-006	diary,visit	Diary No. 1: Canada, September 1928	Diary No. 1: Canada, September 1928; He received the diary as a souvenir from his brother Martin and Martin's wife Bartel. Manfred; Moshe Garzon decides at the age of 22 to travel to the USA to learn about life there and work in agriculture. Since he did not receive an entry visa to the USA, he quickly decides to travel to Canada as an agricultural worker for harvest work; he receives an entry visa to Canada. In Canada, he finds work. The place is close to the border with the USA, near Lake Ontario. With cleverness and cunning, he manages to cross the border into the USA and stay there illegally for 3 years. For this subject, see the summarized translation into Hebrew within the file.	Tagebuch Nr. 1: Kanada, September 1928; Das Tagebuch erhielt er als Andenken von seinem Bruder Martin und Martins Frau Bartel. Manfred; Moshe Garzon beschließt im Alter von 22 Jahren, in die USA zu reisen, um das Leben dort kennenzulernen und in der Landwirtschaft zu arbeiten. Da er kein Einreisevisum für die USA erhielt, entschied er sich schnell, als Landarbeiter für Erntearbeiten nach Kanada zu reisen; er erhält ein Einreisevisum für Kanada. In Kanada findet er Arbeit. Der Ort liegt nahe der Grenze zu den USA, in der Nähe des Ontariosees. Mit Klugheit und List gelingt es ihm, die Grenze zu den USA zu überqueren und dort drei Jahre illegal zu bleiben. Zu diesem Thema siehe die zusammengefasste Übersetzung ins Hebräische in der Akte.	"יומן מס. 1 : קנדה ,ספטמבר 1928; את היומן קבל למזכרת מאחיו מרטין ומאשת מרטין ברטל. מנפרד;משה גרזון מחליט בגיל 22 לנסוע לארה""ב למטרות הכרת החיים שם ולעבוד בחקלאות. מאחר ולא קבל אשרת כניסה לארה""ב הוא עושה החלטה מהירה לנסוע לקנדה כפועל חקלאי לעבודות קציר; הוא מקבל אשרת כניסה לקנדה. בקנדה הוא מוצא עבודה. המקום קרוב לגבול עם ארה""ב, איזור אגם אנטריו. בפקחות וערמומיות הוא מצליח לעבור את הגבול לארה""ב ולשהות בה 3 שנים שהייה לא חוקית. לנושא זה ראה תרגום מתומצת לעברית בתוך התיק."	Hebrew	1928-09	Handwritten	יומן|Diary	Moshe Garzon	EgoDocument
IL-MTFN-001-G-F-0185-006-R0003	IL-MTFN-001-G-F-0185-006	diary	Diary No. 2: December 1929	"Diary No. 2: December 1929; He also received this diary from Martin and Bartel. Accurate descriptions and reports in writing and drawing/sketch about his agricultural work and agricultural studies in the USA, including at a nursery on Long Island. With the florist Max Schling, whom he describes as ""a place of art,"" he learns flower arranging, window display, funeral and burial wreaths, bridal bouquets, table decorations, and event hall decorations. Work in a large nursery in Cromwell, Connecticut, where most crops are grown under glass. The diary has a special chapter on agricultural machines with pictures and drawings by Manfred Garzon."	"Tagebuch Nr. 2: Dezember 1929; Auch dieses Tagebuch erhielt er von Martin und Bartel. Genaue Beschreibungen und Berichte in Schrift und Zeichnung/Skizze über seine landwirtschaftliche Arbeit und sein Landwirtschaftsstudium in den USA, unter anderem in einer Baumschule auf Long Island. Bei dem Blumenbinder Max Schling, über den er schreibt ""Ort der Kunst"", lernt er Blumenbinden, Schaufensterdekoration, Kränze für Beerdigungen und Begräbnisse, Brautsträuße, Tischdekorationen und Dekorationen für Veranstaltungssäle. Arbeit in einer großen Baumschule in Cromwell, Connecticut, wo die meisten Pflanzen unter Glas wachsen. Im Tagebuch gibt es ein besonderes Kapitel über landwirtschaftliche Maschinen mit Bildern und Zeichnungen von Manfred Garzon."	"יומן מס. 2: דצמבר 1929; גם את היומן הזה קבל ממרטין וברטל. תאורים ודווחים מדויקים בכתב ובשרטוט/ציור על עבודתו החקלאית ולימודי חקלאות בארה""ב, בין היתר במשתלה ב-Long Island. אצל שוזר פרחים מקס שלינג Max Schling עליו הוא כותב ""מקום של אומנות"" שם הוא לומד שזירת פרחים, סידור חלונות ראוה, זרים ללוויות וקבורה, זרים לכלות, קישוט שולחנות וקישוט אולמות אירועים. עבודה במשתלה גדולה קרומוול;קונטיקט Cromwell;Conneticut שרוב הגידולים בה גדלים תחת זכוכית. ביומן יש פרק מיוחד על מכונות חקלאיות עם תמונות וציורים של מנפרד גרזון."	Hebrew|English	1929-12	Handwritten	יומן|Diary	Max Schling	EgoDocument
IL-MTFN-001-G-F-0185-006-R0004	IL-MTFN-001-G-F-0185-006	diary,visit	Diary No. 3: September 1930	Diary No. 3: September 1930; Description of a trip from New York to California and everything that happens to him, among other things: In the city of Washington, he sees the President of the USA, Herbert Hoover, on the lawn of the White House. In the state of Iowa, he searches for relatives who once visited Berlin and indeed finds them, the experience and excitement are great, he writes. In the state of Utah, he visits the salt works and the Mormon library in Salt Lake City; he is impressed by the many sick and disabled people in the city, which is the holy city for Mormons, where they hope for healing. And more.	Tagebuch Nr. 3: September 1930; Beschreibung einer Reise von New York nach Kalifornien und alles, was ihm widerfährt, unter anderem: In der Stadt Washington sieht er den Präsidenten der USA, Herbert Hoover, auf dem Rasen des Weißen Hauses. Im Bundesstaat Iowa sucht er nach Verwandten, die einst Berlin besuchten, und findet sie tatsächlich, das Erlebnis und die Aufregung sind groß, schreibt er. Im Bundesstaat Utah besucht er die Salzwerke und die Bibliothek der Mormonen in Salt Lake City; er ist beeindruckt von den vielen Kranken und Behinderten, die sich in der Stadt befinden, die die heilige Stadt der Mormonen ist, in der sie auf Heilung hoffen. Und mehr.	"יומן מס. 3: ספטמבר 1930; תאור נסיעה מניו;יורק לקליפורניה וכל הקורות אותו, בין היתר: בעיר ושינגטון Washington הוא רואה את נשיא ארה""ב הרברט הובר Herbert Hoover על מדשאת הבית הלבן. במדינת אייווה Iowa הוא מחפש קרובי משפחה שפעם בקרו בברלין ואכן מוצא אותם, החויה וההתרגשות גדולה הוא כותב. במדינת יוטה Utah הוא מבקר במפעלי המלח ובספריה של המורמונים Mormonen ןבעיר Salt Lake City; הוא מתרשם מהחולים ובעלי המום הרבים שנמצאים בעיר שהיא העיר הקדושה למורמונים, בה הם מקווים לרפוי. ו ע ו ד."	Hebrew	1930-09	Unknown	יומן|Diary		EgoDocument
IL-MTFN-001-G-F-0185-006-R0005	IL-MTFN-001-G-F-0185-006	diary,visit	Diary No. 4: California and Back to Europe	"Diary No. 4: California and back to Europe. Among other things: In Los Angeles, he works in a factory for iron and copper wires, describes the work and the colleagues. He meets a friend from the Ahlem period who owns orchards, where he receives explanations about citrus fruits. In the city of Pasadena, not far from Los Angeles, they celebrate the ""Flower Festival"" every year. He describes the ""Rose Parade"" in writing and pictures. He also describes the many religious streams in the city. A visit to Hollywood does not particularly impress him. He also visits the small island of Catalina in the Pacific, owned by the ""Gum King"" Wrigley, who keeps many colorful birds on a special farm. Manfred is also fascinated by the fish and corals he sees on a glass-bottom boat trip. Manfred writes that the highlight of his impressions in the USA was the trip through the Redwood forest, which he calls the ""Fairy Tale Forest"" and compares himself to Thumbelina in the land of giants."	"Tagebuch Nr. 4: Kalifornien und zurück nach Europa. Unter anderem: In Los Angeles arbeitet er in einer Fabrik für Eisen- und Kupferdrähte, beschreibt die Arbeit und die Arbeitskollegen. Er trifft einen Freund aus der Zeit von Ahlem, der Besitzer von Obstgärten ist, bei dem er Erklärungen über Zitrusfrüchte erhält. In der Stadt Pasadena, nicht weit von Los Angeles, feiern sie jedes Jahr das ""Blumenfest"". Er beschreibt den ""Rosenwettbewerb"" in Schrift und Bildern. Ebenso beschreibt er die vielen religiösen Strömungen in der Stadt. Ein Besuch in Hollywood beeindruckt ihn nicht besonders. Er besucht auch die kleine Insel Catalina im Pazifik, die im Besitz des ""Kaugummikönigs"" Wrigley ist, der auf einer speziellen Farm viele bunte Vögel hält. Manfred ist auch von den Fischen und Korallen begeistert, die er bei einer Fahrt mit einem Glasbodenboot sieht. Manfred schreibt, dass der Höhepunkt seiner Eindrücke in den USA die Fahrt durch den Redwood-Wald war, den er ""Märchenwald"" nennt und sich selbst mit Däumelinchen im Land der Riesen vergleicht."	"יומן מס. 4: קליפורניה וחזרה לאירופה. בין היתר: בלוס;אנג'לס Los;Angeles הוא עובד במפעל לחוטי ברזל ונחושת, מתאר את העבודה ואת החברים לעבודה. הוא פוגש חבר מתקופת אהלם והוא בעל פרדסים, אצלו הוא מקבל הסברים על פירות הדרים. בעיר פסדנה Psadena לא רחוק מלוס;אנג'לס חוגגים כל שנה את ""חג הפרחים"" הוא מתאר את ""תחרות השושנים"" בכתב ובתמונות. כמו כן הוא מתאר את הזרמים הדתיים הרבים שבעיר. בקור בהוליווד לא מרשים אותו במיוחד. הוא מבקר גם באי הקטן קטלינה Catalina בפציפיק שבבעלות ""מלך המסטיק"" וריגלי Wriggley שמחזיק המוני צפרים בשלל צבעים בחווה מיוחדת. מנפרדגם מתפאל מהדגה והאלמוגים אותם הוא רואה בהפלגה בסירת זכוכית. מנפרד כותב שהשיא בהתרשמויותיו בארה""ב היתה הנסיעה ביער הרדוודס Redwoods הוא קורה ליער ""יער האגדות"" והוא משווה עצמו לאצבעוני בארץ הענקים."	Hebrew		Handwritten	יומן|Diary		EgoDocument
IL-MTFN-001-G-F-0185-008-R0001	IL-MTFN-001-G-F-0185-008	hometown	Photograph of Pages on Religious Youth Village, Kfar Hasidim	Photograph of several pages on the topic: The religious youth village, Kfar Hasidim, from the Hebrew book 'Searching for a Home, Finding a Homeland' Youth Aliyah in Education and Rehabilitation, Holocaust Survivors 1945-1955, by Shlomo Bar-Gil.	Fotografie von mehreren Seiten zum Thema: Das religiöse Jugenddorf, Kfar Hasidim, aus dem hebräischen Buch 'Ein Zuhause suchen, eine Heimat finden' Jugend-Alija in Bildung und Rehabilitation, Überlebende des Holocaust 1945-1955, von Shlomo Bar-Gil.	צילום מספר דפים לנושא: כפר הנוער הדתי, כפר חסידים, מתוך הספר העברי 'מחפשים בית מוצאים מולדת' עליית הנוער בחינוך ובשיקום, שארית הפליטה 1955;1945, מאת שלמה בר;גיל.	Hebrew		Unknown	תצלום|Photograph		Image
IL-MTFN-001-G-F-0185-008-R0002	IL-MTFN-001-G-F-0185-008	hometown	Photograph of Master Plans for Cooperative Settlement by Moshe Garzon	Photograph of the master plans for the structure of the cooperative settlement as designed by Moshe Garzon, presumably in the years 1936/37 within the framework of 'Notta;Bona' settlement Moledet.	Fotografie der Bebauungspläne für die Struktur der kooperativen Siedlung, wie sie von Moshe Garzon vermutlich in den Jahren 1936/37 im Rahmen von 'Notta;Bona' geplant wurde.	"צילום של תכניות המתאר למבנה המושב השיתופי כפי שתוכנן ע""י משה גרזון כפי הנראה בשנים 1936/37 במסגרת 'נוטע;בונה' מושב מולדת."	Unspecified	1936-1937	Visual Element	תצלום|Photograph	Moshe Garzon	Image
IL-MTFN-001-G-F-0185-011-R0007	IL-MTFN-001-G-F-0185-011	memoir	Memory Photos of Kfar Lam and Moshe Garzon	Memory photos in Hebrew and English about Kfar Lam, a village of the builders, and about the work and contribution of Moshe Garzon. Written by: Hanan Weizner, Yehudit and Adi, Haviva Goldberg, Helen Levenston.	Erinnerungsfotos auf Hebräisch und Englisch über Kfar Lam, ein Dorf der Erbauer, und über die Arbeit und den Beitrag von Moshe Garzon. Autoren: Hanan Weizner, Yehudit und Adi, Haviva Goldberg, Helen Levenston.	צילומי זכרונות בעברית ואנגלית על כפר לם הוא מושב הבונים ועל פועלו ותרומתו של משה גרזון כותבים: חנן וייצנר, יהודית ועדי, חביבה גולדברג, הלן לבנסטון.	Hebrew|English		Unknown	תצלום|Photograph	Moshe Garzon	EgoDocument
IL-MTFN-001-G-F-0185-011-R0009	IL-MTFN-001-G-F-0185-011	correspondence	Correspondence with Authorities Regarding Moshav Habonim	Photographs of correspondence with the authorities related to the establishment of Moshav Habonim; Moshe Garzon signed some of the letters.	Fotografien der Korrespondenz mit den Behörden im Zusammenhang mit der Gründung des Moschaw Habonim; Mosche Garzon hat einige der Briefe unterschrieben.	צילומים של התכתבות עם הרשויות שקשר עם הקמת מושב הבונים; משה גרזון חתום על חלק מהמכתבים.	Hebrew		Unknown	מכתב|Letter	Moshe Garzon	Communication Document
IL-MTFN-001-G-F-0185-011-R0011	IL-MTFN-001-G-F-0185-011	visit	Vadi Family Visit to Moshav HaBonim 2002	Photos of the Vadi family during a visit to Moshav HaBonim 2002.	Fotos der Familie Vadi bei einem Besuch in Moschav HaBonim 2002.	תמונות של משפחת ועדי בעת ביקור במושב הבונים 2002.	Irrelevant	2002	Visual Element	תצלום|Photograph		Image
IL-MTFN-001-G-F-0186-002-R0005	IL-MTFN-001-G-F-0186-002	hometown	1986 Speech for Winkel Conference	1986 Speech for the Winkel conference held in the homeland. Hebrew. Unclear who wrote it.	1986 Rede für die Winkel-Konferenz, die in der Heimat stattfand. Hebräisch. Unklar, wer es geschrieben hat.	1986 נאום לכנס וינקל Winkel שנערך במולדת. עברית. לא ברור מי כתב.	Hebrew	1986	Unknown	נאום|Speech		Communication Document
IL-MTFN-001-G-F-0186-003-R0003	IL-MTFN-001-G-F-0186-003	diary	Publication of Judith and Adi's Article in Ein Harod Diary	"1996 ""Ein Harod Diary"" in which Judith and Adi's article ""Following My Family Lost in the Holocaust"" was published."	"1996 ""Tagebuch Ein Harod"", in dem der Artikel von Judith und Adi ""Auf den Spuren meiner Familie, die im Holocaust verloren ging"" veröffentlicht wurde."	"1996 ""יומן עין חרוד"" שבו התפרסמה רשימתה של יהודית ועדי ""בעקבות משפחתי שאבדה בשואה""."	Hebrew		Print	רשימה|List		Creative Nonfiction
IL-MTFN-001-G-F-0186-007-R0001	IL-MTFN-001-G-F-0186-007	correspondence	Correspondence between Peter Gurau and Schocken House	Correspondence between Peter Gurau and the Schocken House in Jerusalem and Tel Aviv regarding a conference for graduates and students of the Gut Winkel training farm.	Korrespondenz zwischen Peter Gurau und dem Schocken-Haus in Jerusalem und Tel Aviv in Bezug auf eine Konferenz für Absolventen und Schüler der Ausbildungsstätte Gut Winkel.	התכתבות בין פטר גוראו Peter Gurau ובית שוקן בירושלים ותל;אביב בקשר עם כנס לבוגרי ותלמידי חוות ההכשרה גוט;וינקל Gut Winkel.	Hebrew|German		Unknown	מכתב|Letter	Peter Gurau	Communication Document
IL-MTFN-001-G-F-0190-002-R0001	IL-MTFN-001-G-F-0190-002	visit	First Aid Kit for Travelers from the 1920s/30s	First aid kit for travelers from the 1920s/30s of the 20th century.	Erste-Hilfe-Set für Reisende aus den 1920er/30er Jahren des 20. Jahrhunderts.	ערכת עזרה ראשונה לנוסע משנות ה-20/30 למאה ה-20.	Unspecified		Unknown	לא מזוהה		Ephemera
IL-MTFN-001-G-F-0190-003-R0014	IL-MTFN-001-G-F-0190-003	visit	First Page of Käthe Philipp's German Passport	First page of the German passport of Käthe Philipp, born 1900, the eldest daughter of Paul and Frieda Philipp, with a photo. The page is stamped 'Expired'.	Erste Seite des deutschen Reisepasses von Käthe Philipp, geboren 1900, die älteste Tochter von Paul und Frieda Philipp, mit Foto. Auf der Seite ist der Stempel 'Abgelaufen' angebracht.	"דף ראשון מדרכונה הגרמני של קתה פיליפ, ילידת 1900, הבת הבכורה של פאול ופרידה פיליפ, עם תמונה. על הדף טבועה החותמת ""פג תוקפו""."	German		Print	תעודה|Certificate	Käthe Philipp	Legal Document
IL-MTFN-001-G-F-0198-002-R0005	IL-MTFN-001-G-F-0198-002	diary	Diary of Dr. Herbert Hamburger	Diary of Dr. Herbert Hamburger from the years 1927;1940, handwritten in German. The diary has a brown leather cover.	Tagebuch von Dr. Herbert Hamburger aus den Jahren 1927;1940, handschriftlich in Deutsch. Das Tagebuch hat einen braunen Ledereinband.	"יומן של ד""ר הרברט המבורגר מהשנים 1927;1940, גרמנית כתב יד. ליומן כריכת עור חומה."	German	1927	Handwritten	יומן|Diary	Dr. Herbert Hamburger	EgoDocument
IL-MTFN-001-G-F-0202-001-R0019	IL-MTFN-001-G-F-0202-001	correspondence	Correspondence between Wally and Martin via Red Cross	Correspondence between Wally in Mishmar HaSharon and her brother Martin in Gut Neuendorf via the Red Cross. Martin writes briefly: They have parted from agricultural work. They are on their way, unclear where, probably to Theresienstadt. The address of Father, Gretchen, and Renate is unknown. Georg is working in a labor camp in Monowitz. Alfons's address is as it was, write to him immediately. The letter is signed by Martin and Bertl (his wife Berta).; July 16, 1943.	Korrespondenz zwischen Wally in Mishmar HaSharon und ihrem Bruder Martin in Gut Neuendorf über das Rote Kreuz. Martin schreibt kurz: Sie haben die landwirtschaftliche Arbeit aufgegeben. Sie sind auf dem Weg, unklar wohin, wahrscheinlich nach Theresienstadt. Die Adresse von Vater, Gretchen und Renate ist unbekannt. Georg arbeitet in einem Arbeitslager in Monowitz. Die Adresse von Alfons ist wie zuvor, schreibe ihm sofort. Der Brief ist von Martin und Bertl (seine Frau Berta) unterschrieben.; 16. Juli 1943.	התכתבות בין ולי במשמר השרון לאחיה מרטין בגוט נויינדורף Gut Neuendorf באמצעות הצלב האדום. מרטין כותב בקיצור: נפרדו מעבודת האדמה. הם עושים דרכם לא ברור לאן, ככל הנראה לטרזיינשטדט. כתובתו של אבא, גרטכן, ורנטה לא ידועים. גיאורג עובד במחנה עבודה במונוביץ'. כתובתו של אלפונס כפי שהיתה, כתבי לו מיד. על המכתב חתומים מרטין וברטל (ברטה רעייתו).; 16 ליולי 1943.	Hebrew|German	1943-07-16	Typewritten	מכתב|Letter	Martin	Communication Document
IL-MTFN-001-G-F-0202-007-R0001	IL-MTFN-001-G-F-0202-007	papers	Translation by Adolf Garzon	Adolf Garzon, the father of Wally Seligman, wrote among other things (see the estate of Manfred Garzon) the translation: 1. Generational Change and Sexual Segregation; A Study on the Social Behavior of Insects 1928.	Adolf Garzon, der Vater von Wally Seligman, schrieb unter anderem (siehe Nachlass von Manfred Garzon) die Übersetzung: 1. Generationenwechsel und geschlechtliche Trennung; Eine Studie über das Sozialverhalten von Insekten 1928.	אדולף גרזון אביה של ולי זליגמן כתב בין היתר (ראה עיזבון מנפרד גרזון) את תרגום:; 1.חילופי דורות והפרדה מינית; מחקר על התנהגותם החברתית של חרקים 1928.	Hebrew|עברית	1928	Unknown	Translated Document|מסמך מתורגם	Adolf Garzon	Creative Nonfiction
IL-MTFN-001-G-F-0202-007-R0006	IL-MTFN-001-G-F-0202-007	diary	Copy of Adolf Garzon's Diary from WWI	Copy of a diary written by Adolf Garzon during his military service in World War I 1914;1915 in German + translation into Hebrew.	Kopie eines Tagebuchs, das Adolf Garzon während seines Militärdienstes im Ersten Weltkrieg 1914;1915 auf Deutsch geschrieben hat + Übersetzung ins Hebräische.	"העתק יומן שכתב אדולף גרזון בעת שרותו הצבאי במלח""ע 1914;1915 בגרמנית + תרגום לעברית."	German|Hebrew	1914	Unknown	יומן|Diary|מסמך מתורגם|Translated Document	Adolf Garzon	EgoDocument
IL-MTFN-001-G-F-0202-008-R0002	IL-MTFN-001-G-F-0202-008	papers	Family Roots by Henry Birnbrey	Family roots / family history created by Henry Birnbrey in 1994, which also includes the Garzon family through generations (this material is also found in the estate of Manfred Moshe Garzon).	Stammbaum / Familiengeschichte erstellt von Henry Birnbrey im Jahr 1994, in dem unter anderem auch die Familie Garzon über Generationen hinweg erwähnt wird (dieses Material befindet sich auch im Nachlass von Manfred Moshe Garzon).	"עבודת שורשים / תולדות משפחה שנעשתה ע""י הנרי בירנבריי Henry Birnbrey ב-1994 בה מופיעה בין היתר גם משפחת גרזון לדורותיה (חומר זה מצוי גם בעיזבון של מנפרד משה גרזון)."	Hebrew|English	1994	Unknown	לא מזוהה|Unrecognized	Henry Birnbrey	EgoDocument
IL-MTFN-001-G-F-0202-008-R0003	IL-MTFN-001-G-F-0202-008	memoir	Memories from the Garzon House for Wally Seligman's 80th Birthday	"Manfred Moshe Garzon writes in Hebrew ""Memories from the Garzon House"" in honor of the 80th birthday of Wally Seligman; his sister. Bound in a festive cover."	"Manfred Moshe Garzon schreibt auf Hebräisch ""Erinnerungen aus dem Haus Garzon"" zu Ehren des 80. Geburtstags von Wally Seligman; seiner Schwester. Gebunden in einem festlichen Einband."	"מנפרד משה גרזון כותב בעברית ""זכרונות מבית גרזון"" לכבוד יום הולדתה ה-80 של ולי זליגמן; אחותו. כרוך בכריכה חגיגית."	Hebrew		Unknown	Book	Manfred Moshe Garzon	EgoDocument
IL-MTFN-001-G-F-0202-010-R0002	IL-MTFN-001-G-F-0202-010	memoir	Memories of Clara Grunwald	Book in German 'Memories of Clara Grunwald, for her 120th birthday'.	Buch auf Deutsch 'Erinnerungen an Clara Grunwald, zu ihrem 120. Geburtstag'.	ספר בגרמנית 'זיכרונות על קלרה גרונולד, ליום הולדתה ה-120'.	German		Print	Book	Clara Grunwald	Creative Nonfiction
IL-MTFN-001-G-F-0202-011-R0003	IL-MTFN-001-G-F-0202-011	hometown	Booklet with Homeland Songs and Hebrew Translations	Booklet with homeland songs in French + translation of 2 songs into Hebrew translated by Gedalia.	Broschüre mit Heimatliedern auf Französisch + Übersetzung von 2 Liedern ins Hebräische, übersetzt von Gedalia.	חוברת עם שירי מולדת בצרפתית + תרגום לעברית של 2 שירים שתרגם גדליה.	Hebrew|French		Print	חוברת|Booklet|מסמך מתורגם|Translated Document		Creative Nonfiction
IL-MTFN-001-G-F-0202-015-R0012	IL-MTFN-001-G-F-0202-015	memoir	Poem by Manfred Garzon	"Without date, a poem in German with Hebrew memories for ""Nootah;Bona"" by Manfred Garzon"	"Ohne Datum, ein Gedicht auf Deutsch mit hebräischen Erinnerungen an ""Nootah;Bona"" von Manfred Garzon"	"בלי תאריך, שיר בגרמנית עם עברית זכרונות ל""נוטע;בונה"" של מנפרד גרזון"	German|Hebrew		Unknown	שיר|Poem	Manfred Garzon	Creative Fiction
IL-MTFN-001-G-F-0202-015-R0015	IL-MTFN-001-G-F-0202-015	visit	1993 Postcard to Willi Seligman from Gad Blumenthal	1993 Postcard to Willi Seligman from Gad Blumenthal who visited Ahlem	1993 Postkarte an Willi Seligman von Gad Blumenthal, der Ahlem besuchte	1993 גלויה אל וילי זליגמן מ- Gad Blumenthal שביקר ב- Ahlem	Hebrew	1993	Unknown	גלויה|Postcard	Willi Seligman	Ephemera
IL-MTFN-001-G-F-0202-016-R0003	IL-MTFN-001-G-F-0202-016	memoir	Memories from the Garzon Luli House	1993, Memories from the Garzon Luli House by Manfred	1993, Erinnerungen aus dem Haus Garzon Luli von Manfred	1993, זכרונות מבית גרזון לולי מאת Manfred	Unspecified	1993	Unknown	ספר|Book	Manfred	EgoDocument
IL-MTFN-001-G-F-0202-016-R0007	IL-MTFN-001-G-F-0202-016	hometown	Brochure of the Jewish Community of Posen	Brochure of the Jewish Community of Posen, Blätter des Verbandes jüdischer Heimatvereine	Broschüre der jüdischen Gemeinde Posen, Blätter des Verbandes jüdischer Heimatvereine	עלון של אירגון קהילת יהדות פוזן, Blätter des Verbandes jüdischer Heimatvereine	Hebrew|German		Print	חוברת|Booklet		Organization Papertrail
IL-MTFN-001-G-F-0202-016-R0013	IL-MTFN-001-G-F-0202-016	memoir	Memories of Arale Deldan	No date, 4 pages with memories of Arale Deldan	Ohne Datum, 4 Seiten mit Erinnerungen von Arale Deldan	בלי תאריך, 4 דפים עם זכרונות של אראלה דלדן	Hebrew		Unknown	רשימות|Personal Notes	אראלה דלדן	EgoDocument
IL-MTFN-001-G-F-0210-001-R0001	IL-MTFN-001-G-F-0210-001	diary	World War I Diary of Alice Salomon	World War I diary of a woman Alice Salomon with translation into Hebrew with her personal story and that of her family; Names: Katz, Frieda Goldberger, Salomon; Place: Lautenburg nan	Tagebuch des Ersten Weltkriegs einer Frau Alice Salomon mit Übersetzung ins Hebräische mit ihrer persönlichen Geschichte und der ihrer Familie; Namen: Katz, Frieda Goldberger, Salomon; Ort: Lautenburg nan	יומן מלחמת עולם ראשונה של אישה Alice Salomon עם תרגום לעברית עם הסיפור האישי שלה ויל משפחתה; שמות: Katz, Frieda Goldberger, Salomon; מקום: Lautenburg nan	Hebrew|German		Unknown	יומן|Diary|מסמך מתורגם|Translated Document	Alice Salomon	EgoDocument
IL-MTFN-001-G-F-0214-001-R0001	IL-MTFN-001-G-F-0214-001	memoir	Memory Book of Miriam Polin	Memory book of Miriam Polin from 1938; Printed pages with memories of Miriam Polin from her childhood until her immigration to Israel in 1948.; The memories are divided into 3 chapters, a total of 38 pages.	Erinnerungsbuch von Miriam Polin aus dem Jahr 1938; Gedruckte Seiten mit Erinnerungen von Miriam Polin von ihrer Kindheit bis zu ihrer Einwanderung nach Israel im Jahr 1948.; Die Erinnerungen sind in 3 Kapitel unterteilt, insgesamt 38 Seiten.	"ספר זיכרונות של מרים פולין מ-1938; דפים מודפסים עם זיכרונותיה של מרים פולין מילדותה עד לעלייתה לארץ ב-1948.; הזיכרונות מחולקים ל;3 פרקים, סה""כ 38 עמודים."	Hebrew	1938	Print	ספר זכרונות|Memory Book	Miriam Polin	EgoDocument
IL-MTFN-001-G-F-0214-001-R0003	IL-MTFN-001-G-F-0214-001	memoir	זיכרונותיו של אושי פולין	"Printed pages with the memories of Oshi Polin, born in Gera in 1924. Among other things, he was a student at the ""Ahava"" institution in Berlin, from which he fled at the age of 13. The boy Oshi had early difficult life experiences in Germany, England, and finally Sweden. German print."	"Gedruckte Seiten mit den Erinnerungen von Oshi Polin, geboren in Gera 1924. Unter anderem war er Schüler im ""Ahava""-Institut in Berlin, von dem er im Alter von 13 Jahren floh. Der Junge Oshi machte frühzeitig schwere Lebenserfahrungen in Deutschland, England und schließlich Schweden. Deutsch Druck."	"דפים מודפסים עם זיכרונותיו של אושי פולין, נולד בגרה Gera ב-1924. בין היתר היה חניך במוסד ""אהבה"" בברלין, ממנו ברח בגיל 13. הנער אושי התנסה בטרם עת בחוויות חיים קשות בגרמניה, אנגליה ולבסוף שבדיה. גרמנית הדפסה."	German		Typewritten	מסמך מתורגם|Translated Document	אושי פולין	EgoDocument
IL-MTFN-001-G-F-0214-004-R0003	IL-MTFN-001-G-F-0214-004	papers	Message about the fall of Dov Polin in Jenin	Written message from the commander of the defense about the fall in battle, in Jenin, of Dov Polin. The message was sent to his wife Zehava in Nahariya but remained with the mother (the document was in the mother's estate) because Zehava, who was in divorce proceedings from Dov, was no longer in Nahariya (information provided by Miriam Polin).	Geschriebene Nachricht vom Kommandanten der Verteidigung über den Tod von Dov Polin in der Schlacht in Jenin. Die Nachricht wurde an seine Frau Zehava nach Nahariya geschickt, blieb aber bei der Mutter (das Dokument war im Nachlass der Mutter), da Zehava, die sich von Dov scheiden ließ, nicht mehr in Nahariya war (Informationen von Miriam Polin).	"הודעה כתובה ממפקד ההגנה על נפילתו בקרב, בג'נין, של דב פולין. ההודעה נשלחה אל רעייתו זהבה לנהריה אך נשארה אצל האם (המסמך היה בעזבון האם) פני מאחר וזהבה, שהיתה בהליכי גירושים מדב, כבר לא הייתה בנהריה (המידע נמסר ע""י מרים פולין)."	Hebrew		Handwritten	מכתב|Letter	Dov Polin	Communication Document
IL-MTFN-001-G-F-0219-001-R0002	IL-MTFN-001-G-F-0219-001	papers	Explanations for Deposited Material and Family Tree	Page with explanations for the deposited material and the family tree. In Hebrew, written by the estate administrator, Arno Bar.	Seite mit Erklärungen zum hinterlegten Material und zum Stammbaum der Familie. Auf Hebräisch, geschrieben vom Nachlassverwalter Arno Bar.	עמוד עם הסברים לחומר המופקד ולאילן היוחסין של המשפחה .בעברית, כתב מפקיד העזבון, ארנו בר.	Hebrew		Handwritten	רשימות|Personal Notes	Arno Bar	EgoDocument
IL-MTFN-001-G-F-0223-001-R0002	IL-MTFN-001-G-F-0223-001	memoir	את אשר אני זוכר; זכרונות מהבית ומהמשפחה	Collection, 'What I Remember; Memories from Home and Family / Hanan David'. The family history from 1918 in Germany, immigration and settlement in the country. Hebrew typewritten. David Hanan writes well and describes the spirit of the time with humor.	Sammlung, 'Was ich erinnere; Erinnerungen aus dem Haus und der Familie / Hanan David'. Die Familiengeschichte ab 1918 in Deutschland, die Einwanderung und Ansiedlung im Land. Hebräisch Schreibmaschine. David Hanan schreibt gut und beschreibt den Zeitgeist mit Humor.	אסופה, 'את אשר אני זוכר; זכרונות מהבית ומהמשפחה / חנן דוד'. קורות המשפחה מ-1918 בגרמניה, העליה וההתיישבות בארץ. עברית הדפסה. דוד חנן מיטיב לכתוב ולתאר את רוח הזמן עם הומור.	Hebrew		Typewritten	ספר|Book	חנן דוד	EgoDocument
IL-MTFN-001-G-F-0223-001-R0004	IL-MTFN-001-G-F-0223-001	memoir	An was ich mich erinnere - Chanan (Hans) David	Similar/identical material in German: Booklet with the title: An was ich mich erinnere, memories of home and about the family / Chanan (Hans) David.	Ähnliches/gleiches Material auf Deutsch: Broschüre mit dem Titel: An was ich mich erinnere, Erinnerungen an Zuhause und über die Familie / Chanan (Hans) David.	חומר דומה/זהה בגרמנית: חוברת עם הכותרת: An was ich mich erinnere, erinnerungen an zu Hause und über die Familie / Chanan (Hans) David.	German|Hebrew		Print	חוברת|Booklet	Chanan (Hans) David	Creative Nonfiction
IL-MTFN-001-G-F-0223-001-R0009	IL-MTFN-001-G-F-0223-001	visit	Articles about Hanan David's visits to Bottrop	Press clippings, articles published in the newspapers of the city of Bottrop, Germany, writing about Hanan David and his visits to the city. The articles are accompanied by a list, handwritten in Hebrew, summarizing the articles. 1980s of the 20th century.	Zeitungsausschnitte, Artikel, die in den Zeitungen der Stadt Bottrop, Deutschland, veröffentlicht wurden und über Hanan David und seine Besuche in der Stadt berichten. Den Artikeln ist eine Liste beigefügt, hebräisch handgeschrieben, mit einer Zusammenfassung der Artikel. 1980er Jahre des 20. Jahrhunderts.	קטעי עיתונות, מאמרים שהתפרסמו בעיתוני העיר בוטרופ Bottrop, גרמניה, שכותבים על חנן דוד וביקוריו בעיר. למאמרים מצורפת רשימה, עברית כתב יד, עם תמצות המאמרים. שנות ה;80 לאה ה;20.	Hebrew|German		Unknown	גזיר עיתון|רשימה	חנן דוד	News Clipping
IL-MTFN-001-G-F-0247-002-R0004	IL-MTFN-001-G-F-0247-002	memoir	Memories of Rivka Rosenblit	Memories of Rivka Rosenblit, daughter of Felix and his second wife, Hadassah née Perlman. Rivka died in her childhood.	Erinnerungen an Rivka Rosenblit, Tochter von Felix und seiner zweiten Frau, Hadassah geborene Perlman. Rivka starb in ihrer Kindheit.	זיכורונות על רבקה רוזנבליט, בתם של פליקס ורעייתו השניה, הדסה לבית פרלמן. רבקה נפטרה בילדותה.	Unspecified		Unknown	רשימות|Personal Notes	Rivka Rosenblit	EgoDocument
IL-MTFN-001-G-F-0247-005-R0003	IL-MTFN-001-G-F-0247-005	correspondence	Correspondence with Shmuel and Pnina Rosenblit	Correspondence with the parents, Shmuel and Pnina Rosenblit.	Korrespondenz mit den Eltern, Shmuel und Pnina Rosenblit.	התכתבות עם ההורים, שמואל ופני רוזנבליט.	Unspecified		Unknown	מכתב|Letter	שמואל ופני רוזנבליט	Communication Document
IL-MTFN-001-G-F-0247-005-R0004	IL-MTFN-001-G-F-0247-005	correspondence	Correspondence with Leo and Felix Rosenblit	Correspondence with the brothers Leo and Felix Rosenblit.	Korrespondenz mit den Brüdern Leo und Felix Rosenblit.	התכתבות עם האחים לאו ופליקס רוזנבליט.	Unspecified		Unknown	מכתב|Letter	Leo Rosenblit|Felix Rosenblit	Communication Document
IL-MTFN-001-G-F-0247-005-R0005	IL-MTFN-001-G-F-0247-005	correspondence	Correspondence with Yonah	Correspondence with the son, Yonah.	Korrespondenz mit dem Sohn, Jona.	התכתבות עם הבן, יונה.	Hebrew		Unknown	מכתב|Letter	יונה	Communication Document
IL-MTFN-001-G-F-0247-007-R0002	IL-MTFN-001-G-F-0247-007	diary	Diary Excerpts of Martin Rosenblit	Print of paragraphs from the diary of Martin Rosenblit, in the original language, German.	Druck von Absätzen aus dem Tagebuch von Martin Rosenblit, in der Originalsprache, Deutsch.	הדפסה של פסקות מתוך יומנו של מרטין רוזנבליט, בשפת המקור, גרמנית.	German		Typewritten	יומן|Diary	Martin Rosenblit	EgoDocument
IL-MTFN-001-G-F-0250-003-R0004	IL-MTFN-001-G-F-0250-003	papers	Correspondence of Ina Dimon with Leo Baeck Institute	Correspondence, German and English, of Ina Dimon with the Leo Baeck Institute in New York, where most of Prof. Max Koryn's estate is kept.	Korrespondenz, Deutsch und Englisch, von Ina Dimon mit dem Leo Baeck Institut in New York, wo der Großteil des Nachlasses von Prof. Max Koryn aufbewahrt wird.	תכתבות, גרמנית ואנגלית, של אינה דימון עם מכון לאו בק בניו יורק, שם שמור מרביתו של עזבון פרופ' מקס קוריין.	German|English		Unknown	מכתב|Letter	Ina Dimon	Communication Document
IL-MTFN-001-G-F-0250-005-R0011	IL-MTFN-001-G-F-0250-005	correspondence	Correspondence between Ina Dimon and Israel Amir's descendants	Correspondence between Ina Dimon and the descendants of Israel Amir. Following obituaries and articles about the death of Israel Amir in 2002, Korin's daughter became aware of the connection and professional partnership between her father, Korin, and Israel Amir. Through the correspondence, she hoped to gain more information about her father's activities in the 1940s.	Korrespondenz zwischen Ina Dimon und den Nachkommen von Israel Amir. Nach Todesanzeigen und Artikeln über den Tod von Israel Amir im Jahr 2002 wurde die Tochter von Korin auf die Verbindung und die berufliche Partnerschaft zwischen ihrem Vater, Korin, und Israel Amir aufmerksam. Durch die Korrespondenz hoffte sie, mehr Informationen über die Aktivitäten ihres Vaters in den 1940er Jahren zu erhalten.	התכתבות בין אינה דימון והצאצאים של ישראל עמיר. בעקבות מודעות אבל ומאמרים על מותו של ישראל עמיר ב-2002, נחשפה בתו של קוריין לקשר ולשותפות המקצועית בין אביה, קוריין, לבין ישראל עמיר. באמצעות ההתכתבות קוותה לקבל יותר מידע על פעילותו של אביה בשנות ה-40.	Hebrew		Unknown	מכתב|Letter	Israel Amir	Communication Document
IL-MTFN-001-G-F-0250-005-R0013	IL-MTFN-001-G-F-0250-005	correspondence	Correspondence on Memorial for Prof. Korine	Envelope with correspondence between the Ayalon Institute and Ina Dimon on the subject: Memorial corner for Prof. Korine at the Institute's museum.	Umschlag mit Korrespondenz zwischen dem Ayalon-Institut und Ina Dimon zum Thema: Gedenkstätte für Prof. Korine im Museum des Instituts.	מעטפה עם התכתבות בין מכון איילון ואינה דימון בנושא: פינת הנצחה לפרופ' קוריין במוזיאון המכון.	Hebrew		Unknown	מעטפה|Envelope		Communication Document
IL-MTFN-001-G-F-0250-005-R0020	IL-MTFN-001-G-F-0250-005	visit	Ina Dimon's Photo Album in Germany	1957-1958, photo album of Ina Dimon while she worked in Germany. Most of the photos are from personal trips.	1957-1958, Fotoalbum von Ina Dimon während ihrer Arbeit in Deutschland. Die meisten Fotos sind von persönlichen Reisen.	1957-1958, אלבום תמונות של אינה דימון בזמן שעבדה בגרמניה. רוב התמונות הם מטיולים אישיים.	Unspecified	1957-1958	Visual Element	תצלום|Photograph	Ina Dimon	Image
IL-MTFN-001-G-F-0251-001-R0001	IL-MTFN-001-G-F-0251-001	visit	Photographs of the Levant Fair in Tel Aviv, 1934	In 1934, she visited the Levant Fair in Tel Aviv where she photographed the various pavilions.	Im Jahr 1934 besuchte sie die Levante-Messe in Tel Aviv, wo sie die verschiedenen Pavillons fotografierte.	"ב-1934 בקרה את היריד המזרחי בת""א שם צילמה את הביתנים השונים."	Unspecified	1934	Unknown	תצלום|Photograph		Image
IL-MTFN-001-G-F-0252-001-R0006	IL-MTFN-001-G-F-0252-001	correspondence	Correspondence between Herzl and Duke Friedrich of Baden	Photograph, collection of correspondence between Herzl and Duke Friedrich of Baden, 1896/97.	Fotografie, Sammlung der Korrespondenz zwischen Herzl und Herzog Friedrich von Baden, 1896/97.	צילום, אסופה של ההתכתבות בין הרצל והדוכס פרידריך מבאדן, 1896/97.	Hebrew|German	1896	Unknown	מכתב|Letter	Herzl|Duke Friedrich of Baden	Communication Document
IL-MTFN-001-G-F-0257-001-R0001	IL-MTFN-001-G-F-0257-001	memoir	Sweet Lemons: Memories from the Internment Camp in Mauritius 1940-1945	"A biographical book by Rachel Springman;Ribak wrote ""Sweet Lemons; Memories from the Internment Camp in Mauritius 1940;1945"". The book is divided into 87 short chapters. The book was published by Yad Vashem."	"Eine biografische Buch von Rachel Springman;Ribak schrieb ""Süße Zitronen; Erinnerungen aus dem Internierungslager in Mauritius 1940;1945"". Das Buch ist in 87 kurze Kapitel unterteilt. Das Buch wurde von Yad Vashem veröffentlicht."	"ספר ביוגרפי שרחל שפרינגמן;ריבק כתבה ""לימונים מתוקים; זיכרונות ממחנה ההסגר במאוריציוס 1940;1945"". אתהספר חילקה ל;87 פרקים קצרים. הספר יצא לאור בהוצאת יד ושם."	Hebrew		Print	Book	Rachel Springman	Creative Nonfiction
IL-MTFN-001-G-F-0257-001-R0002	IL-MTFN-001-G-F-0257-001	hometown	Children's Card Game Featuring Danzig	Card game for children, the cards depict pictures from Danzig. Rachel remembers that her father used to play cards with her and while playing, taught her about her hometown, Danzig.	Kartenspiel für Kinder, die Karten zeigen Bilder aus Danzig. Rachel erinnert sich, dass ihr Vater mit ihr Karten spielte und ihr dabei über ihre Heimatstadt Danzig beibrachte.	משחק קלפים לילדים, הקלפים מתארים תמונות מדנציג. רחל נזכרת שאביה היה משחק איתה בקלפים ותוך כדי משחק היה מלמד אותה על עיר הולדתה, דנציג.	Unspecified		Unknown	משחק|Game		Game
IL-MTFN-001-G-F-0266-001-R0002	IL-MTFN-001-G-F-0266-001	visit	Copies related to Desider Stern's prize from Vienna, 1998	Copies related to the awarding of a prize to Desider Stern from the City of Vienna, 1998	Kopien im Zusammenhang mit der Verleihung des Preises an Desider Stern von der Stadt Wien, 1998	העתקים הקשורים לקבלת פרס ל דזידר שטרן מעירית וינה, 1998	Hebrew|German		Unknown	Translated Document	Desider Stern	Certificate
IL-MTFN-001-G-F-0267-002-R0001	IL-MTFN-001-G-F-0267-002	visit	Album III documenting artist's work in early 20th century	Album No. III documents the artist's work in the 2nd and 3rd decades of the 20th century; the documentation is in the languages: German, English, Yiddish, Hungarian, and Arabic (or another Semitic language, p. 159); among the topics: exhibitions in Hungary; the Hungarian press writes about the artist and his work and publishes his works; exhibition in Lemberg (Lviv); letters from New York; exhibition catalogs with price index for works; Protestant press; pilgrim Der Pilger aus Sachsen uses the artist's works for biblical stories; reviews; prospectus for the Bible translation Die Bibel by Luther with the artist's works (p. 131) this edition was not published; prospectus for the first volume of the Bible books Die Bücher der Bibel (p. 135); among the writers about the artist and his work: Eugen Hoeflich p. 162, Israel Zangwill p. 163, Jozsef Patai; interview with Lilien from 1923 in German on the topic: Jewish art (p. 190).	Album Nr. III dokumentiert das Werk des Künstlers in den 20er und 30er Jahren des 20. Jahrhunderts; die Dokumentation in den Sprachen: Deutsch, Englisch, Jiddisch, Ungarisch und Arabisch (oder eine andere semitische Sprache, S. 159); zu den Themen: Ausstellungen in Ungarn; die ungarische Presse schreibt über den Künstler und seine Werke und veröffentlicht seine Arbeiten; Ausstellung in Lemberg (Lwiw); Briefe aus New York; Ausstellungskataloge mit Preisindex für Werke; protestantische Presse; Pilgerin Der Pilger aus Sachsen verwendet die Werke des Künstlers für biblische Geschichten; Kritiken; Prospekt für die Bibelübersetzung Die Bibel von Luther mit den Werken des Künstlers (S. 131) diese Ausgabe wurde nicht veröffentlicht; Prospekt für den ersten Band der Bibelbücher Die Bücher der Bibel (S. 135); unter den Autoren über den Künstler und seine Werke: Eugen Hoeflich S. 162, Israel Zangwill S. 163, Jozsef Patai; Interview mit Lilien von 1923 auf Deutsch zum Thema: jüdische Kunst (S. 190).	"אלבום מס. III מתעד את יצירת האמן בעשורים ה-2 וה-3 למאה ה-20; התיעוד בשפות: גרמנית, אנגלית, יידיש, הונגרית וערבית (או שפה שמית אחרת עמ' 159); מתוך הנושאים: תערוכות בהונגריה; העיתונות ההונגרית כותבת על האמן ויצירתו ומפרסמת מעבודותיו; תערוכה בלמברג (לבוב); מכתבים מניו-יורק; קטלוגים מתערוכות עם אינדקס מחירים ליצירות; עיתונות פרוטסטנטית; צליינית Der Pilger aus Sachsen משתמשת ביצירות האמן לסיפורי התנ""ך; ביקורות; פרוספקט לספר התנ""ך Die Bibel בתרגומו של לותר ועם יצירות האומן (עמ' 131) הוצאה זאת לא יצאה אור; פרוספקט לכרך ראשון של ספרי התנ""ך Die Bücher der Bibel (עמ' 135); מבין הכותבים על האמן ויצירתו: Eugen Hoeflich עמ' 162, Israel Zangwill עמ' 163, Jozsef Patai; ראיון עם ליליין מ-1923 בגרמנית בנושא: האמנות היהודית (עמ' 190)."	German|English|Yiddish|Hungarian|Other		Unknown	Catalog|Letter		Creative Nonfiction
IL-MTFN-001-G-F-0267-004-R0002	IL-MTFN-001-G-F-0267-004	memoir	Memory Book for Silver Wedding Anniversary 1864	Notebook/Memorial book as a souvenir for the silver wedding anniversary 1864, of Dr. Meyer Isler and Emma née Meyer (his wife). On the cover of the book it is written in golden letters: In memory of June 12, 1864; as a souvenir of June 12, 1864.	Notizbuch/Erinnerungsbuch als Andenken an die Silberhochzeit 1864 von Dr. Meyer Isler und Emma geb. Meyer (seine Frau). Auf dem Einband des Buches steht in goldenen Buchstaben: Zur Erinnerung an den 12. Juni 1864; als Andenken an den 12. Juni 1864.	"מחברת/ ספר זיכרונות למזכרת ליום נישואי הכסף 1864, של ד""ר מאייר איזלר Meyer Isler ואמה לבית מאייר (רעיתו) Emma geb. Meyer. על כריכת הספר כתוב באותיות זהב; Zur Erinnerung an den 12 Juni 1864; למזכרת ה; 12 יוני 1864."	Hebrew|German	1864-06-12	Print	ספר זכרונות|Memory Book	Meyer Isler	EgoDocument
IL-MTFN-001-G-F-0267-004-R0004	IL-MTFN-001-G-F-0267-004	diary,memoir	Grossmutter Erinnerungen	Notebook/Memoir book, on whose cover is written in golden letters: Grandmother's Memories. This notebook was translated into German by the daughter, Sophie Magnus, and handwritten the memories of her mother, Emma Eisler, which were originally written in Judeo-German and were written by her in 1874. Inside the notebook is a printed letter from 1958 in which the granddaughter, Helena Lilien, briefly tells the history of her grandmother and the notebook and mentions that in her memories the grandmother also wrote about Dr. Gabriel Riesser; in the notebook there is also a handwritten letter by A.M. Lilien in German which he wrote to his wife's mother, Sophie Magnus, in which he thanks her for copying the memoir book which interested him very much. In the notebook there is also a printed page in English (it is not known who printed it), apparently a translation into English from the grandmother's memories in which she refers to her father who died in 1852. Inside the notebook are several portrait photos of the grandmother, Emma Eisler.	Notizbuch/Erinnerungsbuch, auf dessen Einband in goldenen Buchstaben steht: Grossmutter Erinnerungen. Dieses Notizbuch wurde von der Tochter, Sophie Magnus, ins Deutsche übersetzt und handschriftlich die Erinnerungen ihrer Mutter, Emma Eisler, die ursprünglich in Jüdisch-Deutsch geschrieben waren und 1874 von ihr verfasst wurden, abgeschrieben. Im Notizbuch befindet sich ein gedruckter Brief von 1958, in dem die Enkelin, Helena Lilien, kurz die Geschichte ihrer Großmutter und des Notizbuchs erzählt und erwähnt, dass die Großmutter in ihren Erinnerungen auch über Dr. Gabriel Riesser schrieb; im Notizbuch befindet sich auch ein handschriftlicher Brief von A.M. Lilien auf Deutsch, den er an die Mutter seiner Frau, Sophie Magnus, schrieb, in dem er ihr für das Abschreiben des Erinnerungsbuchs dankt, das ihn sehr interessierte. Im Notizbuch befindet sich auch eine gedruckte Seite auf Englisch (es ist nicht bekannt, wer sie gedruckt hat), offenbar eine englische Übersetzung aus den Erinnerungen der Großmutter, in der sie sich auf ihren Vater bezieht, der 1852 starb. Im Notizbuch befinden sich mehrere Porträtfotos der Großmutter, Emma Eisler.	"מחברת/ספר זיכרונות, שעל כריכתו כתוב באותיות זהב: Grossmutter Erinnerungen. למחברת זאת הבת, סופי מגנוס Sophie Magnus, תרגמה לגרמנית והעתיקה בכתב יד את זיכרונות אמה, אמה איזלר, שבמקור היו כתובים ביהודית;גרמנית ואשר נכתבו על ידה ב-1874. בתוך המחברת יש מכתב מודפס מ- 1958 בו מספרת בקצרה הנכדה, הלנה ליליין, את תולדות סבתה ואת תולדות המחברת ומציינת שבזיכרונותיה כתבה הסבתא גם על ד""ר גבריאל ריסר Dr. Gabriel Riesser; במחברת גם מכתב של א.מ. ליליין בכתב יד בגרמנית אותו כתב לאם רעיתו לסופי מגנוס בו הוא מודה לה על העתקת ספר הזיכרונות שמאד עניין אותו. במחברת גם דף מודפס באנגלית (לא ידוע מי הדפיס) כפי הנראה תרגום לאנגלית מתוך הזיכרונות של הסבתא בו היא מתייחסת לאביה שנפטר ב-1852. בתוך המחברת מספר תמונות דיוקן של הסבתא, אמה איזלר."	German|English|Other	1874	Unknown	יומן|Diary	Emma Eisler	EgoDocument
IL-MTFN-001-G-F-0267-006-R0009	IL-MTFN-001-G-F-0267-006	correspondence	Correspondence between Otto and Sophie Magnus with family and others	Correspondence between Otto Magnus and his wife Sophie née Eisler with their daughter Helena and son-in-law Ephraim Moses Lilien + letters from other people to Otto and Sophie Magnus; end of the 19th century and beginning of the 20th century.	Korrespondenz zwischen Otto Magnus und seiner Frau Sophie geb. Eisler mit der Tochter Helena und dem Schwiegersohn Ephraim Moses Lilien + Briefe von anderen Personen an Otto und Sophie Magnus; Ende des 19. Jahrhunderts und Anfang des 20. Jahrhunderts.	התכתבות בין אוטו מגנוס ורעיתו סופי לבית איזלר עם הבת הלנה והחתן אפרים משה ליליין + מכתבים מאנשים אחרים אל אוטו וסופי מגנוס; סוף המאה ה-19 וראשית המאה ה-20.	Hebrew|German		Unknown	מכתב|Letter		Communication Document
IL-MTFN-001-G-F-0267-009-R0003	IL-MTFN-001-G-F-0267-009	diary	Printed Collection of Lilien's Writings	Printed collection of Lilien's writings, probably from diaries + letters from the years 1918;1925;	Gedruckte Sammlung von Lilien's Schriften, wahrscheinlich aus Tagebüchern + Briefe aus den Jahren 1918;1925;	אוסף מודפס של כתיבת ליליין ככל הנראה מיומנים + מכתבים מהשנים 1918;1925;	Hebrew	1918	Print	מכתב|Letter		EgoDocument
IL-MTFN-001-G-F-0267-011-R0007	IL-MTFN-001-G-F-0267-011	correspondence	Correspondence between Otto Lilien and Dr. Pachtman	1933/34 Correspondence between Otto Lilien and lawyer in Drohobycz, Dr. Pachtman	1933/34 Korrespondenz zwischen Otto Lilien und Anwalt in Drohobycz, Dr. Pachtman	"1933/34 התכתבות בין אוטו ליליין ועו""ד בדרוהוביץ', ד""ר פכטמן Dr. Pachtman"	German|Hebrew	1933	Unknown	מכתב|Letter	Otto Lilien	Communication Document
IL-MTFN-001-G-F-0267-025-R0014	IL-MTFN-001-G-F-0267-025	correspondence	Manuscript for Efraim Moshe Lilien; Letters to his Wife	Manuscript for the book Efraim Moshe Lilien; Letters to his Wife, edited by Otto Lilien and Prof. Dr. Richard Scheffler from 1974/75. At the beginning of the manuscript, the two discuss in correspondence what should be included in the book and what should not.	Manuskript für das Buch Efraim Moshe Lilien; Briefe an seine Frau, herausgegeben von Otto Lilien und Prof. Dr. Richard Scheffler aus den Jahren 1974/75. Am Anfang des Manuskripts diskutieren die beiden in einem Briefwechsel, was in das Buch aufgenommen werden soll und was nicht.	"מנוסקריפט לספר Efraim Moshe Lilien; Briefe an seine Frau בעריכתם של אוטו ליליין ופרופ' ד""ר ריכרד שפלר Richard Scheffler משנת 1974/75 בתחילת המנוסקריפט מתלבטים השניים, בהתכתבות, מה יש להכניס ומה לא לתוך הספר."	German|עברית	1974-1975	Unknown	מכתב|Letter		Creative Nonfiction
IL-MTFN-001-G-F-0272-001-R0005	IL-MTFN-001-G-F-0272-001	visit	DVD on Shmuel Katz's Visit to Vienna	DVD in German about the visit of Shmuel Katz in Vienna.	DVD auf Deutsch über den Besuch von Shmuel Katz in Wien.	DVD בגרמנית על הביקור של שמואל כץ בוינה.	German		Unknown	לא מזוהה	Shmuel Katz	Ephemera
IL-MTFN-001-G-F-0274-001-R0003	IL-MTFN-001-G-F-0274-001	visit	Travel Documents of Reuven and Miriam Avnari, 1950	Two travel documents / instead of passports, of Reuven and Miriam Avnari from the year 1950, indicating that the travel document is valid for all countries except Germany.	Zwei Reisedokumente / anstelle von Pässen, von Reuven und Miriam Avnari aus dem Jahr 1950, in denen angegeben ist, dass das Reisedokument für alle Länder außer Deutschland gilt.	שתי תעודות מסע / במקום דרכונים, של ראובן ומרים אבנארי Avnari משנת 1950 בתוכם מצוין, שתעודת המסע לכל הארצות פרט לגרמניה.	Hebrew	1950	Unknown	תעודה|Certificate	Reuven Avnari|Miriam Avnari	Certificate
IL-MTFN-001-G-F-0274-001-R0023	IL-MTFN-001-G-F-0274-001	visit	Reuven Avnari's Recommendations on Berlin	4 pages as printed in Hebrew in 2002 by Daniela Toister, the daughter of Reuven Avnari / Rudolf Levenstein. Reuven Avnari talks about Berlin and where to visit and enjoy.	4 Seiten, wie sie 2002 von Daniela Toister, der Tochter von Reuven Avnari / Rudolf Levenstein, auf Hebräisch gedruckt wurden. Reuven Avnari erzählt von Berlin und wo man besuchen und genießen sollte.	"4 עמודים כפי שהודפסו בעברית ב-2002 ע""י דניאלה טויסטר בתו של ראובן אבנארי / רודולף לבנשטיין. ראובן אבנארי מספר על ברלין והיכן כדאי לבקר וממה כדאי ליהנות."	Hebrew		Typewritten	Letter	Reuven Avnari	Communication Document
IL-MTFN-001-G-F-0276-002-R0001	IL-MTFN-001-G-F-0276-002	correspondence	Correspondence between Heinrich Schopler and German Embassy in Tel Aviv	Correspondence between Heinrich Schopler and officials at the German Embassy in Tel Aviv 1997-2001. Among the letters are also many greeting letters for holidays and various events.	Korrespondenz zwischen Heinrich Schopler und Funktionären der deutschen Botschaft in Tel Aviv 1997-2001. Unter den Briefen befinden sich auch viele Grußbriefe zu Feiertagen und verschiedenen Anlässen.	התכתבות בין היינריך שופלר לבעלי תפקידים בשגרירות גרמניה בתל אביב 1997-2001 בין המכתבים גם הרבה מכתבי ברכה לחגים ואירועים שונים.	Hebrew|German	1997	Unknown	מכתב|Letter	Heinrich Schopler	Communication Document
IL-MTFN-001-G-F-0276-006-R0002	IL-MTFN-001-G-F-0276-006	correspondence	Correspondence with Mayor Norbert Burger	Correspondence with the Mayor of Cologne, Norbert Burger.	Korrespondenz mit dem Bürgermeister von Köln, Norbert Burger.	התכתבות עם ראש העיר קלן Norbert Burger.	Hebrew|German		Unknown	מכתב|Letter	Norbert Burger	Communication Document
IL-MTFN-001-G-F-0276-006-R0003	IL-MTFN-001-G-F-0276-006	correspondence	Correspondence with Klaus Ladda	Correspondence with Klaus Ladda from the office of the Mayor of Cologne.	Korrespondenz mit Klaus Ladda vom Büro des Bürgermeisters von Köln.	התכתבות עם Klaus Ladda ממשרד ראש העיר קלן.	German		Unknown	מכתב|Letter	Klaus Ladda	Communication Document
IL-MTFN-001-G-F-0276-006-R0005	IL-MTFN-001-G-F-0276-006	visit	Publications on Israeli Delegation Visit to Cologne	Various publications covering the visit of the Israeli delegation in Cologne.	Verschiedene Veröffentlichungen, die den Besuch der israelischen Delegation in Köln abdecken.	פירסומים שונים שמסקרים את ביקור המשלחת הישראלית בקלן.	Unspecified		Unknown	לא מזוהה		Ephemera
IL-MTFN-001-G-F-0276-009-R0001	IL-MTFN-001-G-F-0276-009	correspondence	Correspondence between Heinrich Schopler and Jan Brügelmann	Extensive correspondence on current and intellectual topics between Heinrich Schopler and Jan Brügelmann, the mayor of Cologne from 1979 to 1984. Attorney Schopler regularly sends the monthly magazines and the list of activities of the Cologne expatriates' organization to Cologne; around this topic, a personal friendship between the two likely develops. The letters discuss current political topics such as Israel/Palestinian relations, historical topics like the Normandy invasion, and more. The correspondence spans the years: 1993-2000.	Umfangreiche Korrespondenz über aktuelle und intellektuelle Themen zwischen Heinrich Schopler und Jan Brügelmann, dem Bürgermeister von Köln in den Jahren 1979-1984. Rechtsanwalt Schopler sendet regelmäßig die Monatszeitschriften und die Liste der Aktivitäten der Organisation der Kölner Auswanderer nach Köln; um dieses Thema entwickelt sich (vermutlich) auch eine persönliche Freundschaft zwischen den beiden. In den Briefen werden aktuelle politische Themen wie die Beziehungen zwischen Israel und Palästina, historische Themen wie die Invasion in der Normandie und andere diskutiert. Die Korrespondenz zwischen den Jahren: 1993-2000.	"התכתבות ענפה בנושאי אקטואליה ואינטלקטואליה בין היינריך שופלר ל;Jan Brügelmann ראש העיר של קלן בשנים 1979;1984. עו""ד שופלר שולח באופן קבוע לקלן את הירחונים ורשימת הפעילויות של ארגון יוצאי קלן; סביב נושא זה מתפתחת (ככל הנראה) גם ידידות אישית בין השנים. במכתבים נידונים נושאים פוליטיים אקטואלים כמו יחסי ישראל / פלשתינים, נושאים היסטוריים כמו הפלישה בנורמנדי ועוד. ההתכתבות בין השנים: 1993;2000."	Hebrew|German	1993	Unknown	מכתב|Letter	Heinrich Schopler|Jan Brügelmann	Communication Document
IL-MTFN-001-G-F-0276-009-R0002	IL-MTFN-001-G-F-0276-009	correspondence,visit	Correspondence with Sibille Westerkamp	"Correspondence with Sibille Westerkamp from the publishing house in Cologne ""westerkamp Verlag"". Attorney Schopler regularly sends her the newsletters of the Cologne Expatriates Organization with the many cultural activities. The correspondence is based on a close friendship. He receives reports from her about the activities of the Society for Christian-Jewish Partnership in Cologne Kölnische Gesellschaft für Christlich-Jüdischer Zusammenarbeit. The letters also refer to the Cologne-Tel Aviv Friendship Circle and the exchange of visits between the two groups. The correspondence is from the years: 1993-2000."	"Korrespondenz mit Sibille Westerkamp vom Verlag in Köln ""westerkamp Verlag"". Anwalt Schopler schickt ihr regelmäßig die Rundschreiben der Kölner Exilorganisation mit den vielen kulturellen Aktivitäten. Die Korrespondenz basiert auf einer engen Freundschaft. Er erhält von ihr Berichte über die Aktivitäten der Gesellschaft für christlich-jüdische Zusammenarbeit in Köln Kölnische Gesellschaft für Christlich-Jüdischer Zusammenarbeit. In den Briefen gibt es auch Hinweise auf den Freundeskreis Köln-Tel-Aviv und den Austausch von Besuchen zwischen den beiden Gruppen. Die Korrespondenz stammt aus den Jahren: 1993-2000."	"התכתבות עם Sibille Westerkamp מההוצאה לאור בקלן ""westerkamp Verlag"". עו""ד שופלר שולח אליה בקביעות את החוזרים של ארגון יוצאי קלן עם הפעילויות התרבותיות הרבות. ההתכתבות היא על בסיס של ידידות קרובה. הוא מקבל ממנה דיווחים על פעילות האגודה לשותפות נוצרית;יהודית בקלן Kölnische Gesellschaft für Christlich;Jüdischer Zusammenarbeit. במכתבים ישנה גם התייחסות לחוג הידידים קלן;תל;אביב ולחילופי הביקורים בין שתי הקבוצות. ההתכתבות בין השנים: 1993;2000."	Hebrew|German	1993	Unknown	מכתב|Letter	Sibille Westerkamp	Communication Document
IL-MTFN-001-G-F-0276-009-R0003	IL-MTFN-001-G-F-0276-009	correspondence	Correspondence with Monica Schumacher	Correspondence with Monica Schumacher, Cologne, a member of the Society for Christian-Jewish Cooperation. Attorney Schopler also sends her the circulars and activities of the organization of Cologne emigrants, which he heads.	Korrespondenz mit Monica Schumacher, Köln, Mitglied der Gesellschaft für christlich-jüdische Zusammenarbeit. Rechtsanwalt Schopler sendet ihr auch die Rundschreiben und Aktivitäten der Organisation der Kölner Auswanderer, die er leitet.	"התכתבות עם Monica Schumacher, קלן, חברה באגודה לשיתוף פעולה נוצרי;יהודי; Gesellschaft für christlich;jüdische Zusammenarbeit. עו""ד שופלר שולח גם אליה את החוזרים והפעילויות של ארגון יוצאי קלן שבראשו הוא עומד."	Hebrew|German		Unknown	מכתב|Letter	Monica Schumacher	Communication Document
IL-MTFN-001-G-F-0276-009-R0004	IL-MTFN-001-G-F-0276-009	correspondence	Correspondence with Viktor Böll	Correspondence with Viktor Böll, the nephew of the German writer Heinrich Böll, who is a member of the friendship organization Cologne; Tel Aviv, within which he came to Israel and lectured to the members of the organization about 'Heinrich Böll and Cologne'. The correspondence is from the years: 1997.	Korrespondenz mit Viktor Böll, dem Neffen des deutschen Schriftstellers Heinrich Böll, der Mitglied der Freundschaftsorganisation Köln; Tel Aviv ist, im Rahmen derer er nach Israel kam und vor den Mitgliedern der Organisation über 'Heinrich Böll und Köln' referierte. Die Korrespondenz stammt aus den Jahren: 1997.	"התכתבות עם Viktor Böll האחיין של הסופר הגרמני Heinrich Böll, שהוא חבר בארגון הידידות קלן;תל אביב Freundschaftverein Köln; Tel Aviv אשר במסגרתו הגיע לארץ והרצה לפני חברי הארגון על ""היינריך בל וקלן"" Heinrich Böll und Köln. ההתכתבות מהשנים: 1997."	German|Hebrew	1997	Unknown	מכתב|Letter	Viktor Böll	Communication Document
IL-MTFN-001-G-F-0276-011-R0002	IL-MTFN-001-G-F-0276-011	correspondence	Correspondence on Agreement between Central Europe and Cologne Organizations	Correspondence between the Organization of Immigrants (from) Central Europe and the Organization of Emigrants from Cologne and Rhineland regarding the agreement (hierarchical agreement) between the two organizations.	Korrespondenz zwischen der Organisation der Einwanderer (aus) Mitteleuropa und der Organisation der Auswanderer aus Köln und Rheinland über das Abkommen (hierarchisches Abkommen) zwischen den beiden Organisationen.	1997;1998 התכתבות בין ארגון עולי (יוצאי) מרכז אירופה וארגון יוצאי קלן וריינלנד לנושא ההסכם (הסכם היררכי) בין שני הארגונים.	Hebrew	1997	Unknown	מכתב|Letter		Communication Document
IL-MTFN-001-G-F-0276-011-R0004	IL-MTFN-001-G-F-0276-011	correspondence	Correspondence about Jewish Community in Grevenbroich	Correspondence between Heinrich Schöppler and Dr. Ludwig Löwenstein regarding an article about the Jewish community in Grevenbroich; they are looking for relatives named 'Katz' from the aforementioned town.	Korrespondenz zwischen Heinrich Schöppler und Dr. Ludwig Löwenstein über einen Artikel über die jüdische Gemeinde in Grevenbroich; sie suchen nach Verwandten mit dem Namen 'Katz' aus der genannten Stadt.	"התכתבות בין היינריך שופלר וד""ר לודויג לבנשטיין Ludwig Löwenstein בנושא כתבה על הקהילה היהודית ב- Grevenbroich; הם מחפשים קרובי משפחה בשם 'כץ' מהעיירה הנ""ל."	German|Hebrew		Unknown	מכתב|Letter		Communication Document
IL-MTFN-001-G-F-0276-013-R0001	IL-MTFN-001-G-F-0276-013	correspondence	Correspondence with Düsseldorf City Officials and Organizations	Correspondence with the Mayor of Düsseldorf and other officials in the Düsseldorf City Council, as well as with Israel-friendly organizations in this city.	Korrespondenz mit dem Bürgermeister von Düsseldorf und anderen Amtsträgern der Stadt Düsseldorf sowie mit israel-freundlichen Organisationen in dieser Stadt.	1994;1999 התכתבות עם ראש עיריית דיסלדורף ועם נושאי תפקידים אחרים בעיריית דיסלדורף וכמו כן עם אירגונים ידידותיים לישראל בעיר זאת.	Hebrew|German	1994	Unknown	מכתב|Letter		Communication Document
IL-MTFN-001-G-F-0276-013-R0002	IL-MTFN-001-G-F-0276-013	correspondence	Correspondence with Austrian Embassy Officials	1987;1995 Correspondence with officials at the Austrian embassy in the country; returning to cultural; social activities with Austria.	1987;1995 Korrespondenz mit Funktionsträgern in der österreichischen Botschaft im Land; Rückkehr zu kulturellen; sozialen Aktivitäten mit Österreich.	1987;1995 התכתבות עם נושאי תפקידים בשגרירות האוסטרית בארץ; חוזרים לפעילויות התרבותיות;חברתיות עם אוסטריה.	Hebrew|German	1987	Unknown	מכתב|Letter		Communication Document
IL-MTFN-001-G-F-0276-014-R0002	IL-MTFN-001-G-F-0276-014	correspondence	Correspondence with Friends; Schopler Couple in Israel	1935;1939 Correspondence with friends; the Schopler couple in Israel.	1935;1939 Korrespondenz mit Freunden; das Ehepaar Schopler in Israel.	1935;1939 התכתבות עם חברים; הזוג שופלר בישראל.	Hebrew	1935	Unknown	מכתב|Letter		Communication Document
IL-MTFN-001-G-F-0276-015-R0001	IL-MTFN-001-G-F-0276-015	correspondence	Correspondence with the Lutheran Church in Jerusalem	Correspondence with the Lutheran Church in Jerusalem; Probst Karl; Heinz Ronecker; Lutheran Church of the Redeemer; 1993;1997	Korrespondenz mit der lutherischen Kirche in Jerusalem; Probst Karl; Heinz Ronecker; Lutherische Erlöserkirche; 1993;1997	התכתבות עם הכנסיה הלותרנית בירושלים; Probst Karl; Heinz Ronecker; Lutheran Church of the Redeemer; 1993;1997	Hebrew|German|English	1993	Unknown	מכתב|Letter	Lutheran Church of the Redeemer	Communication Document
IL-MTFN-001-G-F-0276-015-R0002	IL-MTFN-001-G-F-0276-015	correspondence	Correspondence with Pfarrer Dr. Johannes Gerster	Correspondence with Pfarrer Dr. Johannes Gerster; Konrad Adenauer Foundation, Jerusalem; 1997;2000	Korrespondenz mit Pfarrer Dr. Johannes Gerster; Konrad Adenauer Stiftung, Jerusalem; 1997;2000	התכתבות עם Pfarrer Dr. Johannes Gerster; Konrad Adenauer Stiftung, Jerusalem; 1997;2000	German|Hebrew	1997	Unknown	מכתב|Letter	Pfarrer Dr. Johannes Gerster	Communication Document
IL-MTFN-001-G-F-0276-015-R0003	IL-MTFN-001-G-F-0276-015	correspondence	Correspondence with Susanne Vetter, 1997	Correspondence with Pfarrvicarin Susanne Vetter from the Lutheran Church in Jerusalem - 1997	Korrespondenz mit Pfarrvicarin Susanne Vetter von der lutherischen Kirche in Jerusalem - 1997	התכתבות עם Pfarrvicarin Susanne Vetter מהכנסיה הלותרנית בירושלימ- 1997	Hebrew|German	1997	Unknown	מכתב|Letter	Susanne Vetter	Communication Document
IL-MTFN-001-G-F-0276-015-R0004	IL-MTFN-001-G-F-0276-015	correspondence	Correspondence with Pfarrvicar Manuel Goldmann	Correspondence with Pfarrvicar Manuel Goldmann from the Lutheran Church in Jerusalem - Letters to: Heribert Krane; Aktion Sühnezeichen in Jerusalem - 1996;1997	Korrespondenz mit Pfarrvikar Manuel Goldmann von der lutherischen Kirche in Jerusalem - Briefe an: Heribert Krane; Aktion Sühnezeichen in Jerusalem - 1996;1997	התכתבות עם Pfarrvicar Manuel Goldmann מהכנסיה הלותרנית בירושלימ- מכתבים אל: Heribert Krane; Aktion Sühnezeichen בירושלימ- 1996;1997	Hebrew|German	1996	Unknown	מכתב|Letter	Manuel Goldmann	Communication Document
IL-MTFN-001-G-F-0276-015-R0005	IL-MTFN-001-G-F-0276-015	correspondence	Correspondence with Inge Günther	Correspondence with Inge Günther; 1996;1997	Korrespondenz mit Inge Günther; 1996;1997	התכתבות עם Inge Günther; 1996;1997	Unspecified	1996	Unknown	מכתב|Letter	Inge Günther	Communication Document
IL-MTFN-001-G-F-0276-015-R0006	IL-MTFN-001-G-F-0276-015	correspondence	Correspondence with Ludwig Schneider	Correspondence with Ludwig Schneider / News from Israel; 1996;1997	Korrespondenz mit Ludwig Schneider / Nachrichten aus Israel; 1996;1997	התכתבות עם Ludwig Schneider / Nachrichten aus Israel; 1996;1997	Hebrew|German	1996	Unknown	מכתב|Letter	Ludwig Schneider	Communication Document
IL-MTFN-001-G-F-0276-015-R0007	IL-MTFN-001-G-F-0276-015	correspondence	Correspondence with the Mayor of Cologne	Correspondence with the Mayor of Cologne and his office staff: Michael Zimmermann; Heinz Erhard Cremer; Ursula Göbler; 1993;1996	Korrespondenz mit dem Bürgermeister von Köln und seinen Büroangestellten: Michael Zimmermann; Heinz Erhard Cremer; Ursula Göbler; 1993;1996	התכתבות עם ראש העיר קלן ואנשי לשכתו: Michael Zimmermann; Heinz Erhard Cremer; Ursula Göbler; 1993;1996	German|גרמנית	1993	Unknown	מכתב|Letter	Michael Zimmermann	Communication Document
IL-MTFN-001-G-F-0276-015-R0008	IL-MTFN-001-G-F-0276-015	correspondence	Correspondence with Monika Möller	Correspondence with Monika Möller; 1996;1997	Korrespondenz mit Monika Möller; 1996;1997	התכתבות עם Monika Möller; 1996;1997	Unspecified	1996	Unknown	מכתב|Letter	Monika Möller	Communication Document
IL-MTFN-001-G-F-0276-015-R0009	IL-MTFN-001-G-F-0276-015	correspondence,visit	Correspondence with Ruth & Klaus Ladda	Correspondence with Ruth & Klaus Ladda from Cologne, organizers of the groups for mutual visits. 1992;1996	Korrespondenz mit Ruth & Klaus Ladda aus Köln, Organisatoren der Gruppen für gegenseitige Besuche. 1992;1996	התכתבות עם Ruth & Klaus Ladda מקלן, מארגני הקבוצות לביקורים הדדיים. 1992;1996	Hebrew|German	1992	Unknown	מכתב|Letter	Ruth & Klaus Ladda	Communication Document
IL-MTFN-001-G-F-0276-015-R0010	IL-MTFN-001-G-F-0276-015	correspondence	Correspondence with President Gerd Atolz	Correspondence with the President of the State of Schleswig-Holstein; Gerd Atolz; 1993; 1994	Korrespondenz mit dem Präsidenten des Staates Schleswig-Holstein; Gerd Atolz; 1993; 1994	התכתבות עם נשיא מדינת שלזויג;הולשטיין Gerd Atolz; 1993;1994	Hebrew|German	1993	Unknown	מכתב|Letter	Gerd Atolz	Communication Document
IL-MTFN-001-G-F-0276-015-R0013	IL-MTFN-001-G-F-0276-015	correspondence	Correspondence with Jens Herting	Correspondence with Jens Herting	Korrespondenz mit Jens Herting	התכתבות עם Jens Herting	Unspecified		Unknown	מכתב|Letter	Jens Herting	Communication Document
IL-MTFN-001-G-F-0276-016-R0001	IL-MTFN-001-G-F-0276-016	correspondence	Correspondence and Invitations from Various Countries	Correspondence with people in various countries, invitations from various countries to different events.	Korrespondenz mit Menschen in verschiedenen Ländern, Einladungen aus verschiedenen Ländern zu verschiedenen Veranstaltungen.	התכתבות עם אנשים בנס;עמים, הזמנות מנס;עמים לאירועים שונים.	Unspecified		Unknown	מכתב|Letter|הזמנה|Invitation		Communication Document
IL-MTFN-001-G-F-0276-016-R0002	IL-MTFN-001-G-F-0276-016	correspondence	Correspondence with Emanuel Friedländer and Michael Schweiger	Correspondence with Emanuel Friedländer; Michael Schweiger; 1996;1997	Korrespondenz mit Emanuel Friedländer; Michael Schweiger; 1996;1997	1996;1997 התכתבות עם Emanuel Friedländer; Michael Schweiger;	Unspecified	1996	Unknown	מכתב|Letter		Communication Document
IL-MTFN-001-G-F-0276-016-R0003	IL-MTFN-001-G-F-0276-016	memoir	Correspondence on Organization of Cologne Emigrants	Correspondence regarding the organization of Cologne emigrants, on the subject of searching for relatives, memories of immigration to Israel, book publications, the 'Ahava' institution in Kiryat Bialik.	Korrespondenz über die Organisation der Kölner Auswanderer, über die Suche nach Verwandten, Erinnerungen an die Einwanderung nach Israel, Buchveröffentlichungen, die Institution 'Ahava' in Kiryat Bialik.	1988;1994 התכתבות בענייני ארגון יוצאי קלן, בנושא חיפוש קרובים, זכרונות עליה לארץ, הוצאות ספרים, מוסד 'אהבה' בקרית ביאליק.	Hebrew	1988	Unknown	מכתב|Letter		Communication Document
IL-MTFN-001-G-F-0276-017-R0001	IL-MTFN-001-G-F-0276-017	correspondence	Correspondence and Publications of the City of Cologne	Correspondence with the Mayor of Cologne and officials of the City of Cologne; various publications of the City of Cologne; 1990; 2000	Korrespondenz mit dem Bürgermeister von Köln und Funktionären der Stadt Köln; verschiedene Veröffentlichungen der Stadt Köln; 1990; 2000	התכתבות עם ראש העיר קלן ובעלי תפקידים בעריית קלן; פרסומים שונים של העיר קלן; 1990;2000	Hebrew|German	1990	Unknown	Letter		Communication Document
IL-MTFN-001-G-F-0276-017-R0002	IL-MTFN-001-G-F-0276-017	correspondence	Correspondence with Rabbi Aharon Shar	Correspondence with Rabbi Aharon Shar; Discussion on religion, philosophy, and German writers; 1994;2001	Korrespondenz mit Rabbi Aharon Shar; Diskussion über Religion, Philosophie und deutsche Schriftsteller; 1994;2001	התכתבות עם הרב אהרון שאר; ישוב בנושאי דת, פילוסופיה וסופרים גרמנימ; 1994;2001	Hebrew|German	1994	Unknown	מכתב|Letter	הרב אהרון שאר	Communication Document
IL-MTFN-001-G-F-0276-017-R0003	IL-MTFN-001-G-F-0276-017	correspondence	Correspondence with Avraham Frank	Correspondence with Avraham Frank from the Organization of Central European Emigrants, Jerusalem; 1996;2000	Korrespondenz mit Avraham Frank von der Organisation der Zentraleuropäischen Auswanderer, Jerusalem; 1996;2000	התכתבות עם אברהם פרנק מארגון יוצאי מרכז אירופה, ירושלים; 1996;2000	Hebrew	1996	Unknown	מכתב|Letter	אברהם פרנק	Communication Document
IL-MTFN-001-G-F-0276-019-R0001	IL-MTFN-001-G-F-0276-019	correspondence	Correspondence with Dr. Josef Kaufmann	"Correspondence with Dr. Josef Kaufmann, who was active in the ""Coordination Committee of Central European Communities Organizations""."	"Korrespondenz mit Dr. Josef Kaufmann, der in der ""Koordinationsausschuss der Zentral;europeische Landsmanschaften"" aktiv war."	"התכתבות עם ד""ר יוסף קאופמן Josef Kaufmann, שהיה פעיל ב""ועדת תיאום של אירגוני קהילות אירופה המרכזית"" ""Koordinationsausschuss der Zentral;europeische Landsmanschaften""."	Hebrew|German		Unknown	מכתב|Letter	Josef Kaufmann	Communication Document
IL-MTFN-001-G-F-0276-019-R0002	IL-MTFN-001-G-F-0276-019	correspondence	Correspondence with Erich Elieser Levin	Correspondence with Erich Elieser Levin from Ramat Gan; active in the organization of Breslau emigrants.	Korrespondenz mit Erich Elieser Levin aus Ramat Gan; Aktivist in der Organisation der Breslauer Auswanderer.	התכתבות עם אריך אליעזר לוין Erich Elieser Levin מרמת;גן; פעיל באירגון יוצאי ברסלאו.	Hebrew|German		Unknown	מכתב|Letter	Erich Elieser Levin	Communication Document
IL-MTFN-001-G-F-0276-019-R0004	IL-MTFN-001-G-F-0276-019	correspondence	Correspondence with Association of Former Frankfurt Residents	"Correspondence with ""Association of Former Frankfurt Residents and Surroundings"" and Mrs. Hilde Hoffmann."	"Korrespondenz mit ""Vereinigung ehem. Frankfurter und Umgebung"" und Frau Hilde Hoffmann."	"התכתבות עם ""אירגון יוצאי פרנקפורט"" ""Vereinigung ehem. Frankfurter und Umgebung"" ועם גב' הילדה הופמן Hilde Hoffmann."	Hebrew|German		Unknown	מכתב|Letter	Hilde Hoffmann	Communication Document
IL-MTFN-001-G-F-0276-019-R0005	IL-MTFN-001-G-F-0276-019	correspondence	Correspondence with Ernst Freudenthal	Correspondence with Ernst Freudenthal, an activist of the organization of former Kassel residents in Tel Aviv - Verein Ehemaliger Kasselaner in Israel, 1976;1988.	Korrespondenz mit Ernst Freudenthal, einem Aktivisten der Organisation der ehemaligen Kasseler in Tel Aviv - Verein Ehemaliger Kasselaner in Israel, 1976;1988.	1976;1988 התכתבות עם ארנסט פרוידנטל Ernst Freudenthal פעיל אירגון יוצאי קסל בתל;אביב- Verein Ehemaliger Kasselaner in Israel.	Hebrew|German	1976	Unknown	מכתב|Letter	Ernst Freudenthal	Communication Document
IL-MTFN-001-G-F-0276-019-R0007	IL-MTFN-001-G-F-0276-019	correspondence	Correspondence with Emigrant Organizations	Correspondence with the organizations of emigrants: Giessen; Leipzig; Munich; Nuremberg; East Prussia; West Prussia; Danzig.	Korrespondenzen mit den Organisationen der Auswanderer: Gießen; Leipzig; München; Nürnberg; Ostpreußen; Westpreußen; Danzig.	התכתבויות עם האירגונים של יוצאי: גיסן Giessen; לייפציג Leipzig; מינכן München; נירנברג Nürmberg; פרוסיה המזרחית Ost Preussen; פרוסיה המערבית West Preussen; דנציג Danzig.	Hebrew|German		Unknown	מכתב|Letter		Communication Document
IL-MTFN-001-G-F-0276-019-R0008	IL-MTFN-001-G-F-0276-019	correspondence	Correspondence with Akiba Hoffmann and others	Correspondence with Attorney Akiba Hoffmann; Heinz Oliven, activist at Centra; Dr. Ball; Kaduri; Adi (Edi?) Gerschkowitz; Ruth & Karl Werner.	Korrespondenz mit Rechtsanwalt Akiba Hoffmann; Heinz Oliven, Aktivist bei Centra; Dr. Ball; Kaduri; Adi (Edi?) Gerschkowitz; Ruth & Karl Werner.	"התכתבות עם עו""ד עקיבא הופמן Akiba Hoffmann; היינץ אוליבן Heinz Oliven פעיל ב-Centra; ד""ר בל;כדורי Ball;Kaduri; אדי (עדי?) גרשקוביץ' Adi Gerschkowitz; רות & קרל ורנר Ruth & Karl Werner."	Unspecified		Unknown	מכתב|Letter		Communication Document
IL-MTFN-001-G-F-0276-019-R0009	IL-MTFN-001-G-F-0276-019	correspondence	Correspondence with Centra	"Correspondence with ""Centra""; Umbrella organization ""Coordination Committee of Organizations of Emigrants from Central European Communities""; Centra; ""Koordinationsausschuss der Zentral;europeische Landsmanschaften""."	"Korrespondenz mit ""Centra""; Dachorganisation ""Koordinationsausschuss der Organisationen der Auswanderer aus den zentralen europäischen Gemeinden""; Centra; ""Koordinationsausschuss der Zentral;europeische Landsmanschaften""."	"התכתבות עם ""צנטרה""; אירגון גג ""וועדת תיאום של אירגוני יוצאי קהילות אירופה המרכזית""; Centra; ""Koordinationsausschuss der Zentral;europeische Landsmanschaften""."	Hebrew|German		Unknown	מכתב|Letter	Centra	Communication Document
IL-MTFN-001-G-F-0276-020-R0001	IL-MTFN-001-G-F-0276-020	correspondence	Correspondence with Various Individuals	Correspondence with: Prof. Dr. Appelbaum 1999;2000; Regina Tanne 1996; Chanan Mayer 1996; Prof. Jehuda Ben Avner 1996;2000; Alise Walter 1996; Erich Pagener 1996;1997; Gideon Scharet 1995; Hans Freund 1995; Manchem Alon 1992;1993; Elieser Katz 1994;1995; Dr. Ludwig Löwenstein 1994; Frieda Hebel 1987;1988; Jitzchak Lawi 1988;1989; Vera Neumann 1988;1989; Elischewa Kaufmann 1989; Dr. Lichtenstein 1988; Ervin Katz 1988; Arije Katz; Friedel Klammer; Uri Schneider 1997; E. Goldwein 1999; Hella Leschnitzer 1990;1991; Prof. K. Dror 1992; Raphael Alon 1988;1989; Tamar Wolf 1987; Siegmund Rotschild 1988; David Alster; Jardeni 1998	Korrespondenz mit: Prof. Dr. Appelbaum 1999;2000; Regina Tanne 1996; Chanan Mayer 1996; Prof. Jehuda Ben Avner 1996;2000; Alise Walter 1996; Erich Pagener 1996;1997; Gideon Scharet 1995; Hans Freund 1995; Manchem Alon 1992;1993; Elieser Katz 1994;1995; Dr. Ludwig Löwenstein 1994; Frieda Hebel 1987;1988; Jitzchak Lawi 1988;1989; Vera Neumann 1988;1989; Elischewa Kaufmann 1989; Dr. Lichtenstein 1988; Ervin Katz 1988; Arije Katz; Friedel Klammer; Uri Schneider 1997; E. Goldwein 1999; Hella Leschnitzer 1990;1991; Prof. K. Dror 1992; Raphael Alon 1988;1989; Tamar Wolf 1987; Siegmund Rotschild 1988; David Alster; Jardeni 1998	התכתבות עם: Prof. Dr. Appelbaum 1999;2000; Regina Tanne 1996; Chanan Mayer 1996; Prof. Jehuda Ben Avner 1996;2000; Alise Walter 1996; Erich Pagener 1996;1997; Gideon Scharet 1995; Hans Freund 1995; Manchem Alon 1992;1993; Elieser Katz 1994;1995; Dr. Ludwig Löwenstein 1994; Frieda Hebel 1987;1988; Jitzchak Lawi 1988;1989; Vera Neumann 1988;1989; Elischewa Kaufmann 1989; Dr. Lichtenstein 1988; Ervin Katz 1988; Arije Katz; Friedel Klammer; Uri Schneider 1997; E. Goldwein 1999; Hella Leschnitzer 1990;1991; Prof. K. Dror 1992; Raphael Alon 1988;1989; Tamar Wolf 1987; Siegmund Rotschild 1988; David Alster; Jardeni 1998	Unspecified		Unknown	מכתב|Letter		Communication Document
IL-MTFN-001-G-F-0276-020-R0003	IL-MTFN-001-G-F-0276-020	correspondence	Correspondence with Various Individuals	Correspondence with: Prof. Dr. Josef Walk 1993;1998; Fritz & Rosel Harburger 1994;1999; R. Seew Falk 1995; Chaim Lasan 1998	Korrespondenz mit: Prof. Dr. Josef Walk 1993;1998; Fritz & Rosel Harburger 1994;1999; R. Seew Falk 1995; Chaim Lasan 1998	התכתבות עם: Prof. Dr. Josef Walk 1993;1998; Fritz & Rosel Harburger 1994;1999; R. Seew Falk 1995; Chaim Lasan 1998	Unspecified		Unknown	מכתב|Letter		Communication Document
IL-MTFN-001-G-F-0276-020-R0004	IL-MTFN-001-G-F-0276-020	correspondence	Correspondence with Anita Rivin	Correspondence with: the author Anita Rivin; letters from publishing houses, radio stations, and newspaper clippings about her books and works of the author	Korrespondenz mit: der Schriftstellerin Anita Rivin; Briefe von Verlagen, Radiosendern und Zeitungsausschnitten über ihre Bücher und Arbeiten der Schriftstellerin	התכתבות עם: הסופרת Anita Rivin; מכתבים מבתי הוצאה לאור, תחנות רדיו וקטעי עיתונות על ספריה ועבודותיה של הסופרת	Hebrew|English|German		Unknown	מכתב|Letter|גזיר עיתון|News Clipping	Anita Rivin	Communication Document
IL-MTFN-001-G-F-0276-020-R0006	IL-MTFN-001-G-F-0276-020	memoir	Memoirs of Konrad Adenauer	Chapters from the memoirs of Konrad Adenauer	Kapitel aus den Erinnerungen von Konrad Adenauer	פרקים מתוך זיכרונותיו של Konrad Adenauer	German		Unknown	ספר|Book	Konrad Adenauer	EgoDocument
IL-MTFN-001-G-F-0276-022-R0003	IL-MTFN-001-G-F-0276-022	correspondence	Correspondence with Various Individuals and Organizations	Correspondence with: Stella & Berthold; Prof.Dr. Hans Chanoch Meyer; Heinz Oliven; Gerda Kazir; Else Bakofzer; Gustav & Lore; Anne Heymann; David Tillinger; Arje Dick; Jürgen Keil; Arje Gurel; Traute Meyer; Susanne Urbach; Fahr; Festschrift 25 Years Germania; Judaica; Centra; Report; 3 Songs - Informative material of the organization of Cologne emigrants;	Korrespondenz mit: Stella & Berthold; Prof.Dr. Hans Chanoch Meyer; Heinz Oliven; Gerda Kazir; Else Bakofzer; Gustav & Lore; Anne Heymann; David Tillinger; Arje Dick; Jürgen Keil; Arje Gurel; Traute Meyer; Susanne Urbach; Fahr; Festschrift 25 Jahre Germania; Judaica; Centra; Bericht; 3 Lieder - Informationsmaterial der Organisation der Kölner Auswanderer;	II התכתבות עם: Stella & Berthold; Prof.Dr. Hans Chanoch Meyer; Heinz Oliven; Gerda Kazir; Else Bakofzer; Gustav & Lore; Anne Heymann; David Tillinger; Arje Dick; Jürgen Keil; Arje Gurel; Traute Meyer; Susanne Urbach;Fahr; Festschrift 25 Jahre Germania;Judaica; Centra; דין וחשבון; 3 שירימ- חומר אינפורמטיבי של אירגון יוצאי קלן;	Hebrew|German		Unknown	Letter		Communication Document
IL-MTFN-001-G-F-0277-001-R0008	IL-MTFN-001-G-F-0277-001	papers	Photograph of Red Cross Nurses and Military Personnel	A photograph taken in a field after the burial of fallen soldiers. The audience consists of military personnel and nurses in the service of the Red Cross; Paula Koppel (the mother of the estate donor), a nurse in the service of the Red Cross, stands in the first row, fourth from the right.	Ein Foto aufgenommen auf einem Feld nach der Beerdigung von Gefallenen. Das Publikum besteht aus Militärangehörigen und Krankenschwestern im Dienst des Roten Kreuzes; Paula Koppel (die Mutter der Nachlassgeberin), eine Krankenschwester im Dienst des Roten Kreuzes, steht in der ersten Reihe, vierte von rechts.	תמונה מצולמת בשדה אחרי קבורתם של חללים הקהל הוא אנשי צבא ואחיות בשירות הצלב האדום; פאולה קופל Paula Koppel (אמה של תורמת העזבון) אחות בשירות הצלב האדום עומדת בשורה ראשונה רביעית מימין.	Irrelevant		Visual Element	תצלום|Photograph	Paula Koppel	Image
IL-MTFN-001-G-F-0277-001-R0012	IL-MTFN-001-G-F-0277-001	papers	Leather Pouch with Soldier's Personal Number	Small leather pouch containing the personal number of the soldier Bentsian; World War I; Father of the estate donor.	Kleines Lederetui mit der persönlichen Nummer des Soldaten Bentsian; Erster Weltkrieg; Vater der Nachlassspenderin.	"נרתיק עור קטנטן ובתוכו מספרו האישי של החייל בנציאן; מלח""ע I; אביה של תורמת העזבון."	Unspecified		Unknown	לא מזוהה	Bentsian	Ephemera
IL-MTFN-001-G-F-0279-001-R0006	IL-MTFN-001-G-F-0279-001	correspondence	Financial Correspondence and Documents 1935/36	1935/36 Correspondence and documents on financial matters, including: 'Promissory Note' for E.Falk; Textiles, correspondence with Bank Jacob Jephet & Co; receipts and invoices from various purchases for home and business; in Germany and Palestine; from the 1920s and 1930s.	1935/36 Korrespondenz und Dokumente zum Thema Finanzen, unter anderem: 'Schuldschein' für E.Falk; Textilien, Korrespondenz mit der Bank Jacob Jephet & Co; Quittungen und Rechnungen von verschiedenen Einkäufen für Haus und Geschäft; in Deutschland und Palästina; aus den 1920er und 1930er Jahren.	1935/36 התכתבות ומסמכים בנושא כספים בין היתר: 'שטר חוב' Schuldschein ל; E.Falk; Textiles, התכתבות עם בנק יעקב יפת Bank Jacob Jephet & Co; קבלות חשבוניות מרכישות שונות לבית ולעסק; בגרמניה ובפלשתינה; משנות ה-20 וה;30 למאה ה;20.	German|Hebrew	1935	Unknown	מכתב|Letter|קבלה|Receipt|חשבונית|Invoice	E.Falk	Financial_Document
IL-MTFN-001-G-F-0290-001-R0004	IL-MTFN-001-G-F-0290-001	visit	Polish ID, Israeli Passport, School Certificate from Beuthen, 1917	Polish identity card, Israeli passport, school certificate from Beuthen, Silesia, from 1917.	Polnischer Personalausweis, israelischer Reisepass, Schulzeugnis aus Beuthen, Schlesien, von 1917.	"תעודת זהות פולנית, דרכון ישראלי, תעודת בי""ס מבויטן Beuthen, שלזיה, מ-1917."	Hebrew|German|Other	1917	Unknown	תעודה|Certificate		Certificate
IL-MTFN-001-G-F-0290-002-R0004	IL-MTFN-001-G-F-0290-002	correspondence	Correspondence with the Red Cross	Correspondence with the Red Cross for missing persons search	Korrespondenz mit dem Roten Kreuz zur Suche nach Vermissten	התכתבות עם הצלב האדום לחיפוש נעדרים	Hebrew|German		Unknown	Letter	Red Cross	Communication Document
IL-MTFN-001-G-F-0290-002-R0005	IL-MTFN-001-G-F-0290-002	memoir	Memory Books of Arna Feig	Two memory books of Arna Feig, after her marriage Freud, the mother of the donor from the years 1909;1917	Zwei Erinnerungsbücher von Arna Feig, nach ihrer Heirat Freud, der Mutter der Spenderin aus den Jahren 1909;1917	שני ספרי זיכרונות של ארנה פייג, לאחר נישואיה פרויד, אמה של התורמת מהשנים 1909;1917	Hebrew	1909	Unknown	ספר זכרונות|Memory Book	Arna Feig	EgoDocument
IL-MTFN-001-G-F-0290-004-R0002	IL-MTFN-001-G-F-0290-004	diary,memoir	Diary of Soldier Friedrich Müller	Notebook/Diary of the soldier Friedrich Müller. Writes about military service, life in Palestine, memories, and thoughts.	Notizbuch/Tagebuch des Soldaten Friedrich Müller. Schreibt über den Militärdienst, das Leben in Palästina, Erinnerungen und Gedanken.	מחברת/יומן של החייל פרידריך מילר. כותב על השרות הצבאי, על החיים בפלשתינה, זיכרונות ומחשבות.	Hebrew|German		Handwritten	יומן|Diary	Friedrich Müller	EgoDocument
IL-MTFN-001-G-F-0295-001-R0001	IL-MTFN-001-G-F-0295-001	memoir	Memory Book of Anna Vog	Memory book of the girl Anna Vog, Lübeck, died in Israel in 1940. The book is very elegant, bound in leather and embroidered with a wreath of flowers. Inside the book are several beautiful drawings by the authors. The writing in the book begins in 1884 in the city of Lübeck.	Erinnerungsbuch des Mädchens Anna Vog, Lübeck, gestorben in Israel 1940. Das Buch ist sehr elegant, in Leder gebunden und mit einer Stickerei eines Blumenkranzes versehen. Im Buch befinden sich mehrere wunderschöne Zeichnungen der Autoren. Die Schrift im Buch beginnt 1884 in der Stadt Lübeck.	ספר זיכרונות של הנערה אנה ווג, ליבק, נפטרה בישראל ב-1940. הספר מהודר מאד, כרוך בעור ועליו רקמה של זר פרחים. בתוך הספר מספר ציורים יפהפיים של הכותבים. הכתיבה בספר מתחילה ב-1884 בעיר ליבק Lübeck.	Hebrew|German	1884	Unknown	ספר זכרונות|Memory Book	Anna Vog	EgoDocument
IL-MTFN-001-G-F-0299-001-R0001	IL-MTFN-001-G-F-0299-001	papers	Notebooks with Recipes from Gertrud/Tova Michaelis	Two notebooks with recipes from the estate of Gertrud/Tova Michaelis née Badt 1893;1963	Zwei Notizbücher mit Rezepten aus dem Nachlass von Gertrud/Tova Michaelis geb. Badt 1893;1963	שתי מחברות עם מתכונים מעזבון גרטרוד/ טובה מיכאליס לבית בדט Badt 1893;1963	Other		Unknown	Notepad	Gertrud/Tova Michaelis	EgoDocument
IL-MTFN-001-G-F-0300-001-R0002	IL-MTFN-001-G-F-0300-001	visit	Letter from the Grünfeld couple to their daughter Hadassah	Letter from the couple Grünfeld to their daughter Hadassah, who is on a honeymoon with her newlywed husband Georg.	Brief von dem Ehepaar Grünfeld an die Tochter Hadassah, die mit ihrem frischgebackenen Ehemann Georg auf Hochzeitsreise ist.	מכתב מאת הזוג גרינפלד Grünfeld אל הבת הדסה שנמצאת בירח דבש עם בעלה הטרי גאורג.	Hebrew		Handwritten	מכתב|Letter	הדסה	Communication Document
IL-MTFN-001-G-F-0300-002-R0004	IL-MTFN-001-G-F-0300-002	visit	Letters from 1942 regarding London visit and attempts to reach Palestine	Letters from 28.01.1942; 30.08.1942 she visited London and is struggling to decide whether to return and live there. She is attempting to reach Palestine; so far without results.	Briefe vom 28.01.1942; 30.08.1942 besuchte sie London und hat Schwierigkeiten zu entscheiden, ob sie zurückkehren und dort leben soll. Sie versucht, nach Palästina zu gelangen; bisher ohne Erfolg.	מכתבים מ- 28.01.1942; 30.08.1942 ביקרה בלונדון ומתקשה להחליט אם לחזור ולגור שם. עושה נסיונות להגיע לפלשתינה; לעת עתה ללא תוצאות.	Hebrew	1942-08-30	Unknown	מכתב|Letter		Communication Document
IL-MTFN-001-G-F-0300-005-R0001	IL-MTFN-001-G-F-0300-005	diary	War Diary of Georg Freudenberg	War diary in German by soldier Georg Freudenberg 12.10.1914; 07.01.1915. The printing was done by him from his notes.	Kriegstagebuch auf Deutsch von Soldat Georg Freudenberg 12.10.1914; 07.01.1915. Der Druck wurde von ihm aus seinen Notizen gemacht.	יומן מלחמה בגרמנית של החייל גאורג פרוידנברג 12.10.1914;07.01.1915 ההדפסה נעשתה על ידו מתוך רשימותיו.	German	1915-01-07	Typewritten	יומן|Diary	Georg Freudenberg	EgoDocument
IL-MTFN-001-G-F-0300-005-R0005	IL-MTFN-001-G-F-0300-005	diary	War Diary Chapter I Original and Hebrew Translation	Original and translation into Hebrew of the war diary Chapter I 12.10.1914;30.12.1914;	Original und Übersetzung ins Hebräische des Kriegstagebuchs Kapitel I 12.10.1914;30.12.1914;	מקור ותרגום לעברית של יומן המלחמה פרק א' 12.10.1914;30.12.1914;	Hebrew|Other	1914-12-30	Unknown	יומן|Diary|מסמך מתורגם|Translated Document		EgoDocument
IL-MTFN-001-G-F-0300-005-R0006	IL-MTFN-001-G-F-0300-005	diary	War Diary Chapter B Original and Hebrew Translation	Original and translation into Hebrew of the war diary Chapter B 01.01.1915;19.06.1915;	Original und Übersetzung ins Hebräische des Kriegstagebuchs Kapitel B 01.01.1915;19.06.1915;	מקור ותרגום לעברית של יומן המלחמה פרק ב' 01.01.1915;19.06.1915;	Hebrew|Other	1915-01-01	Unknown	יומן|Diary|מסמך מתורגם|Translated Document		EgoDocument
IL-MTFN-001-G-F-0300-005-R0007	IL-MTFN-001-G-F-0300-005	diary	War Diary Chapter B Original and Hebrew Translation	Original and translation into Hebrew of the war diary Chapter B /2 23.06.1915;30.12.1915;	Original und Übersetzung ins Hebräische des Kriegstagebuchs Kapitel B /2 23.06.1915;30.12.1915;	מקור ותרגום לעברית של יומן המלחמה פרק ב' /2 23.06.1915;30.12.1915;	Hebrew|Other	1915-06-23	Unknown	יומן|Diary		EgoDocument
IL-MTFN-001-G-F-0300-005-R0008	IL-MTFN-001-G-F-0300-005	diary	War Diary Chapter 3	Original and translation into Hebrew of the war diary Chapter 3 01.01.1916;22.04.1916;	Original und Übersetzung ins Hebräische des Kriegstagebuchs Kapitel 3 01.01.1916;22.04.1916;	מקור ותרגום לעברית של יומן המלחמה פרק ג' 01.01.1916;22.04.1916;	Hebrew|Other	1916-01-01	Unknown	יומן|Diary		EgoDocument
IL-MTFN-001-G-F-0302-001-R0002	IL-MTFN-001-G-F-0302-001	memoir	Memory Books of Irma Kaminer	Two memory books by Irma Kaminer from the years 1913;1920. The books are bound in elegant covers, one of them has a metal decoration in the Jugendstil style; very beautiful.	Zwei Erinnerungsbücher von Irma Kaminer aus den Jahren 1913;1920. Die Bücher sind in prächtige Einbände gebunden, eines davon hat eine Metallverzierung im Jugendstil; sehr schön.	שני ספרי זיכרונות של אירמה קמינר מהשנים 1913;1920. הספרים כרוכים בכריכות מהודרות על אחד מהם יש קישוט מתכת בסיגנון היוגנדסטיל; מאד יפה.	Other	1913	Unknown	ספר זכרונות|Memory Book	Irma Kaminer	EgoDocument
IL-MTFN-001-G-F-0306-001-R0013	IL-MTFN-001-G-F-0306-001	correspondence	Copy of CD and Correspondence	2001, copy of a CD with the film Jewish Life in Brandenburg; The Kaufman Family Hirsch; in Messingwerk near Eberswalde. And correspondence with Ruthi Ofek and Burkhard Wischemann regarding.	2001, Kopie einer CD mit dem Film Jüdisches Leben in Brandenburg; Die Kaufmannsfamilie Hirsch; in Messingwerk bei Eberswalde. Und Korrespondenz mit Ruthi Ofek und Burkhard Wischemann bezüglich.	2001, העתק של CD עם סרט Jüdisches Leben in Brandenburg; Die Kaufmansfamilie Hirsch; in Messingwerk bei Eberswalde. והתכתבות עם רותי אופק ו Burkhard Wischemann בעיניין.	German|Hebrew	2001	Unknown	מסמך מתורגם|Translated Document		Communication Document
IL-MTFN-001-G-F-0311-001-R0002	IL-MTFN-001-G-F-0311-001	memoir	חוברת לזכרה של דקלה מיינרט	A booklet in Hebrew (with a portrait image) in memory of Dikla Meinert 1885;1967. The booklet is based on the memories she herself wrote. Inside the booklet is a page; an interview conducted with her in 1952.	Ein Heft auf Hebräisch (mit einem Porträtbild) zum Gedenken an Dikla Meinert 1885;1967. Das Heft basiert auf den Erinnerungen, die sie selbst geschrieben hat. Im Heft befindet sich eine Seite; ein Interview, das 1952 mit ihr geführt wurde.	חוברת בעברית (עם תמונת דיוקן) לזכרה של דקלה מיינרט 1885;1967. החוברת מבוססת על הזיכרונות שהיא עצמה כתבה. בתוך החוברת דף; ראיון שנעשה עמה בשנת 1952.	Hebrew	1952	Print	חוברת|Booklet	דקלה מיינרט	Creative Nonfiction
IL-MTFN-001-G-F-0312-001-R0005	IL-MTFN-001-G-F-0312-001	visit	Business card of Günter Hammerstein	Business card of Günter Hammerstein.	Visitenkarte von Günter Hammerstein.	כרטיס ביקור של גינטר המרשטיין.	Unspecified		Unknown	כרטיס ביקור|Business Card	גינטר המרשטיין	Ephemera
IL-MTFN-001-G-F-0313-007-R0004	IL-MTFN-001-G-F-0313-007	visit	Letters by Alfred Levy	Letters in Hebrew by Alfred Levy. Among the letters is a picture of him. He was a student of Shiloni in Stettin. During World War II, he served in the British Army, entered Germany, visited Bergen-Belsen, studied architecture, and chose to stay in England. The letters are from the 1940s, 1980s, and 1990s.	Briefe auf Hebräisch von Alfred Levy. Unter den Briefen befindet sich ein Bild von ihm. Er war ein Schüler von Shiloni in Stettin. Während des Zweiten Weltkriegs diente er in der britischen Armee, ging nach Deutschland, besuchte Bergen-Belsen, studierte Architektur und entschied sich, in England zu bleiben. Die Briefe stammen aus den 40er, 80er und 90er Jahren des 20. Jahrhunderts.	"מכתבים בעברית מאת אלפרד לוי Alfred Levy. בין המכתבים יש תמונה שלו. הנ""ל היה תלמידו של שילוני בשטטין. במלח""ע II שרת הצבא הבריטי, נכנס לגרמניה, ביקר בבלגן בלזן, למד ארכיטקטורה ובחר להישאר באנגליה. המכתבים משנות ה-40, ה;80, ה;90 למאה ה;20."	Hebrew		Unknown	מכתב|Letter	Alfred Levy	EgoDocument
IL-MTFN-001-G-F-0313-009-R0001	IL-MTFN-001-G-F-0313-009	visit	Letter from Raga to Shiloni, 1957	In a letter dated 4.7.1957, Raga writes to Shiloni about her last visit to his mother and aunt in Berlin.; This letter was typewritten, the section about the visit was translated into Hebrew by Carla Wolf, attached to the original letter.	In einem Brief vom 4.7.1957 schreibt Raga an Shiloni über ihren letzten Besuch bei seiner Mutter und Tante in Berlin.; Dieser Brief wurde getippt, der Abschnitt über den Besuch wurde von Carla Wolf ins Hebräische übersetzt, dem Originalbrief beigefügt.	"במכתב מתאריך 4.7.1957 מרגה כותבת לשילוני על הביקור האחרון שלה אצל אימו ודודתו בברלין.; מכתב זה הודפס, הקטע על הביקור תורגם לעברית ע""י קרלה וולף, מצורף למכתב המקור."	Hebrew|German	1957-07-04	Typewritten	מכתב|Letter|מסמך מתורגם|Translated Document		Communication Document
IL-MTFN-001-G-F-0313-022-R0010	IL-MTFN-001-G-F-0313-022	papers	Correspondence and Photos of Jenny Neuberger	Correspondence of Jenny Neuberger, Israel 1956, regarding a debt from the sale of a sewing machine, a hard-to-read letter in German from 1946, photos of her with her husband from 1947, Jerusalem, a portrait photo of A.S. Yechezkel; Yehuda, who courted Jenny, see memory book displayed in the museum exhibition and additional unidentified photos. Jenny Neuberger is mentioned in the estate as the grandmother of Israel Shiloni. Her maiden name was Wolpe. Her Hebrew name: Chana Tzipora Neuberger. Jenny was born in 1874 and died in 1965.	Korrespondenz von Jenny Neuberger, Israel 1956, in Bezug auf eine Schuld aus dem Verkauf einer Nähmaschine, ein schwer lesbarer Brief auf Deutsch von 1946, Fotos von ihr mit ihrem Ehemann von 1947, Jerusalem, ein Porträtfoto von A.S. Jechezkel; Yehuda, der Jenny umwarb, siehe Erinnerungsbuch in der Museumsausstellung und weitere nicht identifizierte Fotos. Jenny Neuberger wird im Nachlass als Großmutter von Israel Shiloni genannt. Ihr Geburtsname war Wolpe. Ihr hebräischer Name: Chana Zipporah Neuberger. Jenny wurde 1874 geboren und starb 1965.	"התכתבות של Jenny Neuberger ,ישראל 1956, בקשר עם חוב על מכירת מכונת תפירה, מכתב בגרמנית מ-1946 (קשה לקריאה), תמונות שלה עם בעלה מ-1947,ירושלים, תמונת דיוקן של א""ש יחזקאל;יהודה, שחיזר אחרי ג'ני, ראה ספר זיכרונות מוצג בתצוגת המוזיאון ותמונות נוספות לא מזוהות. ג'ני נויברגר מצוינת בעיזבון כסבתא של ישראל שילוני. השם שלה מהבית היה Wolpe. השם העברי שלה: חנה ציפורה נויברגר. ג'ני ילידת 1874, נפטרה ב-1965."	German|Hebrew	1946	Unknown	מכתב|Letter|תצלום|Photograph	Jenny Neuberger	EgoDocument
IL-MTFN-001-G-F-0313-026-R0001	IL-MTFN-001-G-F-0313-026	visit	Notebook with Travel Preparations and Impressions, 1971	Notebook with lists, preparation for a trip abroad in 1971 and writing of impressions during the trip. On the first page, the grandparents of Shiloni are listed with names and dates.	Notizbuch mit Listen, Vorbereitung einer Auslandsreise 1971 und Schreiben von Eindrücken während der Reise. Auf der ersten Seite sind die Großeltern von Shiloni mit Namen und Daten verzeichnet.	"פנקס עם רשימות, הכנת נסיעה לחו""ל 1971 וכתיבה של התרשמויות בנסיעה. בדף ראשון רשומים הסבא והסבתא של שילוני שמות ותאריכים."	Hebrew	1971	Handwritten	פנקס|Notepad		EgoDocument
IL-MTFN-001-G-F-0313-026-R0002	IL-MTFN-001-G-F-0313-026	visit	Notebook with Travel Preparation Lists	Notebook with travel preparation lists for abroad, 1979.	Notizbuch mit Reiselisten ins Ausland, 1979.	"פנקס עם רשימות הכנה לנסיעה לחו""ל, 1979."	Unspecified	1979	Unknown	פנקס|Notepad		EgoDocument
IL-MTFN-001-G-F-0313-026-R0003	IL-MTFN-001-G-F-0313-026	memoir	Memory Book for Miriam Shiloni	Book for recording memories Poesie, empty, received by Miriam Shiloni for her birthday from the Eilat family.	Buch zum Eintragen von Erinnerungen Poesie, leer, das Miriam Shiloni zum Geburtstag von der Familie Eilat erhalten hat.	ספר לרישום זיכרונות Poesie, ריק, שקבלה מרים שילוני ליום הולדתה ממשפחת אילת.	Unspecified		Unknown	ספר זכרונות|Memory Book	Miriam Shiloni	EgoDocument
IL-MTFN-001-G-F-0313-029-R0003	IL-MTFN-001-G-F-0313-029	visit	Documents and Newspaper Clippings from Shay Israel Shiloni's Visit to Bonn, 1989	Documents and newspaper clippings in German from Shay Israel Shiloni's visit to Bonn in 1989. Among other things, a visit to the school where he taught, a picture of him with his students from back then; appeared in the local press.	Dokumente und Zeitungsausschnitte auf Deutsch vom Besuch von Shay Israel Shiloni in Bonn 1989. Unter anderem ein Besuch in der Schule, in der er unterrichtete, ein Bild von ihm mit seinen damaligen Schülern; erschien in der lokalen Presse.	"מסמכים וקטעי עיתונות בגרמנית מביקור שי ישראל שילוני בבון 1989. בין היתר ביקור בביה""ס בו הוא לימד, תמונה שלו עם תלמידיו מאז; הופיעה בעיתונות המקומית."	German	1989	Unknown	מסמך מתורגם|Translated Document|גזיר עיתון|News Clipping	שי ישראל שילוני	Communication Document
IL-MTFN-001-G-F-0313-036-R0001	IL-MTFN-001-G-F-0313-036	visit	Envelope with Photos by Zalman, 1987	Envelope with still images of:; Photos that Zalman (?) took in 1987 during a visit to the Shiloni family in Nahariya. A letter is attached mentioning Sarah and Muki (?).	Umschlag mit Standbildern von:; Bilder, die Zalman (?) 1987 bei einem Besuch bei der Familie Shiloni in Nahariya aufgenommen hat. Ein Brief ist beigefügt, in dem Sarah und Muki (?) erwähnt werden.	מעטפה עם תמונות סטילס של:; תמונות שזלמן (?) צילם ב-1987 בעת ביקור אצל משפחת שילוני בנהריה. מצורף מכתב בו מוזכרים שרה ומוקי (?).	Hebrew|עברית	1987	Unknown	מעטפה|Envelope|תצלום|Photograph|מכתב|Letter		Image
IL-MTFN-001-G-F-0313-040-R0001	IL-MTFN-001-G-F-0313-040	memoir	Lectures by Shirael Shiloni on Early 20th Century Memories	"Lectures written in German and English:; in German, on the topic: Memories from the beginning of the century (20th); Biographical memories. This lecture was written by Shirael Shiloni after he turned 90 years old. It refers to his childhood and adolescence in Berlin. Among other things, his first encounter with the term ""Jude""."	"Vorträge in Deutsch und Englisch:; auf Deutsch, Thema: Erinnerungen aus dem Anfang des Jahrhunderts (20.); Biografische Erinnerungen. Dieser Vortrag wurde von Shirael Shiloni geschrieben, nachdem er 90 Jahre alt wurde. Er bezieht sich auf seine Kindheit und Jugend in Berlin. Unter anderem sein erstes Treffen mit dem Begriff ""Jude""."	"הרצאות כתובות גרמנית ואנגלית:; בגרמנית, בנושא: זכרונות מתחילת המאה (ה;20) Erinnerungen aus dem Begin des Jahrhunderts; זכרונות ביוגרפיות. את ההרצאה הזאת כתב שיראל שילוני אחרי שמלאו לו 90 שנה. הוא מתייחס לילדותו ונערותו בברלין. בין היתר מפגשו הראשון עם שם התואר ""Jude""."	German|English		Handwritten	הרצאה|Lecture	שיראל שילוני	EgoDocument
IL-MTFN-001-G-F-0313-040-R0013	IL-MTFN-001-G-F-0313-040	diary	Meeting of Dunera Passengers 1982 in Tel Aviv	"Returning to the meeting of ""Dunera"" passengers 1982 in Tel Aviv. For the topic ""Dunera"" see the date diary of Shiloni in container G.F.0313 / 48 file 3."	"Rückkehr zum Treffen der Passagiere der ""Dunera"" 1982 in Tel Aviv. Zum Thema ""Dunera"" siehe Datumstagebuch von Shiloni in Behälter G.F.0313 / 48 Akte 3."	"חוזרים למפגש נוסעי ""דונרה"" 1982 בתל אביב. לנושא ""דונרה"" ראה יומן תאריכים, של שילוני במיכל G.F.0313 / 48 תיק 3."	Hebrew		Unknown	Invitation		Organization Papertrail
IL-MTFN-001-G-F-0313-048-R0001	IL-MTFN-001-G-F-0313-048	correspondence	Correspondence with German Institutions on Financial Topics	File No. 1; Correspondence with institutions in Germany on financial topics - Documents on financial topics in Israel;	Akte Nr. 1; Korrespondenz mit Institutionen in Deutschland zu finanziellen Themen - Dokumente zu finanziellen Themen in Israel;	תיק מס. 1; התכתבות עם מוסדות בגרמניה בנושאים פיננסיימ- מסמכים בנושאים פיננסיים בישראל;	Hebrew|German		Unknown	מכתב|Letter		Communication Document
IL-MTFN-001-G-F-0313-048-R0007	IL-MTFN-001-G-F-0313-048	visit	דרכון ופנקס חבר של ישראל שילוני	Passport (the picture was cut out) and membership booklet of Israel Shiloni.	Reisepass (das Bild wurde herausgeschnitten) und Mitgliedsbuch von Israel Shiloni.	דרכון (התמונה נגזרה החוצה) ופנקס חבר של ישראל שילוני.	Hebrew		Unknown	תעודת חבר|Membership Certificate	ישראל שילוני	EgoDocument
IL-MTFN-001-G-F-0313-048-R0013	IL-MTFN-001-G-F-0313-048	diary,visit	Diary of Agnes Hammerstein's 1864 Switzerland Trip	File 3; Diary (small) with writing by Agnes Hammerstein, Shiloni's grandmother, from her trip to Switzerland in 1864.	Datei 3; Tagebuch (klein) mit der Schrift von Agnes Hammerstein, der Großmutter von Shiloni, von ihrer Reise in die Schweiz im Jahr 1864.	תיק 3; יומן (קטן) עם כתיבה של אגנס המרשטיין Agnes Hammerstein, סבתו של שילוני, מנסיעתה לשוייץ ב-1864.	Hebrew|German	1864	Handwritten	יומן|Diary	Agnes Hammerstein	EgoDocument
IL-MTFN-001-G-F-0313-048-R0014	IL-MTFN-001-G-F-0313-048	diary,visit	Shiloni's Diary from Journey on the Dunera	Diary with short notes by Shiloni from his journey from England to Australia on the Dunera.	Tagebuch mit kurzen Notizen von Shiloni von seiner Reise von England nach Australien auf der Dunera.	יומן עם ציונים קצרים בלבד של שילוני ממסעו מאנגליה לאוסטרליה על הדונרה.	Hebrew		Unknown	יומן|Diary		EgoDocument
IL-MTFN-001-G-F-0313-048-R0015	IL-MTFN-001-G-F-0313-048	diary	Diary of Zvi Shiloni	Diary of Zvi Shiloni from the years: 1943;1945.	Tagebuch von Zvi Shiloni aus den Jahren: 1943;1945.	יומן של צבי שילוני מהשנים: 1943;1945.	Hebrew	1943	Unknown	יומן|Diary	Zvi Shiloni	EgoDocument
IL-MTFN-001-G-F-0314-001-R0004	IL-MTFN-001-G-F-0314-001	visit	Letters from Fritz Aronstein to a Friend in Germany	1938;1939, Letters from Fritz Aronstein to his friend in Germany. He talks about his travels to various places, meetings with people, especially with youth, some of whom were his students back in Germany. Visits to the religious youth village, HaZorea, Yagur, and other places, typewritten, German	1938;1939, Briefe von Fritz Aronstein an seinen Freund in Deutschland. Er erzählt von seinen Reisen zu verschiedenen Orten, von Treffen mit Menschen, insbesondere mit Jugendlichen, von denen einige noch in Deutschland seine Schüler waren. Besuche im religiösen Jugenddorf, HaZorea, Yagur und anderen Orten, gedruckt, Deutsch	1938;1939, מכתבים מאת פריץ ארונשטיין אל ידידו בגרמניה. הוא מספר על נסיעותיו למקומות שונים, אל הפגישות עם אנשים, במיוחד עם נוער, שחלקם היו תלמידו עוד בגרמניה. בקורים בכפר נוער הדתי, הזורע, יגור ומקומות אחרים, מודפס, גרמנית	German	1938	Typewritten	מכתב|Letter	Fritz Aronstein	Communication Document
IL-MTFN-001-G-F-0314-001-R0013	IL-MTFN-001-G-F-0314-001	papers	Receipt of 'Biography of the History of the Jews in Germany'	20.11.1952, the National Library announces the receipt of 'Biography of the History of the Jews in Germany' from the estate of Aronstein	20.11.1952, die Nationalbibliothek informiert über den Erhalt der 'Biographie zur Geschichte der Juden in Deutschland' aus dem Nachlass von Aronstein	20.11.1952, בית הספרייה הלאומי מודע על קבלת 'ביוגרפיה לתולדות יהודי גרמניה' מהעיזבון של ארונשטיין	Hebrew|German		Typewritten	Letter	Aronstein	Communication Document
IL-MTFN-001-G-F-0314-002-R0001	IL-MTFN-001-G-F-0314-002	memoir,visit	Memory Book for Phillip Aronstein	Without a date, a memory book for his father Phillip Aronstein 1862;1942 written by his son Raphael Fritz Aronstein in his memory. He writes a little about the beginning of the family in the city of Büzen, about his father's youth, his studies, travels, and acquiring knowledge and preparing his personality in the intellectual society. He writes in detail about the whole life, the work as a teacher, and the books he wrote and published. He also tells about the house, the children, and that the parents were left alone after all the children left Germany and could not be saved. He dedicates the memory to his mother, but she also did not manage to read it.	Ohne Datum, Erinnerungsbuch für seinen Vater Phillip Aronstein 1862;1942, geschrieben von seinem Sohn Raphael Fritz Aronstein zu seinem Gedenken. Er schreibt ein wenig über den Beginn der Familie in der Stadt Büzen, über die Jugend seines Vaters, seine Ausbildung, Reisen und das Erlangen von Wissen und die Vorbereitung seiner Persönlichkeit in der intellektuellen Gesellschaft. Er schreibt ausführlich über das ganze Leben, die Arbeit als Lehrer und die Bücher, die er geschrieben und veröffentlicht hat. Er erzählt auch über das Haus, die Kinder und dass die Eltern allein zurückblieben, nachdem alle Kinder Deutschland verlassen hatten und nicht gerettet werden konnten. Er widmet die Erinnerung seiner Mutter, aber auch sie konnte es nicht lesen.	בלי תאריך, ספר זכרונות לאביו Phillip Aronstein 1862;1942 שכתב בנו רפאל פריץ ארונשטיין לזכרו. הוא כותב קצת על התחלת המשפחה בעיר Büzen על נעוריו של אביו, לימודיו, נסיעותיו והשגת ידע והכנת האישיות שלו בחברה האינטילקטואלי. הוא כותב מפורט על כל החיים, העבודה כמורה והספרים שהוא כתב והוציא לאור. הוא גם מספר על הבית, הילדים ושההורים שנשארו לבד אחרי שכל הילדים עזבו את גרמניה ולא הספיקו להנצל. הוא מקדיש את הזכרון לאומו, אבל גם היא לא הספיקה לקרא אותו.	Hebrew|German		Unknown	ספר זכרונות|Memory Book	Phillip Aronstein	Memory Book
IL-MTFN-001-G-F-0319-002-R0014	IL-MTFN-001-G-F-0319-002	correspondence	Correspondence with Relatives	1946;1951, correspondence with relatives abroad and in the country.	1946;1951, Korrespondenz mit Verwandten im Ausland und im Inland.	1946;1951, התכתבות עם קרובי משפחה בחול ובארץ.	Hebrew|Other	1946	Unknown	מכתב|Letter		Communication Document
IL-MTFN-001-G-F-0319-005-R0007	IL-MTFN-001-G-F-0319-005	visit	Documents related to Ruth and Joseph's trip abroad	1977, documents related to the trip abroad of Ruth and Joseph	1977, Dokumente im Zusammenhang mit der Auslandsreise von Ruth und Josef	נ: 1977, מסמכים שקשורים לנסיעה לחול של רות ויוסף	Hebrew	1977	Unknown	Letter		Communication Document
IL-MTFN-001-G-F-0320-001-R0001	IL-MTFN-001-G-F-0320-001	hometown	Photographs from Rafael Teplitz's Work on Settlers' Meetings Protocols, 1934	"Photographs from the work of Rafael Teplitz: ""The First Years in the New Homeland; Protocols of Settlers' Meetings in Gan; Shomron Year 1934; 1938""; Only those from the year 1934 were photographed."	"Fotos aus der Arbeit von Rafael Teplitz: ""Die ersten Jahre in der neuen Heimat; Protokolle der Siedlerversammlungen in Gan; Schomron Jahr 1934; 1938""; Es wurden nur die aus dem Jahr 1934 fotografiert."	"צילומים מתוך העבודה שעשה רפאל טפליץ: ""השנים הראשונות במולדת החדשה; פרוטוקולים של אסיפות המתישבים בגן;שומרון שנת 1934;1938""; צולמו רק אלו של שנת 1934."	Hebrew	1934	Unknown	תצלום|Photograph	רפאל טפליץ	EgoDocument
IL-MTFN-001-G-F-0323-001-R0001	IL-MTFN-001-G-F-0323-001	memoir	Mourning Book of Heinrich & Rosa Neuhaus	Mourning book of the maternal grandparents of Franziska Glas; Heinrich & Rosa Neuhaus.	Trauerbuch der Großeltern mütterlicherseits von Franziska Glas; Heinrich & Rosa Neuhaus.	ספר אבלים Trauer;Album של הסבא והסבתא מצד האם של פרנציסקה גלס; Heinrich & Rosa Neuhaus.	Hebrew|German		Unknown	ספר זכרונות|Memory Book	Franziska Glas	EgoDocument
IL-MTFN-001-G-F-0324-001-R0010	IL-MTFN-001-G-F-0324-001	visit	Palestinian Passport for Anna Friedler, 1938	Palestinian passport for Anna Friedler from 1938; Travel document/Israeli passport with the stamp 'All countries except Germany'.	Palästinensischer Pass für Anna Friedler von 1938; Reisedokument/Israelischer Pass mit dem Stempel 'Alle Länder außer Deutschland'.	דרכון פלשתינאי לאנה פרידלר מ-1938; תעודת מסע/דרכון ישראלי עם החותמת 'כל הארצות פרט גרמניה'.	Hebrew|German	1938	Unknown	תעודת מסע|Passport	Anna Friedler	Legal Document
IL-MTFN-001-G-F-0333-001-R0001	IL-MTFN-001-G-F-0333-001	correspondence	Chapter 10 from Book by Judith Levy	30 printed pages in English, sent by email from the USA by the relative Judith Levy. This is Chapter 10 of a book that she (presumably) wrote. Description of the World War I period according to correspondence between the drafted father Albert Levy and his son Max.	30 gedruckte Seiten auf Englisch, per E-Mail aus den USA von der Verwandten Judith Levy gesendet. Dies ist Kapitel 10 eines Buches, das sie (vermutlich) geschrieben hat. Beschreibung der Zeit des Ersten Weltkriegs gemäß der Korrespondenz zwischen dem eingezogenen Vater Albert Levy und seinem Sohn Max.	"30 דפים מודפסים באנגלית, נשלחו בדוא""ל מארה""ב מקרובת המשפחה, יהודית לוי. זה פרק 10 מתוך ספר שהנ""ל (ככל הנראה) כתבה., תיאור תקופת מלח""ע I עפ""י התכתבות בין האב המגויס אלברט לוי ובנו מקס."	English		Typewritten	מסמך מתורגם|Translated Document	Judith Levy	Creative Nonfiction
IL-MTFN-001-G-F-0334-001-R0006	IL-MTFN-001-G-F-0334-001	visit	Passport of Mina Rosenberg with Third Reich Stamp	Passport of Mina Rosenberg, née Cohen, with a stamp of the Third Reich from 1937, issued in Breslau.	Reisepass von Mina Rosenberg, geborene Cohen, mit einem Stempel des Dritten Reichs von 1937, ausgestellt in Breslau.	דרכון של מינה רוזנברג לבית כהן עם חותמת הרייך השלישי מ-1937, הונפק בברסלאו.	German	1937	Print	תעודה|Certificate	Mina Rosenberg	Legal Document
IL-MTFN-001-G-F-0334-001-R0010	IL-MTFN-001-G-F-0334-001	visit	Advertising Postcard for Carpet Factory	Advertising postcard for the carpet factory for which Leo Rosenberg worked as a traveling agent.	Werbepostkarte für die Teppichfabrik, für die Leo Rosenberg als Reisender arbeitete.	גלוית פרסומת לבית החרושת לשטיחים עבורו עבד לאו רוזנברג כסוכן נוסע.	Hebrew		Print	גלויה|Postcard	Leo Rosenberg	Ephemera
IL-MTFN-001-G-F-0334-001-R0014	IL-MTFN-001-G-F-0334-001	visit	Business card of Mini and Leo Rosenberg	Business card of Mini and Leo Rosenberg.	Visitenkarte von Mini und Leo Rosenberg.	כרטיס הביקור של מיני ולאו רוזנברג.	Unspecified		Unknown	כרטיס ביקור|Business Card	Mini Rosenberg|Leo Rosenberg	Ephemera
IL-MTFN-001-G-F-0339-001-R0001	IL-MTFN-001-G-F-0339-001	diary,visit	Die grosse Fahrt 1922 Diary	The Great Journey 1922 Notebook/Diary written by a boy in 1922, who, along with 4 other boys, makes his way by train and ship (on Lake Constance) to a Blau-Weiss conference. Inside the diary, you can read the names of the 5 boys, but it is not known who among them wrote the diary. Their names: Erich, Manfred, Paul, Max Spinner, Max Schneuer. They travel all over Germany.	Die große Fahrt 1922 Notizbuch/Tagebuch, das ein Junge 1922 schrieb, der zusammen mit 4 weiteren Jungen mit dem Zug und dem Schiff (auf dem Bodensee) zu einem Kongress der Blau-Weiß Blau-Weiss reist. Im Tagebuch kann man die Namen der 5 Jungen lesen, aber es ist nicht bekannt, wer von ihnen das Tagebuch geschrieben hat. Ihre Namen: Erich, Manfred, Paul, Max Spinner, Max Schneuer. Sie reisen durch ganz Deutschland.	Die grosse Fahrt 1922 מחברת/יומן שכתב נער ב-1922, שיחד עם עוד 4 נערים עושים את דרכם ברכבת ובאוניה (על ה;Bodensee) לכנס של הבלאו;וייס Blau;Weiss. בתוך היומן ניתן לקרוא את שמות 5 הנערים אבל אין לדעת מי מהם כתב את היומן. שמותיהם: Erich, Manfred,Paul, Max Spinner, Max Schneuer. הם מסתובבים 42 בכל חלקי גרמניה.	German	1922	Handwritten	יומן|Diary		EgoDocument
IL-MTFN-001-G-F-0339-001-R0002	IL-MTFN-001-G-F-0339-001	diary	Diary Print in German by Sophie Buchholz	In the folder, the print of the diary in the original language in German (printed by Sophie Buchholz, a student from the University of Potsdam who did her internship at the museum, 2007).	Im Ordner der Druck des Tagebuchs in der Originalsprache auf Deutsch (gedruckt von Sophie Buchholz, Studentin an der Universität Potsdam, die ihr Praktikum im Museum absolvierte, 2007).	בתיק הדפסה של היומן בשפה המקורית בגרמנית (הדפיסה סופי בוכהולץ, סטודנטית מאוניברסיטת פוטסדם שעשתה את הפרקטיקום שלה במוזיאון, 2007).	German		Typewritten	יומן|Diary	Sophie Buchholz	EgoDocument
IL-MTFN-001-G-F-0341-004-R0003	IL-MTFN-001-G-F-0341-004	correspondence	Correspondence of the Palestinian Aviation Club 1946/47	The Palestinian Aviation Club: Correspondence with authorities and individuals from the years 1946/47.	Der Palästinensische Luftfahrtclub: Korrespondenz mit Behörden und Persönlichkeiten aus den Jahren 1946/47.	הקלוב הארצישראלי לתעופה: התכתבות עם גורמים ואישים מהשנים 1946/47.	Hebrew	1946	Unknown	מכתב|Letter		Communication Document
IL-MTFN-001-G-F-0341-007-R0005	IL-MTFN-001-G-F-0341-007	correspondence	Correspondence between Dr. Feige and Georg Herz	Correspondence between Dr. Feige and Georg Herz. German typewritten, 1935/36.	Korrespondenz zwischen Dr. Feige und Georg Herz. Deutsch maschinengeschrieben, 1935/36.	"התכתבות בין ד""ר פייגה וגאורג הרץ. גרמנית הדפסה, 1935/36."	German	1935	Typewritten	מכתב|Letter		Communication Document
IL-MTFN-001-G-F-0341-007-R0014	IL-MTFN-001-G-F-0341-007	visit	Haaretz Newspaper Pages 13.6.1945	"Pages from the newspaper ""Haaretz"" 13.6.1945, including an article ""Distribution of Scientific Prizes by the Society for Natural Sciences"". Dr. Rudolf Feige is mentioned in his role: Chief Inspector of the Government Meteorological Service. An English translation of this article is attached."	"Seiten aus der Zeitung ""Haaretz"" vom 13.6.1945, darunter ein Artikel ""Verteilung der wissenschaftlichen Preise der Gesellschaft für Naturwissenschaften"". Dr. Rudolf Feige wird in seiner Funktion erwähnt: Hauptinspektor des staatlichen meteorologischen Dienstes. Eine englische Übersetzung dieses Artikels ist beigefügt."	"דפים מעיתון ""הארץ"" 13.6.1945, בין היתר כתבה ""חלוקת הפרסים המדעיים של האגודה למדעי הטבע"" ד""ר רודולף פייגה מוזכר בתפקידו: המפקח הראשי של השרות המטאורולוגי הממשלתי. מצורף תרגום לאנגלית של מאמר זה."	Hebrew|English		Print	גזיר עיתון|News Clipping|מסמך מתורגם|Translated Document	Dr. Rudolf Feige	Communication Document
IL-MTFN-001-G-F-0342-001-R0001	IL-MTFN-001-G-F-0342-001	diary	Diary Documented in Booklet	The diary is documented in a booklet in three ways: 1. Photo (unclear) of the original; 2. Print of the original, German. 3. Translation of the diary into Hebrew in print; attached are scanned images and photographed certificates.	Das Tagebuch ist in einem Heft auf drei Arten dokumentiert: 1. Foto (nicht klar) des Originals; 2. Druck des Originals, Deutsch. 3. Übersetzung des Tagebuchs ins Hebräische im Druck; beigefügt sind gescannte Bilder und fotografierte Zertifikate.	היומן מתועד בחוברת בשלושה אופנים:; 1. צילום (לא ברור) של המקור; 2. הדפסת המקור, גרמנית. 3. תרגום היומן לעברית בהדפסה; מצורפות תמונות בסריקה ותעודות בצילום.	Hebrew|German		Unknown	יומן|Diary		EgoDocument
IL-MTFN-001-G-F-0342-001-R0002	IL-MTFN-001-G-F-0342-001	diary	דר' קורט פליישר; יומן מלחמה 1915	Booklet in Hebrew, typewritten, with the title: Dr. Kurt Fleischer; War Diary 1915. On the cover of the booklet, there is a picture of 2 doctors; the one with the mustache is Dr. Fleischer.	Broschüre auf Hebräisch, maschinengeschrieben, mit dem Titel: Dr. Kurt Fleischer; Kriegstagebuch 1915. Auf dem Umschlag der Broschüre befindet sich ein Bild von 2 Ärzten; der mit dem Schnurrbart ist Dr. Fleischer.	חוברת בעברית, הדפסה, עם הכותרת: דר' קורט פליישר; יומן מלחמה 1915. על כריכת החוברת ישנה תמונה בה מצולמים 2 רופאים; בעל השפם הוא דר' פליישר.	Hebrew		Typewritten	חוברת|Booklet	דר' קורט פליישר	Creative Nonfiction
IL-MTFN-001-G-F-0344-001-R0001	IL-MTFN-001-G-F-0344-001	diary	Translation of Father's Diary by Yoram Epstein	The son, Yoram Epstein, translated his father's diary, who was among the exiles to Australia, from German to Hebrew.	Der Sohn, Yoram Epstein, übersetzte das Tagebuch seines Vaters, der zu den Exilanten nach Australien gehörte, aus dem Deutschen ins Hebräische.	הבן, יורם אפשטיין, תרגם מגרמנית לעברית את יומן אביו, שהיה בין הגולים לאוסטרליה.	Hebrew|German		Unknown	מסמך מתורגם|Translated Document	Yoram Epstein	EgoDocument
IL-MTFN-001-G-F-0344-001-R0002	IL-MTFN-001-G-F-0344-001	diary	Diary in German with Photos	He wrote a diary in German about everything that happened to him in England and Australia. The booklet/diary also contains several pictures, a total of 69 pages.	Er schrieb ein Tagebuch auf Deutsch über alles, was ihm in England und Australien widerfahren ist. In dem Heft/Tagebuch gibt es auch einige Bilder, insgesamt 69 Seiten.	"הוא כתב יומן בגרמנית ל כל הקורות אותו באנגליה ואוסטרליה. בחוברת/יומן יש גם מספר תמונות, סה""כ 69 עמודים."	German|English		Unknown	יומן|Diary		EgoDocument
IL-MTFN-001-G-F-0353-004-R0002	IL-MTFN-001-G-F-0353-004	memoir	Struck's Memory Book	Album/Memory book of Struck with writings, among others, by his brothers Felix and Salo, school friends including Paul Cohn. Alfons Schocken. (Catalog page 1);	Album/Buch der Erinnerungen von Struck mit Schriften, unter anderem von seinen Brüdern Felix und Salo, Schulfreunden darunter Paul Cohn. Alfons Schocken. (Katalog Seite 1);	אלבום/ספר זיכרונות של שטרוק עם כתיבה, בין היתר, של האחים שלו פליקס Felix וסלו Salo, חברים מבית הספר ביניהם פאול כהן Paul Cohn. אלפונס שוקן Alfons Schocken. (קטלוג באה דף 1);	Hebrew|German		Unknown	ספר זכרונות|Memory Book		EgoDocument
IL-MTFN-001-G-F-0353-004-R0004	IL-MTFN-001-G-F-0353-004	diary,visit	Diary from 1893-1896: Trip to Italy and Encounters	Diary from the years 1893;1896. Trip to Italy (begins with a quote from Goethe); visit to Villa Zirio (the place where Friedrich III suffered from throat cancer for a long time); Nice (mentions the casino); Bad Brückenau (noted as boring) to draw a class; returns via Frankfurt and Loreley; mentions some of his teachers in Berlin; meets Anton von Werner; celebration in honor of the Academy of Arts with a speech by the Emperor; at the end of the diary a collection of dried leaves he collected on the trip. (Catalog on page 1)	Tagebuch aus den Jahren 1893;1896. Reise nach Italien (beginnt mit einem Zitat von Goethe); Besuch in der Villa Zirio (der Ort, an dem Friedrich III. lange an Kehlkopfkrebs litt); Nizza (erwähnt das Casino); Bad Brückenau (als langweilig bezeichnet) zum Zeichnen einer Klasse; Rückkehr über Frankfurt und Loreley; erwähnt einige seiner Lehrer in Berlin; trifft Anton von Werner; Feier zu Ehren der Kunstakademie mit einer Rede des Kaisers; am Ende des Tagebuchs eine Sammlung von getrockneten Blättern, die er auf der Reise gesammelt hat. (Katalog auf Seite 1)	יומן מהשנים 1893;1896. נסיעה לאיטליה (מתחיל עם ציטט מגתה); ביקור בוילה ציריאו Zirio (המקום בו סבל פרידריך ה;3 ממחלת סרטן הגרון לאורך זמן); ניצה (מזכיר את הקזינו); בד בריקנאו Bad Brückenau (ציין משעמם) לצייר כיתה; חוזר דרך פרנקפורט ולורליי Loreley; מזכיר כמה ממוריו בברלין; נפגש עם אנטון פון ורנר Anton von Werner; חגיגה לכבוד האקדמיה לאמנות עם נאום של הקיסר; בסוף היומן אוסף עלים יבשים אותם אסף בטיול.(קטלוג באה דף 1);	Hebrew|German	1893	Handwritten	יומן|Diary		EgoDocument
IL-MTFN-001-G-F-0353-004-R0010	IL-MTFN-001-G-F-0353-004	diary,visit	Diary of Struck from Travels 1896-1900	Diary of Struck from his travels in the years 1896;1900. Pages are attached to the diary, summarized in Hebrew by Miki Bernstein. An attempt was made to print the Hebrew; with partial success.	Tagebuch von Struck von seinen Reisen in den Jahren 1896;1900. Dem Tagebuch sind Seiten beigefügt, die Miki Bernstein auf Hebräisch zusammengefasst hat. Es wurde versucht, das Hebräische zu drucken; mit teilweisem Erfolg.	יומן של שטרוק מנסיעותיו בשנים 1896;1900. ליומן מצורפים דפים, שמיקי ברנשטיין סיכם בעברית. נעשה ניסיון להדפיס את העברית; בהצלחה חלקית.	Hebrew|עברית	1896	Unknown	יומן|Diary		EgoDocument
IL-MTFN-001-G-F-0353-007-R0006	IL-MTFN-001-G-F-0353-007	visit	Certificate for Mobility/Travel Assistance, 1918	42 Certificate entitling the holder to receive assistance with mobility/travel and to be returned to the Ministry of Foreign Affairs upon the end of mobility/travel, 1918. Due to its dimensions, document 42# is stored in file G.F.0353 / 15 located in the art warehouse. (Catalog on page) nan	42 Zertifikat, das den Inhaber berechtigt, Hilfe bei Mobilität/Reisen zu erhalten und das nach Beendigung der Mobilität/Reisen an das Außenministerium zurückgegeben werden muss, 1918. Aufgrund seiner Abmessungen wird das Dokument 42# in der Akte G.F.0353 / 15 im Kunstlager aufbewahrt. (Katalog auf Seite) nan	42 תעודה שמזכה את המחזיק בה לקבל עזרה בניידות/נסיעות ושיש להחזירה למשרד החוץ אם תום הניידות/נסיעות, 1918. בגלל מימדיו, המסמך 42# מאוכסן בתיק G.F.0353 / 15 שנמצא במחסן אמנות. (קטלוג באה דף ) nan	Hebrew	1918	Print	תעודה|Certificate		Certificate
IL-MTFN-001-G-F-0353-014-R0003	IL-MTFN-001-G-F-0353-014	visit	Letter to Struck from the War Office, 1915	Letter to Struck from the War Office agreeing to Struck's visit to the prisoner of war camps to be impressed by the various ethnic/racial types, 1915. The selected prisoner camps are Doeberitz and Crossen. (Catalog BAH page 1)	Brief an Struck vom Kriegsministerium, der einem Besuch von Struck in den Kriegsgefangenenlagern zustimmt, um sich von den verschiedenen ethnischen/rassischen Typen zu beeindrucken, 1915. Die ausgewählten Gefangenenlager sind Doeberitz und Crossen. (Katalog BAH Seite 1)	מכתב אל שטרוק ממשרד המלחמה שמסכים לביקור של שטרוק במחנות שבויי המלחמה במטרה להתרשם מהטיפוסים על מיגוונם העדתי/גזעי, 1915. נבחרו מחנות השבויים דובריץ Doeberitz וקרוסן Crossen. (קטלוג באה דף 1)	Hebrew|German	1915	Typewritten	מכתב|Letter		Communication Document
IL-MTFN-001-G-F-0353-014-R0004	IL-MTFN-001-G-F-0353-014	visit	Approval for Strock's Visit to POW Camps, 1915	Additional approval for Strock to visit the prisoner of war camps, 1915. (Catalog page 2)	Zusätzliche Genehmigung für Strock, die Kriegsgefangenenlager zu besuchen, 1915. (Katalog Seite 2)	אישור נוסף לביקור שטרוק במחנות שבויי המלחמה, 1915. (קטלוג באה דף 2)	Hebrew	1915	Unknown	תעודה|Certificate		Certificate
IL-MTFN-001-G-F-0353-014-R0005	IL-MTFN-001-G-F-0353-014	visit	Permit for Struck to Visit POW Camps	Permit for Struck to visit prisoners of war in the camps Guben, Görlitz, Sagan, Sprottau. (Catalog page 2)	Genehmigung für Struck, Kriegsgefangene in den Lagern Guben, Görlitz, Sagan, Sprottau zu besuchen. (Katalogseite 2)	אישור לשטרוק לבקר שבויי מלחמה במחנות גובן Guben ,גורליץ Görlitz, סגן Sagan, שפרוטאו; Sprottau. (קטלוג באה דף 2)	German|גרמנית		Unknown	תעודה|Certificate		Legal Document
IL-MTFN-001-G-F-0353-014-R0008	IL-MTFN-001-G-F-0353-014	visit	Permit for Struck to visit Zossen POW camp, 1916	Permit for Struck to visit the prisoner of war camp Zossen, year 1916. (Catalog page 2)	Genehmigung für Struck zum Besuch des Kriegsgefangenenlagers Zossen, Jahr 1916. (Katalog Seite 2)	אישור לשטרוק לביקור במחנה שבויי המלחמה צוסן Zossen, שנת 1916. (קטלוג באה דף 2)	German	1916	Unknown	תעודה|Certificate		Certificate
IL-MTFN-001-G-F-0353-014-R0014	IL-MTFN-001-G-F-0353-014	hometown	Advertisement of Jakob Ludwig Schwalbach's Graphic Cabinet	Advertisement of the graphic cabinet of Jakob Ludwig Schwalbach. The cabinet removes the exhibition of the Anglo-Belgian artist Frank Brangwyn, whose paintings defamed the German nation. Instead, the exhibition of the artist Hermann Struck, who is on the battlefield for the homeland, will be shown. No date. (Catalog page 4)	Anzeige des grafischen Kabinetts von Jakob Ludwig Schwalbach. Das Kabinett entfernt die Ausstellung des anglo-belgischen Künstlers Frank Brangwyn, dessen Gemälde die deutsche Nation verunglimpften. Stattdessen wird die Ausstellung des Künstlers Hermann Struck gezeigt, der an der Front für das Vaterland kämpft. Ohne Datum. (Katalog Seite 4)	מודעה של הקבינט הגרפי של יעקב לודויג שבלבך Jakob Ludwig Schwalbach. הקבינט מסיר את תערוכתו של האמן האנגלו;בלגי פרנק ברנגווין Frank Brangwyn אשר בציוריו הכפיש את האומה הגרמנית. במקומו תוצג תערוכת האמן הרמן שטרוק שנמצא בשדה הקרב למען המולדת. ללא תאריך. (קטלוג באה דף 4)	German|גרמנית		Print	קטלוג|Catalog	Jakob Ludwig Schwalbach	Ephemera
IL-MTFN-001-G-F-0353-017-R0001	IL-MTFN-001-G-F-0353-017	visit	Postcard from Schtrock to his Mother	A postcard that Schtrock sent to his mother from Hamburg on his way to the USA. The lecture was successful, a lot of money was collected for the JNF. He bought canned goods for his trip to the USA, 1913 (on page 1).	Eine Postkarte, die Schtrock an seine Mutter aus Hamburg auf dem Weg in die USA geschickt hat. Der Vortrag war erfolgreich, viel Geld wurde für den JNF gesammelt. Er kaufte Konservendosen für seine Reise in die USA, 1913 (auf Seite 1).	"גלויה ששטרוק שלח אל אמו מהמבורג בדרכו לארה""ב. ההרצאה היתה מוצלחת, נאסף הרבה כסף לקק""ל. קנה קופסאות שימורים לקראת נסיעתו לארה""ב, 1913 (באה דף 1)."	Hebrew	1913	Unknown	גלויה|Postcard		Communication Document
IL-MTFN-001-G-F-0353-018-R0009	IL-MTFN-001-G-F-0353-018	visit	Letter from Josef Duveen to Strock regarding an engraving	To Strock from Josef Duveen regarding a wonderful engraving that Strock made with the title; Portrait of a lady. He regrets not meeting Strock before his departure, 1928. English. (Catalog page 1)	An Strock von Josef Duveen in Bezug auf einen wunderbaren Stich, den Strock mit dem Titel gemacht hat; Portrait of a lady. Er bedauert, dass er Strock vor seiner Abreise nicht treffen wird, 1928. Englisch. (Katalog Seite 1)	אל שטרוק מאת יוסף דובין Josef Duveen בקשר עם תחריט נהדר, ששטרוק עשה עם הכותרת; Portrait of a lady. הוא מצטער שלא יפגוש את שטרוק לפני נסיעתו, 1928. אנגלית. (קטלוג באה דף 1)	English	1928	Typewritten	מכתב|Letter	Josef Duveen	Communication Document
IL-MTFN-001-G-F-0353-019-R0006	IL-MTFN-001-G-F-0353-019	visit	Critical Article by Karla Wolf on Hermann Struck	Critical article in Hungarian and translation into German, attached is a summary in Hebrew, written by Karla Wolf. Among other things ... the author of the article is tired of the praise enjoyed by Hermann Struck and also speaks out against the frequent mention of the artist's Jewishness, adding that there are enough Hungarian artists who should be supported, 1914 (an anti-Semitic tone can be felt from the article). (Catalog BAA page 4)	Kritischer Artikel auf Ungarisch und Übersetzung ins Deutsche, beigefügt ist eine Zusammenfassung auf Hebräisch, geschrieben von Karla Wolf. Unter anderem ... der Autor des Artikels ist des Lobes überdrüssig, das Hermann Struck genießt, und spricht sich auch gegen die häufige Erwähnung der jüdischen Herkunft des Künstlers aus und fügt hinzu, dass es genügend ungarische Künstler gibt, die unterstützt werden sollten, 1914 (man kann einen antisemitischen Ton aus dem Artikel herausfühlen). (Katalog BAA Seite 4)	"מאמר ביקורת בהונגרית ותרגום לגרמנית, מצורף סיכום בעברית, נכתב ע""י קרלה וולף. בין היתר ...לכותב המאמר נמאס מההלל ממנו נהנה הרמן שטרוק וכמו כן יוצא נגד היזכור הרב ליהדותו של האמן ומוסיף, שיש מספיק אמנים הונגרים שצריך לתמוך בהם, 1914 (ניתן להרגיש נימה אנטישמית מתוך המאמר). (קטלוג באה דף 4)"	Hebrew|German|Hungarian	1914	Unknown	מאמר|Article|מסמך מתורגם|Translated Document	Karla Wolf	Creative Nonfiction
IL-MTFN-001-G-F-0353-019-R0007	IL-MTFN-001-G-F-0353-019	visit	Translation of a Critical Article on Struck Exhibition, 1914	Translation from Hungarian to German for a critical article on the Struck exhibition in Hungary with reference to the Jewish theme, 1914. (Catalog page 4)	Übersetzung aus dem Ungarischen ins Deutsche für einen kritischen Artikel über die Struck-Ausstellung in Ungarn mit Bezug auf das jüdische Thema, 1914. (Katalog Seite 4)	תרגום מהונגרית לגרמנית למאמר ביקורת על תערוכת שטרוק בהונגריה עם התייחסות לנושא היהודי, 1914. (קטלוג באה דף 4)	German|Hungarian	1914	Unknown	מסמך מתורגם|Translated Document		Creative Nonfiction
IL-MTFN-001-G-F-0353-019-R0008	IL-MTFN-001-G-F-0353-019	visit	Translation of a Critical Article on Struck Exhibition	Translation from Hungarian to German for a critical article on the Struck exhibition in Hungary. Among other things, Struck, the Jewish artist, the second Jew after Lilien, praises the beauty of ex-libris art in Struck, 1914. (Catalog page 4)	Übersetzung aus dem Ungarischen ins Deutsche für einen Kritischen Artikel über die Struck-Ausstellung in Ungarn. Unter anderem lobt Struck, der jüdische Künstler, als zweiter Jude nach Lilien, die Schönheit der Exlibris-Kunst bei Struck, 1914. (Katalog Seite 4)	תרגום מהונגרית לגרמנית למאמר ביקורת לתערוכת שטרוק בהונגריה. בין היתר שטרוק האמן היהודי, יהודי שני אחרי ליליין, מהלל את יופי אמנות האקסליבריס אצל שטרוק, 1914. (קטלוג באה דף 4)	German|גרמנית	1914	Print	מאמר|Article	Struck	Creative Nonfiction
IL-MTFN-001-G-F-0353-019-R0009	IL-MTFN-001-G-F-0353-019	visit	Translation of Review Article for Struck Exhibition	Translation from Hungarian to German for a review article for the Struck exhibition in Hungary. Among other things, Struck's engraving art is very good, in Hungary this art is rare, the Jewish themes in Struck's work prove he is a sensitive artist, 1914. (Catalog page 4)	Übersetzung aus dem Ungarischen ins Deutsche für einen Rezensionartikel zur Struck-Ausstellung in Ungarn. Unter anderem ist die Radierkunst von Struck sehr gut, in Ungarn ist diese Kunst selten, die jüdischen Themen bei Struck beweisen, dass er ein sensibler Künstler ist, 1914. (Katalog Seite 4)	תרגום מהונגרית לגרמנית למאמר ביקורת לתערוכת שטרוק בהונגריה. בין היתר, אמנות התחריט של שטרוק היא טובה מאד, בהונגריה אמנות זאת נדירה, הנושאים היהודים אצל שטרוק מוכיחים שהוא אמן רגיש, 1914. (קטלוג באה דף 4)	German|גרמנית	1914	Typewritten	מאמר|Article		Creative Nonfiction
IL-MTFN-001-G-F-0353-019-R0010	IL-MTFN-001-G-F-0353-019	visit	Review Article for Struck Exhibition	Review article for the Struck exhibition in Hungarian and handwritten translation into German. Among other things, positive review, 1914. (Catalog page 4)	Kritikartikel zur Struck-Ausstellung auf Ungarisch und handschriftliche Übersetzung ins Deutsche. Unter anderem positive Kritik, 1914. (Katalog Seite 4)	מאמר ביקורת לתערוכת שטרוק בהונגרית ותרגום לגרמנית בכתב יד. בין היתר, ביקורת חיובית, 1914. (קטלוג באה דף 4)	German|Other	1914	Handwritten	מאמר|Article|מסמך מתורגם|Translated Document		Creative Nonfiction
IL-MTFN-001-G-F-0353-019-R0011	IL-MTFN-001-G-F-0353-019	visit	Translation of Critique Article for Struck Exhibition, 1914	Translation from Hungarian to German for a critical article on the Struck exhibition in Hungary, 1914. Among other things, the exhibition was received positively by Jews and non-Jews, Struck sold 70 works, including to government institutions. (Catalog page 5)	Übersetzung aus dem Ungarischen ins Deutsche für einen Kritischen Artikel über die Struck-Ausstellung in Ungarn, 1914. Unter anderem wurde die Ausstellung von Juden und Nichtjuden positiv aufgenommen, Struck verkaufte 70 Werke, darunter auch an staatliche Institutionen. (Katalog Seite 5)	"תרגום מהונגרית לגרמנית למאמר ביקורת לתערוכת שטרוק בהונגריה, 1914.בין היתר, התערוכה התקבלה באהדה ע""י יהודים ולא יהודים, שטרוק מכר 70 עבודות בין הקונים גם מוסדות ממשלתיים. (קטלוג באה דף 5)"	German|גרמנית	1914	Unknown	מאמר|Article	Struck	Creative Nonfiction
IL-MTFN-001-G-F-0353-021-R0005	IL-MTFN-001-G-F-0353-021	visit	Pictures of Historical Figures	Pictures of individuals, some unidentified: Dr. Chaim Weizmann, Dr. Gustav Landau, Theodor Herzl with his three children, Abba Hushi group photo, Bedradin al-Hassani, Yitzhak Ben-Zvi group photo, visit to the Ahava institution in Kiryat Bialik group photo 1937, Sir Arthur Wauchope group photo, Struck with (probably) Gershom Schocken.	Bilder von Persönlichkeiten, einige nicht identifiziert: Dr. Chaim Weizmann, Dr. Gustav Landau, Theodor Herzl mit seinen drei Kindern, Abba Hushi Gruppenfoto, Bedradin al-Hassani, Yitzhak Ben-Zvi Gruppenfoto, Besuch im Ahava-Institut in Kiryat Bialik Gruppenfoto 1937, Sir Arthur Wauchope Gruppenfoto, Struck mit (wahrscheinlich) Gershom Schocken.	תמונות אישים, חלקם לא מזוהים: דר' חיים ויצמן, דר' גוסטב לנדאו, תאודור הרצל עם שלשת ילדיו, אבא חושי תמונה קבוצתית, בדראדין אל חסאני, יצחק בן צבי תמונה קבוצתית, ביקור במוסד אהבה בקרית ביאליק תמונה קבוצתית 1937, סר ארתור ואוצ'ופ Wauchope תמונה קבוצתית, שטרוק עם (ככל הנראה) גרשם שוקן.	Unspecified	1937	Visual Element	תצלום|Photograph		Image
IL-MTFN-001-G-F-0353-023-R0003	IL-MTFN-001-G-F-0353-023	visit	9 Letters from Struck to Meli	9 letters from Struck to Meli, from 1921; 1926; 1931, Struck on travels.	9 Briefe von Struck an Meli, aus 1921; 1926; 1931, Struck auf Reisen.	9 מכתבים שטרוק אל מלי, מ-1921; 1926; 1931, שטרוק בנסיעות.	Hebrew	1921	Handwritten	מכתב|Letter		Communication Document
IL-MTFN-001-G-F-0353-023-R0005	IL-MTFN-001-G-F-0353-023	visit	Travel Report from 1926	On 14.2.1926 he sails from Brindisi to Venice, from there to Berlin and will likely return to the country from Berlin. Reports on the stay on the ship.	Am 14.2.1926 fährt er von Brindisi nach Venedig, von dort nach Berlin und wird wahrscheinlich von Berlin aus zurück ins Land kommen. Berichtet über den Aufenthalt auf dem Schiff.	14.2.1926 הוא מפליג מברנדיזי לונציה משם לברלין ומברלין יחזור ככל הנראה לארץ. מדווח על השהות על האניה.	Unspecified	1926-02-14	Unknown	מכתב|Letter		Communication Document
IL-MTFN-001-G-F-0353-023-R0006	IL-MTFN-001-G-F-0353-023	visit	Request to Frame Picture of Jerusalem	Sorry for not taking her on the trip. Please frame the large picture of Jerusalem.	Es tut mir leid, dass ich sie nicht auf die Reise mitgenommen habe. Bitte rahmen Sie das große Bild von Jerusalem ein.	17.8.1926 מצטער שלא לקח אותה לנסיעה. מבקש שהתמונה הגדולה של ירושלים תמוסגר.	Hebrew	1926-08-17	Unknown	Letter		Communication Document
IL-MTFN-001-G-F-0353-023-R0013	IL-MTFN-001-G-F-0353-023	visit	Letters/Postcards to Meli from Bad Homburg, 1932	"17 letters/postcards to Meli. Schtrock on a recovery trip in Bad Homburg. He was apparently very ill and needed prolonged recovery, gained weight under medical supervision. Complains that she does not write enough and ""threatens"" her that if she does not write, he will return home, 1932."	"17 Briefe/Postkarten an Meli. Schtrock auf einer Erholungsreise in Bad Homburg. Er war anscheinend sehr krank und benötigte eine längere Erholung, nahm unter ärztlicher Aufsicht zu. Beschwert sich, dass sie nicht genug schreibt und ""droht"" ihr, dass er nach Hause zurückkehren wird, wenn sie nicht schreibt, 1932."	"17 מכתבים/גלויות אל מלי. שטרוק בנסיעת הבראה בבד הומבורג Bad Homburg. היה ככל הנראה מאד חולה והזדקק להבראה ממושכת, העלה משקל תחת השגחה רפואית. מתלונן שאינה כותבת מספיק ו""מאיים"" עליה שאם לא תכתוב הוא יחזור הביתה, 1932."	Hebrew	1932	Unknown	מכתב|Letter|גלויה|Postcard	מלי	Communication Document
IL-MTFN-001-G-F-0353-023-R0015	IL-MTFN-001-G-F-0353-023	visit	Letters to Meli from Marienbad	3 letters to Meli. Schtruk on a recuperation trip to Marienbad. Meets acquaintances who also live in Palestine. Complains that Meli does not write enough, 1935.	3 Briefe an Meli. Schtruk auf einer Erholungsreise nach Marienbad. Trifft Bekannte, die ebenfalls in Palästina leben. Beschwert sich, dass Meli nicht genug schreibt, 1935.	3 מכתבים אל מלי. שטרוק בנסיעת הבראה למריאנבד Marienbad. פוגש מכרים שגם הם גרים בפלשתינה. מתלונן שמלי לא כותבת מספיק, 1935.	Hebrew	1935	Unknown	מכתב|Letter		Communication Document
IL-MTFN-001-G-F-0353-023-R0016	IL-MTFN-001-G-F-0353-023	visit	6 Letters to Meli from Schtruk	6 letters to Meli. Schtruk on recuperation trips in Paris and Alexandria. Consults with doctors, suffers from kidney inflammation and high blood pressure, the doctors said it's not serious, 1939.	6 Briefe an Meli. Schtruk auf Erholungsreisen in Paris und Alexandria. Konsultiert Ärzte, leidet an Nierenentzündung und Bluthochdruck, die Ärzte sagten, dass es nicht ernst ist, 1939.	6 מכתבים אל מלי. שטרוק בנסיעות הבראה בפריס ואלכסנדריה. מתייעץ עם רופאים, סובל מדלקת כליות ולחץ דם, הרופאים אמרו, שזה לא רציני, 1939.	Hebrew	1939	Unknown	מכתב|Letter		Communication Document
IL-MTFN-001-G-F-0353-032-R0006	IL-MTFN-001-G-F-0353-032	diary,visit	Photograph of Struck's Diary Entry	Photograph of the copy/rewriting, written by Rivka Weiss; Black from Struck's diary, the trip to Holland and the meeting with Israels.	Fotografie der Kopie/Umschrift, geschrieben von Rivka Weiss; Black aus dem Tagebuch von Struck, die Reise in die Niederlande und das Treffen mit Israels.	צילום ההעתקה/שכתוב, שכתבה רבקה וייס;בלק מתוך היומן של שטרוק, הנסיעה להולנד והפגישה עם ישראלס.	Hebrew|עברית		Unknown	צילום|Photograph	Rivka Weiss	EgoDocument
IL-MTFN-001-G-F-0353-034-R0003	IL-MTFN-001-G-F-0353-034	papers	Kupferstich Verein Membership Card of F. Richter, 1864	Membership card in the Kupferstich Verein in Berlin, Berlin, of the merchant F. Richter from 1864. The card is adorned with illustrations by A. Becker. (It is not known why this document is in the estate of Hermann Struck)	Mitgliedskarte der Kupferstich Verein in Berlin, Berlin, des Händlers F. Richter aus dem Jahr 1864. Die Karte ist mit Illustrationen von A. Becker verziert. (Es ist nicht bekannt, warum dieses Dokument im Nachlass von Hermann Struck enthalten ist)	כרטיס חבר באירגון חרטי הנחושת Kupferstich Verein in Berlin, ברלין, של הסוחר פ. ריכטר; F. Richter משנת 1864. הכרטיס מפואר באיורים מאת אץ בקר A. Becker. (לא ידוע מדוע מסמך זה מצוי בעיזבון הרמן שטרוק)	German	1864	Unknown	תעודת חבר|Membership Certificate	F. Richter	Certificate
IL-MTFN-001-G-F-0353-037-R0001	IL-MTFN-001-G-F-0353-037	correspondence	Correspondence between Haifa Committee and Zionist Leadership, 1936	Documents and correspondence between the Haifa Committee and the Zionist leadership, Jerusalem, 1936, Hebrew.	Dokumente und Korrespondenz zwischen dem Haifa-Komitee und der zionistischen Führung, Jerusalem, 1936, Hebräisch.	מסמכים והתכתבות בין הועדה החיפאית וההנהלה הציונית, ירושלים, 1936, עברית.	Hebrew	1936	Unknown	מכתב|Letter		Organization Papertrail
IL-MTFN-001-G-F-0353-049-R0001	IL-MTFN-001-G-F-0353-049	papers	List of Estate Documents on Music by Dr. Ignaz Emerich	List, 2 pages, of estate documents on music topics, sent by Dr. Ignaz Emerich, Haifa, to Firma I. A. Stargardt, auction house in Marburg, Germany. German, typewritten, 1969.	Liste, 2 Seiten, von Nachlassdokumenten zu Musikthemen, gesendet von Dr. Ignaz Emerich, Haifa, an Firma I. A. Stargardt, Auktionshaus in Marburg, Deutschland. Deutsch, Maschinenschrift, 1969.	"רשימה, 2 עמודים, של מסמכי עזבון בנושאי מוסיקה, ששולח ד""ר איגנץ אמריך Ignaz Emerich, חיפה, אל י. א. סטרגרד Firma I. A. Stargardt חברה למכירות פומביות במרבורג ,Marburg גרמניה. גרמנית, הדפסה, 1969."	German	1969	Typewritten	רשימה|List	Ignaz Emerich	EgoDocument
IL-MTFN-001-G-F-0353-049-R0007	IL-MTFN-001-G-F-0353-049	diary	Lists of Books and Journals	16 pages with lists of books, journals from Palestine, journals in Dutch, diaries, and catalogs.; German, English, Dutch. No date.	16 Seiten mit Listen von Büchern, Zeitschriften aus Palästina, Zeitschriften auf Niederländisch, Tagebüchern und Katalogen.; Deutsch, Englisch, Niederländisch. Kein Datum.	16 עמודים עם רשימות של ספרים, כתבי עת מפלשתינה, כתבי עת בהולנדית יומנים וקטלוגים.; גרמנית, אנגלית, הולנדית. אין תאריך.	German|English|Other		Unknown	רשימה|List		Organization Papertrail
IL-MTFN-001-G-F-0353-049-R0009	IL-MTFN-001-G-F-0353-049	correspondence	Correspondence between Meli Struck and Kalman Schlesinger	Correspondence between Meli Struck and Kalman Schlesinger regarding the transfer of book lists and books from Meli to him in Tel Aviv. German, typewritten, June & July 1944.	Korrespondenz zwischen Meli Struck und Kalman Schlesinger bezüglich der Übertragung von Bücherlisten und Büchern von Meli an ihn nach Tel Aviv. Deutsch, Maschinenschrift, Juni & Juli 1944.	התכתבות בין מלי שטרוק וקלמן שלזינגר Kalman Schlesinger בקשר עם העברתם של רשימות ספרים וספרים ממלי אליו לתל אביב. גרמנית, הדפסה, יוני & יולי 1944.	German	1944-06	Typewritten	מכתב|Letter		Communication Document
IL-MTFN-001-G-F-0354-001-R0001	IL-MTFN-001-G-F-0354-001	correspondence,diary,memoir	School Certificates and Correspondence of Ohe Blum	School certificates of Ohe Blum - Legend for Yom Kippur and the 9th of Av - Childhood correspondence with friends. The letters are illustrated - a play she wrote for her mother's birthday celebration; Poems and recitations - Memory diary of Lola from the 1930s and 40s of the 20th century.	Schulzeugnisse von Ohe Blum - Legende für Jom Kippur und den 9. Aw - Korrespondenz in der Kindheit mit Freundinnen. Die Briefe sind illustriert - ein Stück, das sie für die Geburtstagsfeier ihrer Mutter schrieb; Gedichte und Deklamationen - Erinnerungsbuch von Lola aus den 30er und 40er Jahren des 20. Jahrhunderts.	"תעודות בי""ס של אוה בלומ- אגדה ליום כיפור ו;9 באב- התכתבות בילדות עם חברות. המכתבים מאוירימ- מחזה שכתבה להצגה לרגל יום ההולדת של אמה; שירים ודיקלומימ- יומן זכרונות של לולה משנות ה-30 וה;40 למאה ה;20;"	Hebrew		Unknown	תעודת לימודים|Academic Certificate|מכתב|Letter|יומן|Diary		EgoDocument
IL-MTFN-001-G-F-0355-001-R0003	IL-MTFN-001-G-F-0355-001	papers	Envelope with Pictures	"Envelope with pictures on which Raia Miron (the estate administrator) wrote ""Unknown, Heilbronn, Una, Carlsberg""."	"Umschlag mit Bildern, darauf schrieb Raia Miron (die Nachlassverwalterin) ""Unbekannt, Heilbronn, Una, Karlsberg""."	"מעטפה עם תמונות עליה כתבה רעיה מירון (מפקידת העזבון) ""לא ידוע, היילברון, אונא, קרלסברג""."	Unspecified		Unknown	מעטפה|Envelope		Ephemera
IL-MTFN-001-G-F-0355-002-R0002	IL-MTFN-001-G-F-0355-002	memoir	Memorial Book for Julius Heilbronn	Memorial book for Julius Heilbronn, killed in 1914.	Gedenkbuch für Julius Heilbronn, gefallen 1914.	ספר זכרון ליוליוס היילברון, נהרג ב-1914.	Hebrew	1914	Print	ספר זכרונות|Memory Book	Julius Heilbronn	Memory Book
IL-MTFN-001-G-F-0355-003-R0008	IL-MTFN-001-G-F-0355-003	visit	Translation Copy of Ata Miron's 1936 Letter	Copy of a translation of a letter (14 pages) that Ata Miron wrote in 1936, during his first visit to the Land of Israel, before his final immigration. In the letter, he refers to the various forms of settlement, problems, ways of improvement, tensions between old and new immigrants, and more.	Kopie einer Übersetzung eines Briefes (14 Seiten), den Ata Miron 1936 während seines ersten Besuchs in Eretz Israel vor seiner endgültigen Einwanderung schrieb. In dem Brief bezieht er sich auf die verschiedenen Formen der Besiedlung, Probleme, Verbesserungsmöglichkeiten, Spannungen zwischen alten und neuen Einwanderern und mehr.	העתק תרגום של מכתב (14 דפים) שאטה מירון כתב ב-1936, בעת ביקורו הראשון בארץ ישראל, טרם עלייתו הסופית. במכתב הוא מתייחס להתיישבות על צורותיה השונות, הבעיות, דרכים לשיפור, מתחים בין העולים הותיקים לעולים החדשים ועוד.	Hebrew	1936	Unknown	מכתב|Letter|מסמך מתורגם|Translated Document	Ata Miron	Communication Document
IL-MTFN-001-G-F-0358-001-R0016	IL-MTFN-001-G-F-0358-001	visit	Travel and Train Pass	Travel and train pass (in very bad condition).	Reise- und Zugpass (in sehr schlechtem Zustand).	תעודת מעבר ונסיעה ברכבות (במצב מאד לא טוב).	Unspecified		Unknown	תעודה|Certificate		Certificate
IL-MTFN-001-G-F-0361-001-R0017	IL-MTFN-001-G-F-0361-001	memoir	Memorial Words for Dr. Hubert Polak	Copy, page with memorial words for Dr. Hubert Polak, printed in German, 1967. From the memorial words, it is learned that he was a Zionist activist.	Kopie, Seite mit Erinnerungen an Dr. Hubert Polak, gedruckt auf Deutsch, 1967. Aus den Erinnerungen lernt man, dass er ein zionistischer Aktivist war.	העתק, דף עם דברים לזכרו של דר' הוברט פולק, גרמנית מודפסת, 1967. מתוך הדברים לזכרו למדים שהיה פעיל ציוני.	German	1967	Print	מכתב|Letter	דר' הוברט פולק	EgoDocument
IL-MTFN-001-G-F-0362-002-R0007	IL-MTFN-001-G-F-0362-002	diary	Annelise's Baby Diary by Lisbet Neumann	Baby diary Annelise written by the mother Lisbet Neumann née Caro.	Babytagebuch Annelise, geschrieben von der Mutter Lisbet Neumann geb. Caro.	יומן התינוקת אנליזה Annelise שכתבה האם ליסבט נוימן לבית קארו Lisbet Neumann geb. Caro.	Hebrew|German		Unknown	יומן|Diary	Lisbet Neumann	EgoDocument
IL-MTFN-001-G-F-0362-002-R0008	IL-MTFN-001-G-F-0362-002	diary	Walter's Baby Diary by Lisbeth Neumann	The baby diary of Walter, written by the mother Lisbeth Neumann, née Caro.	Das Baby-Tagebuch von Walter, geschrieben von der Mutter Lisbeth Neumann, geborene Caro.	יומן התינוק ולטר Walter שכתבה האם ליסבט נוימן לבית קארו.	Hebrew		Handwritten	יומן|Diary	Walter	EgoDocument
IL-MTFN-001-G-F-0362-005-R0001	IL-MTFN-001-G-F-0362-005	diary	Lisbeth Caro's Life Journal	A luxurious book/notebook in which Lisbeth Caro (later Neumann) wrote a life journal in 1893. Written in beautiful German handwriting, a total of 29 pages written (dozens of pages remained blank). The information that the writing is by Lisbeth Neumann née Caro was provided by the donor, Miriam Sela. When comparing Lisbeth's handwriting from her diary to that found in the album, see G.F.0362 / 6, it is hard to believe it is the same hand that wrote, despite the 19-year difference between writing the diary in 1893 and writing the texts in the album in 1912. No other identification/comparison possibilities were found.	Ein luxuriöses Buch/Notizbuch, in dem Lisbeth Caro (später Neumann) 1893 ein Lebensjournal schrieb. In schöner Handschrift auf Deutsch geschrieben, insgesamt 29 Seiten geschrieben (Dutzende Seiten blieben leer). Die Information, dass der Text von Lisbeth Neumann geb. Caro stammt, wurde von der Spenderin Miriam Sela übermittelt. Wenn man Lisbeths Schrift aus ihrem Tagebuch mit der im Album vergleicht, siehe G.F.0362 / 6, ist es schwer zu glauben, dass es dieselbe Hand ist, die geschrieben hat, trotz des Unterschieds von 19 Jahren zwischen dem Schreiben des Tagebuchs 1893 und dem Schreiben der Texte im Album 1912. Es wurden keine anderen Identifikations-/Vergleichsmöglichkeiten gefunden.	"ספר/מחברת מפואר/ת בו כתבה ליסבט קארו (לימים נוימן) בשנת 1893 יומן חיים. כתוב בגרמנית בכתב יד יפה, סה""כ כתבה 29 עמודים (עשרות דפים נותרו ריקים). המידע שהכתיבה היא של ליסבט נוימן לבית קארו נמסר ע""י התורמת, מרים סלע. אם משווים את הכתב של ליסבט מיומנה לבין זה שמצוי באלבום, ראה G.F.0362 / 6 ,קשה להאמין שזאת אותה היד שכתבה וזאת למרות ההפרש של 19 שנה בין כתיבת היומן ב-1893 לכתיבת הטקסטים באלבום ב-1912. לא נמצאו אפשרויות זיהוי/השואה אחרים."	German	1893	Handwritten	יומן|Diary	Lisbeth Neumann	EgoDocument
IL-MTFN-001-G-F-0362-005-R0002	IL-MTFN-001-G-F-0362-005	diary	Family Notebook of the Neumann Family	A very thick notebook into which poems, recitations, stories, radio plays, and humor were written and copied, written by members of the Neumann family for events such as birthdays, anniversaries, and more. The handwriting in the notebook changes according to the person who wrote in the notebook. Sometimes it is possible to identify for which event and by whom the writing was done. Usually, a date is noted. This family notebook was written from 1903 to 1948, meaning the writing probably started in Breslau and ended in Nahariya.	Ein sehr dickes Notizbuch, in das Gedichte, Rezitationen, Geschichten, Hörspiele und Humor geschrieben und kopiert wurden, die von Mitgliedern der Familie Neumann für Anlässe wie Geburtstage, Hochzeitstage und mehr geschrieben wurden. Die Schrift im Notizbuch ändert sich je nach Person, die im Notizbuch geschrieben hat. Manchmal kann man erkennen, für welchen Anlass und von wem die Schrift gemacht wurde. Meistens ist ein Datum angegeben. In dieses Familiennotizbuch wurde von 1903 bis 1948 geschrieben, das heißt, der Beginn des Schreibens war wahrscheinlich in Breslau, das Ende wahrscheinlich in Nahariya.	"מחברת עבה מאד לתוכה נכתבו והועתקו שירים, דיקלומים, סיפורים, תסכיתים והומור, שנכתבו ע""י בני משפחת נוימן לאירועים כמו: ימי הולדת, ימי נישואין ועוד. הכתב במחברת משתנה בהתאם לאדם שכתב במחברת. לעיתים ניתן לזהות לאיזה אירוע ושל מי נעשתה הכתיבה. לרוב יש ציון תאריך. לתוך מחברת משפחתית זאת נכתב מ-1903 עד 1948 דהיינו, התחלת הכתיבה כנראה בברסלאו, סיומה בארץ ככל הנראה בנהריה."	Hebrew	1903	Handwritten	יומן|Diary	Neumann	EgoDocument
IL-MTFN-001-G-F-0362-006-R0001	IL-MTFN-001-G-F-0362-006	visit	Album documenting Lisbeth and Arthur Neumann's 1912 trip	In about half of the album, art and landscape postcards/places in Europe are pasted, accompanied by long texts in German, Gothic handwriting. The texts and postcards document a trip by Lisbeth and Arthur Neumann, without the children, in 1912. The texts were written by Lisbeth Neumann. The trip was in Germany, Austria, and Italy.	In etwa der Hälfte des Albums sind Kunst- und Landschaftspostkarten/Orte in Europa eingeklebt, die von langen Texten in deutscher Sprache, gotische Handschrift, begleitet werden. Die Texte und Postkarten dokumentieren eine Reise von Lisbeth und Arthur Neumann, ohne die Kinder, im Jahr 1912. Die Texte wurden von Lisbeth Neumann geschrieben. Die Reise fand in Deutschland, Österreich und Italien statt.	"בכחצי מהאלבום מודבקות גלויות אמנות ונוף/מקומות באירופה, שמלווות בטקסטים ארוכים בגרמנית, כתב יד גותי. הטקסטים והגלויות מתעדים נסיעה של ליסבט וארתור נוימן, ללא הילדים, בשנת 1912. כתיבת הטקסטים נעשתה ע""י ליסבט נוימן. הנסיעה היתה בגרמניה, אוסטריה ואיטליה."	German|גרמנית	1912	Handwritten	גלויה|Postcard	Lisbeth Neumann|Arthur Neumann	EgoDocument
IL-MTFN-001-G-F-0363-002-R0003	IL-MTFN-001-G-F-0363-002	diary	Memory Book/Diary of Margaretha Henschel	Memory book/diary on the first page is written Margaretha Henschel in 1901. Writing is found only on the last pages, poems and recitations for family events. The writing was probably done by Margaretha Henschel. From the contents, it can be inferred that Margaretha was the daughter of Emma and Karl Henschel. Also, after her marriage, her last name was Kugelmann. From the contents, it can be inferred that she had (at least) two sons, Emil and Robert. The writing was done in the years 1902;1910, no place specified.	Erinnerungsbuch/Tagebuch auf der ersten Seite steht Margaretha Henschel im Jahr 1901. Schreiben findet sich nur auf den letzten Seiten, Gedichte und Rezitationen für Familienereignisse. Das Schreiben wurde wahrscheinlich von Margaretha Henschel verfasst. Aus den Inhalten lässt sich schließen, dass Margaretha die Tochter von Emma und Karl Henschel war. Außerdem war ihr Nachname nach der Heirat Kugelmann. Aus den Inhalten lässt sich schließen, dass sie (mindestens) zwei Söhne hatte, Emil und Robert. Das Schreiben erfolgte in den Jahren 1902;1910, kein Ort angegeben.	"ספר זיכרונות/יומן על העמוד הראשון רשום מרגרטה הנשל ב-1901. כתיבה מצויה רק בדפים האחרונים, שירים ודיקלומים לאירועים משפחתיים. הכתיבה נעשתה ככל הנראה ע""י מרגרטה הנשל. מתוך התכנים אפשר להסיק, שמרגרטה היתה בתם שח אמה וקרל הנשל. כמו כן, לאחר נישואיה היה שם משפחתה קוגלמן Kugelmann. מהתכנים ניתן להסיק, שהיו לה (לפחות) שני בנים אמיל ורוברט. הכתיבה נעשתה בשנים 1902;1910, לא מצוין מקום."	Hebrew|German	1902	Handwritten	יומן|Diary	Margaretha Henschel	EgoDocument
IL-MTFN-001-G-F-0364-001-R0001	IL-MTFN-001-G-F-0364-001	papers	Peiser Family Estate: Writings by Chava Eliasaf	Estate of the Peiser family:; several sections written by Chava Eliasaf, in printed German, about her grandparents and parents.	Nachlass der Familie Peiser:; mehrere Abschnitte, die Chava Eliasaf auf Deutsch geschrieben hat, über ihre Großeltern und Eltern.	עיזבון של משפחת פייזר Peiser:; מספר קטעים שכתבה חוה אליאסף, בגרמנית מודפסת, על סביה והוריה.	German		Typewritten	Letter		EgoDocument
IL-MTFN-001-G-F-0364-001-R0010	IL-MTFN-001-G-F-0364-001	papers	Palestinian Citizenship Certificate for Eliasov Family	Estate of Yehuda Eliasaf:; Palestinian citizenship certificate from the British Mandate for Dr. Walter and Mathilde Eliasov, issued in 1939. It also lists the two sons Wolfgang and Yehuda. Photos of the parents are attached to the certificate.	Nachlass von Jehuda Eliasaf:; Palästinensisches Staatsbürgerschaftszertifikat aus dem britischen Mandat für Dr. Walter und Mathilde Eliasov, ausgestellt 1939. Auch die beiden Söhne Wolfgang und Jehuda sind darauf verzeichnet. Dem Zertifikat sind Fotos der Eltern beigefügt.	עיזבון של יהודה אליאסף:; תעודת נתינות פלשתינאית מהמנדט הבריטי לדר' ולטר ומתילדה אליאסוב, הוצאה ב-1939. עליה רשומים גם שני הבנים וולפגנג ויהודה. לתעודה מחוברות תמונות ההורים.	Hebrew|עברית	1939	Unknown	תעודה|Certificate		Certificate
IL-MTFN-001-G-F-0371-001-R0005	IL-MTFN-001-G-F-0371-001	diary	Diary of Ernst's First Year	A notebook in which she wrote in German, a diary about her son, Ernst, in his first year. The notebook is accompanied by the typewritten version of the diary in the original language, a total of 20 pages and one page, translated into Hebrew.	Ein Notizbuch, in dem sie auf Deutsch ein Tagebuch über ihren Sohn Ernst im ersten Jahr geschrieben hat. Dem Notizbuch ist der Originaldruck des Tagebuchs beigefügt, insgesamt 20 Seiten und eine Seite, die ins Hebräische übersetzt wurde.	"פנקס בו כתבה בכתב יד, גרמנית, יומן על בנה, ארנסט, בשנתו הראשונה. לפנקס מצורפת ההדפסה של היומן בשפת המקור, סה""כ 20 עמודים ועמוד אחד, שתורגם לעברית."	German|Hebrew		Handwritten	יומן|Diary	Ernst	EgoDocument
IL-MTFN-001-G-F-0371-001-R0010	IL-MTFN-001-G-F-0371-001	hometown	Discharge and Commendation Certificate for Moses Stein	Discharge and commendation certificate from the army for the volunteer soldier Moses Stein from the Polish city of Stargard, West Prussia. Among other things: He behaved exemplary throughout his service, defending his king and the homeland. This certificate serves as proof that he was a good and brave soldier. Jülich, year 1814.	Entlassungs- und Anerkennungsurkunde aus der Armee für den Freiwilligen Soldaten Moses Stein aus der polnischen Stadt Stargard, Westpreußen. Unter anderem: Er verhielt sich während seines gesamten Dienstes vorbildlich, verteidigte seinen König und das Vaterland. Diese Urkunde dient als Beweis, dass er ein guter und mutiger Soldat war. Jülich, Jahr 1814.	תעודת שחרור והערכה מהצבא לחייל המתנדב משה שטיין Moses Stein מהעיר הפולנית זטרגרד Stargard, פרוסיה המערבית. בין היתר: התנהג למופת במשך כל שרותו, מגן על מלכו ועל המולדת. תעודה זאת לראיה שהיה חייל טוב ואמיץ. יוליך Juelich, שנת 1814.	Hebrew|German	1814	Print	תעודה|Certificate	Moses Stein	Certificate
IL-MTFN-001-G-F-0371-001-R0011	IL-MTFN-001-G-F-0371-001	hometown	Proclamation by King Friedrich Wilhelm III, June 1814	A proclamation signed by Friedrich Wilhelm (King Friedrich Wilhelm III), June 1814, with the title: An mein Heer! Translation: To my army! After the victory of the Allies over Napoleon, the king sits in Paris and praises his army with many superlatives, among others: You did not disappoint my faith in you and the expectation of the homeland, you fought from the Oder River to the Seine and no atrocity will mar the victory. All of Europe looks at you with appreciation, you have preserved the honor of the homeland. Paris, 1814.	Ein Plakat, unterzeichnet von Friedrich Wilhelm (König Friedrich Wilhelm III), Juni 1814, mit dem Titel: An mein Heer! Übersetzung: An meine Armee! Nach dem Sieg der Alliierten über Napoleon sitzt der König in Paris und lobt seine Armee in vielen Superlativen, unter anderem: Ihr habt mein Vertrauen in euch und die Erwartung des Vaterlandes nicht enttäuscht, ihr habt vom Fluss Oder bis zur Seine gekämpft und keine Gräueltat wird den Sieg trüben. Ganz Europa schaut mit Anerkennung auf euch, ihr habt die Ehre des Vaterlandes bewahrt. Paris, 1814.	כרוז עליו חתום פרידריך וילהלם (המלך פרידריך וילהלם ה;3), יוני 1814, עם הכותרת: An mein Heer! תרגום: אל הצבא שלי! אחרי ניצחון בעלות הברית על נפוליאון, המלך יושב בפריס ובכרוז משבח את צבאו בסופרלטיבים רבים, בין היתר: לא איכזבתם את אמונתי בכם והציפיה של המולדת, לחמתם מנהר האודר Oder עד לסיין Sein ושום מעשה זוועה לא יעכיר את הניצחון. כל אירופה מסתכלת עליכם בהערכה, שמרתם על כבוד המולדת. פריס, 1814.	German|גרמנית	1814-06	Print	כרוז|Proclamation	Friedrich Wilhelm	Communication Document
IL-MTFN-001-G-F-0371-002-R0004	IL-MTFN-001-G-F-0371-002	diary,memoir	Memories of Helena Stein	Memories of Helena Stein in the original writing, handwriting, German.	Erinnerungen von Helena Stein in der Originalschrift, Handschrift, Deutsch.	זכרונות הלנה שטיין בכתיבה המקורית, כתב יד, גרמנית.	German		Handwritten	יומן|Diary	Helena Stein	EgoDocument
IL-MTFN-001-G-F-0371-003-R0006	IL-MTFN-001-G-F-0371-003	visit	German Passport for Elisabeth Stein	German passport (Third Reich) for Elisabeth Stein, née Bieluschowski. Issued in 1936, Breslau. The passport does not have the name addition 'Sara' nor the letter J to indicate her Jewish identity.	Deutscher Reisepass (Drittes Reich) für Elisabeth Stein, geborene Bieluschowski. Ausgestellt 1936 in Breslau. Der Reisepass enthält nicht den Namenszusatz 'Sara' und auch nicht den Buchstaben J zur Kennzeichnung als Jüdin.	דרכון גרמני (הרייך השלישי) לאליזבת שטיין לבית בילושובסקי. הונפק ב-1936, ברסלאו. בדרכון אין את תוספת השם 'שרה' ולא את האות J לציון היותה יהודיה.	German	1936	Print	תעודה|Certificate	Elisabeth Stein	Legal Document
IL-MTFN-001-G-F-0371-003-R0012	IL-MTFN-001-G-F-0371-003	papers	Property/Estate Division Agreement, Breslau, 1909	Agreement on the division of property/estate, of Benno Bilschowski between Meta Bilschowski and Hans Stein, her son-in-law from his marriage to her daughter Elisabeth. Breslau, 1909.	Vereinbarung über die Aufteilung von Eigentum/Nachlass, von Benno Bilschowski zwischen Meta Bilschowski und Hans Stein, ihrem Schwiegersohn aus der Ehe mit ihrer Tochter Elisabeth. Breslau, 1909.	הסכם חלוקת רכוש/עזבון, של בנו בילשובסקי בין מתה בילשובסקי והנס שטיין, חתנה מנישואיו עם אלזבת בתה. ברסלאו, 1909.	German	1909	Unknown	הסכם|Agreement		Legal Document
IL-MTFN-001-G-F-0371-004-R0003	IL-MTFN-001-G-F-0371-004	visit	Journey Description from Jerusalem to Wadi Qelt	A densely handwritten German page, describing a journey from Jerusalem to Wadi Qelt, Jericho, Jordan, and the Dead Sea. It is not known who wrote it and in which year.	Ein dicht handgeschriebener deutscher Text, der eine Reise von Jerusalem nach Wadi Qelt, Jericho, Jordanien und dem Toten Meer beschreibt. Es ist nicht bekannt, wer es geschrieben hat und in welchem Jahr.	דף כתוב גרמנית צפופה ביד, תיאור נסיעה מירושלים לואדי קלט, יריחו, ירדן וים המלח. לא ידוע מי כתב ובאיזה שנה.	German		Handwritten	רשימות|Personal Notes		EgoDocument
IL-MTFN-001-G-F-0371-004-R0004	IL-MTFN-001-G-F-0371-004	visit	German Instructions Card for Travelers	A card written in German with instructions for German travelers abroad. Unclear from which period, probably early 20th century.	Eine auf Deutsch geschriebene Karte mit Anweisungen für deutsche Reisende ins Ausland. Unklar, aus welcher Zeit, wahrscheinlich Anfang des 20. Jahrhunderts.	"כרטיס כתוב גרמנית עם הוראות לנוסעים הגרמנים לחו""ל. לא ברור מאיזה תקופה, ככל הנראה תחילת המאה ה-20."	German		Unknown	כרטיס|Ticket|Card		Ephemera
IL-MTFN-001-G-F-0372-001-R0001	IL-MTFN-001-G-F-0372-001	visit	Album with Photos from Emek Hospital, 1947	An album with photos from Emek Hospital, which Batta received upon leaving the place in 1947. Photos of buildings, various staff teams, a doctor's visit in the department, during surgery in the operating room.	Ein Album mit Fotos vom Emek-Krankenhaus, das Batta bei ihrem Verlassen des Ortes im Jahr 1947 erhielt. Fotos von Gebäuden, verschiedenen Mitarbeiterteams, Arztbesuch in der Abteilung, während einer Operation im Operationssaal.	"אלבום עם תמונות מביה""ח העמק אותו קבלה באטה בעת עזיבתה את המקום ב-1947. תמונות של בנינים, צוותי העובדים למיניהם, ביקור רופא במחלקה, בעת ניתוח בחדר הניתוח."	Unspecified	1947	Visual Element	תצלום|Photograph		Image
IL-MTFN-001-G-F-0381-001-R0003	IL-MTFN-001-G-F-0381-001	visit	Letter to Max Weiser Criticizing Propaganda Film	"Regarding his work in the Culture/Cinema Department, see the letter from 18.11.1936 written to Max Weiser. In this letter, he criticizes a propaganda film for the Land of Israel. He always ends his letters with the greeting ""Chazak""."	"Über seine Tätigkeit in der Kultur-/Filmabteilung siehe Brief vom 18.11.1936 an Max Weiser. In diesem Brief kritisiert er einen Propagandafilm für das Land Israel. Er beendet seine Briefe immer mit dem Gruß ""Chazak""."	"על עשייתו במחלקת התרבות/קולנע' ראה מכתב מ-18.11.1936 שכתב אל מקס וייזר Max Weiser. במכתב זה הוא מעביר ביקורת על סרט תעמולה למען ארץ ישראל. את מכתביו הוא מסיים תמיד בברכת ""חזק""."	Hebrew|German	1936-11-18	Unknown	מכתב|Letter	Max Weiser	Communication Document
IL-MTFN-001-G-F-0382-009-R0001	IL-MTFN-001-G-F-0382-009	diary	Diaries of Erich Lehmann	Diaries of Erich Lehmann, which mention cultural events in Nahariya and private events of the Lehmann family. The diaries were recorded by volunteer Barbara Gross until 1967.	Tagebücher von Erich Lehmann, die kulturelle Ereignisse in Nahariya und private Ereignisse der Familie Lehmann erwähnen. Die Tagebücher wurden von der Freiwilligen Barbara Gross bis 1967 erfasst.	יומנים של אריך להמן, בהם יש ציון של אירועי תרבות בנהריה ואירועים פרטים של משפחת להמן, היומנים נקלטו על ידי מתנדבת Barbara Gross עד לשנת 1967	Hebrew		Unknown	יומן|Diary	Erich Lehmann	EgoDocument
IL-MTFN-001-G-F-0382-010-R0001	IL-MTFN-001-G-F-0382-010	diary	Diaries of Erich Lehmann	Diaries of Erich Lehmann, which note cultural events in Nahariya and private events of the Lehmann family. The diaries were recorded by volunteer Barbara Gross until 1967.	Tagebücher von Erich Lehmann, die kulturelle Ereignisse in Nahariya und private Ereignisse der Familie Lehmann vermerken. Die Tagebücher wurden bis 1967 von der Freiwilligen Barbara Gross aufgezeichnet.	יומנים של אריך להמן, בהם יש ציון של אירועי תרבות בנהריה ואירועים פרטים של משפחת להמן, היומנים הקלטו על ידי מתנדבת Barbara Gross עד לשנת 1967.	Hebrew|German		Unknown	יומן|Diary	Erich Lehmann	EgoDocument
IL-MTFN-001-G-F-0385-001-R0001	IL-MTFN-001-G-F-0385-001	memoir	Zichronot by Amira Gatzov	"Amira Gatzov, née Zizel, born 1929, member of Matzuba, wrote her memoirs. Hebrew, 2009. Book title: ""Memories""."	"Amira Gatzov, geborene Zizel, geboren 1929, Mitglied von Matzuba, schrieb ihre Erinnerungen. Hebräisch, 2009. Buchtitel: ""Erinnerungen""."	"עמירה גצוב לבית זיזל ילדת 1929, חברת מצובה, כתבה את זכרונותיה. עברית, 2009. שם הספר: ""זכרונות""."	Hebrew	2009	Unknown	Book	Amira Gatzov	EgoDocument
IL-MTFN-001-G-F-0388-001-R0001	IL-MTFN-001-G-F-0388-001	papers	Hat of Gerhard Gershon Berish	Judith Teller brought the hat to the museum and said that she found it in the estate of her mother, Bracha Mor née Berish, born in 1904. A relative informed her that the hat belonged to her uncle, Gerhard Gershon Berish, born in 1898, her mother's brother. She also learned for the first time that the uncle who fought in WWI did not return from the battle. The hat was brought to his mother, Rosa Berish, a year after his disappearance. It is unknown what happened to the uncle or where he is buried.	Judith Teller brachte den Hut ins Museum und erzählte, dass sie ihn im Nachlass ihrer Mutter, Bracha Mor geb. Berish, geboren 1904, gefunden hatte. Ein Verwandter informierte sie, dass der Hut ihrem Onkel, Gerhard Gershon Berish, geboren 1898, dem Bruder ihrer Mutter, gehörte. Außerdem erfuhr sie zum ersten Mal, dass der Onkel, der im Ersten Weltkrieg kämpfte, nicht aus der Schlacht zurückkehrte. Der Hut wurde seiner Mutter, Rosa Berish, ein Jahr nach seinem Verschwinden gebracht. Man weiß nicht, was mit dem Onkel passiert ist und wo er begraben ist.	"יהודית טלר הביאה את הכובע למוזיאון וספרה, שמצאה אותו בעיזבון אמה, ברכה מור לבית בריש ילידת 1904. מקרובת משפחה נודע לה שהכובע היה שייך לדוד, גרהרד גרשון בריש יליד 1898, אח אמה. כמו כן נודע לה לראשונה שהדוד שלחם במלחמ""ע I לא חזר מהקרב. הכובע הובא לאימו, רוזה בריש, שנה לאחר היעדרו. אין יודעים מה קרה לדוד ולא היכן הוא קבור."	Unspecified		Unknown	חפץ|Object	Gerhard Gershon Berish	Ephemera
IL-MTFN-001-G-F-0388-001-R0002	IL-MTFN-001-G-F-0388-001	papers	Letters from the Ausubel Family Estate	Dr. Dan Elder found in the estate of his father, Baruch ben Kalman Ausubel, letters in German from the years 1933 and 1940. The letters are from intra-family correspondence between family members who emigrated to Palestine and those who remained in Germany. In those days, the family lived in Stuttgart. Based on these letters, he wrote the book.	Dr. Dan Elder fand im Nachlass seines Vaters, Baruch ben Kalman Ausubel, Briefe auf Deutsch aus den Jahren 1933 und 1940. Die Briefe stammen aus der innerfamiliären Korrespondenz zwischen den Familienmitgliedern, die nach Palästina ausgewandert sind, und denen, die in Deutschland geblieben sind. In jenen Tagen lebte die Familie in Stuttgart. Basierend auf diesen Briefen schrieb er das Buch.	דר' דן אלדר מצא בעיזבון אביו, ברוך בן קלמן אוסאיבל Ausubel, מכתבים בגרמנית מהשנים 1940;1933. המכתבים מהתכתבות תוך משפחתית בין בני המשפחה שהגרו לפלשתינה לבין אלה שנשארו בגרמניה. באותם ימים חיה המשפחה בשטוטגרט Stuttgart. על סמך המכתבים האלה כתב את הספר.	German|גרמנית	1940	Unknown	מכתב|Letter	Baruch ben Kalman Ausubel	EgoDocument
IL-MTFN-001-G-F-0390-002-R0010	IL-MTFN-001-G-F-0390-002	correspondence	Correspondence with Kibbutz Hanita	In catalog 9R10: Correspondence with Kibbutz Hanita regarding works ordered by the kibbutz: Holy Ark, curtains, cabinet for commemorating the fallen. 1960s.	Im Katalog 9R10: Korrespondenz mit dem Kibbuz Hanita im Zusammenhang mit Arbeiten, die der Kibbuz bei ihm bestellt: Heilige Lade, Vorhänge, Schrank zur Erinnerung an die Gefallenen. 60er Jahre.	בקטלוג 9R10 : התכתבות עם קיבוץ חניתה בהקשר עם עבודות שהקיבוץ מזמין אצלו: ארון קודש, פרוכות, ארון להנצחת הנופלים. שנות ה;60.	Hebrew	1960	Unknown	מכתב|Letter	Kibbutz Hanita	Communication Document
IL-MTFN-001-G-F-0390-002-R0014	IL-MTFN-001-G-F-0390-002	visit	Letter from Rudi to Recha Freier	"In catalog 9R14: Rudi writes a short letter to Recha Freier in which he wishes her a calm and healthy journey, no date. A list by Rudi titled ""Serenity""."	"Im Katalog 9R14: Rudi schreibt einen kurzen Brief an Recha Freier, in dem er ihr eine ruhige und gesunde Reise wünscht, kein Datum. Eine Liste von Rudi mit dem Titel ""Gelassenheit""."	"בקטלוג 9R14 : רודי כותב מכתב קצר אל Recha Freier בו הוא מאחל לה נסיעה שאננה ובריאה, אין תאריך. רשימה של רודי עם הכותרת ""שאננות""."	Hebrew|German		Unknown	מכתב|Letter|רשימה|List	Recha Freier	Communication Document
IL-MTFN-001-G-F-0390-002-R0017	IL-MTFN-001-G-F-0390-002	visit	Rudi Lehmann and Hedwig Grossman Correspondence	"In catalog 9R17: Esoteric drawings, Eskimo letters. Envelope with love notes, Rudi writes to Hedwig whom he calls ""little dove"" Täubchen. (Not listed in the catalog); Letter in Hebrew, signed by Rudi Lehmann & Hedwig Grossman, to the Exhibition Committee in Jerusalem. The two want to present their works in a joint exhibition. Givatayim 1969. (The letter is not in the envelope, not listed in the catalog); Postcard, German, Rudi from Jerusalem to Hedwig in Tel Aviv. Waiting for her, announces winning a first prize (?), no date. (Not listed in the catalog)"	"Im Katalog 9R17: Esoterische Zeichnungen, Eskimo-Buchstaben. Umschlag mit Liebesnotizen, Rudi schreibt an Hedwig, die er ""kleine Taube"" Täubchen nennt. (Nicht im Katalog verzeichnet); Brief auf Hebräisch, unterschrieben von Rudi Lehmann & Hedwig Grossman, an das Ausstellungskomitee in Jerusalem. Die beiden möchten ihre Arbeiten in einer gemeinsamen Ausstellung präsentieren. Givatayim 1969. (Der Brief ist nicht im Umschlag, nicht im Katalog verzeichnet); Postkarte, Deutsch, Rudi aus Jerusalem an Hedwig in Tel Aviv. Wartet auf sie, informiert über den Gewinn eines ersten Preises (?), kein Datum. (Nicht im Katalog verzeichnet)"	"בקטלוג 9R17 : רישומים איזוטריים, אותיות אסקימו. מעטפה עם פתקי אהבה, שרודי כותב להדויג אותה הוא מכנה ""יונה קטנה"" Täubchen. (לא רשום בקטלוג); מכתב בעברית, חתום ע""י רודי להמן & הדויג גרוסמן, אל ועדת התערוכות בירושלים. השניים רוצים להציג בתערוכה משותפת את עבודותיהם. גבעתיים 1969. (המכתב לא במעטפה, לא רשום בקטלוג); גלויה, גרמנית, רודי מירושלים אל הדויג בתל אביב. מחכה לה, מודיעה על זכיתה מפרס ראשון (?), אין תאריך. (לא רשום בקטלוג)"	Hebrew|German	1969	Unknown	מכתב|Letter|גלויה|Postcard		Communication Document
IL-MTFN-001-G-F-0390-003-R0008	IL-MTFN-001-G-F-0390-003	visit	Rudi Lehmann's Notes for Chess Exhibition 1969	"In catalog 11R9: A list by Rudi Lehmann for the opening of the chess game exhibition in 1969 for the exhibition visitors. Handwritten in German. Stencil in Hebrew with the title: ""Some notes for the internal exhibition of chess games"", signed: Rudolf Lehmann, guide for formal design, at the Art Institute; Giv'atayim."	"In Katalog 11R9: Liste von Rudi Lehmann zur Eröffnung der Schachspielausstellung 1969 für die Besucher der Ausstellung. Handschriftlich auf Deutsch. Schablone auf Hebräisch mit dem Titel: ""Einige Anmerkungen zur internen Ausstellung der Schachspiele"", unterzeichnet: Rudolf Lehmann, Leitfaden für Formgestaltung, am Kunstinstitut; Giv'atayim."	"בקטלוג 11R9 : רשימה של רודי להמן לרגל פתיחת תערוכת משחק שח ב-1969 עבור מבקרי התערוכה. גרמנית כתב יד. סטנסיל בעברית עם הכותרת: ""מספר הערות לתערוכה הפנימית של משחקי השח"", על החתום: רודולף להמן, מדריך לעיצוב צורתי, במכון לאמנות; גבעתיים."	German|Hebrew	1969	Handwritten	רשימה|List	Rudolf Lehmann	Ephemera
IL-MTFN-001-G-F-0390-003-R0010	IL-MTFN-001-G-F-0390-003	visit	Envelope No. 2: Explanations for Exhibition Notices	Envelope Envelope No. 2: Explanations for notices to exhibition visitors. (Not listed in the catalog);	Umschlag Umschlag Nr. 2: Erklärungen zu den Mitteilungen für die Ausstellungsbesucher. (Nicht im Katalog verzeichnet);	מעטפה מעטפה מס. 2: הסברים להודעות למבקרי התערוכה. (לא רשום בקטלוג);	Unspecified		Unknown	מעטפה|Envelope		Communication Document
IL-MTFN-001-G-F-0390-008-R0005	IL-MTFN-001-G-F-0390-008	visit	Copy of Article by Deborah Bertonov for 'HaDor'	Copy of an article written by Deborah Bertonov for 'HaDor' after her visit to Rudi's animal exhibition. German typewritten, 1953. Attached is a photo of the article, published in Hebrew.	Kopie eines Artikels, den Deborah Bertonov für 'HaDor' nach ihrem Besuch bei Rudis Tieraustellung schreibt. Deutsch maschinenschriftlich, 1953. Beigefügt ist ein Foto des Artikels, der auf Hebräisch veröffentlicht wurde.	העתק מאמר, שכותבת דבורה ברטונוב ל;'הדור' אחרי ביקורה בתערוכת החיות של רודי. גרמנית הדפסה, 1953. מצורף צילום המאמר, שפורסם בעברית.	German|Hebrew	1953	Typewritten	מאמר|Article	דבורה ברטונוב	Creative Nonfiction
IL-MTFN-001-G-F-0390-017-R0002	IL-MTFN-001-G-F-0390-017	correspondence	Excerpts from Hedwig's Correspondence with Liza Arlosoroff	Copy, excerpts from the correspondence of Hedwig with Liza Arlosoroff, German typewritten, 1933.	Kopie, Auszüge aus der Korrespondenz von Hedwig mit Liza Arlosoroff, Deutsch maschinengeschrieben, 1933.	העתק, קטעים מתוך ההתכתבות של הדויג עם ליזה ארלוזורוב, גרמנית הדפסה, 1933.	German	1933	Typewritten	מכתב|Letter		Communication Document
IL-MTFN-001-G-F-0390-017-R0011	IL-MTFN-001-G-F-0390-017	visit	Report by Dr. Stefan Levingert on Clay Deposits Visit	Copy, report by Dr. Stefan Levingert on a joint visit with Hedwig Grossman to places with clay deposits. Haifa, German typewritten, November 1933.	Kopie, Bericht von Dr. Stefan Levingert über einen gemeinsamen Besuch mit Hedwig Grossman an Orten mit Tonsedimenten. Haifa, Deutsch Maschinenschrift, November 1933.	"העתק, דוח של ד""ר סטפן לוונגרט על ביקור משותף עם הדויג גרוסמן במקומות בהם יש משקעי חרס. חיפה, גרמנית הדפסה, נובמבר 1933."	German	1933-11	Typewritten	דוח|Report	Dr. Stefan Levingert	Report
IL-MTFN-001-G-F-0390-018-R0001	IL-MTFN-001-G-F-0390-018	diary	Hedwig's Notebooks on Pottery Factory Experiments, 1934	Two notebooks/diaries in which Hedwig documented the work and various experiments conducted at the pottery factory, Yagur farm. Yagur, German handwriting, 1934.	Zwei Notizbücher/Tagebücher, in denen Hedwig die Arbeit und die verschiedenen Experimente in der Töpferfabrik, Kibbuz Yagur, dokumentierte. Yagur, Handschrift auf Deutsch, 1934.	שתי מחברות/יומנים בהם תיעדה הדויג את העבודה והניסויים השונים שנעשו בבית החרושת לעציצים, משק יגור. יגור, גרמנית כתב יד, 1934.	German	1934	Handwritten	יומן|Diary		EgoDocument
IL-MTFN-001-G-F-0390-018-R0002	IL-MTFN-001-G-F-0390-018	diary	Notebook/Diary of Hedwig on Work in Yagur	Notebook/Diary of Hedwig, in which she wrote about the work at the flowerpot factory in Yagur and the joint work with Rudi. Yagur, handwritten in German, 1935.	Notizbuch/Tagebuch von Hedwig, in dem sie über die Arbeit in der Blumentopffabrik in Yagur und die gemeinsame Arbeit mit Rudi schrieb. Yagur, Handschrift auf Deutsch, 1935.	מחברת/יומן של הדויג בו היא כתבה על העבודה בבית החרושת לעציצים ביגור ועל העבודה המשותפת עם רודי. יגור, גרמנית כתב יד, 1935.	German	1935	Handwritten	יומן|Diary	Hedwig	EgoDocument
IL-MTFN-001-G-F-0390-018-R0005	IL-MTFN-001-G-F-0390-018	diary	Yagur Diary by Rudi Lehmann, 1936	Yagur diary written by Rudi Lehmann with emphasis on the problems. A number of notebook pages in German, handwritten and typewritten. Yagur 1936	Journaleintrag von Yagur, geschrieben von Rudi Lehmann mit Schwerpunkt auf den Problemen. Eine Anzahl von Notizbuchseiten auf Deutsch, handgeschrieben und maschinengeschrieben. Yagur 1936	יומן יגור שכתב רודי להמן עם דגש על הבעיות. מספר דפי פנקס בגרמנית כתב יד והדפסה גרמנית. יגור 1936	German	1936	Unknown	יומן|Diary	Rudi Lehmann	EgoDocument
IL-MTFN-001-G-F-0390-022-R0015	IL-MTFN-001-G-F-0390-022	visit	Invitation to Exhibition at Ziv Military Hospital	Photo: Invitation to the exhibition of the works of the wounded to be held at the 'Ziv' military hospital (opposite Bikur Cholim) on the occasion of the hospital's one-year anniversary.	Foto: Einladung zur Ausstellung der Arbeiten der Verwundeten, die im Militärkrankenhaus 'Ziv' (gegenüber dem Besuch der Kranken) anlässlich des einjährigen Bestehens des Krankenhauses stattfinden wird.	"צילום: הזמנה לתערוכת עבודות הפצויים שתערך בבית החולים הצבאי 'זיו' (מול ביקור חולים) במלאת שנה לפעילות ביה""ח"	Hebrew		Visual Element	הזמנה|Invitation		Ephemera
IL-MTFN-001-G-F-0390-022-R0024	IL-MTFN-001-G-F-0390-022	visit	Entry and Exit Permit for Citizens to the Camp	Entry and exit permit for citizens to the camp; Established No.1. November 1945	Ein- und Ausreisegenehmigung für Bürger in das Lager; Festgelegt Nr.1. November 1945	רשיון כניסה ויציאה לאזרחים למחנה; קבע מס.1. נובמבר 1945	Hebrew	1945-11	Unknown	תעודה|Certificate		Legal Document
IL-MTFN-001-G-F-0390-024-R0002	IL-MTFN-001-G-F-0390-024	correspondence	Correspondence between Hedwig and Rudi	Correspondence between Hedwig and Rudi the prisoner. Hedwig sends him packages according to the lists he sends her, also drawing accessories.	Korrespondenz zwischen Hedwig und Rudi dem Gefangenen. Hedwig schickt ihm Pakete gemäß den Listen, die er ihr schickt, auch Zubehör zum Zeichnen.	"התכתבות בין הדויג ורודי העצור. הדויג שולחת אליו חבילות עפ""י רשימות שהוא שולח אליה, גם אביזרים לציור."	Hebrew		Unknown	מכתב|Letter		Communication Document
IL-MTFN-001-G-F-0390-024-R0003	IL-MTFN-001-G-F-0390-024	correspondence	Hedwig's Correspondence with British Solicitor	Hedwig requests help from a British solicitor, correspondence between them.	Hedwig bittet einen britischen Anwalt (Solicitor) um Hilfe, Korrespondenz zwischen ihnen.	"הדויג פונה בבקשת עזרה לעו""ד בריטי Solicitor (שתדלן), התכתבות ביניהם."	Hebrew|English		Typewritten	מכתב|Letter		Communication Document
IL-MTFN-001-G-F-0391-004-R0006	IL-MTFN-001-G-F-0391-004	correspondence	Correspondence between Josefa and her sons	Correspondence between Josefa and her two sons, Eldad & Yovel and their families. Hebrew, between the years 1961 and 1985.	Korrespondenz zwischen Josefa und ihren beiden Söhnen, Eldad & Yovel und ihren Familien. Hebräisch, zwischen den Jahren 1961 und 1985.	התכתבות בין יוספה לשני בניה, אלדד & יבל ומשפחותיהם. עברית, בין השנים 1961 ו;1985.	Hebrew	1961	Unknown	מכתב|Letter		Communication Document
IL-MTFN-001-G-F-0391-004-R0009	IL-MTFN-001-G-F-0391-004	correspondence	Correspondence with Walter Hoder	Correspondence of Josefa with the director of the Academy of Arts Archive in Berlin, Walter Hoder, on topics related to the works of Jakob Steinhardt. German typewritten, 1980s of the 20th century.	Korrespondenz von Josefa mit dem Direktor des Archivs der Akademie der Künste in Berlin, Walter Hoder, zu Themen im Zusammenhang mit den Werken von Jakob Steinhardt. Deutsch Schreibmaschine, 1980er Jahre des 20. Jahrhunderts.	התכתבות של יוספה עם מנהל ארכיון אקדמית האמנויות בברלין, Walter Hoder, בנושאים שקשורים ליצירות יעקב שטיינהרדט. גרמנית הדפסה, שנות ה-80 למאה ה-20.	German	1980	Typewritten	מכתב|Letter	Walter Hoder	Communication Document
IL-MTFN-001-G-F-0391-004-R0011	IL-MTFN-001-G-F-0391-004	visit	Postcards to Various Recipients	Postcards: To Josefa from the parents traveling in Normandy, France, May 1952; To the Brown family from the parents staying in England, April 1952; To Hans Loewenson from Jerry & Helene, Baden-Baden, Germany. 1953. To the Brown family from Hugo Graetz, no year specified. To Yuval Brown (son of Josefa) from grandparents, who are in the USA, 1951. To Mini Steinhardt from Klari, Jerusalem, 1974.	Postkarten: An Josefa von den Eltern, die in der Normandie, Frankreich, Mai 1952 reisen; An die Familie Braun von den Eltern, die in England, April 1952 sind; An Hans Loewenson von Jerry & Helene, Baden-Baden, Deutschland. 1953. An die Familie Braun von Hugo Graetz, ohne Jahresangabe. An Yuval Braun (Sohn von Josefa) von den Großeltern, die in den USA sind, 1951. An Mini Steinhardt von Klari, Jerusalem, 1974.	"גלויות:; אל יוספה מאת ההורים שמטיילים הנורמנדי, צרפת, מאי 1952; אל משפחת בראון מאת ההורים ששוהים באנגליה, אפריל 1952; אל Hans Loewenson מאת Jerry & Helene, באדן באדן, גרמניה. 1953. אל משפחת בראון מאת Hugo Graetz, ללא ציון שנה. אל יובל בראון (בן של יוספה) מאת סבא וסבתא, שנמצאים בארה""ב, 1951. אל מיני שטיינהרדט מאת Klari, ירושלים, 1974."	Hebrew|English|German		Unknown	גלויה|Postcard		Ephemera
IL-MTFN-001-G-F-0391-004-R0012	IL-MTFN-001-G-F-0391-004	visit	Letter to Mini from Dr. L. Scherbel, 1938	To Mini from Dr. L. Scherbel, among other things: She refers to the difficult situation in the country and mentions that the situation of Jews in Germany and Italy is bad, they want to leave and do not know where to go, Switzerland has closed its borders to them like many other countries. Basel, German, 1938.	An Mini von Dr. L. Scherbel, unter anderem: Sie bezieht sich auf die schwierige Lage im Land und erwähnt, dass die Situation der Juden in Deutschland und Italien schlecht ist, sie wollen ausreisen und wissen nicht wohin, die Schweiz hat ihre Grenzen für sie geschlossen, wie viele andere Länder auch. Basel, Deutsch, 1938.	אל מיני מאת Dr. L. Scherbel, בין היתר: היא מתייחסת למצב הלא קל בארץ ומציינת שמצב היהודים בגרמניה ואיטליה רע, הם רוצים לצאת ולא יודעים לאן, שווייץ סגרה את גבולותיה בפניהם כמו ארצות רבות אחרות.בזל, גרמנית, 1938.	German	1938	Unknown	מכתב|Letter	Dr. L. Scherbel	Communication Document
IL-MTFN-001-G-F-0391-005-R0002	IL-MTFN-001-G-F-0391-005	memoir	Memory Book of Elise Abraham, 1880	Memory book of Elise Abraham (later the mother of Mini) from the year 1880. The book contains a few memories written for Elise.	Erinnerungsbuch von Elise Abraham (später die Mutter von Mini) aus dem Jahr 1880. Im Buch sind wenige Erinnerungen, die für Elise geschrieben wurden.	ספר זיכרונות של אליזה אברהם (לימים אמה של מיני) Elise Abraham, משנת 1880. בספר מעט זיכרונות, שנכתבו לאליזה.	Hebrew	1880	Unknown	ספר זכרונות|Memory Book	Elise Abraham	EgoDocument
IL-MTFN-001-G-F-0391-007-R0001	IL-MTFN-001-G-F-0391-007	memoir,visit	Letters of Karl Ludwig Gompert	The letters of Karl; Ludwig Gompert in German, typewritten, addressed to Mini and Josepha, some letters written by Liesel Gompert, Karl's wife. The contents: family, memories from the past, about acquaintances from the past living in Israel and other countries, Steinhardt exhibitions in the USA, illnesses, vacations and travels, financial support for the family in Israel; his wife has relatives in Israel whom she visits occasionally.	Die Briefe von Karl; Ludwig Gompert auf Deutsch, maschinengeschrieben, gerichtet an Mini und Josepha, einige Briefe geschrieben von Liesel Gompert, Karls Frau. Die Inhalte: Familie, Erinnerungen aus der Vergangenheit, über Bekannte aus der Vergangenheit, die in Israel und anderen Ländern leben, Ausstellungen von Steinhardt in den USA, Krankheiten, Urlaube und Reisen, finanzielle Unterstützung der Familie in Israel; seine Frau hat Verwandte in Israel, die sie gelegentlich besucht.	"המכתבים של קרל;לודויג גומפרט בגרמנית הדפסה, מופנים אל מיני ואל יוספה, מעט מכתבים כתובים ע""י ליזל גומפרט, רעייתו של קרל;לודויג. התכנים: משפחה, זיכרונות מהעבר, על מכירים מהעבר שחיים בישראל ובארצות אחרות, תערוכות של שטיינהרדט בארה""ב, מחלות, חופשות ונסיעות, תמיכה כספית במשפחה בישראל; לרעייתו קרובי משפחה בישראל אותם היא מבקרת לעיתים."	German|Hebrew		Typewritten	מכתב|Letter	Karl Ludwig Gompert	Communication Document
IL-MTFN-001-G-F-0391-010-R0001	IL-MTFN-001-G-F-0391-010	memoir	Article by Andrea Weilbacher on Jewish Family Memories	An article written by Andrea Weilbacher from the Jewish Museum in Berlin with the title: Memories of a bourgeois Jewish family in Wilhelmine Germany.	Ein Artikel, geschrieben von Andrea Weilbacher vom Jüdischen Museum in Berlin mit dem Titel: Erinnerungen an eine bürgerliche, jüdische Familie im Wilhelminischen Deutschland.	מאמר, שכתבה אנדראה ויילבכר Andrea Weilbacher מהמוזיאון היהודי בברלין עם הכותרת:; Erinnerungen an eine bügerliche, jüdische Familie im Wilhelminischen Deutscland; תרגום: זכרונות ממשפחה בורגנית יהודית בגרמניה הוילהלמינית.	German|Hebrew		Unknown	מאמר|Article	Andrea Weilbacher	Creative Nonfiction
IL-MTFN-001-G-F-0391-010-R0002	IL-MTFN-001-G-F-0391-010	diary	Diary of Mini Steinhardt 1910-1913	Diary of Mini Steinhardt from the years 1910;1913, German, typewritten.	Tagebuch von Mini Steinhardt aus den Jahren 1910;1913, Deutsch, Maschinenschrift.	יומן של מיני שטיינהרדט מהשנים 1910;1913, גרמנית הדפסה.	German	1910	Typewritten	יומן|Diary	Mini Steinhardt	EgoDocument
IL-MTFN-001-G-F-0391-010-R0003	IL-MTFN-001-G-F-0391-010	diary,memoir	Memories Diary	Memories written as a diary with dates. German typewritten, 83 pages. 1911;1915.	Erinnerungen geschrieben als Tagebuch mit Daten. Deutsch Druck, 83 Seiten. 1911;1915.	זכרונות Erinnerungen כתוב כיומן עם תאריכים. גרמנית הדפסה, 83 עמודים. 1911;1915.	German	1911	Typewritten	יומן|Diary		EgoDocument
IL-MTFN-001-G-F-0391-010-R0013	IL-MTFN-001-G-F-0391-010	visit	Humorous Writing on Artist Workshop Visit	Half a page, humorous writing about a person visiting an artist/painter's workshop.	Eine halbe Seite, humoristisches Schreiben über eine Person, die einen Künstler-/Malerworkshop besucht.	חצי עמוד, כתיבה הומוריסטית על אדם, שמבקר בסדנת אמן/צייר.	Hebrew		Handwritten	Note		Creative Nonfiction
IL-MTFN-001-G-F-0391-010-R0019	IL-MTFN-001-G-F-0391-010	memoir	Writings on Various Topics Without Date	Number of pages without date. Writes about an unpleasant event in Berlin, without date; writes her impressions from an exhibition, without date; writes her thoughts, without date; memories from her parents' house, House Gompert, without date	Anzahl der Seiten ohne Datum. Schreibt über ein unangenehmes Ereignis in Berlin, ohne Datum; schreibt ihre Eindrücke von einer Ausstellung, ohne Datum; schreibt ihre Gedanken nieder, ohne Datum; Erinnerungen aus dem Elternhaus, Haus Gompert, ohne Datum	מספר עמודים ללא תאריך. כותבת על אירוע לא נעים בברלין, ללא תאריך; כותבת רשמיה מתערוכה, ללא תאריך; כתיבת הגיגיה, ללא תאריך; זכרונות מבית הוריה, בית גומפרט, ללא תאריך	Hebrew		Unknown	רשימות|Personal Notes		EgoDocument
IL-MTFN-001-G-F-0391-011-R0003	IL-MTFN-001-G-F-0391-011	diary	יומן אוטוביוגרפי של יעקב שטיינהרדט	P. 17;328 Autobiographical diary of Jakob Steinhardt, begins, p. 17, May 1918. On p. 2 before the end, the year 1960 was noted.	S. 17;328 Autobiografisches Tagebuch von Jakob Steinhardt, beginnt, S. 17, Mai 1918. Auf S. 2 vor dem Ende wurde das Jahr 1960 angegeben.	עמ' 17;328 יומן אוטוביוגרפי של יעקב שטיינהרדט, מתחיל, עמ' 17, מאי 1918. בעמ' 2 לפני הסוף צוינה השנה 1960.	Hebrew	1918-05	Unknown	יומן|Diary	יעקב שטיינהרדט	EgoDocument
IL-MTFN-001-G-F-0391-011-R0005	IL-MTFN-001-G-F-0391-011	diary	Akiva Steinhardt's Eastern Front Diary, 1917	Two, partial, notebooks into which the soldier Akiva Steinhardt recorded a diary during his service on the Eastern Front. 1917.	Zwei, teilweise, Notizbücher, in die der Soldat Akiva Steinhardt ein Tagebuch während seines Dienstes an der Ostfront schrieb. 1917.	שני,חלקי, פנקסים לתוכם רשם החייל עקב שטיינהרדט יומן בעת שרותו בחזית המזרחית. 1917.	Hebrew	1917	Unknown	יומן|Diary		EgoDocument
IL-MTFN-001-G-F-0391-013-R0016	IL-MTFN-001-G-F-0391-013	diary,visit	Diaries of Mini Steinhardt	16 pages, German typewritten, presumably from the diaries of Mini Steinhardt. Mini writes about her and her husband Jacob's long stay in the USA (year?). Meetings with artists, journalists, art critics, exhibition curators, museum directors. In New York, they stayed with Ora and Chaim Herzog, meeting with Esther Herlitz. She writes about their continued journey to London, where there were also many meetings around art and exhibitions. Her writing transitions to the year 1955, the Biennale in São Paulo, Brazil. The two traveled there for Jacob Steinhardt's winning of the first prize for a foreign artist in graphics and woodcuts. She describes in her writing the honorable and exciting occasion and emphasizes the national aspect; an Israeli winning this prize.	16 Seiten, Deutsch maschinengeschrieben, vermutlich aus den Tagebüchern von Mini Steinhardt. Mini schreibt über ihren langen Aufenthalt mit ihrem Ehemann Jakob in den USA (Jahr?). Treffen mit Künstlern, Journalisten, Kunstkritikern, Kuratoren, Museumsdirektoren. In New York waren sie bei Ora und Chaim Herzog zu Gast, Treffen mit Esther Herlitz. Sie schreibt über ihre Weiterreise nach London, wo es ebenfalls viele Treffen rund um Kunst und Ausstellungen gab. Ihr Schreiben wechselt ins Jahr 1955, die Biennale in São Paulo, Brasilien. Die beiden reisten dorthin anlässlich Jakobs Steinhardts Gewinn des ersten Preises für ausländische Künstler in Grafik und Holzschnitten. Sie beschreibt in ihrem Schreiben den ehrenvollen und aufregenden Anlass und betont den nationalen Aspekt; der Gewinn eines Israelis bei diesem Preis.	"16 עמודים, גרמנית הדפסה, ככל הנראה מתוך יומניה של מיני שטיינהרדט. מיני כותבת על השהות הארוכה שלה ושל בעלה, יעקב, בארה""ב (שנה ?). מפגשים עם אמנים, עיתונאים, מבקרי אמנות, עוצרי תערוכות, מנהלי מוזיאונים. בניו יורק התארחו אצל אורה וחיים הרצוג, מפגש עם אסתר הרליץ. כותבת על המשך נסיעתם ללונדון, שגם שם היו מפגשים רבים סביב נושאי האמנות ותערוכות. כתיבתה עוברת לשנת 1955, הביאנלה בסאו;פאולו, ברזיל. השניים נסעו לשם לרגל זכייתו של יעקב שטיינהרדט בפרס הראשון לאומן הזר בגרפיקה וחיתוכי עץ. היא מתארת בכתיבתה את המעמד המכובד והמרגש ומדגישה את פן הלאומי; זכייתו של ישראלי בפרס זה."	German	1955	Typewritten	יומן|Diary	Mini Steinhardt	EgoDocument
IL-MTFN-001-G-F-0396-001-R0002	IL-MTFN-001-G-F-0396-001	visit	Articles on Lothar Neuwirth's Visit to Graz	Articles published in the press of the Styria region, Austria, on the occasion of Lothar Neuwirth's visit to the city of Graz, where he participated in the inauguration of the renovated synagogue and the introduction of the Torah scroll. German, 1991.	Artikel, die in der Presse der Region Steiermark, Österreich, anlässlich des Besuchs von Lothar Neuwirth in der Stadt Graz veröffentlicht wurden, wo er an der Einweihung der renovierten Synagoge und der Einführung der Tora-Rolle teilnahm. Deutsch, 1991.	מאמרים, שפורסמו בעיתונות מחוז שטיירמרקט, אוסטריה, לרגל ביקורו של לוטר נוירט בעיר גרץ Graz שם השתתף בחנוכת בית הכנסת המחודש והכנסת ספר התורה. גרמנית, 1991.	German		Print	גזיר עיתון|News Clipping		Communication Document
IL-MTFN-001-G-F-0402-002-R0007	IL-MTFN-001-G-F-0402-002	memoir	Bernhard/ Ben-Zion Teitelbaum's Holocaust Memoirs	Bernhard/ Ben-Zion Teitelbaum wrote in 1993 in 3 chapters his experiences from 1941 in the labor camps during the Holocaust and his memories of the death march. Nahariya, German, typewritten total 48 + 68 + 20 pages.	Bernhard/ Ben-Zion Teitelbaum schrieb 1993 in 3 Kapiteln seine Erlebnisse ab 1941 in den Arbeitslagern während des Holocausts und seine Erinnerungen an den Todesmarsch. Nahariya, Deutsch, Maschinenschrift insgesamt 48 + 68 + 20 Seiten.	"ברנהרד/ בן;ציון טייטלבאום כתב ב-1993 ב-3 פרקים את קורותיו מ-1941 במחנות העבודה בתקופת השואה וזיכרונותיו ממצעד המוות. נהריה, גרמנית הדפסה סה""כ 48 + 68 + 20 עמודים."	German	1993	Typewritten	Biography	Bernhard/ Ben-Zion Teitelbaum	EgoDocument
IL-MTFN-001-G-F-0403-001-R0001	IL-MTFN-001-G-F-0403-001	memoir	Memories by Menachem Magen	In the book, Menachem Magen writes his memories until his immigration to Israel.	Im Buch schreibt Menachem Magen seine Erinnerungen bis zu seiner Einwanderung nach Israel.	בספר כותב מנחם מגן את זיכרונותיו עד עלייתו לארץ ישראל.	Hebrew		Print	ספר|Book	Menachem Magen	EgoDocument
IL-MTFN-001-G-F-0406-001-R0001	IL-MTFN-001-G-F-0406-001	diary,papers	Notebooks Documenting Immigration and Deportation	The aforementioned also transferred 2 notebooks written in German, handwritten, documenting the immigration to the country's shores on the ship 'Atlantic' and the deportation to the island of Mauritius. The donor does not know who wrote the diaries, she found them in her husband's estate.	Die oben genannte Person übergab auch 2 Hefte in deutscher Sprache, handgeschrieben, die die Einwanderung an die Küsten des Landes mit dem Schiff 'Atlantic' und die Vertreibung nach Mauritius dokumentieren. Der Spenderin ist nicht bekannt, wer die Tagebücher geschrieben hat, sie fand sie im Nachlass ihres Mannes.	"הנ""ל גם העבירה 2 מחברות כתובות גרמנית, כתב יד, שמתעדות את ההעפלה לחופי הארץ באניית ""אטלנטיק"" ואת הגירוש לאי מאוריציוס. לתורמת לא ידוע מי כתבה את היומנים, היא מצאה אותם בעיזבון בעלה."	German		Handwritten	יומן|Diary		EgoDocument
IL-MTFN-001-G-F-0406-001-R0007	IL-MTFN-001-G-F-0406-001	diary	Printed Diaries in German	The diaries were printed, a total of 24 pages in German, attached to the original.	Die Tagebücher wurden insgesamt 24 Seiten auf Deutsch gedruckt, dem Original beigefügt.	"היומנים הודפסו סה""כ 24 עמודים בגרמנית, מצורפים למקור."	German		Typewritten	יומן|Diary		EgoDocument
IL-MTFN-001-G-F-0406-001-R0008	IL-MTFN-001-G-F-0406-001	diary	Graphological Analysis of Diary Writer	"A page on which ""The graphological analysis"" of the character/nature of the diary writer is written."	"Ein Blatt, auf dem ""Die graphologische Analyse"" des Charakters/Eigenschaften der Tagebuchschreiberin geschrieben steht."	"דף עליו נכתב ""הניתוח הגרפולוגי"" לדמותה/אופייה של כותבת היומן."	Hebrew		Handwritten	Note		EgoDocument
IL-MTFN-001-G-F-0414-002-R0001	IL-MTFN-001-G-F-0414-002	papers	Viktor Popper's Birth Certificate and Photograph	Materials from the estate of Viktor Popper:; Photograph, birth certificate of Viktor for his parents Leopold and Bertha Popper.	Materialien aus dem Nachlass von Viktor Popper:; Fotografie, Geburtsurkunde von Viktor für seine Eltern Leopold und Bertha Popper.	חומרים מעיזבון ויקטור פופר Viktor Popper:; צילום, תעודת לידה של ויקטור להוריו לאופולד וברטה פופר.	Hebrew|German		Unknown	תצלום|Photograph|תעודה|Certificate	Viktor Popper	Certificate
IL-MTFN-001-G-F-0416-001-R0001	IL-MTFN-001-G-F-0416-001	hometown	Article by a Templar Family Member on Templars in Palestine	"Report/Article, written by a daughter of the Templar family, born in Haifa in 1929, her name is unknown. She reviews the development of the Templar sect in the first half of the 18th century, the first arrival in Palestine in 1869, the settlement with its difficulties and successes. The Templar settlement in Palestine until World War I, the enlistment of men for the military effort of Germany and its allies, and at the same time the lives of their wives and children in their colonies in Palestine. Their favorable attitude towards the Turks as opposed to their hostility towards the British and their understanding of the Arab struggle as opposed to their suspicion towards the Jews. World War II, their expulsion from their homes to internment places, being Germans and enemies of Britain, population exchange deals between Britain and Germany in exchange for English and Jewish prisoners, and finally their complete expulsion from Palestine to Australia and elsewhere. She writes the article in Germany in the 1960s (information from reading). Her writing is done out of longing for her ""homeland; Palestine"". She states that the Templars are the true first pioneers in building the land. 27 pages, German, typewritten."	"Bericht/Artikel, geschrieben von einer Tochter der Templerfamilie, geboren in Haifa 1929, ihr Name ist unbekannt. Sie gibt einen Überblick über die Entwicklung der Templersekte in der ersten Hälfte des 18. Jahrhunderts, die erste Ankunft in Palästina 1869, die Besiedlung mit ihren Schwierigkeiten und Erfolgen. Die Templergemeinde in Palästina bis zum Ersten Weltkrieg, die Mobilisierung der Männer für den militärischen Einsatz Deutschlands und seiner Verbündeten und gleichzeitig das Leben ihrer Frauen und Kinder in ihren Kolonien in Palästina. Ihre freundliche Haltung gegenüber den Türken im Gegensatz zu ihrer Feindseligkeit gegenüber den Briten und ihr Verständnis für den arabischen Kampf im Gegensatz zu ihrem Misstrauen gegenüber den Juden. Der Zweite Weltkrieg, ihre Vertreibung aus ihren Häusern in Internierungslager, da sie Deutsche und Feinde Großbritanniens waren, Bevölkerungsaustauschgeschäfte zwischen Großbritannien und Deutschland im Austausch für englische und jüdische Gefangene und schließlich ihre endgültige Vertreibung aus Palästina nach Australien und anderswo. Sie schreibt den Artikel in den 1960er Jahren in Deutschland (Informationen aus dem Lesen). Ihr Schreiben erfolgt aus Sehnsucht nach ihrer ""Heimat; Palästina"". Sie stellt fest, dass die Templer die ersten wahren Pioniere beim Aufbau des Landes sind. 27 Seiten, Deutsch, Maschinenschrift."	"דוח/מאמר, שכתבה בת למשפחת טמפלרים, ילידת חיפה ב-1929, שמה לא ידוע. הנ""ל סוקרת את התפתחות כת הטמפלרים במחצית הראשונה של המאה ה;18, ההגעה הראשונה לפלשתינה ב-1869, ההתיישבות על קשייה והצלחותיה. ישוב הטמפלרים בפלשתינה עד מלח""ע I, התגייסות הגברים למאמץ הצבאי של גרמניה ובנות בריתה ובמקביל חיי נשותיהם וילדיהם במושבותיהם בפלשתינה. יחסם האוהד לתורכים לעומת עוינותם לבריטים והבנתם למאבק הערבי לעומת חשדם כלפי היהודים. מלח""ע II, גירושם מבתיהם למקומות הסגר, בהיותם גרמנים ואויבים לבריטניה, עסקות חלוף אוכלוסיה בין בריטניה וגרמניה תמורת אסירים אנגלים ויהודים ולבסוף גירושם המוחלט מפלשתינה לאוסטרליה ואחר. הנ""ל כותבת את המאמר בגרמניה בשנות השישים למאה ה;20 (המידע מתוך קריאה). כתיבתה נעשית מתוך געגועים ""למולדתה; פלשתינה"". היא קובעת שהטמפלרים הם החלוצים האמיתיים הראשונים בבניית הארץ. 27 עמודים, גרמנית הדפסה."	German	1960	Typewritten	מאמר|Article		Creative Nonfiction
IL-MTFN-001-G-F-0418-001-R0001	IL-MTFN-001-G-F-0418-001	diary,visit	Albert Goetz's Diary, June 1938	Bound diary, printed in German with family photos and black/white postcards, written by Albert Goetz in June 1938 in Germany, after his and his wife's trip to visit their sons and grandchildren in Palestine. The author mainly focuses on the travel conditions, sights, meals, sons and their families, with limited descriptions of life in Palestine overall. It appears he was a family-oriented, non-political person.	Gebundenes Tagebuch, gedruckt auf Deutsch mit Familienfotos und schwarz/weiß Postkarten, geschrieben von Albert Goetz im Juni 1938 in Deutschland, nach seiner und seiner Frau Reise zum Besuch der Söhne und Enkelkinder in Palästina. Der Autor konzentriert sich hauptsächlich auf die Reisebedingungen, die Sehenswürdigkeiten, die Mahlzeiten, die Söhne und ihre Familien, begrenzte Beschreibungen des Lebens in Palästina insgesamt. Es scheint, dass er ein familiärer, nicht politischer Mensch war.	יומן כרוך, מודפס בגרמנית עם תמונות משפחתיות וגלויות שחור/לבן, שכתב אלברט גץ ביוני 1938 בגרמניה, אחרי הנסיעה שלו ושל רעייתו לביקור הבנים והנכדים בפלשתינה. הכותב מתרכז בעיקר בתנאי הנסיעה, במראות, בארוחות, בבנים ומשפחותיהם, תיאורים מוגבלים על החיים בפלשינה בכללותה. ניקר שהיה אדם משפחתי, לא פוליטי.	German|גרמנית	1938-06	Print	יומן|Diary	Albert Goetz	EgoDocument
IL-MTFN-001-G-F-0418-001-R0002	IL-MTFN-001-G-F-0418-001	diary	Translation of Diary into Hebrew	Pages with translation of the diary into Hebrew, typewritten.	Seiten mit Übersetzung des Tagebuchs ins Hebräische, Maschinenschrift.	דפים עם תרגום היומן לעברית, הדפסה.	Hebrew		Typewritten	מסמך מתורגם|Translated Document		EgoDocument
IL-MTFN-001-G-F-0422-001-R0001	IL-MTFN-001-G-F-0422-001	correspondence	Correspondence between Oha and Shimon	"Correspondence between Oha and Shimon after their meeting in the Netherlands. Oha is preparing to immigrate to Eretz Israel, Shimon, a soldier/medic in the British army, is ""wandering"" around Europe and returning to Eretz Israel. English and German, handwritten and typewritten, 1945/46. The two address each other with the nickname Mäuschen (little mouse)."	"Korrespondenz zwischen Oha und Shimon nach ihrem Kennenlernen in den Niederlanden. Oha bereitet sich darauf vor, nach Eretz Israel zu ziehen, Shimon, ein Soldat/Sanitäter in der britischen Armee, ""reist"" durch Europa und kehrt nach Eretz Israel zurück. Englisch und Deutsch, Handschrift und Maschinenschrift, 1945/46. Die beiden nennen sich gegenseitig mit dem Kosenamen Mäuschen (kleine Maus)."	"התכתבות בין אוה ושמעון אחרי היכרותם בהולנד. אוה מתארגנת לעלות לארץ ישראל, שמעון חייל/חובש בצבא הבריטי ""מסתובב"" באירופה וחוזר לארץ ישראל. אנגלית וגרמנית כתב יד והדפסה, 1945/46. השניים \פונים זה לזה בשם החיבה Mäuschen (עכבר קטן)."	English|German	1945	Unknown	מכתב|Letter		EgoDocument
IL-MTFN-001-G-F-0422-003-R0001	IL-MTFN-001-G-F-0422-003	visit	Publications Given to Shimon Berlinger in Germany	Publications in German given to Shimon Berlinger during his travels and lectures in cities of Germany, Baden-Württemberg region.	Veröffentlichungen in deutscher Sprache, die Shimon Berlinger auf seinen Reisen und Vorträgen in Städten Deutschlands, Region Baden-Württemberg, erhalten hat.	פרסומים בגרמנית שניתנו לשמעון ברלינגר בנסיעותיו והרצאותיו בערי גרמניה, איזור באד;וירטמברג Bad;Württemberg.	German		Unknown	Translated Document	Shimon Berlinger	Communication Document
IL-MTFN-001-G-F-0422-004-R0004	IL-MTFN-001-G-F-0422-004	visit	Letter from Ilse Wandnagel to Shimon Berlinger	Letter to Shimon Berlinger from Ilse Wandnagel, Schwäbisch Hall, Germany. Handwritten in German, 1964. It concerns the documentation of Jews in Schwäbisch Hall. She met Shimon Berlinger when he visited there. She addresses him with questions about the Jews there, he promised to help with the documentation of Jews in Schwäbisch Hall. She asks: 1. What do the former Jewish residents think about the behavior of the Christian residents during the Third Reich? 2. Do the former Jewish residents have any connection with the city and its residents today? 3. Did the residents of Schwäbisch Hall mistreat the Jewish citizens? 4. Was there a prohibition on Jews entering restaurants or shops? 5. Are there still friendships between the former Jews of Schwäbisch Hall and its Christian residents? 6. Is there still a connection between the Jews of Schwäbisch Hall among themselves? 7. Until when did the regional school operate, were you the last teacher there? How was the condition of the school before 1936, how were the Jewish students treated? 8. Can you tell more about the Jewish youth organization and the theater group? 9. Can you tell about the fate of a family that did not manage to leave Germany in time?	Brief an Shimon Berlinger von Ilse Wandnagel, Schwäbisch Hall, Deutschland. Handschriftlich auf Deutsch, 1964. Es geht um die Dokumentation der Juden in Schwäbisch Hall. Sie traf Shimon Berlinger, als er dort besuchte. Sie stellt ihm Fragen über die Juden dort, er versprach, bei der Dokumentation der Juden in Schwäbisch Hall zu helfen. Sie fragt: 1. Was denken die ehemaligen jüdischen Einwohner über das Verhalten der christlichen Einwohner während des Dritten Reiches? 2. Haben die ehemaligen jüdischen Einwohner heute irgendeine Verbindung zur Stadt und ihren Einwohnern? 3. Haben die Einwohner von Schwäbisch Hall die jüdischen Bürger misshandelt? 4. Gab es ein Verbot für Juden, Restaurants oder Geschäfte zu betreten? 5. Gibt es weiterhin Freundschaften zwischen den ehemaligen Juden von Schwäbisch Hall und ihren christlichen Einwohnern? 6. Gibt es noch Verbindungen zwischen den Juden von Schwäbisch Hall untereinander? 7. Bis wann war die regionale Schule in Betrieb, waren Sie der letzte Lehrer dort? Wie war der Zustand der Schule vor 1936, wie wurden die jüdischen Schüler behandelt? 8. Können Sie mehr über die jüdische Jugendorganisation und den Theaterkreis erzählen? 9. Können Sie über das Schicksal einer Familie berichten, die es nicht rechtzeitig geschafft hat, Deutschland zu verlassen?	"מכתב אל שמעון ברלינגר מאת אילזה ונדנגל Ilse Wandnagel, שווביש;האל Schwäbisch;Hall, גרמניה. גרמנית כתב יד, 1964. הנ""ל עוסקת בתיעוד יהודי שווביש;האל. פגשה את שמעון ברלינגר כאשר ביקר שם. היא פונה אליו בשאלות בנושא היהודים שם, הוא הבטיח לעזור בתיעוד של יהודי שווביש;האל. היא שואלת: 1. מה חושבים התושבים היהודים לשעבר על התנהגותם של התושבים הנוצרים בתקופת הרייך השלישי? 2. האם יש לתושבים היהודים לשעבר קשר כלשהו עם העיר ותושביה היום? 3. האם תושבי שווביש;האל התעללו באזרחים היהודים? 4. האם היה איסור על יהודים להכנס למסעדות או חנויות? 5. האם יש המשך של ידידויות בין יהודי שווביש;האל לשעבר ותושביה הנוצרים? 6. האם יש קשר עדיין בין יהודי שווביש;האל לבין עצמם? 7. עד מתי פעל ביה""ס האיזורי, האם היית המורה האחרון שם? איך היה מצב ביה""ס לפני 1936, איך נהגו בתלמידים היהודים? 8. תוכל לספר יותר על על ארגון הנוער היהודי ועל חוג התיאטרון? 9. האם תוכל לספר על גורלה של משפחה שלא הספיקה לעזוב בזמן את גרמניה?"	German	1964	Handwritten	מכתב|Letter	Shimon Berlinger	Communication Document
IL-MTFN-001-G-F-0423-003-R0012	IL-MTFN-001-G-F-0423-003	memoir	Article by Dr. Kalmos in 'Neue Nachrichten'	An article by Dr. Kalmos in the Jewish newspaper 'New News' with the title aus dem Schaty meiner Erinnerungen Translation: From the Treasure of My Memories, 1958.	Ein Artikel von Dr. Kalmos in der jüdischen Zeitung 'Neue Nachrichten' mit dem Titel aus dem Schaty meiner Erinnerungen Übersetzung: Aus dem Schatz meiner Erinnerungen, 1958.	"מאמר של ד""ר קלמוס בעיתון היקי 'ידיעות חדשות' עם הכותרת aus dem Schaty meiner Erinnerungen תרגום: מתוך אוצר זכרונותיי, 1958."	German		Print	מאמר|Article		Article
IL-MTFN-001-G-F-0425-001-R0001	IL-MTFN-001-G-F-0425-001	hometown,memoir	מחברת לימוד עברית של אריה הנס ויט, 1943	A small notebook used by Aryeh Hans Witt to learn the Hebrew language in 1943. The notebook contains 3 essays on contemporary topics of that period: 1. From his work in the 'Homeland Guard' organization; 2. Memories from the guard days; 3. The development of relations between Russia and Germany since the First World War. Alongside the essays are the teacher's notes and error corrections. The essays serve as first-hand documentation of the topics for that period.	Ein kleines Notizbuch, das Arie Hans Witt 1943 zum Erlernen der hebräischen Sprache benutzte. Das Notizbuch enthält 3 Aufsätze zu aktuellen Themen jener Zeit: 1. Aus seiner Arbeit in der Organisation 'Heimatschutz'; 2. Erinnerungen an die Wachtage; 3. Die Entwicklung der Beziehungen zwischen Russland und Deutschland seit dem Ersten Weltkrieg. Neben den Aufsätzen stehen die Anmerkungen des Lehrers und die Korrekturen der Fehler. Die Aufsätze dokumentieren die Themen aus erster Hand für diese Zeit.	מחברת קטנה, ששמשה את אריה הנס ויט ללימוד השפה העברית ב-1943. במחברת 3 חיבורים בנושאי אקטואליה לאותה תקופה:; 1. מתוך עבודתו בארגון 'משמר המולדת'; 2. זכרונות מימי השמירה; 3. התפתחות היחסים בין רוסיה לגרמניה מאז מלחמת עולם ראשונה. לצד החיבורים כתובות ההערות של המורה ותיקוני השגיאות. החיבורים מהווים תיעוד הנושאים ממקור ראשון, לאותה תקופה.	Hebrew	1943	Handwritten	פנקס|Notepad	אריה הנס ויט	EgoDocument
IL-MTFN-001-G-F-0426-001-R0002	IL-MTFN-001-G-F-0426-001	memoir	אלבום זיכרונות של אנסופי כצנשטיין	Poesie album for writing memories, by Ansofi Katzenshtein, from the 1920s and 1930s. Not much was written in it, usually girls, her friends in Germany, wrote.	Poesiealbum zum Schreiben von Erinnerungen, von Ansofi Katzenshtein, aus den 20er und 30er Jahren des 20. Jahrhunderts. Es wurde nicht viel geschrieben, meist schrieben Mädchen, ihre Freundinnen in Deutschland.	"אלבום Poesie לכתיבת זיכרונות, של אנסופי כצנשטיין, משנות ה-20 וה;30 למאה ה;20. הכתיבה בו לא רבה, בדר""כ כתבו ילדות ,חברותיה בגרמניה."	German	1920	Unknown	ספר זכרונות	אנסופי כצנשטיין	EgoDocument
IL-MTFN-001-G-F-0437-001-R0001	IL-MTFN-001-G-F-0437-001	diary	יומן חיים של יוחנן אורתר	"Life Diary ""My Journey from Berlin to Jerusalem"" by Yohanan Orter"	"Lebenstagebuch ""Mein Weg von Berlin nach Jerusalem"" von Yohanan Orter"	"יומן חיים ""דרכי מברלין לירושלים"" של יוחנן אורתר"	Hebrew		Unknown	יומן|Diary	יוחנן אורתר	EgoDocument
IL-MTFN-001-G-F-0443-001-R0003	IL-MTFN-001-G-F-0443-001	papers,visit	German Passport of Augusta Jacobson	German passport from the Third Reich period of Augusta Jacobson, née Abraham; the ex-wife of Josef Preis. The grandmother of the estate depositor. The passport was issued in 1936, the name 'Sara' is not mentioned on it and it is not marked with the letter 'J' (Jude). The photo is missing in the passport.	Deutscher Reisepass aus der Zeit des Dritten Reiches von Augusta Jacobson, geborene Abraham; die geschiedene Frau von Josef Preis. Die Großmutter des Nachlassverwalters. Der Reisepass wurde 1936 ausgestellt, der Name 'Sara' ist nicht darauf vermerkt und er ist nicht mit dem Buchstaben 'J' (Jude) gekennzeichnet. Das Foto fehlt im Reisepass.	דרכון גרמני, מתקופת הרייך השלישי, של אוגוסטה יעקובסון לבית אברהם; גרושתו של יוסף פרייס. סבתו של מפקיד העיזבון. הדרכון הונפק ב-1936, לא מצוין עליו השם 'שרה' ואינו חתום באות (J' (Jude'. התמונה חסרה בדרכון.	German	1936	Print	תעודה|Certificate	Augusta Jacobson	Legal Document
IL-MTFN-001-G-F-0444-003-R0005	IL-MTFN-001-G-F-0444-003	diary	1937 Date Diary by Julius Mannheimer	Date diary, 1937, published by the family printing house of Julius Mannheimer.	Terminkalender, 1937, herausgegeben von der Familien-Druckerei von Julius Mannheimer.	"יומן תאריכים, 1937, שהוצא לאור ע""י בית הדפוס המשפחתי של יוליוס מנהיימר Julius Mannheimer."	Hebrew|German	1937	Print	יומן|Diary	Julius Mannheimer	EgoDocument
IL-MTFN-001-G-F-0444-003-R0014	IL-MTFN-001-G-F-0444-003	visit	Letter from Hans Mannheimer to the Mayor of Worms	A letter written by Hans Mannheimer to the mayor of Worms. He begins his letter with an overview of his ancestors who lived in the city since the 17th century, and in the mid-19th century established a printing house that was managed by the family for generations. He writes about the difficult fate of his family during the Third Reich and names the people who worked to dispossess his family of their assets. He ends his letter with the hope that the people in Worms today are different. He accepted an official invitation to visit Worms and had difficulties with several people in the city. Scrolls; German, typewritten, 14.6.1988.	Ein Brief, den Hans Mannheimer an den Bürgermeister von Worms schreibt. Er beginnt seinen Brief mit einem Überblick über seine Vorfahren, die seit dem 17. Jahrhundert in der Stadt lebten, und in der Mitte des 19. Jahrhunderts eine Druckerei gründeten, die über Generationen von der Familie geführt wurde. Er schreibt über das schwere Schicksal seiner Familie während des Dritten Reiches und nennt die Namen der Personen, die damals daran arbeiteten, seine Familie zu enteignen. Er endet seinen Brief mit der Hoffnung, dass die Menschen in Worms heute anders sind. Er nahm eine offizielle Einladung an, Worms zu besuchen, und hatte Schwierigkeiten mit einigen Leuten in der Stadt. Rollen; Deutsch, Maschinenschrift, 14.6.1988.	"מכתב, שהנס מנהיימר כותב לראש העיר בוורמס. מתחיל את מכתבו סקירה של אבותיו שחיו בעיר מאז המאה ה;17, ובאמצע המאה ה-19 הקימו בית דפוס שנוהל במשך דורות ע""י המשפחה. הוא כותב על הגורל הקשה של משפחתו בתקופת הרייך השלישי ונוקב בשמות האנשים אשר פעלו אז לנישול משפחתו מנכסיה. הוא מסיים את מכתבו עם התקווה שהאנשים בוורמס של היום הם אחרים. הוא נענה להזמנה רשמית לבקר בוורמס והיה לו קשה עם מספר אנשים בעיר. גליל;ים, גרמנית הדפסה, 14.6.1988."	German	1988-06-14	Typewritten	מכתב|Letter	Hans Mannheimer	Communication Document
IL-MTFN-001-G-F-0444-004-R0006	IL-MTFN-001-G-F-0444-004	correspondence	Correspondence on Mannheimer Family Property	Correspondence between Hans Mannheimer and Karl Theins regarding the Mannheimer family's property, especially the piano that was in their home. German typewritten, 1948.	Korrespondenz zwischen Hans Mannheimer und Karl Theins über das Eigentum der Familie Mannheimer, insbesondere das Klavier, das in ihrem Haus war. Deutsch Schreibmaschine, 1948.	התכתבות בין הנס מנהיימר וקרל תיינס Karl Theins בנושא רכוש משפחת מנהיימר ובמיוחד הפסנתר שהיה בביתם. גרמנית הדפסה, 1948.	German	1948	Typewritten	מכתב|Letter	Hans Mannheimer|Karl Theins	Communication Document
IL-MTFN-001-G-F-0444-007-R0009	IL-MTFN-001-G-F-0444-007	visit	Letter to Hans from Cousins, 1937	Letter, 1.12.1937, to Hans from his cousins Mary, Hilda, and Liesel, South Africa. Among other things: They love reading his interesting letters about Palestine and ask if he is still planning a journey on camels.	Brief, 1.12.1937, an Hans von seinen Cousinen Mary, Hilda und Liesel, Südafrika. Unter anderem: Sie lieben es, seine interessanten Briefe über Palästina zu lesen und fragen, ob er immer noch eine Reise auf Kamelen plant.	מכתב, 1.12.1937, אל הנס מאת בנות דודתו מרי, הילדה וליזל, דרום אפריקה. בין היתר: הן אוהבות לקרוא את מכתביו המעניינים על פלשתינה ושואלות אם הוא עדיין טוען מסע על גמלים.	Hebrew|German	1937-12-01	Handwritten	מכתב|Letter	Hans	Communication Document
IL-MTFN-001-G-F-0448-001-R0001	IL-MTFN-001-G-F-0448-001	memoir	Memories by Erich Kessel	Giora and Zipporah Rosenthal deposited 'Memories' (original print in German & translation into Hebrew) written by Erich Kessel, 1884;1968 Erich Kessel, Giora's uncle on his mother's side.	Giora und Zipporah Rosenthal hinterlegten 'Erinnerungen' (Originaldruck in Deutsch & Übersetzung ins Hebräische), geschrieben von Erich Kessel, 1884;1968 Erich Kessel, der Onkel von Giora mütterlicherseits.	גיורא וציפור רוזנטל הפקידו 'זיכרונות' (הדפסת מקור בגרמנית & תרגום לעברית) שכתב אריך קסל, 1884;1968 Erich Kessel, הדוד של גיורא מצד אמו.	German|Hebrew	1884	Typewritten	מסמך מתורגם|Translated Document	Erich Kessel	EgoDocument
IL-MTFN-001-G-F-0450-001-R0005	IL-MTFN-001-G-F-0450-001	visit	Israeli Passport of Lea Königsberg	2. Israeli passport of Lea Königsberg, with photo.	2. Israelischer Reisepass von Lea Königsberg, mit Foto.	2. דרכון ישראל, של לאה קניגסברג, עם תמונה.	Hebrew		Unknown	תעודה|Certificate	לאה קניגסברג	Certificate
IL-MTFN-001-G-F-0450-001-R0013	IL-MTFN-001-G-F-0450-001	papers	Family Album of Edna Brown	Small family album with photos of the baby, the child, Edna Brown, née Hoffman (estate administrator).	Kleines Familienalbum mit Fotos des Babys, des Kindes, Edna Braun, geborene Hoffman (Nachlassverwalterin).	אלבום משפחתי קטן בו תמונותיה של התינוקת, הילדה, עדנה בראון לבית הופמן (מפקידת העיזבון).	Unspecified		Visual Element	תצלום|Photograph	Edna Brown	Image
IL-MTFN-001-G-F-0451-001-R0001	IL-MTFN-001-G-F-0451-001	memoir,visit	זיכרונות יעקב כהן 1933-1939	Memories 1933;1939, written by Jacob Cohen in 1970, in German. He concludes his memories with his immigration to Israel. A broad description of what happened to him and his family, the community's property, his neighbors and acquaintances during Kristallnacht. Later, he lists several reasons that Jews believed were the cause of the pogrom, such as: the thugs wanted to neutralize everyone to get to the basement of champagne bottles. Others claimed the thugs were not from Mainz. Later, he describes the urgent organization of the community with its institutions after Kristallnacht. Description of the 'path of suffering' until he received permission to leave Germany, which involved large sums of money that he no longer had. The delays in obtaining an entry visa from the representations of many countries like France and the USA. During the period he was waiting for the opportunity for him and his family to leave Germany, he worked and helped the needy in a hospital and a nursing home. They arrived in Israel on the ship 'Marco Polo'; he notes that the food on this ship was not kosher.	Erinnerungen 1933;1939, geschrieben von Jakob Cohen im Jahr 1970, auf Deutsch. Er beendet seine Erinnerungen mit seiner Einwanderung nach Israel. Eine umfassende Beschreibung dessen, was ihm und seiner Familie widerfahren ist, des Eigentums der Gemeinde, seiner Nachbarn und Bekannten in der Kristallnacht. Später zählt er mehrere Gründe auf, die seiner Meinung nach Juden als Ursache für das Pogrom sahen, wie: Die Schläger wollten alle neutralisieren, um in den Keller der Champagnerflaschen zu gelangen. Andere behaupteten, die Schläger seien nicht aus Mainz. Später beschreibt er die dringende Organisation der Gemeinde mit ihren Institutionen nach der Kristallnacht. Beschreibung des „Leidenswegs“, bis er die Erlaubnis erhielt, Deutschland zu verlassen, was mit großen Geldsummen verbunden war, die er nicht mehr hatte. Die Verzögerungen bei der Erteilung eines Einreisevisums von den Vertretungen vieler Länder wie Frankreich und den USA. Während er auf die Möglichkeit wartete, Deutschland mit seiner Familie zu verlassen, arbeitete er und half Bedürftigen im Krankenhaus und im Altenheim. Sie kamen auf dem Schiff „Marco Polo“ nach Israel; er erwähnt, dass das Essen auf diesem Schiff nicht koscher war.	"זיכרונות 1933;1939, שכתב יעקב כהן בשנת 1970, בגרמנית. את זיכרונותיו הוא מסיים עם עליתו לארץ. תיאור רחב של הקורות אותו ואת משפחתו, את רכוש הקהילה, את שכניו ומכריו, בליל הבדולח. בהמשך הוא מונה מספר סיבות, שלדעת ם של יהודים היו הסיבה לפוגרום כמו: הקלגסים רצו לנטרל את כולם כדי להגיע למרתף בקבוקי השמפניה. אחרים טענו שהקלגסים לא היו בני מיינץ. בהמשך הוא מתאר את ההתארגנות הדוחקת של הקהילה על מוסדותיה אחרי ליל הבדולח. תיאור דרך ה""יסורים"" עד שקיבל את האישור לעזוב את גרמניה דבר שהיה כרוך בסכומים גדולים של כסף, שכבר לו היה ברשותו. הדחיות לקבל אשרת כניסה, מנציגויותיהן של מדינות רבות כמו צרפת וארה""ב. בתקופה שציפה לאפשרות לו ולמשפחתו לעזוב את גרמניה, עבד ועזר לנצרכים בבי""ח ובבית אבות.הם הגיעו לארץ על סיפונה שלהאניה ""מרקו;פולו""; הוא מציין, שהאוכל לא היה כשר על אוניה זאת."	German|גרמנית	1970	Handwritten	רשימות|Personal Notes	יעקב כהן	EgoDocument
IL-MTFN-001-G-F-0453-001-R0001	IL-MTFN-001-G-F-0453-001	visit	Pass and Identity Certificate for Wolff Lachmann	Magnificent pass and identity certificate for the 'traveling merchant' Wolff Lachmann. The document was issued in 1853 in Berlin. The document's dimensions are very large, parchment paper, with an illustration of the royal emblem of Prussia, from the reign of King Friedrich Wilhelm. The document contains a list of the identifying features of the document holder: age; height; hair color; forehead structure; eyebrow color; eye color; nose structure; mouth structure; chin structure; face structure; body structure. On the back of the document, the border crossings, date, and time that the aforementioned passed through are recorded.	Prächtiger Pass- und Identitätsausweis für den 'reisenden Händler' Wolff Lachmann. Das Dokument wurde 1853 in Berlin ausgestellt. Die Maße des Dokuments sind sehr groß, Pergamentpapier, mit einer Illustration des königlichen Wappens von Preußen, aus der Regierungszeit von König Friedrich Wilhelm. Auf dem Dokument befindet sich eine Liste mit den Erkennungsmerkmalen des Dokumententrägers: Alter; Größe; Haarfarbe; Stirnform; Augenbrauenfarbe; Augenfarbe; Nasenform; Mundform; Kinnform; Gesichtsform; Körperbau. Auf der Rückseite des Dokuments sind die Grenzübergänge, das Datum und die Uhrzeit vermerkt, die der oben genannte passiert hat.	תעודת מעבר וזהות מפוארת ל'סוחר נוסע' וולף לכמן Wolff Lachmann. המסמך הונפק ב-1853 בברלין. מידות המסמך גדולים מאד, נייר פרגמנט, עם אייור סמל המלכות של פרוסיה, תקופת מלכותו של המלך פרידריך וילהלם Friedrich Wilhelm. על המסמך רשימה עם סימני ההיכר של נושא המסמך: גיל; גובה; צבע שיער; מבנה המצח; צבע גבות; צבע עיניים; מבנה האף; מבנה הפה; מבנה הסנטר; מבנה הפנים; מבנה הגוף. בגב המסמך רשומים מעברי הגבול, התאריך והשעה, שהנ'ל עבר בהם.	German	1853	Print	תעודה|Certificate	Wolff Lachmann	Certificate
IL-MTFN-001-G-F-0453-001-R0002	IL-MTFN-001-G-F-0453-001	hometown	Lachmann Family Registration Document, 1862	Document from 1862 with the registration of all members of the Lachmann family with birth dates, religious affiliation, marital status, occupation, place of birth. The document was issued following the family's move from Przemeszno to Goerlich.	Dokument aus dem Jahr 1862 mit der Registrierung aller Mitglieder der Familie Lachmann mit Geburtsdaten, religiöser Zugehörigkeit, Familienstand, Beruf, Geburtsort. Das Dokument wurde nach dem Umzug der Familie von Przemeszno nach Goerlich ausgestellt.	מסמך מ-1862 עם רישום כל בני משפחת לכמן עם תאריכי לידה, שייכות דתית, מעמד משפחתי, משלח יד, מקום הלידה. המסמך הונפק בעקבות מעבר המשפחה מפרז'מז'נו Przemeszno לגורליך Goerlich.	Hebrew	1862	Unknown	Registry Certificate	Lachmann	Legal Document
IL-MTFN-001-G-F-0454-001-R0002	IL-MTFN-001-G-F-0454-001	visit	Birth Certificate for Walter Oppenheimer	Birth certificate for Walter Oppenheimer, his parents are the merchant Emil Oppenheimer and his mother Rosalia née Forst. The certificate was issued in 1934. (The issuance was probably done at the request of the registered, possibly in preparation for his departure from Germany / Nili)	Geburtsurkunde für Walter Oppenheimer, seine Eltern sind der Kaufmann Emil Oppenheimer und seine Mutter Rosalia geborene Forst. Das Zertifikat wurde 1934 ausgestellt. (Die Ausstellung erfolgte wahrscheinlich auf Antrag des Registrierten, möglicherweise als Vorbereitung auf seine Ausreise aus Deutschland / Nili)	"אישור/תעודת לידה לולטר אופנהיימר, הוריו הסוחר אמיל אופנהיימר ואמו רוזליה Rosalia לבית פורסט Forst. התעודה הונפקה ב-1934. (ההנפקה נעשתה ככל הנראה עפ""י בקשת הרשום אולי כהכנה לעזיבתו את גרמניה / נילי)"	German		Unknown	תעודה|Certificate	Walter Oppenheimer	Certificate
IL-MTFN-001-G-F-0454-001-R0003	IL-MTFN-001-G-F-0454-001	visit	German Citizenship Certificate for Walter Oppenheimer	German citizenship certificate for Walter Oppenheimer in Oberhausen. Issued in 1934. (The issuance was probably done at the request of the registered person, possibly in preparation for his departure from Germany / Nili)	Deutsche Staatsbürgerschaftsurkunde für Walter Oppenheimer in Oberhausen. Ausgestellt im Jahr 1934. (Die Ausstellung erfolgte wahrscheinlich auf Antrag des Registrierten, möglicherweise als Vorbereitung auf seine Ausreise aus Deutschland / Nili)	"תעודת אזרחות גרמנית לולטר אופנהיימר באוברהאוזן. הונפקה ב-1934. (ההנפקה נעשתה ככל הנראה עפ""י בקשת הרשום אולי כהכנה לעזיבתו את גרמניה / נילי)"	German	1934	Unknown	תעודה|Certificate	Walter Oppenheimer	Certificate
IL-MTFN-001-G-F-0456-001-R0010	IL-MTFN-001-G-F-0456-001	visit	דרכון לפריץ פרידריך האס	Passport for Fritz Friedrich Haas of the Free City of Danzig, issued on December 5, 1939, at the Polish Consulate in Tel Aviv. Between 1940 and 1947, 12 identical stamps of the Mandate Government for extending stay in Palestine were issued in the passport.	Reisepass für Fritz Friedrich Haas der Freien Stadt Danzig, ausgestellt am 5. Dezember 1939 im polnischen Konsulat in Tel Aviv. Zwischen 1940 und 1947 wurden im Reisepass 12 identische Stempel der Mandatsregierung zur Verlängerung des Aufenthalts in Palästina ausgestellt.	דרכון לפריץ פרידריך האס של העיר העצמאית דנציג Freie Stadt Danzig, שהונפק ב-5 לדצמבר 1939 בקונסוליה הפולנית בתל אביב. בין השנים 1940 ו1947 הונפקו בדרכון 12 חותמות זהות, של ממשלת המנדט להארכת שהות בפלשתינה.	German|עברית	1939-12-05	Print	תעודה|Certificate	פריץ פרידריך האס	Legal Document
IL-MTFN-001-G-F-0457-001-R0001	IL-MTFN-001-G-F-0457-001	memoir	Memory Book by Chava Wohl	Memory book in Hebrew, written by Chava Wohl, née Teplitz, 1919;2012, born in Kiel to a wealthy and educated Jewish family. The book was deposited in the Dafna Dor Museum, née Horn, the daughter of Ruth Horn, Chava Wohl's best friend since childhood.	Erinnerungsbuch auf Hebräisch, geschrieben von Chava Wohl, geborene Teplitz, 1919;2012, geboren in Kiel in eine wohlhabende und gebildete jüdische Familie. Das Buch wurde im Museum Dafna Dor, geborene Horn, der Tochter von Ruth Horn, Chava Wohls bester Freundin seit Kindheitstagen, hinterlegt.	ספר זכרונות בעברית, שכתבה חוה וול לבית טפליץ, 1919;2012, נולדה בקיל Kiel למשפחה יהודית אמידה ומשכילה. את הספר הפקידה במוזיאון דפנה דור, לבית הורן, הבת של רות הורן, חברתה הטובה של חוה וול מאז הילדות.	Hebrew	1919	Unknown	ספר זכרונות|Memory Book	Chava Wohl	EgoDocument
IL-MTFN-001-G-F-0459-012-R0002	IL-MTFN-001-G-F-0459-012	memoir,visit	Letter from Arie Goral to Adi, 1990	12.04.1990 Letter to Adi from Arie Goral, Hamburg, Germany. Among other things: Arie went to Germany, does not want to visit the country because as an emigrant he will have to deal with all the questions directed at emigrants. He paints and his works are exhibited in an exhibition in Hamburg. He recalls the past, which is difficult for him since he has always been an individualist, collaborated with the general public but did not belong to them. He dedicates much space to the Holocaust in Lithuania and Latvia. It seems he has a sincere and close friendship with Adi. German typewriting.	12.04.1990 Brief an Adi von Arie Goral, Hamburg, Deutschland. Unter anderem: Arie ging nach Deutschland, möchte das Land nicht besuchen, weil er als Auswanderer mit allen Fragen konfrontiert wird, die an Auswanderer gerichtet sind. Er malt und seine Werke werden in einer Ausstellung in Hamburg gezeigt. Er erinnert sich an die Vergangenheit, die ihm schwerfällt, da er schon immer ein Individualist war, mit der Allgemeinheit zusammenarbeitete, aber nicht zu ihnen gehörte. Er widmet der Shoah in Litauen und Lettland viel Raum. Es scheint, dass er eine aufrichtige und enge Freundschaft mit Adi hat. Deutsch Schreibmaschine.	12.04.1990 מכתב אל עדי מאת אריה גוראל, המבורג, גרמניה. בין היתר: אריה ירד לגרמניה, לא רוצה לבקר בארץ כי בהיותו יורד יצטרך להתמודד אם כל השאלות שמופנות אל יורדים. הוא מצייר ויצירותיו מוצגות בתערוכה בהמבורג. מעלה זכרונות מהעבר איתו קשה לו מאחר ומאז ומתמיד היה אינדיבידואליסט, שיתף פעולה עם הכלל אבל לא השתייך אליהם. מקדיש מקום רב לשואה בליטה ולטביה. נראה שיש לו יחסי ידידות כנים וקרובים אל עדי. גרמנית הדפסה.	German	1990-04-12	Typewritten	מכתב|Letter	Arie Goral	Communication Document
IL-MTFN-001-G-F-0459-013-R0015	IL-MTFN-001-G-F-0459-013	visit	Adi Nachmani's Letter on Israel's Path and Image	Photograph, letter dated 20.2.1986 in which Adi Nachmani writes about his own 'credo' regarding Israel's path, its stance against terror and terrorists, its foreign relations, and its image. The letter is a response to a letter/article that puts Israel on the defendant's bench. Adi writes the letter to Werner and Maria (without last name and without city/country), from whom he heard the criticism of Israel. German.	Fotografie, Brief vom 20.2.1986, in dem Adi Nachmani über seinen eigenen 'Glauben' in Bezug auf Israels Weg, ihren Widerstand gegen Terror und Terroristen, ihre Außenbeziehungen und ihr Image schreibt. Der Brief ist eine Antwort auf einen Brief/Artikel, der Israel auf die Anklagebank stellt. Adi schreibt den Brief an Werner und Maria (ohne Nachnamen und ohne Stadt/Land), von denen er die Kritik an Israel gehört hat. Deutsch.	צילום, מכתב 20.2.1986 שעדי נחמני כותב על ה'אני מאמין' של עצמו בכל שקשור לדרכה של ישראל, עמידתה כנגד הטרור והטרוריסטים, יחסי החוץ שלה ותדמיתה. המכתב, תגובה למכתב/מאמר, שמעמיד את ישראל על ספסל הנאשמים. את המכתב עדי כותב לורנר ומריה (ללא שם משפחה וללא עיר/ארץ), מהם שמע את הביקורת על ישראל. גרמנית.	German	1986-02-20	Unknown	מכתב|Letter	Adi Nachmani	Communication Document
IL-MTFN-001-G-F-0459-014-R0001	IL-MTFN-001-G-F-0459-014	memoir	Translation of Ze'ev Lisner's Memoirs	Correspondence on the subject: Translation of the memoirs of Ze'ev Lisner; Translation draft pages 98;216	Korrespondenz zum Thema: Übersetzung der Erinnerungen von Ze'ev Lisner; Übersetzungsentwurf Seiten 98;216	התכתבות בנושא: תרגום הזכרונות של זאב ליסנר; טיוטת התרגום עמודים 98;216	Hebrew		Unknown	מכתב|Letter	Ze'ev Lisner	EgoDocument
IL-MTFN-001-G-F-0459-016-R0002	IL-MTFN-001-G-F-0459-016	papers	Envelope No. 2 with Translations	"Envelope No. 2 with translations of: ""On the Explanation of the World"" by Bertolt Brecht, written in 1927; ""The Buddha's Parable of the Burning House"" by Bertolt Brecht; ""The Shy Word"" by Joachim Ringelnatz; ""The Ballad of the Emigrants"" by Rudolf Leonhard; ""A Little Novel"" by Erich Mühsam - a short list on the occasion of Samuel Beckett's death; A Little Parable; From Kafka's Estate; ""The Muse's Farewell to the Reader"" by Friedrich Schiller"	"Umschlag Nr. 2 mit Übersetzungen zu: ""Über die Erklärung der Welt"" von Bertolt Brecht, geschrieben 1927; ""Die Buddha-Fabel vom brennenden Haus"" von Bertolt Brecht; ""Das schüchterne Wort"" von Joachim Ringelnatz; ""Die Ballade der Auswanderer"" von Rudolf Leonhard; ""Kleiner Roman"" von Erich Mühsam - kurze Liste anlässlich des Todes von Samuel Beckett; Kleine Fabel; Aus Kafkas Nachlass; ""Abschied der Muse vom Leser"" von Friedrich Schiller"	"מעטפה מס. 2 עם תרגומים ל; ""על הסברת פניו של העולם"" מאת ברטולד ברכט כתב ב-1927; ""משל הבודהה על הבית הבוער"" מאת ברטולד ברכט; ""המילה הביישנית"" מאת יואכים רינגלנץ; ""הבלדה למהגרים"" מאת רודולף לאונהרד Leon Leonhard; ""רומן קטן"" מאת אריך מיזמ- רשימה קצרה לרגל מותו של סמואל בקט Samuel Beckett; משל קטן; מעזבונו של קפקא; ""פרידת המוזה מהקורא"" מאת פרידריך שילר"	Unspecified		Unknown	מעטפה|Envelope|מסמך מתורגם|Translated Document		Communication Document
IL-MTFN-001-G-F-0460-001-R0004	IL-MTFN-001-G-F-0460-001	visit	Letter from Ali Braun to his sisters	A letter in English sent by Ali Braun (Laci Braun) to his sisters. Content: Travel itinerary, explanations for photos, story about the family house in Slovakia and about the worldwide Maccabi organization. German typewritten, 14.12.1999.	Ein Brief auf Englisch, den Ali Braun (Laci Braun) an seine Schwestern geschickt hat. Inhalt: Reiseroute, Erklärungen zu Fotos, Geschichte über das Familienhaus in der Slowakei und über die weltweite Maccabi-Organisation. Deutsch maschinenschriftlich, 14.12.1999.	מכתב באנגלית ששלח עלי בראון (לצי בראון Laci Braun) לאחיותיו. בתוכן: מסלול טיול, הסברים לתמונות, סיפור על בית המשפחה בסלובקיה ועל ארגון מכבי העולמי. גרמנית הדפסה, 14.12.1999.	English|German	1999-12-14	Typewritten	מכתב|Letter	Ali Braun	Communication Document
IL-MTFN-001-G-F-0463-001-R0001	IL-MTFN-001-G-F-0463-001	memoir	Father's Memories by Hana Bastian	Hana Bastian sent by email her father's memories, which he wrote in 1975 in Hebrew.	Hana Bastian schickte per E-Mail die Erinnerungen ihres Vaters, die er 1975 auf Hebräisch schrieb.	"חנה בסטיאן שלחה בדוא""ל את זיכרונות אביה אותם כתב ב-1975 בעברית."	Hebrew	1975	Unknown	רשימות|Personal Notes		EgoDocument
IL-MTFN-001-G-F-0463-001-R0002	IL-MTFN-001-G-F-0463-001	memoir,visit	Memoirs of Community Rabbi and Cantors	In his memoirs, there is a reference to the community rabbi, Shlomo Breuer (the son-in-law of Raphael Hirsch), and the cantors Paschowitz and Steinberger. He expands in his writing: about the families on his father's side (Frankfurt) and his mother's side (Cologne). About the Jewish school he attended; civil German studies alongside religious studies. About the customs and liturgy in the synagogue.	In seinen Erinnerungen gibt es Hinweise auf den Gemeinderabbiner, Schlomo Breuer (der Schwiegersohn von Raphael Hirsch), und die Kantoren Paschowitz und Steinberger. Er erweitert seine Schriften: über die Familien väterlicherseits (Frankfurt) und mütterlicherseits (Köln). Über die jüdische Schule, die er besuchte; zivile deutsche Studien neben religiösen Studien. Über die Bräuche und Liturgie in der Synagoge.	"בזיכרונותיו יש התייחסות לרב הקהילה, שלמה ברויאר (החתן של רפאל הירש, ולחזנים פסחוביץ ושטינברגר. הוא מרחיב בכתיבתו:; על המשפחות מצד אביו (פרנקפורט) ואמו (קלן). על ביה""ס היהודי בו למד; לימודים אזרחיים-גרמנים לצד לימודי דת. על המנהגים והליטורגיה בבית הכנסת"	Hebrew		Unknown	רשימות|Personal Notes		EgoDocument
IL-MTFN-001-G-F-0469-003-R0003	IL-MTFN-001-G-F-0469-003	diary,visit	יומן נסיעה של שאול ברנהרד	Travel diary, written by Saul Bernhard in 1844. Handwritten in pencil.	Reisetagebuch, geschrieben von Saul Bernhard im Jahr 1844. Handschrift mit Bleistift.	יומן נסיעה, שכתב שאול ברנהרד בשנת 1844. כתב יד בעיפרון.	Hebrew	1844	Handwritten	יומן|Diary	שאול ברנהרד	EgoDocument
IL-MTFN-001-G-F-0469-003-R0005	IL-MTFN-001-G-F-0469-003	diary	War Diary, Franco-Prussian War 1870/71	War diary, Franco-Prussian War 1870/71. It is not known who wrote the diary. The diary is written in Gothic German handwriting. A rewritten version of the diary in readable German is attached to the diary.	Kriegstagebuch, Deutsch-Französischer Krieg 1870/71. Es ist nicht bekannt, wer das Tagebuch geschrieben hat. Das Tagebuch ist in gotischer deutscher Handschrift geschrieben. Dem Tagebuch ist eine Umschrift des Tagebuchs in lesbarer deutscher Schrift beigefügt.	יומן מלחמה, מלחמת גרמניה צרפת 1870/71. לא ידוע מי כתב את היומן. היומן כתוב גרמנית גותית, כתב יד. אל היומן מצורפת עבודת שכתוב של היומן בגרמנית קריאה.	German		Handwritten	יומן|Diary		EgoDocument
IL-MTFN-001-G-F-0469-008-R0006	IL-MTFN-001-G-F-0469-008	visit	German Passport of Eva and Ernst Bernhard	Photographs, the German passport of Eva and Ernst Bernhard with the added names Israel and Sarah and with the letter J.	Fotos, der deutsche Reisepass von Eva und Ernst Bernhard mit den zusätzlichen Namen Israel und Sarah und mit dem Buchstaben J.	צילומים, הדרכון הגרמני של אווה וארנסט ברנהרד עם תוספת השמות ישראל ושרה ועם האות J.	German		Unknown	Passport	אווה וארנסט ברנהרד	Legal Document
IL-MTFN-001-G-F-0469-008-R0009	IL-MTFN-001-G-F-0469-008	papers	Three Letters Confirming Receipt of Estate Documents	Photograph, three letters 1948; 1963; 1964 confirming that Yosef Athai received estate documents and that they are kept in the General Archive of the History of Israel.	Fotografie, drei Briefe 1948; 1963; 1964, die bestätigen, dass Joseph Athaï Nachlassdokumente erhalten hat und dass sie im Allgemeinen Archiv der Geschichte Israels aufbewahrt werden.	צילום, שלושה מכתבים 1948; 1963 ;1964 שמאשרים ליוסף אתאי קבלת מסמכי עיזבון והמצאותם בארכיון הכללי לתולדות ישראל.	Hebrew		Unknown	מכתב|Letter	יוסף אתאי	Communication Document
IL-MTFN-001-G-F-0469-008-R0010	IL-MTFN-001-G-F-0469-008	correspondence	Correspondence with German Archives	Photograph, correspondence with archives in Germany, 1980s and 1990s of the 20th century.	Fotografie, Korrespondenz mit Archiven in Deutschland, 80er und 90er Jahre des 20. Jahrhunderts.	צילום, התכתבות עם ארכיונים בגרמניה, שנות ה;80 וה;90 למאה ה;20.	Hebrew|German		Unknown	מכתב|Letter		Communication Document
IL-MTFN-001-G-F-0470-003-R0007	IL-MTFN-001-G-F-0470-003	visit	Letters to Miriam from Charles Baer	Letters to Miriam from Charles Baer, USA, 1959 & 1967. Among other things: family, children, trips to Europe. It can be understood that the acquaintance between the two is long-standing. German typewritten.	Briefe an Miriam von Charles Baer, USA, 1959 & 1967. Unter anderem: Familie, Kinder, Reisen nach Europa. Es ist ersichtlich, dass die Bekanntschaft zwischen den beiden langjährig ist. Deutsch Schreibmaschine.	"1959 & 1967 מכתבים אל מרים מאת צ'רלס בר Charles Baer, ארה""ב. בין היתר: משפחה, ילדים, נסיעות לאירופה. ניתן להבין שההיכרות בין השנים היא ארוכת שנים. גרמנית הדפסה."	German	1959	Typewritten	מכתב|Letter	Charles Baer	Communication Document
IL-MTFN-001-G-F-0470-003-R0008	IL-MTFN-001-G-F-0470-003	correspondence,papers	Correspondence between Miriam and the National Library regarding Julius Hilzen's estate	1980s of the 20th century, correspondence between Miriam and the National and University Library in Jerusalem regarding the estate documents of Julius Hilzen that Miriam deposited with them. A list of the materials Miriam deposited is attached; most of them are about the study of Jewish cemeteries and the ancient Jewish community of Frankfurt am Main.	1980er Jahre des 20. Jahrhunderts, Korrespondenz zwischen Miriam und der National- und Universitätsbibliothek in Jerusalem bezüglich der Nachlassdokumente von Julius Hilzen, die Miriam dort hinterlegt hat. Eine Liste der von Miriam hinterlegten Materialien ist beigefügt; die meisten davon betreffen die Erforschung jüdischer Friedhöfe und die alte jüdische Gemeinde von Frankfurt am Main.	שנות ה-80 למאה ה-20, התכתבות בין מרים ובית הספרים הלאומי והאוניברסיטאי בירושלים בקשר למסמכי עיזבון יוליוס הילזן שמרים הפקידה אצלם. מצורפת רשימה של החומרים שמרים הפקידה; מרביתם בנושא חקר בתי קברות יהודים והקהילה היהודית העתיקה של פרנקפורט על המיין.	Hebrew	1980	Typewritten	מכתב|Letter|רשימה|List	Julius Hilzen	Communication Document
IL-MTFN-001-G-F-0470-004-R0008	IL-MTFN-001-G-F-0470-004	visit	Invitations to Cultural Tours by Prof. Dr. Julius Hilzen	Invitations to cultural tours under the guidance of Prof. Dr. Julius Hilzen. 1931.	Einladungen zu Kulturreisen unter der Leitung von Prof. Dr. Julius Hilzen. 1931.	"הזמנות לטיולי תרבות בהדרכתו של פרופ' ד""ר יוליוס הילזן. 1931."	German	1931	Unknown	הזמנה|Invitation	יוליוס הילזן	Ephemera
IL-MTFN-001-G-F-0470-007-R0002	IL-MTFN-001-G-F-0470-007	visit	Letter from Julius Hilzen to Mrs. Goldschmidt, 1917	"12.4.1917 Letter to Mrs. Goldschmidt from Julius Hilzen, Frankfurt am Main. Among other things: He praises her for her interest and enthusiasm in studying the ""treasures"" offered by the Schinkel collection in Berlin. She reminds him of himself in the past days when he first encountered the works. He writes that his nanny has come to visit. His sister is pleased with her offer to buy fabrics for dresses and that the fabric should be dark blue. The type of fabric his sister entrusts to her (Goldschmidt). Handwritten in German. The letter was printed in the original language, German, by Miriam Polin. Summary in Hebrew: Nili Davidson."	"12.4.1917 Brief an Frau Goldschmidt von Julius Hilzen, Frankfurt am Main. Unter anderem: Er lobt sie für ihr Interesse und ihre Begeisterung beim Studium der ""Schätze"", die die Schinkel-Sammlung in Berlin bietet. Sie erinnert ihn an sich selbst in früheren Tagen, als er die Werke zum ersten Mal traf. Er schreibt, dass sein Kindermädchen zu Besuch gekommen ist. Seine Schwester freut sich über ihr Angebot, Stoffe für Kleider zu kaufen, und dass der Stoff dunkelblau sein soll. Die Art des Stoffes überlässt seine Schwester ihr (Goldschmidt). Handschrift auf Deutsch. Der Brief wurde im Original, Deutsch, von Miriam Polin gedruckt. Zusammenfassung auf Hebräisch: Nili Davidson."	"12.4.1917 מכתב אל גב' גולדשמידט מאת יוליוס הילזן, פרנקפורט על המיין. בין היתר: הוא משבח אותה על התעניינותה והתלהבותה בלימוד ה,אוצרות"" שמציע אוסף שינקל Schinkel בברלין. היא מזכירה לו את עצמו בימים עברו כאשר נפגש לראשונה עם היצירות. כותב שהאמה Kindermädchen שלו הגיעה לביקור. אחותו שמחה להצעתה לקנות בדים לשמלות והיא שהבד יהיה בצבע כחול כהה. את סוג הבד אחותו מפקידה בידיה (של גולדשמידט). גרמנית כתב יד. המכתב הודפס בשפת המקור, גרמנית, ע""י מרים פולין. סיכום בעברית: נילי דוידסון."	German|Hebrew	1917-04-12	Handwritten	מכתב|Letter	Julius Hilzen	Communication Document
IL-MTFN-001-G-F-0471-001-R0001	IL-MTFN-001-G-F-0471-001	memoir	Memoirs of Rudolf Moz from 1931/32	Rudolf Moz wrote his memoirs from the years 1931/32, 1700 pages. The memoirs were written in the years 1934;1944. Describes the period before Hitler's rise to power. Among other things: refers to Hitler, Hindenburg, the Communists. Expands on the Salamander shoe factory, which his family was among the founders and managers of. The material relates to activities in Germany and Europe. There is no mention of Israel.	Rudolf Moz schrieb seine Erinnerungen aus den Jahren 1931/32, 1700 Seiten. Die Erinnerungen wurden in den Jahren 1934;1944 geschrieben. Beschreibt die Zeit vor Hitlers Machtergreifung. Unter anderem: bezieht sich auf Hitler, Hindenburg, die Kommunisten. Erweitert über die Schuhfabrik Salamander, deren Mitbegründer und Manager seine Familie war. Das Material bezieht sich auf Aktivitäten in Deutschland und Europa. Es gibt keinen Hinweis auf Israel.	רודולף מוז כתב את זכרונותיו מהשנים 1931/32 1700 עמודים. את הזכרונות כתב בשנים 1934;1944. מתאר את התקופה טרום עליית היטלר לשלטון. בין היתר: מתייחס להיטלר להינדנבורג לקומוניסטים. מרחיב לכתוב על מפעל הנעליים סלמנדרה, שמשפחתו היתה בין המייסדים והמנהלים שלה. החומר מיוחס לפעילות בגרמניה ואירופה. אין איזכור לישראל.	German	1934	Unknown	רשימות|Personal Notes	Rudolf Moz	EgoDocument
IL-MTFN-001-G-F-0474-001-R0001	IL-MTFN-001-G-F-0474-001	memoir	Memory Book by German Emigrant Girls	Memory book in which girls wrote between 1938 and 1941, no illustrations. The memories from 1940 were written by girls, emigrants from Germany to Australia.	Erinnerungsbuch, in dem Mädchen zwischen 1938 und 1941 schrieben, keine Illustrationen. Die Erinnerungen aus dem Jahr 1940 wurden von Mädchen geschrieben, die aus Deutschland nach Australien emigrierten.	"ספר זכרונות בו כתבו בנות בין השנים 1938; 1941, אין איורים. הזכרונות משנת 1940 נכתבו ע""י ילדות, מהגרות מגרמניה לאוסטרליה."	Hebrew|German	1940	Handwritten	ספר זכרונות|Memory Book		EgoDocument
IL-MTFN-001-G-F-0474-001-R0004	IL-MTFN-001-G-F-0474-001	correspondence	Email Correspondence with Paula Boltman and Synagogue Photographs	The email correspondence with Paula Boltman; 1935, Hamburg, copies of photographs of the Papagoyen Synagogue, during the 250th anniversary celebrations of the synagogue.	Die Korrespondenz per E-Mail mit Paula Boltman; 1935, Hamburg, Kopien von Fotografien der Papagoyen-Synagoge, bei den 250-Jahr-Feierlichkeiten der Synagoge.	"ההתכתבות בדוא""ל עם פאולה בולטמן; 1935, המבורג Hamburg, העתקים של צילומים של בית כנסת Papagoyen Synagoge, בחגיגות 250 לבית הכנסת."	Hebrew|German	1935	Unknown	דוא׳ל|Email|תצלום|Photograph		Communication Document
IL-MTFN-001-G-F-0475-001-R0003	IL-MTFN-001-G-F-0475-001	memoir	Memory Book of Carola	Memory book of Carola, written between the years 1918 and 1929. The book was given to her as a gift by her sister Helena.	Erinnerungsbuch von Carola, geschrieben zwischen den Jahren 1918 und 1929. Das Buch wurde ihr von ihrer Schwester Helena geschenkt.	"ספר זכרונות של קרולה, הכתיבה בין השנים 1918;1929. הספר ניתן לה במתנה ע""י אחותה הלנה."	Unspecified	1918	Unknown	ספר זכרונות|Memory Book	Carola	EgoDocument
IL-MTFN-001-G-F-0478-001-R0002	IL-MTFN-001-G-F-0478-001	memoir,papers	זיכרונות גרטרוד מאייר	A printed collection, German, the memories of Gertrud Meyer from childhood, youth, and profession. The source for the printing is from the notes of Gertrud Meyer, found in her estate. Edited/printed in 1951. Total of 127 pages.	Eine gedruckte Sammlung, Deutsch, die Erinnerungen von Gertrud Meyer aus Kindheit, Jugend und Beruf. Die Quelle für den Druck sind aus den Notizen von Gertrud Meyer, die in ihrem Nachlass gefunden wurden. Die Bearbeitung/Druck von 1951. Insgesamt 127 Seiten.	"אסופה מודפסת, גרמנית, הזיכרונות של גרטרוד מאייר מהילדות, הנעורים והמקצוע. המקור להדפסה הם מתוך רשימותיה של גרטרוד מאייר, אשר נמצאו בעיזבונה. העריכה/הדפסה מ-1951. סה""כ 127 עמודים."	German		Print	מסמך מתורגם|Translated Document	גרטרוד מאייר	EgoDocument
IL-MTFN-001-G-F-0478-007-R0001	IL-MTFN-001-G-F-0478-007	correspondence	Correspondence between Andreas Meyer and Peter Jaffe, November 1979	2 letters, correspondence between Andreas Meyer and his relative, Peter Jaffe. November 1979. German typewritten.	2 Briefe, Korrespondenz zwischen Andreas Meyer und seinem Verwandten, Peter Jaffe. November 1979. Deutsch Maschinenschrift.	2 מכתבים, התכתבות בין אנדראס מאייר וקרוב משפחתו, פטר יפה Peter Jaffe. נובמבר 1979. גרמנית הדפסה.	German	1979-11	Typewritten	מכתב|Letter		Communication Document
IL-MTFN-001-G-F-0478-008-R0005	IL-MTFN-001-G-F-0478-008	memoir	Writing by Justus on Hermann Lietz's Book	19.10.1992 Writing by Justus referring to the book by Hermann Lietz, Life Memories. German, typewritten, 5 pages.	19.10.1992 Schreiben von Justus unter Bezugnahme auf das Buch von Hermann Lietz, Lebenserinnerungen. Deutsch, Maschinenschrift, 5 Seiten.	19.10.1992 כתיבה של יוסטוס תוך התייחסות לספרו של הרמן ליץ Hermann Lietz, זיכרונות חיים Lebenserinnerungen. גרמנית הדפסה, 5 עמודים.	German	1992-10-19	Typewritten	Letter	Hermann Lietz	EgoDocument
IL-MTFN-001-G-F-0478-010-R0004	IL-MTFN-001-G-F-0478-010	correspondence	Correspondence between Otto Mayer and Jüdischer Kulturbund	June; September 1937 Correspondence between Otto Mayer and the Jewish Cultural Association Jüdischer Kulturbund in East Westphalia, following Otto Mayer's resignation as director of the association in Rheda.	Juni; September 1937 Korrespondenz zwischen Otto Mayer und dem jüdischen Kulturbund in Ostwestfalen, nach dem Rücktritt von Otto Mayer als Leiter des Bundes in Rheda.	יוני;ספטמבר 1937 התכתבות בין אוטו מאייר וחוג התרבות היהודי Jüdischer Kulturbund במזרח וסטפליה, בעקבות התפטרותו של אוטו מאייר מתפקידו כמנהל החוג ברדה Rheda.	German|Hebrew	1937	Unknown	מכתב|Letter	Otto Mayer	Communication Document
IL-MTFN-001-G-F-0478-010-R0005	IL-MTFN-001-G-F-0478-010	correspondence	Correspondence with Otto Mayer regarding donations	5.7.1937 & 7.7.1937 Keren Hayesod, Cologne, Germany, thank Otto Mayer for his monthly donation of 5 RM and hope that he will continue the habit for the building of Palestine. Otto replies to them that he will continue to donate until his immigration to Palestine, provided the money is available.	5.7.1937 & 7.7.1937 Keren Hayesod, Köln, Deutschland, danken Otto Mayer für seine monatliche Spende von 5 RM und hoffen, dass er die Gewohnheit fortsetzt, um den Aufbau Palästinas zu unterstützen. Otto antwortet ihnen, dass er weiterhin spenden wird, bis er nach Palästina auswandert, vorausgesetzt, das Geld ist verfügbar.	5.7.1937 & 7.7.1937 קרן היסוד, קלן גרמניה, מודים לאוטו מאייר על תרומתו החודשית של 5 RM ומקווים שימשיך במנהג למען בנייתה של פלשתינה. אוטו עונה להם, שימשיך להעלות תרומה עד להגירתו לפלשתינה ובתנאי ,שהכסף יהיה מצוי בידו.	Hebrew|German	1937-07-07	Typewritten	מכתב|Letter	Otto Mayer	Communication Document
IL-MTFN-001-G-F-0478-010-R0006	IL-MTFN-001-G-F-0478-010	correspondence	Correspondence between the Zionist Organization in Germany and Otto Mayer, 1937	"April; July 1937 Correspondence between the Zionist Organization in Germany and Otto Mayer, who was appointed by KKL as the local manager of ""Shekel"" in Rheda."	"April; Juli 1937 Korrespondenz zwischen der zionistischen Organisation in Deutschland und Otto Mayer, der von KKL zum lokalen Leiter von ""Shekel"" in Rheda ernannt wurde."	"אפריל; יולי 1937 התכתבות בין ההסתדרות הציונית בגרמניה ואוטו מאייר, אשר נבחר מטעם קק""ל למנהל המקומי של ""שקל"" ברדה Rheda."	Hebrew|German	1937-04	Unknown	מכתב|Letter	Otto Mayer	Communication Document
IL-MTFN-001-G-F-0478-011-R0002	IL-MTFN-001-G-F-0478-011	correspondence	Correspondence with The South African Binjan Mortgage Co. Ltd	September 1946; April 1947 Correspondence with The South African Binjan Mortgage Co. Ltd; Haifa / South African Building Mortgage Company.	September 1946; April 1947 Korrespondenz mit The South African Binjan Mortgage Co. Ltd; Haifa / Südafrikanische Bauhypotheken-Gesellschaft.	ספטמבר 1946; אפריל 1947 התכתבות עם The South African Binjan Mortgage Co. Ltd; Haifa / חברת דרום אפריקה בנין למשכנתאות.	English|Hebrew	1946-09	Unknown	מכתב|Letter	The South African Binjan Mortgage Co. Ltd	Communication Document
IL-MTFN-001-G-F-0480-001-R0001	IL-MTFN-001-G-F-0480-001	memoir	Memory Book of Willy Schmelinsky	Memory book of Willy Schmelinsky. Little writing in the book, between the years 1895 and 1897.	Erinnerungsbuch von Willy Schmelinsky. Wenig Schrift im Buch, zwischen den Jahren 1895 und 1897.	ספר זכרונות של וילי שמלינסקי. מעט כתיבה בספר, בין השנים 1895 ו;1897.	Unspecified	1895	Unknown	ספר זכרונות|Memory Book	Willy Schmelinsky	EgoDocument
IL-MTFN-001-G-F-0480-001-R0016	IL-MTFN-001-G-F-0480-001	papers	Portraits and Memorial of Willy Behmak	2 portrait photos of Willy Behmak, a death notice, and an article in his memory. Willy Behmak was the beloved of Edith Weiss, Willy was killed in World War I and Edith kept the photos and articles all her life; they were found in her estate after her death.	2 Porträtfotos von Willy Behmak, eine Todesanzeige und ein Artikel zu seinem Gedenken. Willy Behmak war die große Liebe von Edith Weiss, Willy wurde im Ersten Weltkrieg getötet und Edith bewahrte die Fotos und Artikel ihr ganzes Leben lang auf; sie wurden in ihrem Nachlass nach ihrem Tod gefunden.	"2 תמונות דיוקן, של וילי בהמק Willy Behmak, מודעת אבל ומאמר לזכרו של וילי בהמק. וילי בהמק היה אהוב ליבה של אדית וייס, וילי נהרג במלח""ע I ואדית שמרה על התמונות והמאמרים כל חייה; הם נמצאו בעיזבונה אחרי מותה."	Hebrew|German		Unknown	תצלום|Photograph|מודעת אבל|Death Notice|מאמר|Article	Willy Behmak	Image|Ephemera
IL-MTFN-001-G-F-0483-008-R0010	IL-MTFN-001-G-F-0483-008	correspondence	Letter from Avraham and Recha	Without a date, it is not possible to identify to whom the letter is addressed. From Avraham, Recha, among other things, Avraham writes about correspondence with relatives who are under Nazi rule. One page, handwritten, German.	Ohne Datum kann nicht erkannt werden, an wen der Brief gerichtet ist. Von Avraham, Recha, unter anderem schreibt Avraham über Korrespondenz mit Verwandten, die unter der Nazi-Herrschaft stehen. Eine Seite, Handschrift, Deutsch.	בלי תאריך לא ניתן לזהות למי פונה המכתב. מאת אברהם Avraham, ורכה Recha, בין היתר כותב אברהם על תכתובת עם קרובי משפחה שנמצאים מתחת השלטון הנאצי. דף אחד, כתב יד, גרמנית.	German		Handwritten	מכתב|Letter	Avraham	Communication Document
IL-MTFN-001-G-F-0483-008-R0014	IL-MTFN-001-G-F-0483-008	visit	Biography and Request by Avraham Frank	23.03.1939 by Avraham Frank. Avraham writes his biography, mentioning the schools he attended and requesting to be taught painting and carpentry. Handwritten, Hebrew.	23.03.1939 von Avraham Frank. Avraham schreibt seine Lebensgeschichte, mit Angabe der Schulen, die er besucht hat, und bittet um Unterricht in Malerei und Tischlerei. Handschrift, Hebräisch.	23.03.1939 מאת אברהם פרנק. אברהם כותב את קורות חייו, עם ציון בתי ספר בהם הוא למד ובקשה ללמדו ציור ונגרות. כתב יד, עברית.	Hebrew	1939-03-23	Handwritten	קורות חיים|Biography	Avraham Frank	EgoDocument
IL-MTFN-001-G-F-0483-008-R0015	IL-MTFN-001-G-F-0483-008	visit	Abraham's Travel Description in the USA	Abraham describes a trip to famous sites in the USA with time indications such as hours and days. 2 pages, handwritten, German.	Abraham beschreibt eine Reise zu berühmten Orten in den USA mit Zeitangaben wie Stunden und Tagen. 2 Seiten, Handschrift, Deutsch.	"19.021.1951 אברהם מתאר נסיע לאתרים מפורסמים בארה""ב עם ציון זמנים כמו שעות וימים. 2 דפים, כתב יד, גרמנית."	German	1951-02-19	Handwritten	מכתב|Letter	אברהם	EgoDocument
IL-MTFN-001-G-F-0483-009-R0003	IL-MTFN-001-G-F-0483-009	visit	Letters from Marita to Abraham Frank, 1950	1950 Marita to Abraham Frank, letters with personal content while they were in the USA and he was on business trips, handwritten, German.	1950 Marita an Abraham Frank, Briefe mit persönlichem Inhalt während ihres Aufenthalts in den USA und seiner Geschäftsreisen, Handschrift, Deutsch.	"1950 מריטה לאברהם פרנק, מכתבים עם תוכן אישי בזמן שהם שהו בארה""ב והוא היה בנסיעות מהעבודה, כתב יד, גרמנית."	German	1950	Handwritten	מכתב|Letter	Abraham Frank	EgoDocument
IL-MTFN-001-G-F-0483-011-R0008	IL-MTFN-001-G-F-0483-011	memoir	Bar Mitzvah Memory Book 1969	1969 Bar Mitzvah memory book without inscription.	1969 Bar-Mizwa-Erinnerungsbuch ohne Beschriftung.	1969 ספר זיכרונות של בר מצווה בלי כיתוב.	Unspecified	1969	Unknown	ספר זכרונות|Memory Book		Memory Book
IL-MTFN-001-G-F-0483-012-R0003	IL-MTFN-001-G-F-0483-012	memoir	Memories of Meli Yaros on Zvi Dushnitzki's Fall	Memories of Meli Yaros about the fall of Zvi Dushnitzki in the War of Independence; 1996	Erinnerungen von Meli Yaros über den Tod von Zvi Dushnitzki im Unabhängigkeitskrieg; 1996	זיכרונות של מלי ירוס על נפילתו של צבי דושניצקי במלחמת השחרור; ,1996	Hebrew	1996	Unknown	Testimony	Meli Yaros	EgoDocument
IL-MTFN-001-G-F-0483-013-R0011	IL-MTFN-001-G-F-0483-013	visit	Business Card of Dr. Yosef Shapir	Business card of Dr. Yosef Shapir.	Visitenkarte von Dr. Josef Shapir.	"כרטיס ביקור של ד""ר יוסף שפיער."	Unspecified		Unknown	כרטיס ביקור|Business Card	יוסף שפיער	EgoDocument
IL-MTFN-001-G-F-0483-018-R0001	IL-MTFN-001-G-F-0483-018	visit	Pictures of Avraham Frank and Friends	"1944 – 1955 Pictures of Avraham Frank and friends on trips in the country, including a picture of the arrival of the immigrant ship ""The United Nations"" on 01.01.1948 on the shores of Nahariya."	"1944 – 1955 Bilder von Avraham Frank und Freunden auf Reisen im Land, darunter ein Bild der Ankunft des Einwanderungsschiffs ""Die Vereinten Nationen"" am 01.01.1948 an den Küsten von Nahariya."	"1944 – 1955 תמונות של אברהם פרנק וחברים בטיולים בארץ בין היתר תמונה של ההגעה אונית המעפילים ""האומות המאוחדות"" ב 01.01.1948 בחופי נהריה."	Unspecified		Visual Element	תצלום|Photograph	אברהם פרנק	Image
IL-MTFN-001-G-F-0483-021-R0006	IL-MTFN-001-G-F-0483-021	visit	Business Cards and Childhood Drawings by Abraham Frank	Various business cards of the Frank family, Fürth, Spier, and others, drawings and birthday greetings from relatives painted by Abraham Frank in his childhood.	Verschiedene Visitenkarten der Familie Frank, Fürth, Spier und andere, Zeichnungen und Geburtstagsgrüße von Verwandten, die Abraham Frank in seiner Kindheit gemalt hat.	,כרטיסי ביקור שונים של משפחת פרנק Frank, פירט Fürth, שפיער Spier, ואחרימ- ,ציורים וברכות ליום הולדת של קרובי משפחה שצייר אברהם פרנק בילדותו;	Hebrew|German|Other		Unknown	כרטיס ביקור|Business Card|ציור|Painting|כרטיס ברכה|Greeting Card	Abraham Frank	EgoDocument
IL-MTFN-001-G-F-0483-022-R0003	IL-MTFN-001-G-F-0483-022	correspondence	Correspondence with Schechter Institute on Passover Haggadot Sale	2008 Correspondence with the Schechter Institute for Jewish Studies about the sale of Passover Haggadot.	2008 Korrespondenz mit dem Schechter-Institut für Jüdische Studien über den Verkauf von Pessach-Haggadot.	2008 התכתבות עם מכון שכטר למדעי היהדות על מכירת הגדות של פסח.	Hebrew	2008	Unknown	מכתב|Letter	מכון שכטר למדעי היהדות	Communication Document
IL-MTFN-001-G-F-0483-022-R0005	IL-MTFN-001-G-F-0483-022	visit	Personal Writing on Trip to Spain	25.08.1987 Personal writing about a trip to Spain, handwritten, Hebrew.	25.08.1987 Persönliches Schreiben über eine Reise nach Spanien, Handschrift, Hebräisch.	25.08.1987 כתיבה אישית על טיול בספרד, כתב יד, עברית.	Hebrew	1987-08-25	Handwritten	רשימות|Personal Notes		EgoDocument
IL-MTFN-001-G-F-0489-001-R0001	IL-MTFN-001-G-F-0489-001	memoir	Childhood Memories by Esther Kalwari	Copy of, Childhood Memories, Childhood Memories, German typewritten, 49 pages. In her writing in German, Esther Kalwari uses Hebrew words and also writes them in Hebrew, for example: 'Chazan', 'Shabbat', 'Mincha and Maariv', and more.	Kopie von, Kindheitserinnerungen, Kindheitserinnerungen, Deutsch Schreibmaschine, 49 Seiten. In ihrem Schreiben in deutscher Sprache verwendet Esther Kalwari hebräische Wörter und schreibt sie auch auf Hebräisch, zum Beispiel: 'Chasan', 'Schabbat', 'Mincha und Maariv', und mehr.	העתק של, Kindheitserinnrungen, זכרונות ילדות, גרמנית הדפסה, 49 עמודים. בכתיבתה בשפה הגרמנית משתמשת אסתר קלוורי במילים עבריות וגם כותבת אותן בעברית למשל: 'חזן', 'שבת', ' מנחה ומעריב', ועוד.	German|Hebrew		Typewritten	מסמך מתורגם|Translated Document	Esther Kalwari	EgoDocument
IL-MTFN-001-G-F-0489-001-R0002	IL-MTFN-001-G-F-0489-001	memoir	Seminar Paper by Miriam Peleg: Memories of Esther Kalwari	"Seminar paper, written by Miriam Peleg at the University of Haifa in 2005 with the title: ""Following a Manuscript in My Family: Memories of Esther Kalwari"". Hebrew typewritten."	"Seminararbeit, geschrieben von Miriam Peleg an der Universität Haifa im Jahr 2005 mit dem Titel: ""Auf den Spuren eines Manuskripts in meiner Familie: Erinnerungen an Esther Kalwari"". Hebräisch Maschinenschrift."	"עבודה סמינריונית, שכתבה מרים פלג באוניברסיטת חיפה ב-2005 עם הכותרת: ""בעקבות כתב-יד במשפחתי: זכרונות אסתר קלוורי"". עברית הדפסה."	Hebrew	2005	Typewritten	מסמך מתורגם|Translated Document	Esther Kalwari	EgoDocument
IL-MTFN-001-G-F-0489-001-R0011	IL-MTFN-001-G-F-0489-001	memoir	Bulletin for Friends of the Leo Baeck Institute	Bulletin for Friends of the Leo Baeck Institute with Childhood Memories of Esther Kalvari, German, total 8 pages, year 1959.	Bulletin für Freunde des Leo Baeck Instituts mit Kindheitserinnerungen von Esther Kalvari, Deutsch, insgesamt 8 Seiten, Jahr 1959.	"חוברת Bulletin לידידי מכון לאו בק עם זיכרונות הילדות של אסתר קלוורי, גרמנית, סה""כ 8 עמודים, שנת 1959."	German	1959	Print	חוברת|Booklet	Esther Kalvari	Creative Nonfiction
IL-MTFN-001-G-F-0489-001-R0012	IL-MTFN-001-G-F-0489-001	diary,visit	Travel Diary to Scandinavia for Moses and Rosalia's Silver Wedding Anniversary	Travel diary to Scandinavia on the occasion of the silver wedding anniversary of Moses and Rosalia, unknown couple. German handwriting (hard to read), no date.	Reisetagebuch nach Skandinavien anlässlich der Silberhochzeit von Moses und Rosalia, unbekanntes Paar. Deutsche Handschrift (schwer lesbar), ohne Datum.	יומן נסיעה לסקנדינביה לרגל חתונת הכסף Silberhochzeit של משה ורוזליה Moses & Rosalia, לא ידוע מי הזוג. גרמנית כתב יד (קשה לקריאה), ללא תאריך.	German		Handwritten	יומן|Diary		EgoDocument
IL-MTFN-001-G-F-0489-003-R0008	IL-MTFN-001-G-F-0489-003	visit	Visa Application Form by Ernst Josef Nathan	Visa application form; to return to Israel after a stay in South Africa, by Ernst Josef Nathan. The application was written during the British Mandate.	Antragsformular für ein Visum; Rückkehr nach Israel nach einem Aufenthalt in Südafrika, von Ernst Josef Nathan. Der Antrag wurde während des britischen Mandats geschrieben.	טופס בקשה לויזה; לשוב לישראל אחרי שהות בדרום אפריקה, של ארנסט יוסף נתן. הבקשה נכתבה בעת המנדט האנגלי.	Hebrew		Typewritten	טופס|Form	ארנסט יוסף נתן	Application
IL-MTFN-001-G-F-0490-002-R0012	IL-MTFN-001-G-F-0490-002	visit	Travel Permit for Arthur Weiler	05.05.1917, Glasewald, travel permit, from military camp, for Arthur Weiler traveling to a field hospital, handwritten, German	05.05.1917, Glasewald, Reisegenehmigung, vom Militärlager, für Arthur Weiler, der zu einem Feldlazarett reist, Handschrift, Deutsch	05.05.1917, גלאזוואלד, Glasewald, אישור נסיע ,מראפה צבאי, עבור ארתור ויילר שנוסע לבית חולים שדה, כתב יד, גרמנית	German	1917-05-05	Handwritten	אישור|Certificate	Arthur Weiler	Certificate
IL-MTFN-001-G-F-0490-003-R0002	IL-MTFN-001-G-F-0490-003	visit	Correspondences of Ulla with Friends	1933;1941; Correspondences of Ulla with various friends. The topics are mainly about organizing the departure from Germany and settling in the country.	1933;1941; Korrespondenzen von Ulla mit verschiedenen Freunden und Freundinnen. Die Themen sind hauptsächlich über die Organisation der Ausreise aus Deutschland und die Ansiedlung im Land.	1933;1941; התכתבויות אולה Ulla עם חברחם וחברות שונים. הנושאים הם בעיקר על התארגנות לעזיבה של גרמניה והתיישבות בארץ.	Hebrew|German	1933	Unknown	מכתב|Letter	Ulla	Communication Document
IL-MTFN-001-G-F-0490-010-R0003	IL-MTFN-001-G-F-0490-010	diary,visit	Travel Diary of Dr. Arthur Leibholz	Travel diary of Dr. Arthur Leibholz describing his experiences as a Jewish doctor on the ship. He is ill with an unknown disease. He likely also passed away from it in the same year. There are original pages and also a printed version of the diary made by his daughter Elizabeth, printed, handwritten, German.	Reisetagebuch von Dr. Arthur Leibholz, das seine Erfahrungen als jüdischer Arzt auf dem Schiff beschreibt. Er ist an einer unbekannten Krankheit erkrankt. Wahrscheinlich ist er im selben Jahr auch daran gestorben. Es gibt originale Seiten und auch eine gedruckte Version des Tagebuchs, die von der Tochter Elisabeth erstellt wurde, gedruckt, handschriftlich, Deutsch.	"יומן נסיע של ד""ר ארתור לייבהולץ המתאר את חוויותיו כרופאה יהודי על הספינה. הוא חולה במחלה לא ידוע. ככל הנראה גם נפתר ממנה באותה שנה, ישנם דפים אוריגינלים וגם הדפסה של היומן שנעשה על ידי הבת אליזבת, מודפס, כתב יד, גרמנית."	German|Hebrew		Unknown	יומן|Diary	Dr. Arthur Leibholz	EgoDocument
IL-MTFN-001-G-F-0490-010-R0004	IL-MTFN-001-G-F-0490-010	visit	Letter from H.C. Horn Shipyard with Price Proposals	Letter from the H.C. Horn shipyard, with price proposals for various routes with the ship, for those interested who heard a lecture about the journey of Dr. Arthur Leibholz, typewritten, German; 02.05.1932.	Brief von der Werft H.C. Horn, mit Preisvorschlägen für verschiedene Routen mit dem Schiff, für Interessierte, die einen Vortrag über die Reise von Dr. Arthur Leibholz gehört haben, maschinengeschrieben, Deutsch; 02.05.1932.	"מכתב ממספנת H.C. Horn, עם הצעות מחיר עבור מסלולים שונים עם הספינה, עבור מתעניינים ששמעו הרצאה על הנסיעה של ד""ר ארתור לייבהולץ, מודפס, גרמנית; 02.05.1932."	German	1932-05-02	Typewritten	מכתב|Letter	H.C. Horn	Communication Document
IL-MTFN-001-G-F-0490-010-R0005	IL-MTFN-001-G-F-0490-010	visit	Envelope to Dr. Arthur Leibholtz from Dr. Leopold Stern	Envelope to Dr. Arthur Leibholtz while he was sailing, from Dr. Leopold Stern, the letter was sent from Berlin to Antwerp.	Umschlag an Dr. Arthur Leibholtz während seiner Seereise, von Dr. Leopold Stern, der Brief wurde von Berlin nach Antwerpen gesendet.	"מעטפה אל ד""ר ארתור לייבהולץ בזמן שהוא הפליג, מאת ד""ר לאופולד שטרן Dr. Leopold Stern, המכתב נשלח מברלין ללאנטוורפן."	Hebrew|German		Unknown	מכתב|Letter|מעטפה|Envelope	Dr. Arthur Leibholtz	Communication Document
IL-MTFN-001-G-F-0491-002-R0002	IL-MTFN-001-G-F-0491-002	visit	Travel Book/Report by Hugo Friedel and Franz Huber	Book/Report on a trip to a destination, information and meeting of a group of travelers who visited the country from 26.03.1971 to 14.04.1971, written by Hugo Friedel and Franz Huber. The book is accompanied by many photos, also with meetings with Israeli movements. German, printed; 03.1971, Israel, Deutschland Israel.	Buch/Bericht über eine Reise zu einem Ziel, Informationen und Treffen einer Gruppe von Reisenden, die das Land vom 26.03.1971 bis 14.04.1971 besuchten, geschrieben von Hugo Friedel und Franz Huber. Das Buch enthält viele Fotos, auch von Treffen mit israelischen Bewegungen. Deutsch, gedruckt; 03.1971, Israel, Deutschland Israel.	ספר/דוח נסיע למיעד, למידע ופגישה של קבוצת מטיילים שביקרו בארץ מה;26.03.1971 עד 14.04.1971, כותבים הספר הוגו פרידל Hugo Friedel, פראנץ הובר Franz Huber. הספר מלווה בהרבה תמונות גם עם מפגשים עם תנועות ישראלים. גרמנית, מודפס; 03.1971, ישראל, Deutschland Israel.	German|גרמנית	1971-03	Print	ספר|Book|דוח|Report		Report
IL-MTFN-001-G-F-0491-002-R0003	IL-MTFN-001-G-F-0491-002	correspondence	Correspondence with the Jeremias Family	Letters to the Jeremias family and from the Jeremias family regarding their activities in the Olivia group and the German group Aufbauwerk, German; 1962+1970+1971+1972+1988.	Briefe an die Familie Jeremias und von der Familie Jeremias in Bezug auf ihre Aktivitäten in der Gruppe Olivia und der deutschen Gruppe Aufbauwerk, Deutsch; 1962+1970+1971+1972+1988.	מכתבים אל משפחת ירמיאס ומאת משפחת ירמיאס בקשר לפעילותם בקבוצת אוליוויה Olivia, והקבוצה הגרמנית Aufbauwerk, גרמנית; 1962+1970+1971+1972+1988.	German		Unknown	מכתב|Letter	משפחת ירמיאס	Communication Document
IL-MTFN-001-G-F-0491-002-R0006	IL-MTFN-001-G-F-0491-002	visit	Letters on Olivia's Activities	Letters regarding Olivia's activities: study trips of youth in Germany, travel schedules, German, printed; 1972;1983.	Briefe über die Aktivitäten von Olivia: Studienreisen von Jugendlichen in Deutschland, Reisepläne, Deutsch, gedruckt; 1972;1983.	מכתבים בקשר לפעילות של אוליוויה: נסיעות לימודים של נוער בגרמניה, לוחות זמנים של נסיעות, גרמנית, מודפס; 1972;1983.	German	1972	Typewritten	מכתב|Letter		Communication Document
IL-MTFN-001-G-F-0491-002-R0013	IL-MTFN-001-G-F-0491-002	visit	Supervision of Goods and Services Law Order, 1963	Supervision of Goods and Services Law, 1957. Order regarding travel agencies and tourist transportation agencies, with markings and notes in English, printed, Hebrew; 14.02.1963.	Gesetz zur Überwachung von Waren und Dienstleistungen, 1957. Verordnung über Reisebüros und Agenturen für den Transport von Touristen, mit Markierungen und Anmerkungen auf Englisch, gedruckt, Hebräisch; 14.02.1963.	"חוק הפיקוח על מצרכים ושירותים, תשי""ח 1957 צו בדבר סוכניות נסיעות וסוכנויות להסעת תיירים, עם סימונים והערות באנגלית, מודפס, עברית; 14.02.1963."	Hebrew|English	1963-02-14	Print	הסכם|Agreement		Legal Document
IL-MTFN-001-G-F-0491-003-R0002	IL-MTFN-001-G-F-0491-003	visit	Correspondence and Letters from India	Correspondence regarding the India service, list of guest recipients in India, official letters, letters from Benjamin and Hannah from India to friends, in which he tells about experiences during their trip to India; 1980;1983	Korrespondenz bezüglich des Dienstes in Indien, Liste der Gästeempfänger in Indien, offizielle Briefe, Briefe von Benjamin und Hanna aus Indien an Freunde, in denen er von Erlebnissen während ihrer Reise in Indien erzählt; 1980;1983	התכתבות בקשר ל סרווס הודו, רשימה של מקבלי אורחים בהודו, מכתבים רשמיים, מכתבים מבנימין וחנה מהודו אל חברים, בהם הוא מספר על חוויות בזמן הטיול שלהם בהודו; 1980;1983	Hebrew|עברית	1980	Unknown	מכתב|Letter		Communication Document
IL-MTFN-001-G-F-0495-001-R0001	IL-MTFN-001-G-F-0495-001	diary,visit	Travel Diary of Adolf Herzbrunn on Ambria	Travel diary on the ship named Ambria by Adolf Herzbrunn.	Reisetagebuch auf dem Schiff namens Ambria von Adolf Herzbrunn.	יומן נסיעות באוניה בשם אמבריה Ambria של אדולף הרצברון Adolf Herzbrunn.	Hebrew|German		Unknown	יומן|Diary	Adolf Herzbrunn	EgoDocument
IL-MTFN-001-G-F-0499-005-R0003	IL-MTFN-001-G-F-0499-005	diary	Military Service Certificates of Samuel Newman	Various certificates of Samuel Newman during his military service, including the service certificate, 1896+1918.	Verschiedene Zertifikate von Samuel Newman während seines Militärdienstes, einschließlich des Dienstzertifikats, 1896+1918.	1896+1918 תעודות שונות של שמואל ניומן בזמן שירותו הצבאי, בין היתר תעודת השירות.	Hebrew	1918	Unknown	תעודה|Certificate	שמואל ניומן	Certificate
IL-MTFN-001-G-F-0499-005-R0006	IL-MTFN-001-G-F-0499-005	diary	Inheritance Order for Samuel Neumann	1918 Inheritance order after the death of Samuel Neumann.	1918 Erbschein nach dem Tod von Samuel Neumann.	1918 צו ירושה אחרי מותו של שמואל ניומן.	Hebrew	1918	Unknown	תעודה|Certificate	שמואל ניומן	Legal Document
IL-MTFN-001-G-F-0499-005-R0008	IL-MTFN-001-G-F-0499-005	diary	Postcards to Neumann Family	1918+1914 2 postcards to the Neumann family.	1918+1914 2 Postkarten an die Familie Neumann.	1918+1914 2 גלויות אל משפחת ניומן.	Hebrew	1914	Unknown	גלויה|Postcard	Neumann	EgoDocument
IL-MTFN-001-G-F-0500-001-R0010	IL-MTFN-001-G-F-0500-001	visit	1997 Stuttgart Program for Former Jewish Residents	1997 program of the city of Stuttgart for the visit of former Jewish residents, German	1997 Programm der Stadt Stuttgart für den Besuch ehemaliger jüdischer Einwohner, Deutsch	1997 תוכניה של עירית Stuttgart לביקור של יהודי העיר לשעבר, גרמנית	German	1997	Print	תוכניית כנס|Conferences Program		Organization Papertrail
IL-MTFN-001-G-F-0500-003-R0003	IL-MTFN-001-G-F-0500-003	diary	Diary of a Month in France	Without date, diary/with written pages about a month in France, handwriting, German.	Ohne Datum, Tagebuch/mit beschriebenen Seiten über einen Monat in Frankreich, Handschrift, Deutsch.	בלי תאריך, יומן/עם דפים כתובים על חודש בצרפת Ein Monat in Frankreich, כתב יד, גרמנית.	German		Handwritten	יומן|Diary		EgoDocument
IL-MTFN-001-G-F-0501-002-R0002	IL-MTFN-001-G-F-0501-002	diary,visit	Travel Diary of Jewish Youth Organizations 1927-1931	1927;1931 Travel diary of youth within Jewish youth organizations. The text occasionally changes, presumably written by different participants. The text is accompanied by photos of the participants and the places they visited. A list of names of the girls who took part in the trips is attached.	Reisetagebuch der Jugend im Rahmen jüdischer Jugendorganisationen 1927;1931. Der Text wechselt gelegentlich, wahrscheinlich wurde er von verschiedenen Teilnehmern geschrieben. Dem Text sind Fotos der Teilnehmer und der besuchten Orte beigefügt. Eine Namensliste der Mädchen, die an den Reisen teilgenommen haben, ist beigefügt.	"1927;1931 יומן נסיעות של נוער במסגרת ארגוני נוער יהודיים. הכתב בטקסט משתנה מדי פעם, ככל הנראה הכתיבה נעשתה ע""י משתתפות/משתתפים שונים. לטקסט מצורפות תמונות של המשתתפות/משתתפים והמקומות בהם ביקרו. מצורפת רשימה שמית של בנות שלקחו חלק בנסיעות."	Hebrew	1927	Handwritten	יומן|Diary|רשימה|List		EgoDocument
IL-MTFN-001-G-F-0501-002-R0004	IL-MTFN-001-G-F-0501-002	diary	Notebooks of Angie Kantrowitz's Life and Thoughts	Undated, 3 notebooks, numbered 1;3, in which Judit Gardi recorded the life, thoughts, and hopes of Angie Kantrowitz.	Ohne Datum, 3 Notizbücher, nummeriert 1;3, in denen Judit Gardi das Leben, die Gedanken und Hoffnungen von Angie Kantrowitz aufzeichnete.	ללא תאריך, 3 מחברות, ממוספרות 1;3, לתוכן רשמה יהודית גרדי את קורות חייה, מחשבותיה ותקוותיה של אנג'י קנטרוביץ.	Hebrew		Unknown	יומן|Diary	אנג'י קנטרוביץ	EgoDocument
IL-MTFN-001-G-F-0501-006-R0001	IL-MTFN-001-G-F-0501-006	visit	Letter from Angie to Yehudit, 1940	A letter from 1940 that Angie writes to Yehudit from the Carmel forests. Angie talks in the letter about her isolated life, the garden, Kurt who came to visit, and her future plans.	Ein Brief aus dem Jahr 1940, den Angie an Yehudit aus den Karmelwäldern schreibt. Angie erzählt im Brief von ihrem isolierten Leben, dem Garten, Kurt, der zu Besuch kam, und ihren Zukunftsplänen.	מכתב אחד משנת 1940 שאנג'י כותבת ליהודית מיערות הכרמל. אנג'י מספרת במכתב על חייה המבודדים, על הגינה, על קורט שבא לבקר ועל תכניותיה לעתיד.	Hebrew	1940	Handwritten	מכתב|Letter		Communication Document
IL-MTFN-001-G-F-0501-006-R0002	IL-MTFN-001-G-F-0501-006	visit	Postcard to Judith from Angie in Carmel	"Postcard, date not identifiable, to Judith in Jerusalem from Angie in Carmel. Among other things: The bloom in Carmel is beautiful. She meets with the Steckelmacher family and the Steinhardt family. She likes them and enjoys their company and writes to Judith, quote: ""You are not sad that I have other people, what is between us no one can take from us."" She is waiting for the visit of her mother, Gertrud Kantorowitz, she is in an emotional turmoil about this visit, joy and fear mix together. German handwriting."	"Postkarte, Datum nicht erkennbar, an Judith in Jerusalem von Angie in Carmel. Unter anderem: Die Blüte in Carmel ist wunderschön. Sie trifft sich mit der Familie Steckelmacher und der Familie Steinhardt. Sie mag sie und genießt ihre Gesellschaft und schreibt an Judith, Zitat: ""Du bist nicht traurig, dass ich andere Menschen habe, das, was zwischen uns ist, kann uns niemand nehmen."" Sie wartet auf den Besuch ihrer Mutter, Gertrud Kantorowitz, sie ist aufgeregt wegen dieses Besuchs, Freude und Angst mischen sich. Handschrift auf Deutsch."	"גלויה, תאריך לא ניתן לזהות, אל יהודית הירושלים מאת אנג'י בכרמל. בין היתר: הפריחה בכרמל מקסימה. היא מתראה עם השטקלמכרס משפ. Steckelmacher והשטיינהרדטס משפ. שטיינהרד Steinhardt. היא מחבבת אותם ונהנית מחברתם וכותבת ליהודית, ציטוט: ""את לא עצובה שיש לי אנשים אחרים, את שיש בין שתינו אף אחד לא יכול לקחת מאתנו"". היא מחכה לביקור של אמה, גרטרוד קנטרוביץ, היא בסערת רגשות לקראת הביקור הזה, שמחה ופחד מתערבבים יחד. גרמנית כתב יד."	German		Handwritten	גלויה|Postcard	Judith	EgoDocument
IL-MTFN-001-G-F-0501-008-R0004	IL-MTFN-001-G-F-0501-008	memoir	מזיכרונותיו של חלוץ; דברי יצחק ריש בטקס הפתיחה	"Print from the internet with the title: ""From the Memories of a Pioneer; Words of Yitzhak Rish at the opening ceremony of ""Mishmar HaCarmel Farm"". Hebrew 2 pages."	"Druck aus dem Internet mit dem Titel: ""Aus den Erinnerungen eines Pioniers; Worte von Yitzhak Rish bei der Eröffnungszeremonie der ""Mishmar HaCarmel Farm"". Hebräisch 2 Seiten."	"הדפסה מהאינטרנט עם הכותרת: ""מזיכרונותיו של חלוץ; דברי יצחק ריש בטקס הפתיחה, של ""חוות משמר הכרמל"". עברית 2 עמודים."	Hebrew		Typewritten	מכתב|Letter	יצחק ריש	Communication Document
IL-MTFN-001-G-F-0509-001-R0003	IL-MTFN-001-G-F-0509-001	visit	Bar-On Family Visit to Vienna and Related Materials	Entries of members of the Bar-On family about a visit to Vienna, material about Kalman and Elisabeth Klein, material about Frederic Morton/Firtz Mandelbaum, Ernst and Theo Waldinger, nan	Einträge von Mitgliedern der Familie Bar-On über einen Besuch in Wien, Material über Kalman und Elisabeth Klein, Material über Frederic Morton/Firtz Mandelbaum, Ernst und Theo Waldinger, nan	רשומים אישים של משפחת בר;און על ביקור בוינה, חומר על קאלמו ואליזבת קליין Kalman und Elisabeth Klein, חומר על פרדריק מורטון Frederic Morton/ Firtz Mandelbaum, ארנס ותאו ואלדינגר Ernst und Theo Waldinger, nan	Unspecified		Unknown	רשימות|Personal Notes		EgoDocument
IL-MTFN-001-G-F-0510-001-R0001	IL-MTFN-001-G-F-0510-001	memoir	Memory Book by Gershon Netzer	"1998, Memory book ""Grandma, are the birds in the country also Jewish?"" by Gershon Netzer, member of Kibbutz Hukok with original photos. Hebrew, printed"	"1998, Erinnerungsbuch ""Oma, sind auch die Vögel im Land jüdisch?"" von Gershon Netzer, Mitglied des Kibbutz Hukok mit Originalfotos. Hebräisch, gedruckt"	"1998, ספר זכרונות ""סבתא, גם הציפורים בארץ הן יהודיות""? של גרשון נצר, חבר קיבוץ חוקוק עם תמונות מקוריות. עברית, מודפס"	Hebrew	1998	Print	ספר זכרונות|Memory Book	Gershon Netzer	EgoDocument
IL-MTFN-001-G-F-0511-003-R0001	IL-MTFN-001-G-F-0511-003	diary,visit	Travel Book of Adolph Gotthelf, 1846	1846, Kassel, travel book of Adolph Gotthelf, during his study for typesetting, handwritten in German.	1846, Kassel, Reisetagebuch von Adolph Gotthelf, während seines Studiums zum Schriftsetzer, Handschrift auf Deutsch.	1846, כאסל Kassel, ספר טיולים של אדולף גוטהלף Adolph Gotthelf, בלימודו לסדר דפוס Schriftsetzer, גרמנית כתב יד.	German	1846	Handwritten	ספר|Book	Adolph Gotthelf	EgoDocument
IL-MTFN-001-G-F-0511-003-R0013	IL-MTFN-001-G-F-0511-003	correspondence	Correspondence with Relatives Regarding Family Tree	1966;1969, Correspondence with relatives regarding a family tree and relatives scattered around the world, including correspondence with Dr. Frieda Sichel; Gotthelft, Daniela Benuzzi, Mrs. Margaret Hess, K.H. Sichel, handwritten, printed, German, English.	1966;1969, Korrespondenz mit Verwandten bezüglich eines Stammbaums und verstreuten Verwandten weltweit, unter anderem Korrespondenz mit Dr. Frieda Sichel; Gotthelft, Daniela Benuzzi, Frau Margaret Hess, K.H. Sichel, Handschrift, gedruckt, Deutsch, Englisch.	1966;1969, התכתבות עם קרובי משפחה בקשר לאילן יוחסין וקרובי משפחה המפוזרים בעולם, בין היתר התכתבות עם Dr. Frieda Sichel;Gotthelft, Daniela Benuzzi, Mrs. Margaret Hess, K.H. Sichel, כתב יד, מודפס, גרמנית, אנגלית.	German|English	1966	Unknown	מכתב|Letter		Communication Document
IL-MTFN-001-G-F-0511-004-R0002	IL-MTFN-001-G-F-0511-004	hometown	Elberfeld City Newspaper, Bergische Heimat, 1927	1927, Elberfeld, newspaper of the city of Elberfeld, Bergische Heimat, printed, German	1927, Elberfeld, Zeitung der Stadt Elberfeld, Bergische Heimat, gedruckt, Deutsch	1927, אלברפלד Elberfeld, עיתון של העיר אלברפלד Elberfeld, Bergische Heimat, מודפס, גרמנית	German	1927	Print	עיתון|Newspaper		Communication Document
IL-MTFN-001-G-F-0511-005-R0017	IL-MTFN-001-G-F-0511-005	memoir	Memories of Auguste Katzenstein, 1959	25.01.1959, Memories of Auguste Katzenstein, printed, German;	25.01.1959, Erinnerungen von Auguste Katzenstein, gedruckt, Deutsch;	25.01.1959, זכרונות של אוגוסטה קצנשטיין Auguste Katzenstein, מודפס, גרמנית;	German|גרמנית	1959-01-25	Print	רשימות|Personal Notes	Auguste Katzenstein	EgoDocument
IL-MTFN-001-G-F-0511-005-R0019	IL-MTFN-001-G-F-0511-005	correspondence,papers	Correspondence between Fritz Katzenstein and Leo Baeck Institute	1956;1961, Correspondence between Fritz Katzenstein and the Leo Baeck Institute regarding the family estate;	1956;1961, Korrespondenz zwischen Fritz Katzenstein und dem Leo Baeck Institut in Bezug auf den Familiennachlass;	1956;1961, התכתבות בין פריץ קצנשטיין לבין מכון לאו בק בקשר לעיזבון המשפחתי;	Hebrew|German	1956	Unknown	מכתב|Letter	Fritz Katzenstein	Communication Document
IL-MTFN-001-G-F-0514-001-R0002	IL-MTFN-001-G-F-0514-001	memoir	Memory Book for Bnei Brith House	2005, Memory Book for the Bnei Brith House 1948	2005, Erinnerungsbuch für das Haus Bnei Brith 1948	2005, ספר זיכרונות לבית בני ברית 1948	Hebrew	1948	Unknown	ספר זכרונות|Memory Book		Memory Book
IL-MTFN-001-G-F-0515-001-R0004	IL-MTFN-001-G-F-0515-001	memoir	Memory Book by Dorit Heyman	"2010, Memory book written by Dorit Heyman ""Omama Laura, from Germany to Israel"";"	"2010, Erinnerungsbuch geschrieben von Dorit Heyman ""Omama Laura, von Deutschland nach Israel"";"	"2010, ספר זכרונות שכתבה דורית היימן "" אוממה לורה, מגרמניה לישראל"";"	Hebrew|German	2010	Unknown	ספר זכרונות|Memory Book	Dorite Heyman	EgoDocument
IL-MTFN-001-G-F-0516-001-R0011	IL-MTFN-001-G-F-0516-001	memoir	Photo Album of Israel in the 1950s	1950, Jerusalem, photo album with the inscription 'All thoughts and memories were recorded in this book'. The album contains photos of Israel in the 1950s.	1950, Jerusalem, Fotoalbum mit der Aufschrift 'Alle Gedanken und Erinnerungen wurden in diesem Buch festgehalten'. Im Album befinden sich Fotos von Israel in den 1950er Jahren.	1950, ירושלים, אלבום תמונות עם כיתוב של 'כל המחשבות וזיכרונות היו רשומים בספר זה'. באלבום תמונות של ישראל בשנות ה 1950;	Hebrew	1950	Unknown	תצלום|Photograph		Image
IL-MTFN-001-G-F-0516-003-R0001	IL-MTFN-001-G-F-0516-003	diary	World War II Newspaper Clippings	4 notebooks with newspaper clippings about the evaporation of World War II from England with clippings and articles mainly from English newspapers. Captions: Berlin 1945, War Diary 1940, printed	4 Notizbücher mit Zeitungsausschnitten, die den Zweiten Weltkrieg aus England verdampfen lassen, mit Ausschnitten und Artikeln hauptsächlich aus englischen Zeitungen. Beschriftungen: Berlin 1945, Kriegstagebuch 1940, gedruckt	4 מחברות עם גזרות עיתון בהם המתאדת אנא את המלחמת עולם II מאנגליה עם גזירות ומאמרים מעיתונים בעיקר אנגלים. כתוביות: ברלין 1945, יומן מלחמה 1940, מודפס	Hebrew|English		Print	רשימות|Personal Notes		EgoDocument
IL-MTFN-001-G-F-0517-001-R0001	IL-MTFN-001-G-F-0517-001	memoir	Copy of Memory Booklet of Freudenberg Families	Copy of a memory booklet with pictures, certificates, and explanations of the Freudenberg families; Herz; English.	Kopie eines Erinnerungsheftes mit Bildern, Urkunden und Erklärungen der Familien Freudenberg; Herz; Englisch.	העתק של חוברת זכרונות עם תמונות, תעודות והסברים של משפחות פרוידנברג; הרץ Freudenberg; Herz; אנגלית.	English|עברית		Unknown	חוברת|Booklet	Freudenberg	Memory Book
IL-MTFN-001-G-F-0517-001-R0003	IL-MTFN-001-G-F-0517-001	memoir	Recollections of my childhood in Germany until my emigration	"Copy of ""Recollections of my childhood until emigration"" Recollections of my childhood in Germany until my emigration by Reiner J. Auman. English."	"Kopie von ""Erinnerungen an meine Kindheit bis zur Auswanderung"" Recollections of my childhood in Germany until my emigration von Reiner J. Auman. Englisch."	"העתק של ""זיכרונות של ילדותי עד לעליה"" Recollections of my childhood in Germany until my emigration by Reiner J. Auman. אנגלית."	English		Unknown	מסמך מתורגם|Translated Document	Reiner J. Auman	EgoDocument
IL-MTFN-001-G-F-0517-001-R0005	IL-MTFN-001-G-F-0517-001	memoir	Memory Book and Cemetery Papers of Oskar Aumann	1966, Memory book and paperwork of the cemetery from the death of Oskar Aumann, New York.	1966, Erinnerungsbuch und Unterlagen des Friedhofs vom Tod von Oskar Aumann, New York.	1966, ספר זכרונות וניירת של בית הקברות מפטירתו של אוסקאר אומאן Oskar Aumann, ניו יורק.	Hebrew|German	1966	Unknown	ספר זכרונות|Memory Book	Oskar Aumann	EgoDocument
IL-MTFN-001-G-F-0517-001-R0006	IL-MTFN-001-G-F-0517-001	correspondence	Köppern Booklet on Jewish History in Friedrichsdorf	1999, Köppern, booklet Schriften zur Geschichte der Stadt Friedrichsdorf, with correspondence with the author and Reiner Auman about the history of the Jews of the place.	1999, Köppern, Broschüre Schriften zur Geschichte der Stadt Friedrichsdorf, mit Korrespondenz mit dem Autor und Reiner Auman über die Geschichte der Juden des Ortes.	1999, קופרן Köppern, ספרון Schriften zur Geschichte der Stadt Friedrichsdorf, ובו התכתבות עם המחבר ו ריינר אומאן Reiner Auman על היסטורית יהודי המקום.	German|עברית		Print	חוברת|Booklet	Reiner Auman	Creative Nonfiction
IL-MTFN-001-G-F-0517-001-R0007	IL-MTFN-001-G-F-0517-001	memoir	Memories of the persecution of Jews in Köpern	Good and bad people in the worst time, memories of the persecution of Jews in Köpern, English, German.	Gute und böse Leute in der schlimmsten Zeit, Erinnerungen an die Judenverfolgung in Köpern, Englisch, Deutsch.	קטעי עת Gute und böse Leute in der schlimmsten Zeit, Erinnerungen an die Judenverfolgung in Köpern, אנגלית, גרמנית.	English|German		Unknown	לא מזוהה		Creative Nonfiction
IL-MTFN-001-G-F-0519-001-R0001	IL-MTFN-001-G-F-0519-001	diary,visit	Explanation and Travel Diary on the Dogon Tribe by Marli Shamir	1968, explanation of 31 pages about the Dogon tribe, and a travel diary about the 'Land of the Dogon' by Marli Shamir with simple illustrations. German, handwritten.	1968, Erklärung von 31 Seiten über den Dogon-Stamm, und ein Reisetagebuch über das 'Land der Dogon' von Marli Shamir mit einfachen Illustrationen. Deutsch, Handschrift.	1968, הסבר של 31 דפים על שבט דוגון Dogon, ויומן נסיע על 'ארץ דוגון' של מרלי שמיר עם איורים פשוטים. גרמנית, כתב יד.	German	1968	Handwritten	יומן|Diary	Marli Shamir	EgoDocument
IL-MTFN-001-G-F-0519-001-R0003	IL-MTFN-001-G-F-0519-001	visit	Story by Marli Shamir about first visit to Dogonecountry, Mali	15.02.1969, Story of 5 pages by Marli Shamir about the first visit to Dogonecountry, Mali, printed, German.	15.02.1969, Geschichte von 5 Seiten von Marli Shamir über den ersten Besuch in Dogonecountry, Mali, gedruckt, Deutsch.	15.02.1969, סיפור על 5 דפחם של מרלי שמיר על הביקור הראשון ב Dogonecountry, Mali, מודפס, גרמנית.	German|גרמנית	1969-02-15	Print	סיפור|Fiction	Marli Shamir	Creative Nonfiction
IL-MTFN-001-G-F-0519-001-R0006	IL-MTFN-001-G-F-0519-001	diary	Diary of Marli Shamir in Bamako, Africa	1970;1971 Diary of Marli Shamir while she was in Bamako, Africa, handwritten, German.	1970;1971 Tagebuch von Marli Shamir, als sie in Bamako, Afrika war, Handschrift, Deutsch.	1970;1971 יומן של מרלי שמיר בזמן שהיא היתתה בבאמאקו אפריקה Bamako Afrika, כתב יד, גרמנית.	German	1970	Handwritten	יומן|Diary	Marli Shamir	EgoDocument
IL-MTFN-001-G-F-0519-001-R0007	IL-MTFN-001-G-F-0519-001	diary	Marley Shamir's Train Journey to Kayes	No date, yellow notebook in which Marley Shamir writes about a train trip to the city of Kayes, handwriting, German.	Ohne Datum, gelbes Notizbuch, in dem Marley Shamir über eine Zugfahrt in die Stadt Kayes schreibt, Handschrift, Deutsch.	בלי תאריך, מחברת צהובה בה מרלי שמיר רושמת על נסיע ברכבת לעיר Kayes, כתב יד, גרמנית.	German		Handwritten	יומן|Diary	Marley Shamir	EgoDocument
IL-MTFN-001-G-F-0519-001-R0008	IL-MTFN-001-G-F-0519-001	diary	The Last Days in Bamako	1971, in Bamako, diary pages with the title 'The Last Days in Bamako'. Handwriting, German.	1971, in Bamako, Tagebuchseiten mit dem Titel 'Die letzten Tage in Bamako'. Handschrift, Deutsch.	1971, באמקו Bamako, דפי ימן עם הכותרת 'הימים האחרונים בבאמאקו' Die letzen Tage in Bamako. כתב יד, גרמנית.	German	1971	Handwritten	יומן|Diary		EgoDocument
IL-MTFN-001-G-F-0519-001-R0014	IL-MTFN-001-G-F-0519-001	visit	Marli Shamir's Notes on Town Visit	Without date, page 8 to 17, Marli Shamir writes about the visit of the town, market and Niger, handwriting, English.	Ohne Datum, Seite 8 bis 17, Marli Shamir schreibt über den Besuch der Stadt, Markt und Niger, Handschrift, Englisch.	בלי תאריך, דף 8 עד 17, מרלי שמיר רושמת על Visit of the town, Market and Niger, כתב יד, אנגלית.	English		Handwritten	רשימות|Personal Notes		EgoDocument
IL-MTFN-001-G-F-0519-001-R0015	IL-MTFN-001-G-F-0519-001	memoir	Marli Shamir's Memories of Mali	1967, 15 A5 pages with memories of Marli Shamir about the period she and her husband were in Mali, handwritten in German.	1967, 15 A5-Seiten mit Erinnerungen von Marli Shamir über die Zeit, die sie und ihr Mann in Mali verbrachten, handschriftlich auf Deutsch.	1967, 15 דפי A 5 עם זכרונות של מרלי שמיר על התקופה שהיא ובעלה היו ב מאלי, כתב יד גרמנית.	German	1967	Handwritten	רשימות|Personal Notes	Marli Shamir	EgoDocument
IL-MTFN-001-G-F-0519-001-R0020	IL-MTFN-001-G-F-0519-001	diary,visit	Travel Diary of Marli Shamir: Ein Tag in Djenne	Without date, 3 pages travel diary of Marli Shamir Ein Tag in Djenne, printed in German.	Ohne Datum, 3 Seiten Reisetagebuch von Marli Shamir Ein Tag in Djenne, gedruckt auf Deutsch.	בלי תאריך, 3 דפים יומן נסיע של מרלי שמיר Ein Tag in Djenne, מודפס גרמנית.	German		Print	יומן|Diary	Marli Shamir	EgoDocument
IL-MTFN-001-G-F-0519-002-R0003	IL-MTFN-001-G-F-0519-002	visit	Photo Album of Marli Shamir	Photo album of Marli Shamir with family photos, including: photo of Dr. Richard Röder, childhood photos with the family in Germany, photos of Marli's wedding, photos of trips in Rome.	Fotoalbum von Marli Shamir mit Familienfotos, unter anderem: Foto von Dr. Richard Röder, Kinderfotos mit der Familie in Deutschland, Fotos von Marlis Hochzeit, Fotos von Reisen in Rom.	אלבום תמונות של מרלי שמיר עם תמונות משפחתיות, בין היתר: תמונה של דר ריכארט רודר Dr. Richard Röder, תמונות ילדות עם המשפחה בגרמניה, תמונות של חתונתה של מרלי, תמונות של טיולים ברומה.	Unspecified		Visual Element	תצלום|Photograph	Marli Shamir	Image
IL-MTFN-001-G-F-0519-003-R0002	IL-MTFN-001-G-F-0519-003	visit	Report by Marley Shamir on Bamako Trip	Report by Marley Shamir on the trip to Bamako, 31 pages, printed, German.	Bericht von Marley Shamir über die Reise nach Bamako, 31 Seiten, gedruckt, Deutsch.	דוח של מרלי שמיר על נסיע בבאמאקו Bamako, דפים 31, מודפס, גרמנית.	German		Typewritten	דוח|Report		Report
IL-MTFN-001-G-F-0519-003-R0009	IL-MTFN-001-G-F-0519-003	visit	Touristen in Mali, Januar 1970	8 pages about the visit of Maria Callas, Alberto Oravia, and Paolo Pasolini, with the title Tourists in Mali, January 1970, German, printed.	8 Seiten über den Besuch von Maria Callas, Alberto Oravia und Paolo Pasolini, mit dem Titel Touristen in Mali, Januar 1970, Deutsch, gedruckt.	8 דפים על ביקור של Maria Callas, Alberto Oravia und Paolo Pasolini, עם הכותרת Touristen in Mali, Januar 1970 גרמנית, מודפס.	German	1970-01	Print	Report		Report
IL-MTFN-001-G-F-0519-003-R0012	IL-MTFN-001-G-F-0519-003	visit	Trip to Mopti, Dogon	10 printed pages in German about a trip to Mopti, Dogon.	10 gedruckte Seiten auf Deutsch über eine Reise nach Mopti, Dogon.	10 דפים מודפסים בגרמנית על נסיעה למופטי Mopti, דוגון Dogon.	German		Typewritten	Report		Report
IL-MTFN-001-G-F-0519-003-R0013	IL-MTFN-001-G-F-0519-003	visit	Trip to Dogon Mother	14 pages about a trip to the Dogon mother, printed, German.	14 Seiten über eine Reise zur Dogon-Mutter, gedruckt, Deutsch.	14 דפים על נסיע לאם הדוגון Dogon, מודפס, גרמנית.	German		Print	Report		Report
IL-MTFN-001-G-F-0521-002-R0006	IL-MTFN-001-G-F-0521-002	visit	Business Card of Dr. Arthur Süss	No date, business card of Dr. Arthur Süss.	Ohne Datum, Visitenkarte von Dr. Arthur Süss.	בלי תאריך, כרטיס ביקור שח דר ארטור זיס Dr. Arthur Süss.	Unspecified		Unknown	כרטיס ביקור|Business Card	Dr. Arthur Süss	EgoDocument
IL-MTFN-001-G-F-0521-002-R0008	IL-MTFN-001-G-F-0521-002	visit	Letter from Marianne Spiro about trip photos	27.08.28, Letter from Marianne Spiro, regarding photos of a joint trip, typewritten, German.	27.08.28, Brief von Marianne Spiro, bezüglich Fotos einer gemeinsamen Reise, gedruckt, Deutsch.	27.08.28, מכתב של מריאנה שפירו Marianne Spiro, בקשר לתמונות של טיול משותף, מודפס, גרמנית.	German	1928-08-27	Typewritten	מכתב|Letter	Marianne Spiro	Communication Document
IL-MTFN-001-G-F-0523-002-R0008	IL-MTFN-001-G-F-0523-002	hometown	Story of Holb and Dr. Fritz Frank's Family	1976, story of the town of Holb, the birthplace of Dr. Fritz Frank and family life within it.	1976, Geschichte der Stadt Holb, der Geburtsstadt von Dr. Fritz Frank und das Familienleben darin.	1976, סיפור עיירת הולב Holb, עיר הולדתה של דר פריץ פרנק וחיי המשפחה בתוכה.	Hebrew	1976	Unknown	סיפור|Fiction	Dr. Fritz Frank	Creative Nonfiction
IL-MTFN-001-G-F-0523-002-R0010	IL-MTFN-001-G-F-0523-002	hometown	Certificates of Hugo Frank and Fritz Frank	1914;1935, Originals and copies of certificates. Among others, the birth certificate of Hugo Frank, the marriage certificate of Fritz Frank and Raiza, a certificate of military service of Fritz Frank in the First World War, a citizenship certificate Heimatschein of Fritz Frank and Raiza, German.	1914;1935, Originale und Kopien von Urkunden. Unter anderem die Geburtsurkunde von Hugo Frank, die Heiratsurkunde von Fritz Frank und Raiza, eine Bescheinigung über den Militärdienst von Fritz Frank im Ersten Weltkrieg, eine Heimatschein-Bescheinigung von Fritz Frank und Raiza, Deutsch.	1914;1935, מקור והעתקים של תעודות. בין היתר, תעודת הלידה של הוגו פרנק Hugo Frank, תעודת נישואין של פריץ פרנק וראיזה, אישור על שירות צבאי של פריץ פרנק במלחמת עולם הראשון, אישור אזרחות Heimatschein של פריץ פרנק ו ראיזה, גרמנית.	German	1914	Unknown	תעודה|Certificate	Hugo Frank	Certificate
IL-MTFN-001-G-F-0523-003-R0001	IL-MTFN-001-G-F-0523-003	visit	Recommendations for Dr. Fritz Frank	Recommendations for Dr. Fritz Frank from workplaces where he was employed as a doctor. Among others, a recommendation from the Odenwaldschule, Heppenheim Municipality Hess. Kreisamt Heppenheim, Prof. Dr. August Homburger, Prof. Dr. Moro, Bikur Cholim Hospital Jerusalem, Ramot HaShavim, German, Hebrew; 1923;1937.	Empfehlungen für Dr. Fritz Frank von Arbeitsplätzen, an denen er als Arzt tätig war. Unter anderem eine Empfehlung von der Odenwaldschule, Stadtverwaltung Heppenheim Hess. Kreisamt Heppenheim, Prof. Dr. August Homburger, Prof. Dr. Moro, Bikur Cholim Krankenhaus Jerusalem, Ramot HaShavim, Deutsch, Hebräisch; 1923;1937.	המלצות עבור דר' פריץ פרנק ממקומות עבודה בהן היה מועסק כרופאה. בין היתר המלצה מבית הספר Odenwaldschule, עירית הפנהיים Hess. Kreisamt Heppenheim, פרופ. דר. אוגוסט הומבורגר Prof. Dr. August Homburger, פרופ. דר. מורו Prof. Dr. Moro, ביקור חולים הוספיטל ירושלים, רמות השבים, גרמנית, עברית; 1923;1937.	German|Hebrew	1923	Unknown	Letter	Dr. Fritz Frank	EgoDocument
IL-MTFN-001-G-F-0524-001-R0007	IL-MTFN-001-G-F-0524-001	correspondence	Correspondence with Relatives about Brockhaus Lexicon	Letters from relatives, some of whom were in Germany, some in Palestine, and some in other places. Among other things, correspondence about the purchase of the Brockhaus lexicon in Germany.	Briefe von Verwandten, von denen einige in Deutschland, einige in Palästina und einige an anderen Orten waren. Unter anderem Korrespondenz über den Kauf des Brockhaus-Lexikons in Deutschland.	מכתבים מקרובי משפחה שחלקם היו בגרמניה חלקם בפלשתינה וחלקם במקומות אחרים. בין היתר התכתבות על קנית לקסיקון ברוקהאוס Brockhaus בגרמניה.	Hebrew|German		Unknown	מכתב|Letter		Communication Document
IL-MTFN-001-G-F-0524-003-R0001	IL-MTFN-001-G-F-0524-003	correspondence	Correspondence with Helene Stille	1963;1973, Correspondence with friends/family in Germany. Most of the letters are from a woman named Helene Stille.	1963;1973, Korrespondenz mit Freunden/Familie in Deutschland. Die meisten Briefe sind von einer Frau namens Helene Stille.	1963;1973, התכתבות עם חברים/משפחה בגרמניה. עיקר המכתבים מאישה בשם הלנה שטילה Helene Stille.	Hebrew|German	1963	Unknown	מכתב|Letter	Helene Stille	Communication Document
IL-MTFN-001-G-F-0524-003-R0011	IL-MTFN-001-G-F-0524-003	visit	Business Card of Rudi Rodberg	Business card of Rudi Rodberg, dentist Königsberg.	Visitenkarte von Rudi Rodberg, Zahnarzt Königsberg.	כרטיס ביקור של רודי רודברג, רופא שיניים קוניגסברג.	Unspecified		Unknown	כרטיס ביקור|Business Card	Rudi Rodberg	EgoDocument
IL-MTFN-001-G-F-0524-004-R0012	IL-MTFN-001-G-F-0524-004	correspondence	Letters from Family and Friends, 1933-1956	1933;1956, Letters from family members and friends, including letters from Rudi about his activities in the 'Hechalutz' youth movement, correspondence between Germany and Palestine, between Palestine and Palestine, German;	1933;1956, Briefe von Familienmitgliedern und Freunden, unter anderem Briefe von Rudi über seine Aktivitäten in der Jugendbewegung 'Hechaluz', Korrespondenz zwischen Deutschland und Palästina, zwischen Palästina und Palästina, Deutsch;	1933;1956, מכתבים מבני משפחה וחברים, בין היתר מכתבים של רודי על פעילותו בתנועת הנוער 'החלוץ', התכתבות בין גרמניה לפלשתינה, בין פלשתינה לפלשתינה, גרמנית;	German|Hebrew	1933	Unknown	מכתב|Letter		Communication Document
IL-MTFN-001-G-F-0524-005-R0010	IL-MTFN-001-G-F-0524-005	visit	Newspaper Clippings and Letter from HaChalutz	"Newspaper clippings and measurement sheets with the passengers: Ernst Simon, letter from ""HaChalutz"" in Vilna, injury of a type of travelers near Jericho, sheet addressed to: ""To the members of the student union"", printed, Hebrew; 1941"	"Zeitungsausschnitte und Maßblätter mit den Passagieren: Ernst Simon, Brief von ""HaChalutz"" in Wilna, Verletzung einer Art von Reisenden in der Nähe von Jericho, Blatt an: ""An die Mitglieder der Studentenvereinigung"", gedruckt, Hebräisch; 1941"	"קטעי עיתון ודפי מידה עם הנוסעים: ארנסט סימון, מכתב מ""החלוץ"" בווילנה, פציעה של סוג מטיילים ליד יריחו, דפ הפונה אל: לחברי ההסתדרות הסטודנטים"", מודפס, עברית; 1941"	Hebrew	1941	Print	גזיר עיתון|News Clipping|מכתב|Letter	Ernst Simon	Communication Document
IL-MTFN-001-G-F-0524-005-R0012	IL-MTFN-001-G-F-0524-005	visit	Prescription Stub and Business Card of Dr. Rudi Rodberg	Prescription stub and business card of dentist Dr. Rudi Rodberg from Königsberg; 193X	Abschnitt eines ärztlichen Rezepts und Visitenkarte der Zahnärztin Dr. Rudi Rodberg aus Königsberg; 193X	"ספח מרשם רופאה ו כרטיס ביקור של רופאה שיניים ד""ר רודי רודברג מקניגסברג Königsberg; 193X"	German	193X	Unknown	מרשם רפואי|Medical Prescription|כרטיס ביקור|Business Card	Dr. Rudi Rodberg	Medical Document
IL-MTFN-001-G-F-0526-001-R0001	IL-MTFN-001-G-F-0526-001	diary	Diary of Miriam from 1923 to 1943	1923, diary of Miriam from her first birthday until 1943, the first part was written by the parents until 1926 in Berlin, the second part Miriam started in 1939 in Ein Harod, handwriting, German.	1923, Tagebuch von Miriam von ihrem ersten Geburtstag bis 1943, den ersten Teil schrieben die Eltern bis 1926 in Berlin, den zweiten Teil begann Miriam 1939 in Ein Harod, Handschrift, Deutsch.	1923, יומן של מרים מיום הולדתה הראשון ועד 1943, את החלק הראשון ההורים כתבו עד 1926 בברלין, החלק השני מרים התחילה ב 1939 בעין חרוד, כתב יד, גרמנית.	German	1923	Handwritten	יומן|Diary	Miriam	EgoDocument
IL-MTFN-001-G-F-0526-001-R0002	IL-MTFN-001-G-F-0526-001	diary	Diary of Miriam Blumenfeld	1938;1971, Diary of Miriam Blumenfeld starting with training in Rudnitz and ending with marital problems between Miriam and Erich. The main part of the diary is written about interpersonal relationship problems of Miriam but also about longing for the mother who remained in Germany. Handwritten, German.	1938;1971, Tagebuch von Miriam Blumenfeld, das mit der Ausbildung in Rudnitz beginnt und mit Problemen in der Ehe zwischen Miriam und Erich endet. Der Hauptteil des Tagebuchs handelt von Problemen in Miriams zwischenmenschlichen Beziehungen, aber auch von der Sehnsucht nach der Mutter, die in Deutschland geblieben ist. Handschrift, Deutsch.	1938;1971, יומן של מרים בלומנפלד שמתחיל בהכשרה ברודניץ Rudnitz, ומסיים עם בעיות בבנישואין בין מרים ואריך. עיקר היומן כתוב על בעיות בקשרים בין אישיים של מרים אבל גם על געגועים לאמא שנוטרה בגרמניה. כתב יד, גרמנית.	German	1938	Handwritten	יומן|Diary	Miriam Blumenfeld	EgoDocument
IL-MTFN-001-G-F-0533-001-R0001	IL-MTFN-001-G-F-0533-001	diary	Baby Record Diary for Fred Rosenheimer	Baby record diary. Name of the newborn Fred Rosenheimer, Würzburg, father's name Theo Rosenheimer, mother's name Clair née Gerst.	Tagebuch für ein Baby. Name des Neugeborenen Fred Rosenheimer, Würzburg, Name des Vaters Theo Rosenheimer, Name der Mutter Clair geb. Gerst.	יומן תעוד לתינוק. שם הנולד פרד רוזנהיימר Fred Rosenheimer, ווירצבורג, שם האב טאו רוזנהיימר Theo Rosenheimer, שם העם Clair geb. Gerst.	Hebrew|German		Unknown	יומן|Diary	Fred Rosenheimer	EgoDocument
IL-MTFN-001-G-F-0533-001-R0007	IL-MTFN-001-G-F-0533-001	memoir	3 Hebrew Memory Books for Miram	3 memory books in Hebrew for Miram - without date.	3 Erinnerungsbücher auf Hebräisch für Miram - ohne Datum.	3 ספרי זכרונות בעברית למירמ- בלי תאריך.	Hebrew		Unknown	ספר זכרונות|Memory Book		EgoDocument
IL-MTFN-001-G-F-0533-001-R0009	IL-MTFN-001-G-F-0533-001	memoir	Memory Book of Louis Gerst	Memory book Poisieablum of Louis Gerst, father of Clair. Book with a red cover.	Erinnerungsbuch Poisieablum von Louis Gerst, Vater von Clair. Buch mit rotem Einband.	ספר זיכרונות Poisieablum של Louis Gerst, אבא של Clair. ספר עם כריכה אדומה.	Other		Unknown	ספר זכרונות|Memory Book	Louis Gerst	EgoDocument
IL-MTFN-001-G-F-0541-001-R0016	IL-MTFN-001-G-F-0541-001	visit	Letter from H. Kalizki to Eva	02.02.1943, Letter from H. Kalizki to Eva, in which he expresses his love for Eva and also talks about places he visited, Egypt, .. printed by Miriam Poland.	02.02.1943, Brief von H. Kalizki an Eva, in dem er seine Liebe zu Eva ausdrückt und auch über Orte erzählt, die er besucht hat, Ägypten, .. gedruckt von Miriam Polen.	02.02.1943, מכתב מאת H. Kalizki אל אווה, בו הוא מביע את אהבתו אל אווה וגם מספר על קומות בהם הוא ביקר, מצריים, .. מודפס על ידי מרים פולין.	Hebrew|German	1943-02-02	Typewritten	מכתב|Letter	H. Kalizki	Communication Document
IL-MTFN-001-G-F-0545-001-R0005	IL-MTFN-001-G-F-0545-001	visit	Copies of Personal Certificates	1925;1923, copies, personal documents, including: medical certificate; travel permit; vaccination certificate	1925;1923, Kopien, persönliche Dokumente, unter anderem: ärztliche Bescheinigung; Reisegenehmigung; Impfzertifikat	1925;1923, העתקים, תעודות אישיות, בין היתר: אישור רפואי; אישור נסיע; תעודת חיסון	Hebrew	1923	Unknown	תעודה|Certificate		Certificate
IL-MTFN-001-G-F-0547-001-R0001	IL-MTFN-001-G-F-0547-001	memoir	Memory Book of Martha Jacobi, December 1918	1918, Memory book of Martha Jacobi December 1918 Strasbourg, among the signatories: Olga Lieblich, Ilase Guthmann, Herta Kasservitz, Erna Walfer, Käte Burandt, Alice Guggenheim, Susanne Strauss, Annie Decker, Susanne Welsch, Susanne Ulrichs, Martha Müller.	1918, Erinnerungsbuch von Martha Jacobi Dezember 1918 Straßburg, unter den Unterzeichnern: Olga Lieblich, Ilase Guthmann, Herta Kasservitz, Erna Walfer, Käte Burandt, Alice Guggenheim, Susanne Strauss, Annie Decker, Susanne Welsch, Susanne Ulrichs, Martha Müller.	1918, ספר זיכרונות של מרתה יעקובי 1918 דצמבר Straßburg, בין החתומים: Olga Lieblich, Ilase Guthmann, Herta Kasservitz, Erna Walfer, Käte Burandt, Alice Guggenheim, Susanne Strauss, Annie Decker, Susanne Welsch, Susanne Ulrichs, Martha Müller.	German	1918-12	Unknown	ספר זכרונות|Memory Book	Martha Jacobi	EgoDocument
IL-MTFN-001-G-F-0547-001-R0013	IL-MTFN-001-G-F-0547-001	correspondence	Correspondence with Ruti Jacobi and Life Story of Martha Jacobi	24;09;2017, Correspondence with the daughter Ruti Jacobi and the life story of Martha Jacobi written by the daughter Ruti Jacobi, Hebrew, printed.	24;09;2017, Korrespondenz mit der Tochter Ruti Jacobi und das Leben von Martha Jacobi, geschrieben von der Tochter Ruti Jacobi, Hebräisch, gedruckt.	24;09;2017, התכתבות עם הבת רותי יעקובי וקורות חייה של מרתה יעקובי כתוב על ידי הבת רותי יעקובי, עברית, מודפס.	Hebrew	2017-09-24	Typewritten	מכתב|Letter	Ruti Jacobi	EgoDocument
IL-MTFN-001-G-F-0555-002-R0001	IL-MTFN-001-G-F-0555-002	diary	יומן לידה של נריה	1956-1924, Diaries - 1956, Birth diary of Neria.	1956-1924, Tagebücher - 1956, Geburtsjournal von Neria.	1956-1924, יומנימ- 1956, יומן לידה של נריה.	Hebrew	1956	Unknown	יומן|Diary	נריה	EgoDocument
IL-MTFN-001-G-F-0555-002-R0002	IL-MTFN-001-G-F-0555-002	diary	Diary of Aliza, 1938	1938, diary of Aliza when she was a girl in a youth movement. In the diary, she writes about her feelings towards boys and girls.	1938, Tagebuch von Aliza, als sie ein Mädchen in einer Jugendbewegung war. Im Tagebuch schreibt sie über ihre Gefühle gegenüber Jungen und Mädchen.	1938, יומן של עליזה בעת שהייתה נערה בתנועת נוער. ביומן היא רושמת על רגשותיה כלפי בנים ובנות.	Hebrew	1938	Handwritten	יומן|Diary		EgoDocument
IL-MTFN-001-G-F-0555-003-R0003	IL-MTFN-001-G-F-0555-003	memoir	Book in memory of Moshe Budmor	2017, Book in memory of Budmor Allegro con Brio, My lives in music a memoir Moshe Budmor 1923; 2015, English	2017, Buch zum Gedenken an Budmor Allegro con Brio, Mein Leben in der Musik, eine Memoiren Moshe Budmor 1923; 2015, Englisch	2017, ספר לזכר בודמור Allegro con Brio, My lives in music a memoir Moshe Budmor 1923; 2015, מוספס, אנגלית	English	2015	Unknown	ספר|Book	Moshe Budmor	EgoDocument
IL-MTFN-001-G-F-0556 -0 1-R0001	IL-MTFN-001-G-F-0556 -0 1	diary	Diaries and Letters in Czech	1940; 1943, Diaries in Czech language, location Ein Gev - 1939; 1940, Letters in Czech language to Kurt from the cities Brno, Budapest, Haifa;	1940; 1943, Tagebücher in tschechischer Sprache, Ort Ein Gev - 1939; 1940, Briefe in tschechischer Sprache an Kurt aus den Städten Brno, Budapest, Haifa;	1940; 1943, יומנים בשפה הצ'כית, המקום עין גב- 1939 ;1940, מכתבים בשפה הצ'כית אל קורט מהערים, Brno, Budapest, Haifa,;	Other	1940	Unknown	יומן|Diary|מכתב|Letter		EgoDocument
IL-MTFN-001-G-F-0556-002-R0020	IL-MTFN-001-G-F-0556-002	papers	Letter from Heidi Efron regarding Avi Baruch's estate	2018, Letter from Heidi Efron from the Givat Chaim Ichud Kibbutz Archive regarding the estate of Avi Baruch, Hebrew.	2018, Brief von Heidi Efron aus dem Archiv des Kibbuz Givat Chaim Ichud in Bezug auf den Nachlass von Avi Baruch, Hebräisch.	2018, מכתב מאת היידי עפרון מארכיון קיבוץ גבעת חיים איחוד בקשר לעיזבון של אבי ברוך, עברית.	Hebrew	2018	Typewritten	מכתב|Letter	Heidi Efron	Communication Document
IL-MTFN-001-G-F-0557-001-R0002	IL-MTFN-001-G-F-0557-001	memoir	Memories of Alisa Douer	No date, 2 pages with memories of Alisa Douer, German, printed	Ohne Datum, 2 Seiten mit Erinnerungen von Alisa Douer, Deutsch, gedruckt	בלי תאריך, 2 דפים עם זיכרונות של עליזה דאור Alisa Douer, גרמנית, מודפס	German		Print	רשימות|Personal Notes	Alisa Douer	EgoDocument
IL-MTFN-001-G-F-0560-001-R0001	IL-MTFN-001-G-F-0560-001	memoir	Memory Book by M. Ermann	29;10;1910, Memory Book Trauer;Gedenkbuch, by M. Ermann, German, Hebrew	29;10;1910, Gedenkbuch Trauer;Gedenkbuch, von M. Ermann, Deutsch, Hebräisch	29;10;1910, ספר זיכרון Trauer;Gedenkbuch, של מ. ארמן M. Ermann, גרמנית, עברית	German|Hebrew	1910-10-29	Unknown	ספר זכרונות|Memory Book	M. Ermann	Memory Book
IL-MTFN-001-G-F-0560-001-R0002	IL-MTFN-001-G-F-0560-001	memoir	Memory Book of Rosa Levi	16.03.1916, Memory Book Trauer;Gedenkbuch, by Rosa Levi, German, Hebrew	16.03.1916, Erinnerungsbuch Trauer;Gedenkbuch, von Rosa Levi, Deutsch, Hebräisch	16.03.1916, ספר זיכרון Trauer;Gedenkbuch, של רוזה לוי Rosa Levi, גרמנית, עברית	German|Hebrew	1916-03-16	Unknown	ספר זכרונות|Memory Book	Rosa Levi	Memory Book
IL-MTFN-001-G-F-0561-001-R0001	IL-MTFN-001-G-F-0561-001	memoir	Memory Album of Richard Jacobi	Memory album of Richard Jacobi, the entries are by students and lecturers, German, handwritten, Frankfurt, 1918	Erinnerungsalbum von Richard Jacobi, die Einträge sind von Schülern und Lehrern, Deutsch, Handschrift, Frankfurt, 1918	אלבום זיכרונות של ריכארד יעקובי, הרושמים הם תלמידים ומרצים, גרמנית, כתב יד, פרנקפורט, 1918	German	1918	Handwritten	ספר זכרונות|Memory Book	Richard Jacobi	EgoDocument
IL-MTFN-001-G-F-0561-002-R0007	IL-MTFN-001-G-F-0561-002	visit	Expense Report of a Summer Trip, 1923	1923, Expense report of a summer trip, German.	1923, Ausgabenbericht einer Sommerreise, Deutsch.	1923, דוח הוצאות של נסיע בקיץ, גרמנית.	German	1923	Unknown	דוח|Report		Financial_Document
IL-MTFN-001-G-F-0561-002-R0010	IL-MTFN-001-G-F-0561-002	visit	Request for Youth Trip Discount, 1921	1921, Frankfurt, request for a discount for a youth trip from the Reichseisenbahn, German, printed.	1921, Frankfurt, Antrag auf Ermäßigung für eine Jugendreise mit der Reichseisenbahn, Deutsch, gedruckt.	1921, פרנקפורט, בקשה להנחה עבור טיול של נוער מהרכבת Reichseisenbahn, גרמנית, מודפס.	German	1921	Print	בקשה|Application		Application
IL-MTFN-001-G-F-0561-005-R0002	IL-MTFN-001-G-F-0561-005	diary	Diary/Calendar with Markings	1938, diary/calendar with some markings of unclear significance.	1938, Tagebuch/Kalender mit einigen Markierungen von unklarer Bedeutung.	1938, יומן/לוח שנה עם מעט סימונים בעלי משמעות לא ברורה.	Unspecified	1938	Unknown	יומן|Diary|לוח שנה|Calendar		EgoDocument
IL-MTFN-001-G-F-0561-005-R0010	IL-MTFN-001-G-F-0561-005	correspondence	Correspondence Copies via Red Cross between Hedwig Sternfeld and Richard Jacoby, 1941	1941, copies of correspondence through the Red Cross between Hedwig Sternfeld and Richard Jacoby, Hedwig is Richard's grandmother, regarding the fate of family members, German.	1941, Kopien des Briefwechsels über das Rote Kreuz zwischen Hedwig Sternfeld und Richard Jacoby, Hedwig ist die Großmutter von Richard, bezüglich des Schicksals von Familienmitgliedern, Deutsch.	1941, העתקים של החלפת מכתבים דרך הצלב האדום בין הדויג שטרנפלד Hedwig Sternfeld לבית ריכרד יעקובי Richard Jacoby, הדויג היא סבתא של ריכרד בקשר לגורל בני משפחה, גרמנית.	German	1941	Unknown	מכתב|Letter	Hedwig Sternfeld|Richard Jacoby	Communication Document
IL-MTFN-001-G-F-0563-001-R0001	IL-MTFN-001-G-F-0563-001	diary	Diary of Dr. Robert (Wolf) Wolf during WWI	1916-1918, Diary of Lawyer Dr. Robert (Wolf) Wolf, during his service in World War I, German, Handwritten;	1916-1918, Tagebuch von Rechtsanwalt Dr. Robert (Wolf) Wolf, während seines Dienstes im Ersten Weltkrieg, Deutsch, Handschrift;	"1916-1918, יומן של עו""ד ד""ר רוברט (זאב) וולף, בעת שירותו במלחמת עולם I, גרמנית, כתב יד;"	German	1916	Handwritten	יומן|Diary	Dr. Robert (Wolf) Wolf	EgoDocument
