accession_id	accession_raw	artist	artist_en	work_title	work_title_en	item_type	item_type_en	technique	technique_en	description	dimensions	years	subject_narrow	subject_broad	origin	origin_en	bio_chrono	category	location	condition	registrar	insurance_value	donation_no	acquisition_date	donor	notes	source_pages
G-F-0001-1	G.F. 0001 / 1	אש ברונו	Asch Bruno	אש ברונו 1890-1940	Asch Bruno 1940-1890	חוברת		מקור	Original	קטגוריות: | .1 פעילות פוליטית	8 עמ'	לא מצוין	No Image ביוגרפיה						נרשם ב-יוני 2002	1 מתוך 2	נילי דוידסון		אין		הבת ,מרים פינר גייזנברג ,אליעזר בן יהודה ,16 רחובות		1,2
G-F-0001-2	G.F. 0001 / 2	אש ברונו	Asch Bruno			תמונת-צלום דיוקן		מקור	Original	קטגוריות: | .1 תמונות		ללא תאריך	No Image	-תצלום דיוקן של ברונו אש	גרמניה				נרשם ב-יוני 2002	2 מתוך 2	נילי דוידסון		אין		הבת ,מרים פינר-גייזנברג ,רחובות	העתק של תמונת הדיוקן מוצגת בתערוכת המוזיאון	3
G-F-0002-1	G.F. 0002 / 1	אופנהיימר ארנסט 1907-1987	Oppenheimer Ernst 1907-1987			מאמרים		העתק	Copy	נהריה | מסחר | פרסומים	3	1972 , 1968	No Image נהריה ,אופנבך-גרמניה	ארנסט אופנהיימר מתושביה הותיקים של נהריה ,בעליה	גרמניה -אופנבך				נרשם ב-יוני 2002	1 מתוך 2	נילי דוידסון		אין		אוסף שילוני		4,5
G-F-0002-2	G.F. 0002 / 2	אופנהיימר ארנסט 1907-1987	Oppenheimer Ernst 1907-1987			פרוזה ,בגרמנית ,כתוב במכונה		מקור	Original	ספרות	17 עמ'	1939	No Image 3 סיפורים קצרים בגרמנית	Anneliese Eulau-Felsenstein .Aus dem Zyklus :Jüdische	ציריך ,שוייץ				נרשם ב-יוני 2002	2 מתוך 2	נילי דוידסון		2001.119		האלמנה ,מריאנה אופנהיימר ,רח' ז'בוטינסקי ,11 נהריה	גב' אופנהיימר מצאה את הפרוזה בעיזבון בעלה או אחיה המנוח .אינה יודעת איך זה הגיע לשם.	6,7
G-F-0003-1	G.F. 0003 / 1	בוק היינץ & סימון & גאורג				תעודות ומסמכים ,הרייך השלישי		מקור ,העתק	Original, Copy	"היינץ בוק ,יליד ,1907 אישתו הראשונה ,הילדגרד )הילדה(, | נספתה בשואה .אישתו השניה ,גוסטה  -גושי .אחרי מעצר | בסכסנהאוזן הגר לאנגליה שם שהה במחנה קיטשנר  ,על | האניה ""דונרה"" ,הועבר למחנות העצירים לאוסטרליה ,שם | הכיר את ישראל שילוני .היה פעיל ואהוד על העצירים. | בהיותו אדם דתי ,ארגן ודאג לחיי דת ומסורת במחנה. | גאורג בוק יליד  ,1900 בן דודו,של היינץ ,אשתו מרי .גם | הוא היה עצור בסכסנהאוזן .המשפחה היגרה ברייך | השלישי לאנגליה. | קטגוריות: | הרייך השלישי | מחנות מעצר | הגירה | אירגונים | תעודות אישיות | מלח""ע I | תמונות"		1903-1948	No Image אישיים ,הגירה ,אירגוני עזרה ליהודים	.1 כרטיסים ממשרד הרווחה של הקהילה היהודית ,בברלין	גרמניה		נערך חלקית ,ראה בתיק	מסמכים	נרשם ב-יולי 2002	1 מתוך 3	נילי דוידסון		אין		אוסף שילוני		8,9,10,11,12,13
G-F-0003-2	G.F. 0003 / 2	בוק היינץ & סימון & גאורג								קטגוריות: | .1 מחנות מעצר *אוסטרליה			No Image	-שלט מקרטון מצויר וצבוע עליו כתוב Jüdische					נרשם ב 15.05.2012-		נילי דוידסון		אין		אוסף ישראל שילוני		7231
G-F-0003-3	G.F. 0003 / 3	בוק היינץ & סימון & גאורג		מחנות מעצר באוסטרליה				מקור	Original	קטגוריות: | .1 אמנות *שתי עבודות נגרות קטנות.			No Image	-שתי עבודות עץ קטנות ,שבוצעו המחנה המעצר					15.05.2012		נילי דוידסון		אין		אוסף ישראל שילוני		7232,7233
G-F-0004	G.F.0004	כהן גרטל & ריכרד				ספר אורחים		מקור	Original	"""פנסיון כהן"" בנהריה נפתח ב 1939-היה בבעלותם של | גרטל וריכרד כהן ,נסגר ב .1967-הבית והגינה הגדולה היו | בפינת הרחובות שדרות הגעתון ורחוב ז'בוטינסקי .הבית | נהרס ובמקומו הוקם בית קומות. | קטגוריות: | נהריה | מסחר | מנהגים | תמונות | ספרות"	שני ספרים	1953-1967 ; 1949-1953	No Image אורחים כתבו +ציורים +תמונות	.1 ספר אורחים :1949-1953 אורחים רושמים רשימות,					נרשם ב-יולי 2002	1 מתוך 1	נילי דוידסון		0		אנדריאס מאייר ,כפר ורדים	מר אנדראס מאייר יודע שהיה ספר שלישי ,כפי הנראה הספר הראשון ,כל מאמציו למציאת הספר עלו בתוהו.	14,15
G-F-0005-1	G.F. 0005 / 1	הקר מקס	Hecker Max			זכרונות		העתק ,הדפסה ,תרגום לעברית	Copy, Printing, Translation to Hebrew	"גב' לאה אלון )התורמת( בתם של מקס מרדכי הקר ,יליד | , 1879 וחנה פרידה לבית מוזס ,ילידת  , 1881 תרגמה | לעברית והדפיסה את זכרונות אמה אותם כתבה משלהי | נעוריה ועד  ,1943 כמו כן הדפיסה את הגרסה הגרמנית. | גב' אלון תרגמה לעברית והדפיסה גם את זכרונות אביה, | מקס הקר ,יליד קראקוב ,מהנדס בנין ,אחיו של האדריכל, | וילהלם הקר ,אותם כתב ב ,1954-ואת הגירסה הגרמנית | גם כן הדפיסה. | שמות :ריינס ,מוזס ,הקר ,לוטה כהן ,גוסטה גאורג בוק, | יוסף לוי ,אליאס אורבך ,הרמן שטרוק. | ,Reines ,Moses ,Hecker ,Lotte Cohn ,Gusta Georg Bock. | Josef Loewy ,Elias Auerbach ,Hermann Struck | מקומות :טפיאו ,קניגסברג ,ברסלאו ,גלייויץ ,ברלין, | בודנזה ,האלה. | ,Tpiau ,Königsberg ,Breslau ,Gleiwitz ,Berlin ,Bodensee. | Halle | מנוסקריפט לזכרה של לוטה אנגל לבית הקר ,בגרמנית | ועברית ומודפס. | קטגוריות: | ביוגרפיה | משפחה | קהילה | מנהגים | מסורת | חינוך | עלייה | פלסטינה | התיישבות | מלח""ע I | מקצועות חופשיים | ישראל | ספרות | פרסומים"		1881-1974	No Image קורותיה של משפחה יהודית שעלתה פעמיים לפלסטינה.	מתוך הזכרונות של חנה פרידה הקר:	פולין ,וינה ,גרמניה ,פלשתינה ,ישראל		אילן יוחסין של ריינוס ,מוזס ,הקר		נרשם ב -יולי 2002	כרטיס 1 מתוך 3	נילי דוידסון		2000.003		לאה אלון ,רח' המייסדים ,11 נתניה	בין דפי הזכרונות בגרמנית משובצות תמונות משפחתיות של משפחת מוזס והקר	16,17,18
G-F-0005-2	G.F. 0005 / 2	הקר מקס	Hecker Max					מקור ,העתק ,הדפסה ,תרגום לעברית	Original, Copy, Translation to Hebrew	"קטגוריות: | .1 מלח""ע I | .2 שירה | .3 הנצחה | .4 פעילות תרבותית *מחקריו של אודו מוזס | .5 כתיבה אישית | .6 תולדות משפחה *אילן יוחסין | .7 תמונות | .8 מדעים *עבודתו של המהנדס מקס הקר"			No Image	-צילום של אילן היוחסין של משפחות :ריינס ,מוזס ,הקר.					נרשם יולי 2002	כרטיס 2 מתוך 3	נילי דוידסון		2000.003		לאה אלון ,הבת ,נתניה		3856,3857,3858
G-F-0005-3	G.F. 0005 / 3	הקר מקס	Hecker Max					מקור ,העתק ,הדפסה ,תרגום לעברית	Original, Copy, Translation to Hebrew	"קטגוריות: | .1 תולדות משפחה | .2 מלח""ע I | .3 התכתבות | .4 שירה"			No Image	-מחברת השירים של יוהנה מוזס לבית ריינוס .כתבה					נרשם ב-יולי 2002	כרטיס 3 מתוך 3	נילי דוידסון		2000.003		לאה אלון ,רח' המייסדים ,נתניה	לתיק מס G.F. 0005 / 2 .יש שני כרטיסים תחת אותו מספר -החומר נמצא בתיק אחד	97,98
G-F-0006	G.F.0006	ורטהיימר סטף	Wertheimer Stef					העתק	Copy	קטגוריות: | משפחה | מסחר | ישראל			No Image	-צילום מכתב המלצה ,שנתנה אמו ,של סטף ורטהיימר	גרמניה ,קיפנהיים				31.08.2002	1 מתוך 1	נילי דוידסון		אין		אוסף שילוני		19,20
G-F-0007	G.F.0007	כהן אוסקר	Cohn Oscar			מאמרים		העתק	Copy	"כהן אוסקר 1869-1934 | מתוך מכתבו של הנכד ,ד""ר מיכאל כהן: | אוסקר כהן היה חבר ברייכסטג הגרמני כנציג אזור | נורדהאוזן  Nordhausenבתקופה  .1912-1918 הוא התבלט | במיוחד ביציאתו נגד המטכ""ל הגרמני וניהול המלחמה. | קטגוריות: | מלח""ע I | פרסומים"			No Image		,Nordhausenשלזיה עלית ,גרמניה			פרסומים	04.08.2002	1 מתוך 1	נילי דוידסון		אין		"ד""ר מיכאל כהן ,נכדו של אוסקר כהן ,אוסף ישראל שילוני"	בתיק תמונת דיוקן של אוסקר כהן.	21,22
G-F-0008-1	G.F. 0008 / 1	לוזר ולטר 1980-1893						מקור ,העתק	Original, Copy	רות קרמר לבית לוזר ,תרמה את החומר .אביה ולטר לוזר | ,1893-1980 אמה אדית לבית גולדשמידט | . 1898-1980 | קטגוריות: | .1 אירגונים | .2 משפחה | .3 תמונות | .4 פרסומים | .5 מנהגים | .6 כלכלה | .7 אומנות | .8 ספרות | .9 גלויות | .10 ספורט			No Image	.1 תמונות של אירגון נשים יהודיות ,הילדסהיים .Jüd -	הילדסהיים Hildesheimגרמניה		אילן יוחסין משפחת לוזר +גולדשמידט		04.08.2002	1 מתוך 2	נילי דוידסון		אין		"הבת,רות קרמר ,ת""ד ,81 שבי-ציון ,04-9827581 ,25227"	7473  מתוך 25 עמוד	23,24,25
G-F-0008-2	G.F. 0008 / 2	לוזר ולטר 1980-1893						מקור ,העתק	Original, Copy	"ולטר לוזר היה קצין במלח""ע . Iהוא נשבה וישב במחנה | המעצר  Barcelonnetteבצרפת. | באוסף חומר רב מהפעילות החברתית של ""שעות הפנאי"". | ולטר לוזר עלה לישראל לפני מלח""ע .II | קטגוריות: | .1 מלח""ע I | .2 מחנות | .3 מנהגים | .4 אומנות | .5 הגירה | .6 הרייך השלישי | .7 פירסומים *מחזה *עלונים הומוריסטים"			No Image	-צילום של תפריט לבית קפה , Speise Karte -מעשה ידי					04.08.2002	2 מתוך 2	נילי דוידסון		אין		הבת ,רות קרמר ,שבי ציון -להשלמה ראה כרטיס קודם.	"חיתוכי עץ ,מעשה ידי השבוים בברסלונט ,מוסגרו והוצגו בתערוכה ,נמצאים )כפי שהוצגו( בארכיון המוזיאון. | בתצוגת המוזיאון מוצגים מספר פריטים מאוסף זה ,כולם שייכים לקטגוריית מלח""ע  , Iבניהם תמונה של הקצין ולטר לוזר  ,איתורים צבאיים ועוד."	99,100
G-F-0009	G.F.0009	לוקס & וייס & מבשן						מקור	Original	"גב' אוה וייס ,ילידת ,1921 נפטרה ,2002 העבירה למוזיאון | את עזבון הוריה ,רנה וייס והלה וייס לבית לוקס .החומר | נאסף במספר ביקורים אצל גב' וייס בטבעון ,ע""י נילי | דוידסון ,רותי אופק ,קרלה וולף ותמר זגר .לגב' וייס יש | אח ,ריכרד )רי( ,אורי ,יליד  ,1924 חי בחיפה .תמר זגר יצרה | איתו קשר בכונה לעורר את התעניינותו בעבודה שנעשית | במוזיאון בהקשר עם עיזבון הוריו  -הענות דלה .אוה וייס | התגייסה לצבא הבריטי במלח""ע  ,IIשרתה במצרים | ואיטליה .לא נישאה  .החומר לתולדות המשפחה מבוסס | על תכנים מהעזבון ומשיחות עם אוה וייס .סכמה  -נילי | דוידסון | אוה וייס נפטרה אחרי מחלה קשה וארוכה ב.2002-"		המאה ה ,19-ה 20-	The file: {T:\backup\Tchelet_data\Rachel\GF 0009.JPG} is missing סיכום לתולדות המשפחה	רנה וייס , Rene Weiss1890-1972 -נולד בפריס לאביו	גרמניה			תולדות משפחה	27.01.2003	1 מתוך 14	נילי דוידסון		0			תמונה לוקס וייס 1	26,27,28
G-F-0009-1	G.F. 0009 / 1	לוקס & וייס & מבשן						מקור ,הדפסה ,תרגום לעברית	Original, Printing, Transletion to Hebrew	קטגוריות: | .1 תולדות משפחה | .2 תעודות אישיות | .3 מנהגים | .4 התכתבות | .5 תמונות		המאה ה ,19-ה 20-	The file: {T:\backup\Tchelet_data\Rachel\GF0009 1.JPG} is missing					ראה תאור אוסף	28.01.2003	2 מתוך 14	נילי דוידסון		0		"אוה וייס ז""ל ,טבעון"	תמונה לוקס וייס .2	29,30,31
G-F-0009-10	G.F. 0009 / 10	לוקס & וייס & מבשן						מקור ,הדפסה	Original, Printing	"בעיזבון של לוקס / וייס נמצאו מסמכים של משפחת | מבשן .גב' אוה וייס ז""ל ספרה שהזוג מבשן היו חברים | טובים של הוריה  -לא היה לה מידע מעבר לזה. | שמעון  Simonמבשן  , Mibaschanעיברת את שמו | מבראונשטיין  ,Braunsteinיליד רומניה ,נשא לאישה את | יוליה  Juliaלבית פבר .Faber | קטגוריות: | .1 תמונות | .2 פלסתינה | .3 מקצועות חופשיים | .4 התיישבות | .5 מנהגים | .6 תעודות אישיות"			The file: {T:\backup\Tchelet_data\Rachel\GF0009 10.JPG} is missing	.1 תמונות מהחתונה של בן הנציב העליון דאז ,הרברט					06.02.2003	11 מתוך 14	נילי דוידסון					תמונה שמעון ויוליה מבשן .בשנת 2004 במהלך שיפוצים במוזיאון נעלם התיק.	124,125,126
G-F-0009-11	G.F. 0009 / 11	לוקס & וייס & מבשן				מכתבים		מקור	Original	גב' תמר זגר קראה מאות מכתבים ומיינה אותם תוך | כתיבת סיכום קצר בעברית של נושאי המכתב. | בתיק זה: | מכתבים שכתב רנה אל הלה ; 1911-1913 | .1914-1921 +אין מכתבים מ.1919- | המכתבים מסודרים לפי השנים.			No Image	ההתכתבות בין רנה והלה החל ב 1911-אחרי ההיכרות				התכתבות	06.02.2003	12 מתוך 14	נילי דוידסון				"אוה וייס ז""ל ,טבעון"		127,128
G-F-0009-12	G.F. 0009 / 12	לוקס & וייס & מבשן		מכתבים מבלה לוקס אל רנה וייס		מכתבים		מקור	Original	גב' תמר זגר קראה מאות מכתבים ומיינה אותם תוך | כתיבת סיכום קצר בעברית של נושאי המכתב .מרים | פולין הדפיסה. | בתיק זה: | מכתבים שהלה כתבה אל רנה: | 1916-1920 + 1911-1915 אין מכתבים מ.1919- | המכתבים מסודרים לפי השנים.			No Image	ההתכתבות בין רנה והלה החל ב 1911-אחרי ההיכרות				התכתבות	06.02.2003	13 מתוך 14	נילי דוידסון				"אוה וייס ז""ל ,טבעון"	בשנת 2004 במהלך עבודות שיפוצים במוזיאון נעלמו תיקים משנת .1916,1917,1918,1920 ,1915- 1914	129,130
G-F-0009-13	G.F. 0009 / 13	לוקס & וייס & מבשן				מכתבים		מקור	Original	התיק מכיל מכתבים: | -שחשיבות תוכנם  ,לפי הקריטריונים ,מועטה ,דהיינו | תיעוד מקיף של התקופה.			No Image	.1 מעטפות				התכתבות	09.02.2003	14 מותך 14	נילי דוידסון						131,132
G-F-0009-2	G.F. 0009 / 2	לוקס & וייס & מבשן						מקור	Original	קטגוריות: | .1 כתיבה אישית  /חברתית | .2 מנהגים | .3 נוער | .4 אירגונים | .5 פעילות פוליטית | .6 הרייך השלישי | .7 מוזיקה | .8 מדעים | .9 מסורת			No Image	.1+2 יומן של הלה לוקס מ.1910-				ראה תאור אוסף	29.01.2003	3 מתוך 14	נילי דוידסון		0		"אוה וייס ז""ל ,טבעון"	""" -קופסת חיי"" מוצגת בתערוכת המוזיאון | -המכתב על חיתול התורה שהודפס מעניין מאד."	32,33,34
G-F-0009-3	G.F. 0009 / 3	לוקס & וייס & מבשן						מקור	Original	"קטגוריות: | .1 ספרים | .2 כלכלה | .3 ספורט | .4 מקצועות חופשיים | .5 הגירה | .6 מלח""ע I | .7 ציור | .8 תמונות"			The file: {T:\backup\Tchelet_data\Rachel\GF0009 3.JPG} is missing	.1+2 ספר בגרמנית על בנקים יהודים פרטיים בפרנקפורט				ראה תאור אוסף	29.01.2003	4 מתוך 14	נילי דוידסון				"אוה וייס ז""ל ,טבעון"	תמונה לוקס וייס 3	110,111
G-F-0009-4	G.F. 0009 / 4	לוקס & וייס & מבשן						מקור	Original	"קטגוריות: | .1 מסורת | .2 ספרים | .3 פרסומים | .4 מלח""ע I | .5 פוליטיקה | .6 משפט"			No Image	.1+2 ספר תפילות לנוער לתפילת שבת אחר הצהריים,				ראה תאור אוסף	29.01.2003	5 מתוך 14	נילי דוידסון				"אוה וייס ז""ל ,טבעון"		112,113
G-F-0009-5	G.F. 0009 / 5	לוקס & וייס & מבשן						מקור	Original	קטגוריות: | .1 ספרים | .2 פלשתינה | .3 ארגונים | .4 תמונות | .5 פרסומים | .6 הגירה | .7 הרייך השלישי			No Image	.1+2 ספר על פלשתינה הארץ ותושביה עם תמונות נוף				ראה תאור אוסף	29.01.2003	6 מתוך 14	נילי דוידסון				"אוה וייס ז""ל ,טבעון"		114,115
G-F-0009-6	G.F. 0009 / 6	לוקס & וייס & מבשן				יומן +פרוזה		מקור	Original	"קטגוריות: | .1 כתיבה אישית | .2 מלח""ע I | .3 מחנות מעצר"			No Image	.1+2 יומן שכתב רנה וייס ב 1914-במחנה נתינים זרים					02.02.2003	7 מתוך 14	נילי דוידסון				"אוה וייס ז""ל ,טבעון"	בשנת 2004 במהלך שיפוצים במוזיאון נעלם התיק.	116,117
G-F-0009-7	G.F. 0009 / 7	לוקס & וייס & מבשן		קטלוג מכתבים רנה וייס אל הלה לוקס	Briefenkatalog Rene Weiss an Hella Lucas	קטלוג מכתבים		תרגום מתומצת לעברית והדפסה	Summerization to hebrew and printing	"גב' תמר זגר קראה עשרות מכתבים שכתב רנה אל הלה - | מתוכם תרגמה בתמצות את החשובים מבין המכתבים, | דהיינו מכתבים שיש בהם מסר או ודאות לתקופה מבחינה | רגשית ,דתית ,פילוסופית ,חברתית ,היסטורית וכד'. | התמצות נעשה בעברית ,נערך ע""י נילי דוידסון ,הודפס | בחלקו ע""י הנכד בן ה 17-של תמר ,והיתר ע""י נילי דוידסון. | מלבד התמצות בעברית יש הכוונה למכתב עצמו | באמצעות מספר המכתב או תאריך המכתב .חלק | מהמכתבים הודפסו בשלמותם כבמקור  -בשפה | הגרמנית  -ראה הערות בקטלוג עצמו."		1920 ; 1911-1918	No Image	הקטלוג מכיל מכתבים שכתב רנה אל הלה בשנים -1911				התכתבות	02.02.2003	8 מתוך 14	נילי דוידסון					בשנת 2004 במהלך שיפוצים במוזיאון נעלם התיק.	118,119
G-F-0009-8	G.F. 0009 / 8	לוקס & וייס & מבשן				קטלוג מכתבים		תרגום מתומצת לעברית והדפסה	Summerization to hebrew and printing	"גב' תמר זגר קראה עשרות מכתבים שכתבה הלה אל | רנה  -מתוכם תרגמה בתמצות לעברית את החשובים מבין | המכתבים ,דהיינו מכתבים שיש בהם מסר או ודאות | לתקופה מבחינה רגשית ,דתית ,פילוסופית ,חברתית, | היסטורית וכד' .התמצות נעשה בעברית, | נערך ע""י נילי דוידסון הודפס בחלקו ע""י הנכד | בן ה 17-של תמר ,והיתר ע""י נילי דוידסון. | מלבד התמצות בעברית יש הכוונה למכתב עצמו | באמצעות מספר המכתב או תאריך המכתב .חלק | מהמכתבים הודפסו בשלמותם כבמקור  -בשפה | הגרמנית  -ראה הערות בקטלוג עצמו."		1920-1921 ; 1911-1918	No Image	הקטלוג מכיל מכתבים שכתבה הלה אל רנה בשנים				התכתבות	02.02.2003	9 מתוך 14	נילי דוידסון					בשנת 2004 במהלך שיפוצים במוזיאון נעלם התיק.	120,121
G-F-0009-9	G.F. 0009 / 9	לוקס & וייס & מבשן						הדפסת מקור	Printing of Original	"מכתבים שהלה כתבה לרנה | חלק קטן ממכתביה הודפס בשפה הגרמנית תוך נאמנות | למקור .מילים מעטות לא פוענחו ,בהדפסה סומן המקום | בנקודות. | פענוח המכתבים והדפסתם נעשה ע""י קרלה וולף ונילי | דוידסון. | קטגוריות: | .1 התכתבות"			No Image	.1 מספר קטעים נבחרים מתוך מכתביה של הלה מובאים				התכתבות	04.02.2003	10 מתוך 14	נילי דוידסון					בשנת 2004 במבלך שיפוצים במוזיאון נעלם התיק.	122,123
G-F-0010	G.F.0010	סימון ארנסט	Simon Ernst			חוברות ,ספר		מקור	Original	"סימון ארנסט 1899-1988 | ארנס סימון יליד ברלין .מורה ,מחנך ,מרצה לפילוסופיה | ותולדות החינוך .עורך עיתון ""היהודי""  ,Der Judeברלין. | ציוני ,חתן פרס ישראל ,מחבר ספרים. | קטגוריות: | .1 פרסומים | .2 ספרים | .3 חינוך | .4 הרייך השלישי | .5 קהילה"			No Image	.1+5 חוברת קטנה שכתב ארנס סימון בגרמנית:					16.02.2003	1 מתוך 1	דוידסון נילי		אין		אוסף ישראל שילוני		35,36
G-F-0011	G.F.0011	סוסקין זליג אויגן	Soskin Selig Eugen			ספרים,פרסומים				"הקים את החברה ל""התיישבות, אגרונום,ד""ר סוסקין | .קטנה"" שבמסגרתה הוקמה גם נהריה | :קטגוריות | התיישבות.1 | חקלאות.2 | אדריכלות נוף.3 | השקיה.4 | פלסתינה.5 | נהריה.6"			No Image	":פרסומים של ד""ר סוסקין"				התיישבות ,פלסתינה	16.02.2003	1 מתוך 1	נילי דוידסון		אין		אוסף ישראל שילוני +פרופ' רות אניס		37,38
G-F-0012-1	G.F. 0012 / 1	פינק & רוזנשטיין & ברג						מקור	Original	חומר מעיזבון משפ .פינק Finkמשפ .ברג Bergומשפ. | רוזנשטיין . Rosenstein | התורמת גב' ליזלוטה  Liselotteפינק לבית רוזנשטיין. | לתולדות המשפחה: | ברוך פינק יליד  1808 נשא לאשה את בריינדה לבית כץ | ילידת .1819 | בנם סלומון פינק יליד  1845 נשא לאשה את רוזה לבית | היילברון ילידת .1847 | בנם הרמן פינק יליד  1875 נשא לאשה את פלורה לבית | ברג .נולדו להם  3 ילדים :מרגרט ,היינץ ופאול. | פאול היה בעלה של התורמת  -ליזלוטה פינק. | נתן רוזנשטיין נשא לאשה את יוהנה לבית לובנשטיין. | בנם עמנואל רוזנשטיין  1869-1942 נשא לאשה את | גולדינה )גלה( לבית רוזנשטיין. | בנם הוגו נתן רוזנשטיין יליד  1891 נשא לאשה את אלה | לבית מאייר. | התורמת ,ליזלוטה פינק היא בתם. | קטגוריות: | .1 המאה ה 19- | .2 המאה ה 20- | .3 תולדות משפחה | .4 משפחה | .5 תעודות אישיות | .6 מנהגים | .7 קהילה | .8 צבא			The file: {T:\backup\Tchelet_data\Rachel\GF0012 1.JPG} is missing	-משנת 1874 מסמך מאשווגה Eschwegeשמפרט את					17.02.2003	1 מתוך 3	נילי דוידסון		אין		ליזלוטה פינק ,נהריה	"מרבית המסמכים הנ""ל כתובים ביד בגרמנית גותית -את עבודת הפיענוח עשתה גב' קרלה וולף -נהריה. | בתיק  G.F. 0012 /3 ראה דוגמא לכתיבה גרמנית באותיות עבריות"	39,40,41,42
G-F-0012-2	G.F. 0012 / 2	פינק & רוזנשטיין & ברג						מקור	Original	קטגוריות: | .1 צבא | .2 הגירה | .3 קהילה | .4 רפואה | .5 מנהגים | .6 הרייך השלישי | .7 מחנות מעצר			The file: {T:\backup\Tchelet_data\Rachel\GF0012 2.JPG} is missing	-משנת 1866 תעודה לסלומון פינק על שרות צבאי					17.02.2003	2 מתוך 3	נילי דוידסון		אין		גב' ליזלוטה פינק ,נהריה	"לנושא ""רכישת ממלא מקום לשרות צבאי"" יש סימוכין גם בתיק הארכיון ""קרמר ,הס"" | תיק .G.F.0015"	145,146,147
G-F-0012-3	G.F. 0012 / 3	פינק & רוזנשטיין & ברג						מקור	Original	קטגוריות: | .1 פריטים | .2 מנהגים | .3 חגים | .4 מסורת	"80X80 ס""מ"	לא ידוע	The file: {T:\backup\Tchelet_data\Rachel\GF0012 3.JPG} is missing	ציפת כרית לפסח עם רקמת תמונה של מסובים בליל				פריטים	18.02.2003	3 מתוך 3	נילי דוידסון		אין		פינק ליזלוטה ,נהריה	בכרטיס זה ראה צילום קטע מרשימת המתנות ונותניהם לחתונתם של סלומון ורוזה.	148,149
G-F-0013	G.F.0013	פופר פלורה	Popper Flora					מקור ותרגום מתומצת לעברית	Original and Summarization to Hebrew	"פלורה פופר Flora Popperלבית גלזר Glaser | 1866-1917 נולדה בזאץ  Zaazבוהמיה .פלורה ניהלה | ביחד עם בעלה חוה חקלאית לגידולי לתת  -הצמח ממנו | עושים בירה. | בימי פלורה חיו בעירה  12000 תושבים מתוכם  900 יהודים. | העיזבון כולל ברובו פריטים אלגנטים שמצביעים על | המעמד החברתי הבורגני של המשפחה .פלורה המשכילה | הרבתה לכתוב שירים ומחשבות על נושאים שהעסיקו | אותה. | מר פופר קרוב משפחה של פלורה העביר את העיזבון | למוזיאון .סיפר שהחומר הועבר לארה""ב ע""י הבת ובסוף | הגיע לישראל. | חלק מהעיזבון מוצג באולם התצוגות של המוזיאון. | קטגוריות: | .1 פריטים | .2 שירה | .3 כתיבה אישית  /חברתית | .4 חקלאות"			The file: {T:\backup\Tchelet_data\Rachel\GF0013.jpg} is missing	הפריטים שמוצגים באולם המוזיאון:	בוהמיה			פריטים	20.02.2003	1 מתוך 1	נילי דוידסון		2002.209		ריכרד ומגדה פופר ,חולון	לתרומת העיזבון ב 1996-אין רישום ארכיוני ב 2001-נתרמו ספרים ,ב 2002-נתרמו פריטים ראה מס .תרומה.	43,44
G-F-0014	G.F.0014	קרמניצר & קלישר & קליש & ארליך				חוברות		מקור	Original	קטגוריות: | .1 תולדות משפחה | .2 פרסומים | .3 מדעים			The file: {T:\backup\Tchelet_data\Rachel\GF0014.jpg} is missing	"2 חוברות מ 1936-ל""חקר משפחות יהודיות"" Jüdische"					20.02.2003	1 מתוך 1	נילי דוידסון		אין		אוסף ישראל שילוני	"חוברות לחקר משפחות יהודיות בתיק ד""ר דרייפוס תיק מסG.F.0071 ."	150,151
G-F-0015-1	G.F. 0015 / 1	קרמר & הס						מקור ,העתק	Original, Copy	"גב' טובית שמשון מנהריה מסרה חלקים מעזבון הוריה, | ג'ני ) Jennyבארץ אמצה לעצמה את השם נעמי בו היא | משתמשת לעיתים רחוקות( לבית הס  Hessוד""ר מקס Max | קרמר ) Cramerרופא עיניים וצלם חובב(  ,יליד 1880 | בקרלסרואה  Karlsruheשהתישבו בנהריה במטרה | לעסוק בחקלאות ,היו מראשוני המתיישבים .החומר מתעד | את שתי המשפחות ,קרמר והס. | ההורים של ג'ני :דוד  Davidהס  Hessנפטר ב 1913 - | והנכן היא יוהנה  Johanna Hannchenילידת  1860 לבית | נוימרק Neumark | ההורים של מקס :היינריך Heinrich1847-1897 | והנריאטה  Henrietteלבית ליב Loeb | ג'ני קרמר אספה חומר ,חקרה וכתבה )בגרמנית( מספר | מחברות על תולדות המשפחה .צילומי המסמכים הרבים | בתוך העיזבון הם עדות לכך שהיא אספה את החומר | ממוסדות וארכיונים בגרמניה וכפי הנראה החלה בזה כבר | בתחילת שנות ה 20-למאה ה .20-הבת טובית זוכרת | שאמה בנסיעותיה לגרמניה המשיכה לאסוף חומר אותו | הביאה לארץ. | קטגוריות: | .1 המאה ה 19- | .2 המאה ה 20- | .3 צבא | .4 משפחה | .5 תעודות אישיות | .6 מסחר | .7 חינוך | .8 רפואה | .9 מנהגים | .10 שירה | .11 משפט | .12 קהילה"			No Image	"-שנת 1855 חשבונית שהוצאה ע""י כורך ספרים אל"	גרמניה				23 / 24.02.2003	1 מתוך 17	נילי דוידסון		2001.103		טובית וחנן שמשון ,נהריה	-מתוך המסמכים ניתן ללמוד שמקרי הנישואין בתוך המשפחה דהיינו בין קרובי משפחה היו תדירים. | -זיהוי השמות לא קל כי להרבה מבני המשפחה יש מספר שמות הם מופיעים לפעמים בשמם היהודי ולפעמים בשמם הגרמני .גם שמות המשפחה  -לפעמים נקראים האנשים על שם | הישוב ולפעמים בשם משפחה .השם קרמר נכתב לעיתים ב , 'C'-לפעמים ב.'K'-	45,46,47,48,49,50,51
G-F-0015-10	G.F. 0015 / 10	קרמר & הס						מקור ,העתק	Original, Copy	קטגוריות: | .1 אירגונים | .2 פלסתינה | .3 רפואה | .4 כלכלה | .5 כתיבה אישית  /חברתית			No Image	"-משנת 1910 מכתב מאירגון ""למען ציון"" אירגון עזרה של"	גרמניה				25.02.2003	10 מתוך 17	נילי דוידסון		2001.103		טובית וחנן שמשון ,נהריה		67,68
G-F-0015-11	G.F. 0015 / 11	קרמר & הס		תולדות משפחה -אילן יוחסין		כרטיסיות		מקור	Original	כרטיסיות לאסוף נתונים על בני משפחה עליהם רשמה | ג'ני קרמר את תוצאות מחקריה.			No Image	איסוף הנתונים על גבי הכרטיסיות:	גרמניה			תולדות משפחה	26.02.2003	11 מתוך 17	נילי דוידסון		2001.103		טובית וחנן שמשון ,נהריה		69,70
G-F-0015-12	G.F. 0015 / 12	קרמר & הס		מכתבים		מכתבים		מקור	Original	"מכתבים בגרמנית כרוכים למחברת. | ג'ני קרמר כותבת אל בעלה ששרת כרופא בצבא במלח""ע | .I"		1916	No Image	"המכתבים נכתבו מפברואר עד ספטמבר .1916 ד""ר מקס"	גרמניה			התכתבות	26.02.2003	12 מתוך 17	נילי דוידסון		2001.103		טובית וחנן שמשון ,נהריה		71,72
G-F-0015-13	G.F. 0015 / 13	קרמר & הס				כרטיסיות		מקור	Original	כרטיסיות אילן יוחסין של משפחת הס Hess | קטגוריות: | .1 תולדות משפחה | .2 תמונות | .3 משפחה | .4 קהילה			The file: {T:\backup\Tchelet_data\Rachel\GF0015 13.JPG} is missing	ג'ני קרמר ממלא כרטיסיות לכל בני משפחת הס ,משפחת	גרמניה				26.02.2003	13 מתוך 17	נילי דוידסון		2001.103		טובית וחנן שמשון ,נהריה	"בתיק זה ישנה הדפסה בגרמנית של מספר ""קוריוזים""."	73,74
G-F-0015-14	G.F. 0015 / 14	קרמר & הס		אלבום תמונות				מקור	Original	"ד""ר מקס קרמר היטיב לצלם ,זה היה הובי עבורו .בבית | הבת גב' טובית שמשון ישנם צילומים רבים שלו ,חלקם | הוצגו בתערוכה קטנה בשנת  2001 במועדון שוחרי תרבות | בנהריה."			No Image	"אלבום עם תמונות שצילם ד""ר מקס קרמר באיטליה"				אומנות ,תמונות	26.02.2003	14 מתוך 17	נילי דוידסון		2001.103		טובית וחנן שמשון		75,76
G-F-0015-15	G.F. 0015 / 15	קרמר & הס						מקור	Original	שני סיפרונים -ראה נושא מורחב			No Image	"סיפרון שיצא לאור לרגל חגיגות של ה""קרטל-צנטרל"""	גרמניה			אירגונים ,קהילה ,שירה	26.02.2003	15 מתוך 17	נילי דוידסון		2001.103		טובית וחנן שמשון ,נהריה		77,78
G-F-0015-16	G.F. 0015 / 16	קרמר & הס				כרטיסיות		מקור	Original	כרטיסיות אילן יוחסין של משפחת קרמר Cramer | קטגוריות: | .1 תולדות משפחה | .2 תמונות | .3 משפחה | .4 קהילה			The file: {T:\backup\Tchelet_data\Rachel\GF0015 16.JPG} is missing	ג'ני קרמר ממלאת כרטיסיות לכל בני משפחת קרמר,					26.02.2003	16 מתוך 17	נילי דוידסון		2001.103		טובית וחנן שמשון ,נהריה	מספר כרטיסיות מוצגות בתערוכת המוזיאון	79,80
G-F-0015-17	G.F. 0015 / 17	קרמר & הס		חקר לתולדות המשפחה				מקור	Original	מרבית החומר הוא התכתבות של ג'ני קרמר עם בני | המשפחה לקבלת מידע עבור המחקר שהיא עושה : | תולדות המשפחה. | קטגוריות: | .1 התכתבות | .2 תולדות המשפחה | .3 תמונות | .4 מוזיקה | .5 פלסתינה | .6 אירגונים | .7 קהילה | .8 חגים | .9 מסורת | .10 מנהגים | .11 שירה			No Image	-משנת 1927 בעקבות החיפושים אחרי קרובי משפחה					02.03.2003	17 מתוך 17	נילי דוידסון		2001.103		טובית וחנן שמשון ,נהריה		81,82,83,84
G-F-0015-18	G.F. 0015 / 18	קרמר & הס		תמונות				מקור	Original	8 תמונות גדולות של הסבים / סבתות של טובית שמשון | מצד האם ,ג'ני לבית הס. | קטגוריותף | .1 תמונות * משפחה | .2 ציונות *קרן קיימת | .3 אמנות *ציור דיוקן של איש זקן			No Image	תמונות:					נרשם ב 22.11.2011-		נילי דוידסון		2001.103		טובית וחנן שמשון ,נהריה		7112,7113
G-F-0015-2	G.F. 0015 / 2	קרמר & הס		מנוסקריפטים :הפרקסיס ,ההתיישבות בנהריה ,ספר חנוך				הדפסת מקור ,תרגום לעברית	Printing of Original, Transletion to Hebrew	.1 מנוסקריפט בגרמנית ,ההתיישבות בנהריה ,מודפס | .2 מנוסקריפט בעברית ,הפרקסיס של בעלי ,מודפס | .3 ספר חנוך ,גרמנית  -הדפסה | קטגוריות: | .1 כתיבה אישית  /חברתית | .2 עלייה | .3 פלסתינה | .4 ישראל | .5 נהריה | .6 חקלאות | .7 רפואה | .8 מלחמות ישראל  /מלחת השחרור  -השיירה ליחיעם			No Image	".1 מנוסקריפט מודפס בעברית ""הפראכסיס הערבי"	גרמניה				24.02.2003	2 מתוך 17	נילי דוידסון		2001.103		טובית וחנן שמשון ,נהריה		52,53
G-F-0015-3	G.F. 0015 / 3	קרמר & הס						מקור	Original	ספר )אבל( יזכור לזכרו של דוד הס | קטגוריות: | .1 מנהגים | .2 מסורת			The file: {T:\backup\Tchelet_data\Rachel\GF0015 3.JPG} is missing	"ספר ""יזכור"" מפואר לזכרו של דוד הס ,אביה של ג'ני"	גרמניה				24.02.2003	3 מתוך 17	נילי דוידסון		2001.103		טובית וחנן שמשון ,נהריה		54,55
G-F-0015-4	G.F. 0015 / 4	קרמר & הס				מכתבים		מקור	Original	התכתבות בגרמנית			No Image	מכתבי ההתכתבות בין דוד הס לבחירת ליבו יוהנה	גרמניה			התכתבות	24.02.2003	4 מתוך 17	נילי דוידסון		2001.103		טובית וחנן שמשון ,נהריה	קומץ מכתבים מוצגים בתערוכת המוזיאון	56,57
G-F-0015-5	G.F. 0015 / 5	קרמר & הס						מקור	Original	מכתבים משולחים שונים | קטגוריות: | .1 התכתבות | .2 חגים | .3 מנהגים | .4 תמונות			No Image	-משנת 1889 ילד בשם היטס Hitesבן 6 כותב מספר	גרמניה				24.02.2003	5 מתוך 17	נילי דוידסון		2001.103		טובית וחנן שמשון ,נהריה		58,59,60
G-F-0015-6	G.F. 0015 / 6	קרמר & הס				"ספרי זכרונות ,תעודות בי""ס"		מקור	Original	קטגוריות: | .1 כתיבה אישית  /חברתית | .2 מנהגים | .3 חינוך			No Image	-שלושה ספרי זכרונות של 3 דורות במשפחה:	גרמניה				25.02.2003	6 מתוך 17	נילי דוידסון		2001.103		טובית וחנן שמשון ,נהריה		152,153
G-F-0015-7	G.F. 0015 / 7	קרמר & הס		ספר אבותי Mein Ahnenbuch		מחברת		מקור ,הדפסה ,תרגום מתומצת לעברית	Original, Printing, Summarization to Hebrew	ג'ני קרמר עסקה בחקר משפחתה המורחבת לאורך שנים | ומלאה מספר מחברות בכתב ידה בשפה הגרמנית .ראה | התיחסות בG.F. 0015 /1- | כתביה ,מעבר למחקר המשפחתי ,הם מלמדים הרבה על | חיי הקהילות היהודיות בגרמניה לתהפוכותיה .מסורת, | מנהגים ,כלכלה ,חינוך ,חיי משפחה וקהילה, | האינטראקציה עם הסביבה הנוצרית ,המגבלות ,החובות, | הזכויות ועוד .ג'ני מדביקה במחברות תמונות רבות של בני | המשפחה המורחבת לדורותיה תמונות של רחובות ,בתים, | ופרסומים. | העושר הויזואלי מוסיף עניין וסקרנות ומקנה יותר הבנה | לתקופה שהיתה ואיננה עוד. | התמונות הרבות של גברים נשים וטף הם אוצר | בלום לשוחרי אופנה ונוסטלגיה.			The file: {T:\backup\Tchelet_data\Rachel\GF0015 7.JPG} is missing	מחברת עבה כתובה גרמנית בכתב ידה של ג'ני קרמר	גרמניה			תולדות משפחה	25.02.2003	7 מתוך 17	נילי דוידסון		2001.103		טובית וחנן שמשון ,נהריה.	"המחברת מוצגת בתערוכת המוזיאון. | המחברת עברה סריקה ממוחשבת למטרת הדפסה בשפת המקור ,גרמנית. | החומר הודפס ע""י גב' קרלה וולף ינואר 2003"	61,62
G-F-0015-8	G.F. 0015 / 8	קרמר & הס		הסיפור של משפחת הס מאופהאוזן מאת ג'ני קרמר		מחברת		מקור ,הדפסה	Original, Printing	מחברת זאת מוקדשת לחקר משפחת הס מאופהאוזן | Hess Aufhausen			The file: {T:\backup\Tchelet_data\Rachel\GF0015 8.JPG} is missing	כותרת המחברת Geschichte der Familie Hess von	גרמניה			תולדות משפחה	25.02.2003	8 מתוך 17	נילי דוידסון		2001.103		טובית וחנן שמשון ,נהריה	"המחברת עברה סריקה ממוחשבת למטרת הדפסה בשפת המקור ,גרמנית. | החומר הודפס ע""י גב' קרלה וולף  +גב' מרים פולין ,יולי  /אוגוסט 2003"	63,64
G-F-0015-9	G.F. 0015 / 9	קרמר & הס		ספרה של הנכן כתבה ג'ני קרמר ,נהריה		מחברת +הדפסה		מקור ,הדפסה	Original, Printing	מחברת זאת מוקדשת להנכן היא יוהנה הס לבית נוימרק | אמה של ג'ני. | Hannchen ,Johanna Hess geb .Neumark			The file: {T:\backup\Tchelet_data\Rachel\GF0015 9.JPG} is missing	כותרת המחברת Das Hannchen-Buchהספר של הנכן.	גרמניה			תולדות משפחה	25.02.2003	9 מתוך 17	נילי דוידסון		2001.103		טובית וחנן שמשון ,נהריה	"המחברת הודפסה ע""י גב' מרים פולין ,התמונות נסרקו והוספו לטקסט ,דצמבר .2003"	65,66
G-F-0016	G.F.0016	קאן ברטולד 1874-1942	Kahn Bertold 1874-1942			דפים מודפסים בגרמנית		העתק	Copy	אלישבע לרנאו בתו של ברטולד קאן שלחה בשנת 1999 | חומר על אביה שהיה עורך דין. | כתובתה של גב' לרנאו היה ב:1999- | מגדלי הים התיכון ,בת-ים .59303 | מתוך החומר ששלחה נגזרות הקטגוריות הבאות: | קטגוריות: | .1 תולדות משפחה | .2 משפחה | .3 מקצועות חופשיים | .4 קהילה | .5 הרייך השלישי | .6 הגירה | .7 תמונות	11 דפים		No Image	-מתוך ספר שיצא בגרמניה בJüdische 1995-	גרמניה				03.03.2003	1 מתוך 1	נילי דוידסון		אין		הבת ,אלישבע לרנאו ,בת-ים		85,86
G-F-0017-1	G.F. 0017 / 1	קלנבך סימון	Kallenbach Simon					מקור	Original	"סימון קלנבך Simon Kallenbachיליד ,1876 רוס ,Russ | רופא .נשא לאישה את טקלה לבית הרמר | Thekla Hermerילידת  1897 בפולנגן  .Polangenנשאו ב- | 1927 בממל .Memel | ברייך השלישי המשפחה הגרה לאנגליה. | קטגוריות: | .1 משפחה | .2 רפואה | .3 צבא | .4 מלח""ע I | .5 הרייך השלישי | .6 אנטישמיות | .7 אירגונים | .8 פוליטיקה | .9 משפט | .10 פרסומים | .11 כתיבה אישית  /חברתית | .12 ציונות | .13 הגירה | .14 התכתבות | .15 מעטפות דואר"			The file: {T:\backup\Tchelet_data\Rachel\GF0017 1.JPG} is missing	-ספר משפחה Familienbuch	גרמניה ,לטביה ,אנגליה				06.03.2003	1 מתוך 2	נילי דוידסון		אין		אוסף ישראל שילוני	תיק ארכיון מס , G.F.0153 .הרמן קלנבך | Hermann Kallenbachאחיו של סימון קלנבך שנפטר ביוהנסבורג	87,88,89,90,91,92
G-F-0017-2	G.F. 0017 / 2	קלנבך סימון	Kallenbach Simon					מקור	Original	"קטגוריות: | .1 גלויות | .2 ספורט | .3 מחנות | .4 מלח""ע II | .5 מנהגים | .6 ספרות"			No Image	"-משנת 1927 ברכה לאירוסין של ד""ר סימון קלנבך"					06.03.2003	2 מתוך 2	נילי דוידסון		אין		אוסף ישראל שילוני		93,94
G-F-0018	G.F.0018	קאופמן-קדמון לאו	Kaufmann-Kadmon Leo										No Image										אין		אוסף ישראל שילוני		95
G-F-0019	G.F.0019	רדליך	Redlich										No Image										אין		אוסף ישראל שילוני		96
G-F-0020	G.F.0020	רילף יצחק								"ד""ר יצחק רילף 1831-1902 | קטגוריות: | .1 עזרה הדדית *העשייה של יצחק רילף למען יהודים | נרדפים. | .2 פירסומים *ראה ירחון ממל. | .3 יהדות *הצלת ספר תורה וקבורתו. | .4 ציונות *ראה מאמר  150 שנה להולדת יצחק רילף."			No Image	"-קטע מודפס מתוך ספרו של ד""ר יצחק רילף Drei Tage"					נרשם ב 29.06.2010-		נילי דוידסון		אין		אוסף ישראל שילוני		204,205
G-F-0021-1	G.F. 0021 / 1	רובן & וולף & פרידמן		פרסומים				מקור ,העתק	Original, Copy	"לותר וולף Lothar Wolfורעייתו מרתה רובן-וולף Martha | , Ruben-Wolfיהודים עם אידיולוגיה ואוריינטציה | קומוניסטית ,ברלין ,שניהם רופאים .לזוג  2 ילדים :הבת | הבכורה סוניה והבן ולטר .עם עליית היטלר לשלטון עזבה | המשפחה את ברלין למוסקבה .האב ,לותר ,נעצר ונרצח | בידי שליחיו של סטלין ב .1939-האם ,מרתה ,שמה קץ | לחייה באותה שנה .הבת ,סוניה ,אחרי מאבקים ,עלה | בידה לעזוב את מוסקבה ב 1958-למזרח גרמניה .מרתה, | הייתה רופאת נשים ונלחמה עבור זכות הפלות אצל נשים, | שלא יכלו אחרת. | לותר ומרתה הרבו ליסוע בתוך ברית המועצות והוציאו | לאור מספר ספרים על העמים השונים שאיכלסו את | ברה""מ."		-צילום דפים מתוך חוברת שיצאה לרגל יובל	No Image	"3 ספרים בגרמנית ,שנכתבו ע""י הזוג וולף:"					נרשם ב 13.06.2010-	כרטיס 1 מתוך 5	נילי דוידסון		אין		הבת / נכדה ,אסתר נוטר ,תל-אביב	גב' אסתר נוטר היא הבת של סוניה פרידמן והנכדה של מרתה ולותר וולף. | הסכם תרומה נחתם ב 08.04.2013-	6622,6623,6624
G-F-0021-2	G.F. 0021 / 2	רובן & וולף & פרידמן		מנוסקריפט ,אוטוביוגרפיה של סוניה פרידמן לבית וולף				העתק	Copy	מנוסקריפט 361 ,דפים ,של האוטוביוגרפיה שכתבה סוניה | פרידמן לבית וולף ,גרמנית .האוטוביוגרפיה נכתבה | בישראל ,תל אביב ב.1961- | קטגוריות: | .1 קורות משפחה | .2 ביוגרפיה *אוטוביוגרפיה | .3 פעילות פוליטית *יהודים-גרמנים קומוניסטים | .4 פוליטיקה *קומוניזם | .5 חברה *חיים ברוסיה הסטליניסטית 1933-1953 | .6 מפלגות *הקומוניסטית | .7 ארגונים *ק.נ.ד.ב .ארגון החרש הרוסי | .8 רפואה			No Image	בשנים 2001 & 2000 הייתי בקשר עם האוניברסיטה					נרשם ב 13.06.2010-	כרטיס 2 מתוך 5	נילי דוידסון		אין		הבת / נכדה ,אסתר נוטר ,תל-אביב	"גב' אסתר נוטר היא הבת של סוניה פרידמן והנכדה של מרתה ולותר וולף. | ב 19.07.2010-נילי דוידסון שלחה צילום של המנוסקריפט אל ד""ר סימון הרמן ,מנהל ""צנטרום יודאיקום"" ,ברלין ,אחרי התכתבות איתו ובהסכמתו."	6625,6626
G-F-0021-3	G.F. 0021 / 3	רובן & וולף & פרידמן		תרגום לעברית של האוטוביוגרפיה של סוניה פרידמן				העתק	Copy	"אסתר ויורם נוטר הדפיסו את התרגום לעברית של | המנוסקריפט.2010 , | תורגם מגרמנית לעברית ע""י בנימין בן-צדוק. | החוברת מכילה  202 דפים )כמעט  60 דפים פחות | מהמנוסקריפט הגרמני(. | קטגוריות: | ראה כרטיס G.F. 0021 /2"			No Image	-התרגום לעברית למנוסקריפט האוטוביוגרפיה של סוניה					נרשם ב 13.06.2010-	כרטיס 3 מתוך 5	נילי דוידסון		2010.630		הבת / נכדה ,אסתר נוטר ,תל-אביב ,באמצעות אסנת	גב' אסתר נוטר היא הבת של סוניה פרידמן והנכדה של מרתה ולותר וולף.	6618,6619
G-F-0021-4	G.F. 0021 / 4	רובן & וולף & פרידמן		כרונולוגיה של משפחת זליגסון Seligsohn				מקור ,העתק	Original, Copy	קטגוריות: | .1 קורות משפחה | .2 התכתבות *אל לותר וולף | .3 תעודות אישיות			No Image	-תעודת נישואין של ההורים של לותר וולף ,Lothar Wolf					נרשם ב 13.06.2010-	כרטיס 4 מתוך 5	נילי דוידסון		אין		הבת / נכדה ,אסתר נוטר ,תל-אביב		6620,6621
G-F-0021-5	G.F. 0021 / 5	רובן & וולף & פרידמן		צילום של המנוסקריפט ,האוטוביוגרפיה של סוניה פרידמן.									No Image	צילום המנוסקריפט הגרמני הכרוך ,נמצא בתיק G.F.0021					נרשם ב 30.06.2010-		נילי דוידסון		2010.634		הבת / נכדה ,אסתר נוטר ,תל-אביב		6681
G-F-0022-1	G.F. 0022 / 1	וייל & פרנק & רוזנצוייג						מקור ,העתק ,תרגום לעברית	Original, Copy, Translation to Hebrew	"ד""ר ארנסט וייל ,יליד הומברג , Homberg1899 רופא | שיניים ,נשא לאשה את ליזבט לבית פרנק , Lisbeth Frank | ילידת ברייטנהיים  Breitenheim1895 השניים עלו לארץ , | והתיישבו בנהריה. | הבת  ,אולי ,נישאה לגבי שריג בעבר רוזנצוייג | .Rosenzweigהזוג חקר את שורשי המשפחה בגרמניה, | אסף חומר וכתב חומר אותו תרמו למוזיאון ביחד עם | העיזבון ,של ד""ר וייל. | באוסף מוזכרים האנשים: | יוסף וייל ,הנריאטה רוטשילד ,מירטיל פרנק ,היימן ,סימון, | מקס פרנק ,אורסולה וייל ,רבי יעקובס. | ,Josef Weihl ,Henriette Rotschild ,Myrtil Frank ,Heymann | Simon ,Max Frank ,Ursula Weihl ,Rabbiner Jakobs | באוסף מוזכרים המקומות: | -Homburg ,Meisenheim ,Frankfurt a .Main ,Bad | ,Kreuznach ,Darmstadt ,Gemersheim ,Dillenburg ,Berlin | ,Sobernheim ,Breitenheim ,Koblenzפתח-תקוה ,חיפה, | נהריה. | קטגוריות: | .1 מלח""ע I | .2 תמונות | .3 רפואה | .4 משפחה | .5 מסחר | .6 נהריה | .7 ביוגרפיה | .8 חינוך"			No Image	-תמונות וגלויות עם דיוקנות משפחתיים בין היתר:	בד-קרויצנך ,Bad-Kreuznachגרמניה				05.08.2002	1 מתוך 13	נילי דוידסון		2003.255 2003.256		אולי וגבי שריג ,רח' הגפן ,54 מושב נורדיה 42954	"מתיק זה נשלח העתק חומר לגב' מרים שטיינהרט אחות אולי שריג ובתו של ד""ר ארנסט וייל .החומר נשלח בנובמבר .2003 | -הסכם תרומה נחתם ב 12.03.2013-"	101,102,103
G-F-0022-10	G.F. 0022 / 10	וייל & פרנק & רוזנצוייג		אוסף גבי שריג				העתק	Copy	גבי שריג )רוזנצוייג( ,כתב ואסף חומרים על בד קרויצנך | ועל תולדות משפחת רעייתו אולי )אורזולה( .החומר מסודר | בקלסר  -הושאר כפי שגבי שריג הכינו. | קטגוריות: | .1 קהילה *הקהילה היהודית בבד קרויצנך			No Image						ב 21.12.2010-	10 מתוך 13	נילי דוידסון		2003.256 2003.255		אולי וגבי שריג ,רח' הגפן ,54 מושב נורדיה 42954		247,248
G-F-0022-11	G.F. 0022 / 11	וייל & פרנק & רוזנצוייג		"בי""ס טיץ ביגור"				העתק	Copy	"אוסף חומרים ,שאסף גבי שריג לקראת כתיבת ספר על | ביה""ס המקצועי ע""ש לודויג טיץ ביגור. | אמו של גבי היתה בת דוד של לודויג טיץ .גבי היה תלמיד | בי""ס זה. | קטגוריות: | .1 חינוך | .2 קורות משפחה *משפחת לודויג טיץ"			No Image	"-חוברת ""תולדות משפחת טיץ"""					נרשם ב 21.12.2010-	11 מתוך 13			2003.256 2003.255		אולי וגבי שריג ,רח' הגפן ,54 מושב נורדיה 42954	הספר שכתב גבי שריג יחד עם שרה כוכבי נמצא בספרייה העברית באות 'ש'	2638,2639
G-F-0022-12	G.F. 0022 / 12	וייל & פרנק & רוזנצוייג		טקסטיל & מכתבים						"מרים )לוטה( שטיינהרדט לבית וייל )הבת של ארנסט | וליזבט( עושה עבודת שורשים ,לשם עבודתה קיבלה גישה | לחומרים אותם הפקידו אחותה ,אולי ,ובעלה ,גבי שריג. | קטגוריות: | .1 פריטים *טקסטיל | .2 מלח""ע * Iגלויות מחיילים *מנז'ט :עזרה לצוללות | .3 קורות משפחה *אילן יוחסין | .4 עיתונות *1926 1922 1915 1914"			No Image	-בשנת 2005 הפקידה מרים שטיינהרדט במוזיאון					נרשם ב 22.12.2010-	12 מתוך 13	נילי דוידסון		206.386		מרים שטיינהרדט ,תל-אביב	* סלסילה עגולה למצות ,מוצגת בתצוגת המוזיאון. | * לתיק מצורף דף מודפס עם הערות של מרים שטיינהרדט עם מידע על המשפחה.	2640,2641
G-F-0022-13	G.F. 0022 / 13	וייל & פרנק & רוזנצוייג		ספר לזכרו של מקס רוזנצוייג						"גבי שריג הוציא ,הוצאה פרטית ,ב 2003-את הנוסח הסופי | לספר שכתב לזכר אביו ""לויטננט ד""ר מקס רוזנצוייג"", | מל""ע  .Iגבי שריג היה גם הוא איש צבא ,סא""ל לשעבר. | קטגוריות: | .1 ביוגרפיה | .2 מלח""ע I | .3 צבא"			No Image	"בספר מתחכה גבי אחרי שרותו הצבאי של אביו במלח""ע"					נרשם ב 22.12.2010-	כרטיס 13 מתוך 13	נילי דוידסון		2003.255 2003.256		אולי וגבי שריג ,רח'הגפן ,54 מושב נורדיה 42954		6870,6871
G-F-0022-2	G.F. 0022 / 2	וייל & פרנק & רוזנצוייג						מקור ,העתק	Original, Copy	"החומר בתיק זה מתפרס על השנים 1859-1946 | קטגוריות: | .1 תעודות אישיות | .2 מלח""ע I | .3 מנהגים | .4 חינוך | .5 הרייך השלישי | .6 משפחה | .7 מסחר | .8 משפט | .9 התכתבות | .10 פלסטינה | .11 פעילות פוליטית | .12 אומנות"			The file: {T:\backup\Tchelet_data\Rachel\GF0022 2.JPG} is missing	.1 כתובה של ארנסט וייל וליזבט לבית פרנק.						2 מתוך 13			2003.256 2003.255	1998 2003	אולי וגבי שריג ,רח'הגפן ,54 מושב נורדיה 42954	"התעודה "" ""Gold gab ich fuEr Eisenמוצגת בתצוגת המוזיאון. | הברכה לראש השנה צוצגת בתצוגת המוזיאון."	104,105,106,107
G-F-0022-3	G.F. 0022 / 3	וייל & פרנק & רוזנצוייג		נהריה				מקור	Original	קטגוריות: | .1 נהריה | .2 התישבות | .3 פוליטיקה			No Image	למועצה המקומית נהריה:					28.07.2003	3 מתוך 13	נילי דוידסון		2003.256 2003.255		אולי וגבי שריג ,רח' הגפן ,54 מושב נורדיה 42954		231,232
G-F-0022-4	G.F. 0022 / 4	וייל & פרנק & רוזנצוייג		"בין היתר גם ""צל-קורתי""."						קטגוריות: | .1 התיישבות | .2 פרסומים | .3 הרייך השלישי | .4 חינוך | .5 מנהגים			The file: {T:\backup\Tchelet_data\Rachel\GF0022 4.JPG} is missing	"-התכתבויות ומסמכים של ד""ר וייל עם חברת ""צל קורתי"""					28.07.2003	4 מתוך 13	נילי דוידסון		2003.256 2003.255		אולי וגבי שריג ,רח' הגפן ,54 מושב נורדיה 42954		233,234
G-F-0022-5	G.F. 0022 / 5	וייל & פרנק & רוזנצוייג		תעודות אישיות & עבודת דוקטור ברפואת שיניים				מקור ,העתק	Original, Copy	"קטגוריות: | .1 פלשתינה | .2 תעודות אישיות | .3 מלח""ע I | .4 הנצחה *אוגדן גלויות מהמלחמה ב 1870- | .5 רפואה *עבודת דוקטור ברפואת שיניים"			No Image	-עבודת הדוקטור ברפואת שיניים של ארנסט וייל 1921 ,					נרשם ב 08.12.2010-	5 מתוך 13	נילי דוידסון		2003.256 2003.255		אולי וגבי שריג ,רח' הגפן ,54 מושב נורדיה 42954		235,236,237
G-F-0022-6	G.F. 0022 / 6	וייל & פרנק & רוזנצוייג		יוליוס פרנק				מקור	Original	יוליוס פרנק היה אחיה של ליזבט / אלישבע וייל לבית | פרנק .היה צייר ,הכין לבד גלויות עליהן התכתב .את | מכתביו על אגרות דואר נהג לאייר .שהה תקופה בפריז | במטרה ללמוד ולשפר את אמנותו. | החומר בתיק מ 1915-עד שנות ה 70-למאה ה.20- | קטגוריות: | .1 התכתבות | .2 אמנות *ציור			No Image	-ארבעה פנקסים עם רישומים					נרשם ב 19.12.2010 & 2010 .08.12-	6 מתוך 13	נילי דוידסון		2003.255 2003.256		אולי וגבי שריג ,רח' הגפן ,54 מושב נורדיה 42954		238,239
G-F-0022-7	G.F. 0022 / 7	וייל & פרנק & רוזנצוייג		עבודת שורשים				העתק	Copy	משפחת שריג עושה טיול שורשים ב 1996-לברלין ובאד | קרויצברג ומסכמת בכתיבה ,עברית .משולבים צילומי | תעודות מסמכים ואילן יוחסין. | קטגוריות: | .1 תולדות משפחה | .2 ביוגרפיה			No Image	טיול השרשים נעשה בעקבות משפחת וייל ורוזנצווייג.					נרשם ב 19.12.2010-	7 מתוך 13	נילי דוידסון		2003.256 2003.255		אולי וגבי שריג ,רח' הגפן ,54 מושב נורדיה 42954		240,241
G-F-0022-8	G.F. 0022 / 8	וייל & פרנק & רוזנצוייג		תעודות אישיות ומסמכים שונים				מקור ,העתק	Original, Copy	מרבית החומרים בתיק הם צילומים של המקור. | קטגוריות: | .1 תעודות אישיות | .2 מנהגים *חתונת הזהב של הזוג וייל ,נהריה | .3 הרייך השלישי *מכתב רוטנברג מ 1933- | .4 הגירה *מכתב רוטנברג מ 1933-			No Image	"-תעודה של קק""ל על נטיעת 10 עצים ע""ש אלישבע"					נרשם ב 19.12.2010-	8 מתוך 13	נילי דוידסון		2003.256 2003.255		אולי וגבי שריג ,רח' הגפן ,54 מושב נורדיה 42954		242,243,244
G-F-0022-9	G.F. 0022 / 9	וייל & פרנק & רוזנצוייג		אוסף גבי שריג				העתק	Copy	גבי שריג )רוזנצוייג( ,כתב ואסף חומרים על בד קרויצנך | ועל תולדות משפחת רעייתו אולי )אורזולה( .החומר מסודר | בקלסר  -הושאר כפי שגבי שריג הכינו. | קטגוריות: | .1 קורות משפחה | .2 קהילה *בתי קברות יהודים באיזור בד קרוצנך			No Image						נרשם ב 19.12.2010-	9 מתוך 13	נילי דוידסון		2003.256 2003.255		אולי וגבי שריג ,רח' הגפן ,54 מושב נורדיה 42954		245,246
G-F-0023	G.F.0023	ברונר קונסטנטין	Brunner Constantin										No Image										אין		לאה רוזנצוייג ,מושב סיתריה		206
G-F-0024	G.F.0024	בובר מרטין	Buber Martin										No Image										אין		אוסף ישראל שילוני		207
G-F-0025	G.F.0025	מיכלסון גרהרד	Michelson Gerhard										No Image										אין		הבן ,ראלף מיכלסון ,גן-יבנה		208
G-F-0026	G.F.0026	פיקרד ליאון יעקב	Picard Leo Jacob										No Image										אין		אוסף ישראל שילוני		209
G-F-0027	G.F.0027	טנה דוד											No Image										אין		הבת ,חגית חובב ,ירושלים		210
G-F-0028	G.F.0028	פרנק אשר											No Image										אין		אוסף ישראל שילוני		211
G-F-0029	G.F.0029	מאייר אלכסנדר	Meyer Alexander										No Image														212
G-F-0030	G.F.0030	מאייר אנדריאס	Meyer Andreas										No Image										2007.476 & 2001.120		מאייר אנדריאס ,כפר-ורדים		230
G-F-0031	G.F.0031	ליגנר	Liegner										No Image										אין		אוסף ישראל שילוני		213
G-F-0032	G.F.0032	דרייפוס פרדיננד	Dreifuss Ferdinand										No Image										אין		מיכאל דרייפוס ,ירושלים		214
G-F-0033	G.F.0033	כהן חיים ה.											No Image										אין		אוסף ישראל שילוני		215
G-F-0034	G.F.0034	אויפהויזר זיגפריד											No Image										אין		החתן ,ניקולאי ,קיבוץ הזורע		216
G-F-0035	G.F.0035	מאייר מיכאל וולפגנג	Meyer Michael Wolfgang										No Image														217
G-F-0036	G.F.0036	נוסבאום מיינהולד	Nussbaum Meinhold										No Image										2000.008		הבת ,חיה דוקס ,מעוז-חיים		218
G-F-0037	G.F.0037	מילה אריקה	Milee Erika										No Image										אין		בן משפחה ,ראלף מיכלסון ,גן-יבנה		219
G-F-0038	G.F.0038	לוי	Levi										No Image										אין		אוסף ישראל שילוני		220
G-F-0039	G.F.0039	לנדאואר & פרנקל											No Image														221
G-F-0040	G.F.0040	כהן אריך אדולף	Cohn Erich Adolf										No Image													מכתבים שאריך אדולף כהן כותב לישראל שילוני )היו יחד במחנות באוסטרליה( ,ראה תיק ארכיון G.F. 0313 / 2	222
G-F-0041	G.F.0041	בלומנטל ברנהרד והלנה & שנפלד											No Image										2001.151		הבת / נכדה ,אלישבע שנפלד ,חיפה	"אין קשר בין עיזבון זה לעיזבון G.F.0124 שגם הוא ע""ש ברנהרד בלומנטל"	223
G-F-0042	G.F.0042	שיף פריץ	Schiff Fritz	תולדות משפחת שיף & וולפסון				העתק	Copy	"בתו של ד""ר פריץ שיף 1891-1964 אספה וכתבה את | תולדות משפחתה המורחבת ,אנגלית .פריץ שיף היה | ממעצבי האמנות בישראל ,לימד בבצלאל והיה עוצר | אמנות. | קטגוריות: | .1 תולדות משפחה *עם אילנות יוחסין | .2 ביוגרפיות | .3 תמונות *תמונת דיוקן של ד""ר פריץ שיף | .4 מנהגים/הנצחה *ד""ר הכט לזכרו של פריץ שיף"			No Image	-דפים מודפסים וכרוכים בשתי חוברות ,שאספה כתבה					נרשם ב 12.07.2012-		נילי דוידסון		אין		הבתMarianne Barton ,England ,		224,225
G-F-0043	G.F.0043	שטרנברג הרי	Sternberg Harry										No Image										אין		אוסף ישראל שילוני		226
G-F-0044	G.F.0044	לופט גרדה	Luft Gerda										No Image										אין		"הבת ,ד""ר איה יערי ,הר הדר"		227
G-F-0045	G.F.0045	דיין )דויטש( רודי )רודולף(	)Dayan (Deutsch) Rudi (Rudolf					מקור ,העתק	Original, Copy	משפחתו של רודי דיין מצד אמו ,משפחת יוכסברגר | ,Jochsbergerניהלה מלון ומסעדה במינכן .המשפחה | מספרת שהרצל התארח במלון זה ב.1895- | ב 12.05.2007-מר גדעון קירשנר הפקיד מסמכים מעזבונו | של רודי דיין. | קטגוריות: | .1 אמנות | .2 מכתבים | .3 רפואה *תעודות רופא שיניים			No Image	-צילום מכתב בגרמנית ,1938 ,מאת הדוד עמנואל בו הוא					נרשם ב 13.05.2007-	כרטיס 1 מתוך 1	נילי דוידסון		אין & 12.05.2007		אוסף ישראל שילוני & גדעון קירשנר ,כפר סבא	"הסכם תרומה נחתם ע""י אילנה קירשנר אלמנת התורם ב.09.04.2013- | גדעון קירשנר נפטר ב.2007-"	228,229
G-F-0046-1	G.F. 0046 / 1	קורץ יהושע )אושי(	)Kurz Oschi (Oskar					מקור	Original	"אושי קורץ יליד ויזניץ Wisnitzרומניה ,1905 ,לא ברור | מתי עבר לברלין. | עלה לארץ בשנת  .1933 היה ספורטאי ,מורה לחינוך גופני. | מהמכתבים ניתן להבין שלאושי היתה חנות לספורט | בחיפה. | ב 1940-נשא לאישה את גיטה לבית אמסטר בתל אביב. | בעת נישואי אושי היתה אמו רוזה/שושנה נשואה בשנית | אחרי שהתאלמנה ב 1935-ושמה החדש אדלסברג. | )המידע מההזמנה לחתונה של אושי(. | בעיזבון מכתבים אל אושי בגרמנית מחבריו הספורטאים | בגרמניה ,התכתבות רשמית עם מוסדות ואירגוני ספורט | בארץ ,תעודות אישיות ועיתוני ספורט. | קטגוריות: | .1 התכתבות | .2 חינוך  /חינוך גופני | .3 ספורט | .4 הגירה | .5 פלשתינה *במכתבים נשאלות הרבה שאלות על | האפשרויות בפלשתינה ,פרנסה ,דיור וכו'. | .6 עזרה הדדית *מכתבו של קורט לוין | .7 מנהגים *מכתבי ניחומים | .8 תעודות אישיות | .9 תמונות *בנות מכב""י בתחרות ריצה"			No Image	"-מכתב באנגלית ממטכ""ל הכוחות הבריטים אל מזכיר"					נרשם ב 05.05.2009 & 04.05.2009-	כרטיס 1 מתוך 2	נילי דוידסון				רותי אופק אספה את העזבון מהבן ,חיפה		863,864,865,866,867,868
G-F-0046-2	G.F. 0046 / 2	קורץ יהושע )אושי(	)Kurz Oschi (Oskar	פירסומים & מכתבים						קטגוריות: | .1 ארץ ישראל | .2 ספורט		"4 -עיתונים ""ידיעות בר כוכבא-הכח"""	No Image	"-חוברת בעברית"" :מורה -דרך ,המכביה השניה"",1935 ,"					נרשם ב 10.05.2009-	כרטיס 2 מתוך 2	נילי דוידסון					"לעזבון זה שייך גם הספר ""בר כוכבא -מכב""י גרמניה 1898-1938 מאת ד""ר רוברט אטלס .הספר מצוי בספריית המוזיאון במדור :חינוך נוער וספורט 'A' /"	5827,5828
G-F-0047	G.F.0047	לנדסברג אלפרד אברהם & לאוני		"אודות המשפחה ,נכתב ע""י נילי דוידסון"						"ד""ר אלפרד אברהם לנדסברג ,1887-1964 ,יליד ויזבדן, | עורך דין 1923-1924 ,יו""ר התאחדות ציוני גרמניה .ב 1924- | ביקור ראשון בפלשתינה .ידיד קרוב של ד""ר חיים ויצמן. | עלה ב 1932-לארץ עם רעייתו לאוני ושתי בנותיו חוה | )אוה( ,נולדה  1922 ולאה )לוני( ,נולדה  .1923 לאוני | לנדסברג לבית פרנק ,ילידת  1900 בויזבדן ,פעילה בארגון | הנשים היהודיות בויזבדן  .Wiesbadenהשנים נישאו ב-ב- | 1921 בויזבדן ,התגרשו ב 1946-בארץ  -חזרו לחיות יחד, | לא נישאו מחדש ..אחרי הגירושין לאוני חזרה להשתמש | בשם משפחת אביה  -פרנק. | הבת חוה נישאה לימים לאהרון )אלי( פלץ. | הבת לאה נישאה לימים לאבינועם סגל. | אביה של לאוני ,מקס פרנק ,היה סוחר יינות בויזבדן .אחיה | קורט-פטר פרנק היה עורך דין וחי מאוחר יותר באנגליה."			No Image						נרשם ב 04.03.2007-	כרטיס 1 מתוך	נילי דוידסון		2001.117 & 1999		אמנון פלץ) ,הנכד( ,רמת השרון	הסכם תרומה נחתם ב 19.2.13-	869,870
G-F-0047-1	G.F. 0047 / 1	לנדסברג אלפרד אברהם & לאוני		מכתבים מאת שמריהו לוין				מקור	Original	הזוג לנדסברג היה מיודד ומקורב מאד לשמריהו לוין .תכני | ההתכתבות הם פוליטים-ציוניים אבל גם אישיים | ואינטימים .רבים מגדולי הדור מוזכרים במכתבים. | המכתבים הם גם מסמך היסטורי-ארצישראלי.			No Image	"-קטע מעיתון עברי ""הבקר"" ,1941 ,על אזכרה לשמריה"					נרשם ב 04.03.2007-	כרטיס 2 מתוך	נילי דוידסון		2001.117 & 1999		אמנון פלץ) ,הנכד( ,רמת השרון	"כרטיס מס G.F.0047 .אינו רישום של ""תיק ארכיון"" אלא רישום קורות המשפחה."	3953,3954
G-F-0047-10	G.F. 0047 / 10	לנדסברג אלפרד אברהם & לאוני		תצלומי מכתבים של רוברט ולטש Robert Weltsch				העתק	Copy	קטגוריות: | .1 ציונות | .2 ארץ ישראל			No Image	"-תצלום מכתב )תצלום כפול( בגרמנית אל ד""ר לנדסברג"					נרשם ב 07.03.2007-	כרטיס 11 מתוך	נילי דוידסון		2001.117 & 1999		אמנון פלץ) ,הנכד( ,רמת השרון		4006,4007
G-F-0047-11	G.F. 0047 / 11	לנדסברג אלפרד אברהם & לאוני		מכתב מאת סוסקין Soskin				העתק	Copy				No Image	-צילום מכתב לא שלם ,ככל הנראה מאת סוסקין אל					נרשם ב 15.05.2007-	כרטיס 12 מתוך	נילי דוידסון		2001.117 & 1999		אמנון פלץ) ,הנכד( ,רמת השרון		4125
G-F-0047-12	G.F. 0047 / 12	לנדסברג אלפרד אברהם & לאוני		"תצלומי מכתבים מאת ד""ר חיים ויצמן אל הזוג לנדסברג"				מקור ,הדפסה ,תרגום לעברית	Original, Printing, Transletion to Hebrew	"תצלומי מכתבים שד""ר חיים ויצמן שלח אל ידידיו הקרובים | לאוני & אלפרד לנדסברג בין השנים 1925-1938 | קטגוריות: | .1 ציונות | .2 פלשתינה"			No Image	תצלומי המכתבים מסודרים על פי השנים .לכל מכתב					נרשם ב 21.08.2007-	כרטיס 13 מתוך	נילי דוידסון		2001.117 & 1999		אמנון פלץ) ,הנכד( ,רמת השרון	"חלק מהמכתבים תורגמו לעברית )ע""י אסנת & סופי בוכהולץ סטודנטית מאוניברסיטת פוטסדם( והודפסו .אוגוסט 2007"	4389,4390
G-F-0047-13	G.F. 0047 / 13	לנדסברג אלפרד אברהם & לאוני		מכתבים מאת שמריה לוין Schmarya Levin				העתק	Copy	קטגוריות: | .1 ציונות | .2 התיישבות | .3 התכתבות | .4 תמונות			No Image	-תצלום של פנקס שהיה שייך ללאוני לנדסברג בו כתבה					נרשם ב 15.05.2007-	כרטיס 14 מתוך	נילי דוידסון		2001.117 & 1999		אמנון פלץ) ,הנכד( ,רמת השרון		4126,4127
G-F-0047-14	G.F. 0047 / 14	לנדסברג אלפרד אברהם & לאוני		"מכתבים מאת הרב ד""ר חיות , Dr .Chajesבין היתר ,רבה"				העתק	Copy	קטגוריות: | .1 ציונות | .2 התכתבות			No Image	"תצלומי גלויות כתובות גרמנית מאת ד""ר חיות Chajesאל"					נרשם ב 14.05.2007-	כרטיס 15 מתוך	נילי דוידסון		2001.117 & 1999		אמנון פלץ) ,הנכד( ,רמת השרון		4128,4129
G-F-0047-15	G.F. 0047 / 15	לנדסברג אלפרד אברהם & לאוני		צילומי מכתבים בלתי מזוהים				העתק	Copy				No Image						נרשם ב 12.11.2007-	כרטיס 16 מתוך	נילי דוידסון		2001.117 & 1999		אמנון פלץ) ,הנכד( ,רמת השרון		4569
G-F-0047-16	G.F. 0047 / 16	לנדסברג אלפרד אברהם & לאוני		מעטפות				מקור ,העתק	Original, Copy				No Image	-מעטפות )ריקות( מבוילות ממכתבי חיים ויצמן אל					נרשם ב 12.11.2007-	כרטיס 17 מתוך	נילי דוידסון		2001.117 & 1999		אמנון פלץ) ,הנכד( ,רמת השרון		4570
G-F-0047-17	G.F. 0047 / 17	לנדסברג אלפרד אברהם & לאוני		מחזה בגרמניתDie Affaire / Fall Allemann :				הדפסה	Printing	קטגוריות: | .1 מחזות			No Image	מחזה ב 5-מערכות בגרמנית ,מודפס 30 ,דפים ,שכותרתו					נרשם ב 20.05.2009-	כרטיס 18 מתוך	נילי דוידסון		2001.117 & 1999		אמנון פלץ) ,הנכד( ,רמת השרון		5868,5869
G-F-0047-18	G.F. 0047 / 18	לנדסברג אלפרד אברהם & לאוני		פריץ ומרייטה ברגר Fritz &Marietta Berger				מקור ,העתק	Original, Copy	חומרים לנושא :צוואתם של פריץ ברגר ורעיתו מרייטה | לבית ברנשטיין Bernstein			No Image	-טיוטות שונות ששימשו לעריכת הצוואה ,גרמנית.					נרשם ב 20.05.2009-	כרטיס 19 מתוך	נילי דוידסון		2001.117 & 1999		אמנון פלץ) ,הנכד( ,רמת השרון		5870,5871
G-F-0047-19	G.F. 0047 / 19	לנדסברג אלפרד אברהם & לאוני		לנושא קורות החיים של אלפרד ולאוני לנדסברג				מקור ,העתק	Original, Copy	קטגוריות: | .1 ביוגרפיה | .2 הנצחה *ראיון עם חוה פלץ | .3 ציונות *החיבור של פריץ ברגר | .4 תעודות אישיות | .5			No Image	-קורות חיים ,אלפרד לנדסברג ,עברית בהדפסה ,נכתב					נרשם ב 20 / 21.05.2009-	כרטיס 20 מתוך	נילי דוידסון		2001.117 & 1999		אמנון פלץ) ,הנכד( ,רמת השרון		5872,5873,5874
G-F-0047-2	G.F. 0047 / 2	לנדסברג אלפרד אברהם & לאוני		מכתבים				מקור ,העתק	Original, Copy	קטגוריות: | .1 הכשרה *המכתב של אריה מרמת יוחנן | .2 התכתבות			No Image	-מכתב בגרמנית אל לאוני מאת הרב אמיל הופמן Emil					נרשם ב 04.03.2007-	כרטיס 3 מתוך	נילי דוידסון		2001.117 & 1999		אמנון פלץ) ,הנכד( ,רמת השרון		3955,3956
G-F-0047-20	G.F. 0047 / 20	לנדסברג אלפרד אברהם & לאוני		אילן יוחסין משפחת פלץ				מקור	Original	"אוסף מידע על המשפחה במטרה לערוך אילן יוחסין | ""משפחת פלץ"". | קטגוריות: | .1 תולדות משפחה | .2 חינוך *ציורים של זעטוט"			No Image	-אילן יוחסין )חלקי( של משפחת פלץ 3 -ניסיונות / טיוטות.					נרשם ב 21.05.2009-	כרטיס 21 מתוך	נילי דוידסון		2001.117 & 1999		אמנון פלץ) ,הנכד( ,רמת השרון		5875,5876
G-F-0047-21	G.F. 0047 / 21	לנדסברג אלפרד אברהם & לאוני		העתקי התכתבות בין בני הזוג לנדסברג				מקור ותרגום מתומצת לעברית	Original and Summarization to Hebrew	"המכתבים בכתב יד ,גרמנית ,נכתבו ב 2-3-העתקים ע""י | הנחת נייר פחם מתחת לדפי המכתב. | קטגוריות: | .1 ציונות *על הקונגרס 1925"			No Image	אלפרד לנדסברג כותב אל רעיתו אחרי שהשתתף					נרשם ב 24.05.2009 & 20.05.2009-	כרטיס 22 מתוך	נילי דוידסון		2001.117 & 1999		אמנון פלץ) ,הנכד( ,רמת השרון		5877,5878
G-F-0047-22	G.F. 0047 / 22	לנדסברג אלפרד אברהם & לאוני		יומנים אישיים				מקור	Original	יומנים אישיים של אלפרד לנדסברג			No Image	-יומן משנת 1898 עם רשימות כתובות בעיפרון .אלפרד					נרשם ב 24.05.2009-	כרטיס 23 מתוך	נילי דוידסון		2001.117 & 1999		אמנון פלץ) ,הנכד( ,רמת השרון		5879,5880
G-F-0047-23	G.F. 0047 / 23	לנדסברג אלפרד אברהם & לאוני		דיווחים ויומנים מנסיעות				מקור ,הדפסה ,תרגום לעברית	Original, Printing, Transletion to Hebrew	קטגוריות: | .1 פלשתינה | .2 התיישבות *יומן אלפרד לנדסברג 1932 | .3 חקלאות *יומן אלפרד לנדסברג 1932			No Image	"חומר שבמקור נכתב ע""י לאוני פרנק-לנדסברג:"					נרשם ב 04.11.2009 & 15 / 16.07.2009 -	כרטיס 24 מתוך	נילי דוידסון		2001.117 & 1999		אמנון פלץ) ,הנכד( ,רמת השרון	תרגמה וערכה ,נילי דוידסון.	5881,5882,5883,5884,5885,5886,5887,5888,5889,5890,5891,5892,5893,5894,5895
G-F-0047-24	G.F. 0047 / 24	לנדסברג אלפרד אברהם & לאוני		תעודות אישיות				מקור ,העתק	Original, Copy	קטגוריות: | .1 תעודות אישיות | .2 מנהגים *שינוי שמות )ראה כתב עת מנדטורי( | .3 משפחה *אירוסין ,גירושין ,איחוד מחדש			No Image	-מקור ותצלום ,תעודת התאזרחות פלשתינית לאלפרד					נרשם ב 27.12.2009-	כרטיס 25 מתוך	נילי דוידסון		2001.117 & 1999		אמנון פלץ) ,הנכד( ,רמת השרון		5896,5897
G-F-0047-25	G.F. 0047 / 25	לנדסברג אלפרד אברהם & לאוני		תנחומים והספדים למותו של אלפרד לנדסברג & ולטר						"קטגוריות: | .1 מנהגים *תנחומים והספדים | .2 התיישבות *נאומו של ד""ר ארנסט מילר"			No Image	"-צילום ,של נאום ,שכתב ונשא ד""ר ארנסט מילר .Dr"					נרשם ב.27.12-	כרטיס 26 מתוך	נילי דוידסון		2001.117 & 1999		אמנון פלץ) ,הנכד( ,רמת השרון		5898,5899
G-F-0047-26	G.F. 0047 / 26	לנדסברג אלפרד אברהם & לאוני		בית המסחר ליינות של אוטו פרנק				מקור ,העתק	Original, Copy	"בין אוטו פרנק ,הדוד ,של פטר ולאוני פרנק ,אח אביהם יש | מתחים בהקשר עם החזר ערך הרכוש בין היתר בית | מסחר ליינות בויזבדן ,שנמכר מתחתלערכו ברייך השלישי. | בדצמבר  1938 נאלצה המשפחה למכור את בית המסחר | לגרמני/ארי מתחת לערכו הריאלי. | בית המסחר ליינות מופיע תחת השם ""סימון"" שם הנעורים | של האם של פטר ולאוני. | קטגוריות: | .1 הרייך השלישי | .2 אנטישמיות | .3 משפט *דרישה לתשלום ריאלי לרכוש שעבר | אריזאציה בתקופת הרייך השלישי."			No Image	-חוזה מכירת בית המסחר ליינות ,הסכם בין המוכר אוטו					נרשם ב 27.12.2009-	כרטיס 27 מתוך	נילי דוידסון		2001.117 & 1999		אמנון פלץ) ,הנכד( ,רמת השרון		5900,5901
G-F-0047-27	G.F. 0047 / 27	לנדסברג אלפרד אברהם & לאוני		התכתבות של לאוני פרנק-לנדסברג עם הארכיונים						ברכושה של לאוני מצויי הרבה מכתבים ותמונות של גדולי | הישוב החל החיים וייצמן ,שמריהו לוין ,ארתור רופין ועוד, | אתם ניהלה התכתבות עניפה לאורך שנים .היא רוצה | להפקיד את החומרים לשמירה בארכיון הציוני המרכזי | בירושלים ,שיתחייב להעביר לגנזך חיים ויצמן ברחובות | ואליה תצלומים מכל החומר .בהסכם שחתמה עם | הארכיון הציוני בירושלים ב ,1959-הוסכם שהחומרים לא | יפורסמו ללא יוצאו לכל שימוש שהוא ללא ידיעתה | והסכמתה. | קטגוריות: | .1 פעילות תרבותית *ההתכתבות ככזאת.			No Image	-התכתבות בין לאוני פרנק-לנדסברג והארכיון הציוני					נרשם ב 28.12.2009-	כרטיס 28 מתוך			2001.117 & 1999		אמנון פלץ) ,הנכד( ,רמת השרון		5902,5903
G-F-0047-28	G.F. 0047 / 28	לנדסברג אלפרד אברהם & לאוני		מכתבים של חוה )אוה( ילידת ,1922 להוריה				מקור ,העתק ,הדפסה	Original, Copy, Printing	אוה נישאה לאהרון / אלי Aliפלץ Pelz | ילדיה אורי ,יונתן ,דוד ואמנון. | מכתבים בגרמנית מהבת אל הוריה ,לאוני ואלפרד | לנדסברג ,משנות ה ,30-ה ,40-ה 50-וה 60-למאה ה.20- | קטגוריות: | .1 הכשרה | .2 חקלאות | .3 חינוך | .4 פעילות תרבותית			No Image	-מכתבים בגרמנית שאוה כותבת להוריה בשנות ה 30-60-					נרשם ב 09.05.2007-	כרטיס 29 מתוך	נילי דוידסון		2001.117 & 1999		אמנון פלץ) ,הנכד( ,רמת השרון	בתיק זה עשתה עבודת ארכיון גם הסטודנטית סופי בוכהולץ Sophie Buchholzמברלין	4117,4118
G-F-0047-29	G.F. 0047 / 29	לנדסברג אלפרד אברהם & לאוני		מסמכים של חוה )אוה( לנדסברג ,לימים פלץ						חוה פלץ היתה מטפלת תינוקות ,גננת ומורה לחינוך מיוחד. | קטגוריות: | .1 תעודות אישיות | .2 התכתבות | .3 כתיבה אישית			No Image	-תעודות רשמיות					נרשם ב 15.05.2007-	כרטיס 30 מתוך	נילי דוידסון						4121,4122
G-F-0047-3	G.F. 0047 / 3	לנדסברג אלפרד אברהם & לאוני		"מכתבים מד""ר חיים ויצמן אל הזוג לנדסברג עם תרגומים"				מקור ,העתק ,תרגום לעברית	Original, Copy, Translation to Hebrew	קטגוריות: | .1 התכתבות | .2 תמונות | .3 ציונות | .4 ארץ ישראל | .5 פלשתינה | .6 פוליטיקה			No Image	"-שלש תמונות )בתוך מעטפה( ד""ר חיים ויצמן עם ד""ר"					נרשם ב 05.03.2007-	כרטיס 4 מתוך	נילי דוידסון		2001.117 & 1999		אמנון פלץ) ,הנכד( ,רמת השרון	המכתבים של חיים ויצמן נמסרו לארכיון כאן אחרי שתורגמו לעברית ככל הנראה בארכיון הציוני המרכזי .התרגומים מצורפים לתוך מעטפות המכתבים.	3957,3958
G-F-0047-30	G.F. 0047 / 30	לנדסברג אלפרד אברהם & לאוני		התכתבות בין לאה )לילו( ילידת 1923 והוריה						"לאה התחתנה עם אבינועם סגל יש לה בן,עזריה .במכתב | שהיא כותבת לאוה ב 1982-מארה""ב ) ראה תיק | (G.F. 0047 /29 שם משפחתה מנדל  Mandelוחיה בניו- | יורק. | לאה מזכירה במכתביה שיש לה רגל מעץ )?( | קטגוריות: | .1 התכתבות | .2 משפחה | .3 פלשתינה"			No Image	מכתבים בגרמנית ,אנגלית ועברית משנות ה 30-50-למאה					נרשם ב 03.09.2007-	כרטיס 31 מתוך	נילי דוידסון		2001.117 & 1999		אמנון פלץ) ,הנכד( ,רמת השרון		4119,4120
G-F-0047-31	G.F. 0047 / 31	לנדסברג אלפרד אברהם & לאוני		מכתבים של הילדה פלץ אל חוה ואהרון פלץ				מקור	Original	"עשרות רבות של מכתבים ,שהילדה פלץ לבית לצרוס | , 1890-1965 אמו של אהרון )עלי( פלץ ,שהוא בעלה של | חוה לבית לנדסברג )בתם הבכורה של לאוני ואלפרד | לנדסברג( ,כותבת אל בנה וכלתה. | ראה בסוף ""נושא מורחב"" הסברים של אמנון פלץ. | קטגוריות: | .1 התכתבות | .2 משפחה *החמות תומכת בכלה | .3 הגירה *הגירה מפוצלת של המשפחה | .4 ארץ ישראל *שנות הצנע"			No Image	עשרות המכתבים כתובים בגרמנית ,בכתב יד ובמכונת					נרשם ב 28.12.2009-	כרטיס 32 מתוך	נילי דוידסון		2001.117 & 1999		אמנון פלץ) ,הנכד( ,רמת השרון		6299,6300,6301
G-F-0047-32	G.F. 0047 / 32	לנדסברג אלפרד אברהם & לאוני		כתיבה ספרותית ופילוסופית				מקור ,העתק ,הדפסה ,תרגום לעברית	Original, Copy, Translation to Hebrew	"כתיבה של ד""ר אלפרד לנדסברג בנושאים אקטואליים, | פילוסופים ומחזות. | קטגוריות: | .1 כתיבה אישית | .2 מלחמות ישראל *ראה מחזה | .3 מלח""ע * IIראה מחזה | .4 משפט * משפט אייכמן | .5 פילוסופיה *""בשער"" | .6 מחזות | .7 ספרות *חיבור על גתה"			No Image	-מחזה ,כתב אלפרד לנדסברג,עם הכותרת					נרשם ב 05.01.2010-	כרטיס 33 מתוך	נילי דוידסון		2001.117 & 1999		אמנון פלץ) ,הנכד( ,רמת השרון		6326,6327,6328
G-F-0047-33	G.F. 0047 / 33	לנדסברג אלפרד אברהם & לאוני		מכתבים ,נאומים ,תזות ,בנושא הערבי ,בגרמנית						"קטגוריות: | .1 מלח""ע * Iאכזבת החיילים היהודים | .2 פוליטיקה & חברה *נציונאליזמוס & סוציאליזמוס - | ראה עוד | .3 פילוסופיה & ציונות *קונפליקט היהודי המשוחרר - | ראה עוד | .4 היסטוריה יהודית *ספר בראשית | .5 אנטישמיות | .6 פרסומים *הועד הגרמני למען פלשתינה | .7 התיישבות *מכתבו של וילהלם הקר ועוד. | .8 הנושא הערבי"			No Image	-טיוטת נאום של אלפרד לנדסברג לקהל יהודי בתקופה					נרשם ב 20.01.2010-	כרטיס 34 מתוך	נילי דוידסון		2001.117 & 1999		אמנון פלץ) ,הנכד( ,רמת השרון		6329,6330,6331,6332
G-F-0047-34	G.F. 0047 / 34	לנדסברג אלפרד אברהם & לאוני		יישוב ארץ ישראל -מאמרים ,חיבורים ,בעברית				מקור ,העתק	Original, Copy	קטגוריות: | .1 התישבות *הקמת  11 נקודות בנגב, | * מאמרים ומכתבים של לנדסברג לנושא ההתיישבות			No Image	""" -לעסקנינו"" ידיעות הועד הארצי לקרן היסוד מדווח"					נרשם ב 07.02.2010 & 31.01.2010-	כרטיס 35 מתוך	נילי דוידסון		2001.117 & 1999		אמנון פלץ) ,הנכד( ,רמת השרון		6373,6374,6375,6376
G-F-0047-35	G.F. 0047 / 35	לנדסברג אלפרד אברהם & לאוני		"מפלגת ""עליה חדשה"" מאמרים ,חיבורים ,נאומים / עברית"				מקור ,העתק	Original, Copy	"קטגוריות: | .1 פוליטיקה *מפלגות הציונים הכלליים | .2 משפט | .3 אירגונים *בני ברית | .4 פוליטיקה *מפלגת ""עליה חדשה"" | .5 הנושא הערבי *ראה נאום לנדסברג בועידת ""עליה | חדשה"". | .6 פלשתינה *מאמרי/חיבורי בקורת על התנהגות | המוסדות | .7 ישראל *מאמרי/חיבורי בקורת על התנהגות המוסדות | .8 ציונות | .9 חינוך *ליגה למען בית ספר כללי"			No Image	"-רישום של ד""ר לנדסברג :כל בני אדם שווים לפי טבעם"					נרשם ב 07.02.2010-	כרטיס 36 מתוך	נילי דוידסון		2001.117 & 1999		אמנון פלץ) ,הנכד( ,רמת השרון	החומר בתיק כתוב עברית במקור	6383,6384,6385
G-F-0047-36	G.F. 0047 / 36	לנדסברג אלפרד אברהם & לאוני		גרמנית & עברית חיבורים ,מאמרים ,נאומים						קטגוריות: | .1 ציונות | .2 ארגונים *ארגון יהודי גרמניה | .3 מפלגות *העליה החדשה | .4 פרסומים *חוברת עם נאומיו של חיים ויצמן | .5 אנטישמיות *מאמר :הציונות והתנועה האנטישמית | בגרמניה			No Image	"-חוברת עם דיוקנו של ד""ר חיים ויצמן ,שמכילה את"					נרשם ב 14.03.2010 & 11.03-	כרטיס 37 מתוך	נילי דוידסון		2001.117 & 1999		אמנון פלץ) ,הנכד( ,רמת השרון		6386,6387,6388,6389
G-F-0047-37	G.F. 0047 / 37	לנדסברג אלפרד אברהם & לאוני		כפר שמריהו & תל אביב & סביבת תל אביב				מקור ,העתק	Original, Copy	קטגוריות: | .1 התיישבות *כפר שמריהו | .2 אכיטקטורה *תוכניות בנייתו של בית לנדסברג | .3 הנצחה *נאום הטקס בכפר שמריהו * תחרות | להקמת בית שמריהו לוין			No Image	-מכתב אל א .לנדסברג מאת ברוך וייל -ראש המועצה					נרשם ב 23.11.2010 & .17.11-	כרטיס 37 מתוך	נילי דוידסון		2001.117 & 1999		אמנון פלץ) ,הנכד( ,רמת השרון		6847,6848
G-F-0047-38	G.F. 0047 / 38	לנדסברג אלפרד אברהם & לאוני		רסקו				מקור ,העתק	Original, Copy	קטגוריות: | .1 התיישבות | .2 ציונות			No Image	-שני מכתבים ,גרמנית כתב יד ,1936 ,שמכילים בין היתר					נרשם ב 23.11.2010-	כרטיס 38 מתוך	נילי דווידסון		2001.117 & 1999		אמנון פלץ) ,הנכד( ,רמת השרון		6851,6852
G-F-0047-39	G.F. 0047 / 39	לנדסברג אלפרד אברהם & לאוני		"לשכת ביאליק & ההוצאה לאור ""דביר"""				מקור ,העתק	Original, Copy	"קטגוריות: | .1 התכתבות | .2 מקצועות חופשיים *ההוצאה לאור ""דביר"" | .3 כלכלה *ההוצאה לאור ""דביר"" | .4 ציונות *ההוצאה לאור ""דביר"" | .5 ארגונים *עלוני לשכת ביאליק & ביקורת על הלשכה"			No Image	"-העתק מכתב משמריהו לוין אל ד""ר לנדסברג ,בין היתר:"					נרשם ב 23.11.2010-	כרטיס 39 מתוך	נילי דוידסון		2001.117 & 1999		אמנון פלץ) ,הנכד( ,רמת השרון		6853,6854
G-F-0047-4	G.F. 0047 / 4	לנדסברג אלפרד אברהם & לאוני		מכתבים				מקור ותרגום מתומצת לעברית	Original and Summarization to Hebrew	קטגוריות: | .1 ציונות | .2 מנהגים			No Image	-מכתבים בעברית אל לאוני מאת מנחם אוסישקין					נרשם ב 05.03.2007-	כרטיס 5 מתוך	נילי דוידסון		2001.117 & 1999		אמנון פלץ) ,הנכד( ,רמת השרון		3959,3960,3961
G-F-0047-40	G.F. 0047 / 40	לנדסברג אלפרד אברהם & לאוני		האגודה לתקנת המידות במשא ומתן & חוק אדמות מירי						"ד""ר אלפרד לנדסברג יזם ויסד ב 1942-את האגודה | לתקנת המידות במשא ומתן. | קטגוריות: | .1 משפט * האגודה לתקנת מידות במשא ומתן | .2 כלכלה * האגודה לתקנת מידות במשא ומתן"	-פרוטוקול מקוצר בהקשר עם אגודה לתקנת		No Image	"-חוזרים לנושא ""אגודה לתקנת המידות במשא ומתן"""					נרשם ב 24.11.2010-	כרטיס 40 מתוך	נילי דוידסון		2001.117 & 1999		אמנון פלץ) ,הנכד( ,רמת השרון		6855,6856,6857
G-F-0047-41	G.F. 0047 / 41	לנדסברג אלפרד אברהם & לאוני		"התכתבות עם ד""ר חיים & ורה ויצמן בנושא בניית הבית"				העתק	Copy	"ד""ר אלפרד לנדסברג היה אמון על בניית בית ויצמן | ברחובות. | קטגוריות: | .1 התכתבות *לנושא בית ויצמן ברחובות"			No Image	"-צילום מכתב שכותב ד""ר ויצמן אל ד""ר לנדסברג בו הוא"					נרשם ב 05.12.2010-		נילי דוידסון		2001.117 & 1999		אמנון פלץ) ,הנכד( ,רמת השרון		6861,6862
G-F-0047-42	G.F. 0047 / 42	לנדסברג אלפרד אברהם & לאוני		בתכתבות לאוני לנדסברג-פרנק				מקור ,העתק ,הדפסה ,תרגום מתומצת לעברית	Original, Copy, Printing, Summarization to Hebrew	קטגוריות: | .1 ארגונים *פעילותה של לאוני באיגוד הנשים היהודיות | בגרמניה | .2 ציונות *פעילות במסגרת איגוד הנשים | .3 הכשרה *במסגרת איגוד הנשים | .4 התכתבות | .5 גלויות | .6 הגירה *מכתב אלפרד לנדסברג אל אביו | .7 פלשתינה *מכתב יעקב בן יצחק ,רכישת פרות בהולנד | .8 משפחה *גירושין והתוצאות ,מתוך מכתבי לאוני | לנדסברג.			No Image	-מחברת עם עותקי מכתבים שכתבה לאוני לנדסברג					נרשם ב 29.12.2010-		נילי דוידסון		2001.117 & 1999		אמנון פלץ) ,הנכד( ,רמת השרון		6863,6864,6865,6866
G-F-0047-43	G.F. 0047 / 43	לנדסברג אלפרד אברהם & לאוני		עיתונים וקטעי עיתונות				מקור	Original	אוסף עיתונים וקטעי עיתונים בעברית ,גרמנית ואנגלית. | קטגוריות: | .1 עיתונות			No Image	עיתונים:					נרשם ב 29.12.2010-	כרטיס 43 מתוך	נילי דוידסון		2001.117 & 1999		אמנון פלץ) ,הנכד( ,רמת השרון		6874,6875
G-F-0047-44	G.F. 0047 / 44	לנדסברג אלפרד אברהם & לאוני		ציונות ,פירסומים ונאומים				העתק	Copy	קטגוריות: | .1 ציונות *מפגשי ציוני גרמניה *מידע/הכנה לקונגרסים			No Image	-חוברת ממפגש הצירים הציוניים ה 13-בפוזן Posen					נרשם ב 10.01.2011-	כרטי 44 מתוך	נילי דוידסון		2001.117 & 1999		אמנון פלץ) ,הנכד( ,רמת השרון		6876,6877,6878
G-F-0047-45	G.F. 0047 / 45	לנדסברג אלפרד אברהם & לאוני		מכתבים ,גלויות אל לאוני.				מקור	Original	קטגוריות: | .1 התכתבות			No Image	-מכתבים אל לאוני לנדסברג מאת ארתור רופין Arthur					נרשם ב 10.01.2011-	כרטיס 45 מתוך	נילי דוידסון		2001.117 & 1999		אמנון פלץ) ,הנכד( ,רמת השרון		6884,6885
G-F-0047-46	G.F. 0047 / 46	לנדסברג אלפרד אברהם & לאוני		תמונות דיוקן של שמריה לוין						קטגוריות: | .1 תמונות *שמריה לוין דיוקן  +ראש מפוסל שלו			No Image	"סה""כ 3 תמונות:"					נרשם ב 10.01.2011-	כרטיס 46 מתוך	נילי דוידסון		2001.117 & 1999		אמנון פלץ) ,הנכד( ,רמת השרון		6886
G-F-0047-47	G.F. 0047 / 47	לנדסברג אלפרד אברהם & לאוני		פירסומים עיתונים				מקור	Original	קטגוריות: | .1 עיתונות			No Image	קטעי עיתונים בגרמנית משנות ה ; 40-ה ; 50-ה ; 60-ה-					נרשם ב 10.01.2011-	כרטיס 47 מתוך	נילי דוידסון		2001.117 & 1999		אמנון פלץ) ,הנכד( ,רמת השרון		6887,6888
G-F-0047-48	G.F. 0047 / 48	לנדסברג אלפרד אברהם & לאוני		מכתבים				מקור	Original				No Image	-מברק מלנדסברג אל לקס Lachsבהמבורג בו הוא מודיע					נרשם ב 10.01.2011-	כרטיס 48 מתוך	נילי דוידסון		2001.117 & 1999		אמנון פלץ) ,הנכד( ,רמת השרון		6889,6890
G-F-0047-49	G.F. 0047 / 49	לנדסברג אלפרד אברהם & לאוני		מכתבים בין ההורים לנדסברג והבת אוה פלץ				מקור	Original	קטגוריות: | .1 התכתבות | .2 הגירה *מישראל לגרמניה			No Image	התכתבות בין לאוני ואלפרד לנדסברג ,גרמניה ואנגליה,					נרשם ב 11.05.2011-	כרטיס 49 מתוך	נילי דוידסון		2001.117 & 1999		אמנון פלץ) ,הנכד( ,רמת השרון		6975,6976
G-F-0047-5	G.F. 0047 / 5	לנדסברג אלפרד אברהם & לאוני		תצלום מכתב לאו הרמן Leo Herrmann				העתק	Copy	קטגוריות: | .1 ארץ ישראל			No Image	תצלום של מכתב בגרמנית אל לאוני לנדסברג בכפר					נרשם ב 06.03.2007-	כרטיס 6 מתוך	נילי דוידסון		2001.117 & 1999		אמנון פלץ) ,הנכד( ,רמת השרון		3987,3988
G-F-0047-6	G.F. 0047 / 6	לנדסברג אלפרד אברהם & לאוני		תצלום מכתב הנס קון Hans Kohn				העתק	Copy	קטגוריות: | .1 ציונות			No Image	"תצלום מכתב אל ד""ר אלפרד לנדסברג מאת הנס קון"					נרשם ב 06.03.2007-	כרטיס 7 מתוך	נילי דוידסון		2001.117 & 1999		אמנון פלץ) ,הנכד( ,רמת השרון		3989,3990
G-F-0047-7	G.F. 0047 / 7	לנדסברג אלפרד אברהם & לאוני		"תצלומי מכתבים שכותב ד""ר אלפרד לנדסברג"				העתק	Copy	קטגוריות: | .1 ארץ ישראל | .2 התיישבות			No Image	כל המכתבים הם תצלומים של המקור ,כתובים גרמנית.					נרשם ב 06.03.2007-	כרטיס 8 מתוך	נילי דוידסון		2001.117 & 1999		אמנון פלץ) ,הנכד( ,רמת השרון		3993,3994
G-F-0047-8	G.F. 0047 / 8	לנדסברג אלפרד אברהם & לאוני		תצלומי מכתבים ברטהולד פייבל Berthold Feiwel				העתק	Copy	קטגוריות: | .1 ציונות			No Image	-שני תצלומי מכתבים בגרמנית אל הזוג לנדסברג מאת					נרשם ב 06.03.2007-	כרטיס 9 מתוך	נילי דוידסון		2001.117 & 1999		אמנון פלץ) ,הנכד( ,רמת השרון		3991,3992
G-F-0047-9	G.F. 0047 / 9	לנדסברג אלפרד אברהם & לאוני		תצלומי מכתבים של ארתור רופין Arthur Ruppin				העתק	Copy	קטגוריות: | .1 ציונות | .2 ארץ ישראל		-מכתבים אל לאוני לנדסברג מאת ארתור רופין	No Image	כל במכתבים הם תצלומים מהמקור ,כתובים גרמנית.					נרשם ב 07.03.2007-	כרטיס 10 מתוך	נילי דוידסון		2001.117 & 1999		אמנון פלץ) ,הנכד( ,רמת השרון		4004,4005
G-F-0048	G.F.0048	קאהן הרמן והרטה	Kahn Hermann u. Herta										No Image														871
G-F-0049	G.F.0049	דותן )דומב( אברהם	Dotan (Domb) Abraham										No Image														872
G-F-0050	G.F.0050	נטר אויגן יצחק )סבא נטר(	)Neter Eugen Isaak (Saba Neter										No Image														873
G-F-0051	G.F.0051	משקה הרמן	Maschke Hermann										No Image														874
G-F-0052	G.F.0052	בלום אדולף	Blum Adolf										No Image														875
G-F-0053	G.F.0053	פרוידנטל	Freudental										No Image														876
G-F-0054	G.F.0054	איזקסון יהודה	Isaacson Jehuda										No Image										אין		איזקסון ,גבעתיים		877
G-F-0055	G.F.0055	קליין יצחק & תרזה											No Image														878
G-F-0056	G.F.0056	גומפרט מרטין	Gumpert Martin							"ד""ר מרטין גומפרט ,אחיה של מיני שטיינהרדט לבית | גומפרט ,ראה תיק .G.F.0384"			No Image	"-חוברת ""עמי ""Amiעיתון האיגוד העולמי של היהדות"					נרשם ב 05.07.2009-		נילי דוידסון				אוסף שילוני	"ד""ר מרטין גומפרט היה האח של מיני שטיינהרדט ,ראה תיק G.F.0384"	879,880
G-F-0057	G.F.0057	האוזדורף זליג & לבנשטיין לאופולד											No Image										2005.316		שוש חבס ,תל אביב	הסכם תרומה נחתם ב 10.3.2013-	881
G-F-0058	G.F.0058	רכב )שטרומפף( גוסטה											No Image														882
G-F-0059	G.F.0059	בארט אהרון	Barth Aron										No Image														883
G-F-0060	G.F.0060	אלבוגן יצחק משה )איזמר(	Elbogen Ismar										No Image														884
G-F-0061	G.F.0061	מוזס יוליוס	Moses Julius										No Image														885
G-F-0062	G.F.0062	פרידלנדר & נתנזון											No Image														886
G-F-0063	G.F.0063	דרור )דרייאר( קלאוס	Dror (Dreier) Klaus										No Image														887
G-F-0064	G.F.0064	סמואל ליזה	Samuel Lisa										No Image													הסכם תרומה על הארון העתיק חתום 29.9.05 ,	888
G-F-0065	G.F.0065	קורן היינריך	Korn Heinrich										No Image														889
G-F-0066	G.F.0066	פרויס ולטר	Preuss Walter										No Image														890
G-F-0067	G.F.0067	מור אברהם	Muhr Abraham										No Image														891
G-F-0068	G.F.0068	דינקלשפיל	Dinkelspiel										No Image														892
G-F-0069	G.F.0069	גולדשמידט אליאס סלומון	Goldschmidt Elias Salomon										No Image														893
G-F-0070	G.F.0070	אולנדורף פרנץ ורות	Ollendorf Franz u. Ruth										No Image														894
G-F-0071	G.F.0071	דרייפוס עמנואל ארווין	Dreifuss Erwin Manuel										No Image														895
G-F-0072	G.F.0072	יעקבזון מוריץ	Jacobsohn Moritz										No Image														896
G-F-0073	G.F.0073	נפתלי פריץ פרץ	Naphtali Fritz Peretz										No Image														897
G-F-0074	G.F.0074	פייטלר	Feitler										No Image														898
G-F-0075	G.F.0075	אופנהיים	Oppenheim										No Image														899
G-F-0076	G.F.0076	מאייר זלמה	Mayer Selma										No Image														900
G-F-0077	G.F.0077	רילף שלמה						העתק	Copy	"ד""ר שלמה )פרידריך( רילף 1896-1976 | קטגוריות: | .1 מלה""ע I | .2 צבא *רב צבאי | .3 קורות חיים *ראה הכתבה של הבת ,ידידה. | .4 חינוך *בגרמניה ובנהריה | .5 התיישבות *נהריה | .6 תמונות | .7 יהדות *ראה דרשה מ 1890- | Dr. Shlomo (Friedrich) Rülf"			No Image	-צילום מאמר מתוך עיתון יהודי-גרמני Nachrichtenblatt					נרשם ב 29.06.2010-		נילי דוידסון		2010.633		ידידה קאולי ,הבת ,רמת השרון	"אוגדן המכתבים והדרשה של ד""ר פרנק נמצאו באוסף שילוני. | ב 2011-נחקרו וצולמו מכתבים מהאוגדן ע""י עובדת המוזיאון היהודי באורניינשטרסה ,ברלין .מכתבים נבחרים יפורסמו בספר שהמוזיאון הנ""ל מוציא לאור על רבנים במלח""ע .I"	901,902
G-F-0078	G.F.0078	שליט	Schalit										No Image														903
G-F-0079	G.F.0079	לאוטרבך	Lauterbach										No Image														904
G-F-0080	G.F.0080	פפנהיים ברטה	Pappenheim Bertha										No Image										2003.269		חוה יואל ,נהריה / בית אבות בטבעון		905
G-F-0081	G.F.0081	מרכס לאופולד	Marx Leopold										No Image														906
G-F-0082	G.F.0082			מנוסקריפט						מנוסקריפט על ארץ ישראל בשנים 1937-39			No Image														907
G-F-0083	G.F.0083	בר זיגפריד-שמואל & לוסי-לאה											No Image														908
G-F-0084	G.F.0084	פרנק ורנר ל.	Frank Werner L.										No Image														634
G-F-0085	G.F.0085	שטרן מוריץ	Stern Moritz										No Image														909
G-F-0086	G.F.0086	לקס	Lax										No Image														910
G-F-0087	G.F.0087	לופטגלס עמנואל	Luftglass Emanuel										No Image														911
G-F-0088	G.F.0088	שטיל ארנסט	Stiel Ernst										No Image														912
G-F-0089	G.F.0089	מיכלסון גאורג )אלי אלקנה(	)Michelson Georg (Eli Elkana										No Image														913
G-F-0090	G.F.0090	שטראוס היינריך	Strauss Heinrich										No Image														914
G-F-0091	G.F.0091	וולפה ג'ני	Wolpe Jenny							ג'ני וולפה נישאה לבן אחיו של דוד וולפסון .לימים נישאה | בשנית ושמה היה נויברגר. | פרטים נוספים באוסף מכתביה בתיק ארכיון | ) G.F. 0313 /22 עזבון משפחת ישראל & מרים שילוני(.			No Image	כרטיס הכניסה ,של יונס וולפה Jonas Wolppeמוינה,						1 מתוך 1					אוסף ישראל שילוני		915
G-F-0092	G.F.0092	שוואב מוריץ	Schwab Moritz										No Image														916
G-F-0093	G.F.0093	ברנקופף & כצנשטיין											No Image										2000.015		יעל ארנולד-ברן ,הבת ,גרמניה	"ד""ר ברנקופף -רופא ד""ר כצנשטיין -רופא"	917
G-F-0093-13	G.F. 0093 / 13	ברנקופף & כצנשטיין		תמונות				מקור	Original	קטגוריות: | .1 תמונות			No Image	-שתי תמונות דיוקן ,אליפסיות,גדולות ,שחור / לבן ,של					נרשם ב 11.06.2011-		נילי דוידסון		2000.015		יעל ארנולד-ברן ,הבת ,גרמניה	"הדיוקנות הוצאו לתצוגה קבועה ב""צריף"" ,המסגור לדיוקנות הוא עכשוי. | התיק הזה ) (G.F. 0093 /13 בהיותו ריק מתכנים ,בוטל ,פיסית ,בארכיון המשפחתי."	6984
G-F-0094	G.F.0094	בייט הנס	Byth Hans	ספרים בעברית						קטגוריות: | .1 חינוך | .2 עלית נוער | .3 ציונות | .4 הגירה			No Image	-ספר :עלים לעניני עלית ילדים ונוער -קובץ מאמרים					נרשם ב 26.08.2009-		נילי דוידסון				אוסף שלוני		918
G-F-0095	G.F.0095	שוהם רות	Shoham Ruth										No Image														919,920
G-F-0096	G.F.0096	כצנשטיין חנה	Catzenstein Anni	תולדות חיים ומשפחה				העתק	Copy	"חנה כצנשטיין ,1908-2004 ילידת אסן ,גדלה והתחנכה | באאכן .עלתה לארץ ב 1934- | קטגוריות: | .1 ביוגרפיה | .2 תולדות משפחה | .3 ילדים | .4 מלח""ע I | .5 פלשתינה | .6 צבא *שרתה בצבא הבריטי | .7 מדעים *ארכיולוגיה | .8 חינוך *עבדה כמורה | .9 מקצועות חופשיים *עבדה בתפקידים שונים במוזיאון | בצלאל ,מוזיאון רוקפלר"			No Image	"-חוברת בעברית עם הכותרת ""מהלך חיי"" אשר"					נרשם ב 15.09.2011-	כרטיס 1 מתוך 1	נילי דוידסון		2011.708 & 2000.086		חנה כצנשטיין & נפתלי מנהיים ,הרצליה )(2011		921,922
G-F-0097	G.F.0097	ולך אלזה	Wallach Elsa										No Image														923
G-F-0098	G.F.0098	אבט פרידה & רוזה								לוי אבט ,יליד ,1876 רעייתו פרידה אבט לבית בסנהיימר | Bessenheimerילדת .1874 | הבן קרל אבט ,רעייתו רוזה לבית מילר .Müller | קטגוריות: | .1 פריטים *טקסטיל | .2 הרייך השלישי | .3 פלשתינה | .4 תולדות משפחה *אילנות יוחסין			No Image	-קערה מפורצלן מצויר )איכות עדיין טבה מאד( .התחקיר					נרשם ב 18.05.2011-		נילי דוידסון		2000.088		עודד באומן באמצעות ארגון יוצאי מרכז אירופה	* הקערה הוצאה לתצוגה ב'צריף' ,מאי 2011 | * הנרתיק לכותונת לילה הוצא לתצוגה ב'צריף' ,מאי 2011	924,925,926
G-F-0099	G.F.0099	גולדברג עמנואל	Goldberg Emmanuel										No Image														927
G-F-0100	G.F.0100	גולדשמידט	Goldschmidt	טלית עם רקמה									No Image							כרטיס 1 מתוך 1	נילי דוידסון					הטלית מוצגת הקומה העליונה של המוזיאון	928
G-F-0101	G.F.0101	ברוש-שוורץ אדית	Brosh-Schwarz Edith										No Image										2001.106		תמר & עומרי מסר ,חיפה	"ד""ר אדית ברוש-שוורץ ,היתה חברתו לחיים של הסבא של תמר מסר ,רופא השיניים ד""ר צ'יזיק .כך הגיעה תמר אל החומר."	929
G-F-0102	G.F.0102	מיינץ הוגו	Mainz Hugo										No Image														930
G-F-0103	G.F.0103	ורבורג )בנקאים(	)Warburg (die Bankiers										No Image													החומר הופקד כולו באמצעות מרים פולין | הסכם תרומה עם מרים פולין נחתם ב 07.04.2013-	931
G-F-0104-1	G.F. 0104 / 1	קלוורי הדסה & משה & גדעון		הדסה פרלמן השהות וההתנסות בצפת 1910-1914				מקור ,העתק	Original, Copy	"להדסה 1891-1944 שמות נוספים אותם ""פוגשים"" בחומרי | העיזבון :אלה  /אלן  /אסתר שמה מלידה .את השם | הדסה אמצה לעצמה בעת שהותה בצפת ,1910-1914 | ממגילת אסתר. | את הביוגרפיה האישית והמשפחתית של הדסה ניתן | לקרוא בספר ""הדסה וחוט השני"" .הספר מצוי גם | בספריית המוזיאון באות 'ב'. | הדסה באה בפעם הראשונה לארץ ב 1910-והתגוררה עם | הורי אמה בביתם בצפת. | ב 1914-חזרה לגרמניה ,היתה אחות רחמניה במלח""ע .I | ב 1919-          ב 1917-נישאה למשה קלוורי .1876-1944 | נולד בנם גדעון ,נפטר ב.2004- | ב 1923-עלתה הדסה עם בעלה ובנה לארץ ישראל. | השנים התגרשו ב.1924- | ב 1933-נישאה בשנית לפליקס רוזנבליט )פנחס רוזן(. | ההורים של הדסה: | האב ,מקס פרלמן ,האם ,שרה-גיטל לבית ויינשטיין. | המשפחה גרה בקניגסברג. | האחים/אחיות של הדסה לפי סדר הולדתם: | .1 אהרון 1888 | .2 אריה לייב-לואיס 1889 | .3 אסתר-אלה-הדסה 1891 | .4 נתן-נחום 1892 | .5 נטליה-נחה 1893 | .6 רבקה-רחל 1897 | .7 אולגה-הודל 1900 | .8 יוסף 1907 | .9 היינץ-הירש-צבי 1909 | .10 יהודית-מלכה-שיינה 1915 | קטגוריות: | .1 פלשתינה | .2 חינוך | .3 חברה *יהודי צפת *עבודת נשים | .4 ישראל *החלוציות והתקווה"			No Image	-תרגום חלקי לעברית של מאמר ,שפורסם במרץ 1919 ב-					נרשם ב 18.09.2011-	כרטיס 1 מתוך 16	נילי דוידסון		2011.692 & 2001.134		גדעון קלוורי ב 2001-ותומר & רותי קלוורי ,הבן של גדעון,	"בספריה העברית של המוזיאון שמור ספר ,שהופקד גם הוא עם הכותרת ""הדסה וחוט השני"" מאת שרה בן-ראובן | * הסכם תרומה נחתם ב 15.01.2012-"	932,933,934
G-F-0104-10	G.F. 0104 / 10	קלוורי הדסה & משה & גדעון		מכתבים משה קלווארי & גדעון קלווארי				תרגום לעברית והדפסה	Translation to hebrew and printing	קטגוריות: | .1 התכתבות | .2 פלשתינה  /ארץ ישראל | .3 חינוך | .4 משפחה | .5 התיישבות | .6 כתיבה אישית *יומן גדעון קלווארי			No Image	-חליפת מכתבים ,תורגמו לעברית והודפסו ,בין משה					נרשם ב 14.12.2011-	כרטיס 10 מתוך 16	נילי דוידסון		2011.692 & 2001.134		גדעון קלוורי ב 2001-ותומר & רותי קלוורי ,הבן של גדעון,		7142,7143
G-F-0104-11	G.F. 0104 / 11	קלוורי הדסה & משה & גדעון		מכתבים ,הדסה ומשה קלוורי אל בקה / רבקה 1941 - 1915				מקור	Original	"בקה / רבקה אחותה של הדסה וצעירה ממנה ב 6-שנים. | לאחיות היה קשר הדוק ואינטימי ,הדסה ראתה לעצמה | חובה להדריך ולייעץ ,להטיף ולהתריע את האחות הצעירה | ממנה. | המכתבים מסודרים על פי השנים ומסוכמים בקצרה. | קטגוריות: | .1 התכתבות | .2 משפחה | .3 מלח""ע * Iהאח נתן מגויס | .4 מנהגים *קשר אחות לאחותה הצעירה ועוד | .5 פלשתינה | .6 ארץ ישראל | .7 תעשייה *תחרה *שני | .8 הכשרה | .9 תנועות נוער *בלאו-וייס"			No Image	שנת :1915					נרשם ב 19.12.2011-	כרטיס 11 מתוך 16	נילי דוידסון		2011.692 & 2001.134		גדעון קלוורי ב 2001-ותומר & רותי קלוורי ,הבן של גדעון,	"מכתביה של הדסה חתומים ב""אלה"" ,Ellaכאשר היא כותבת מגרמניה וב""הדסה"" כאשר היא כותבת בארץ."	7151,7152,7153,7154
G-F-0104-12	G.F. 0104 / 12	קלוורי הדסה & משה & גדעון		מכתבים משה קלוורי אל הדסה שנות ה 20-וה 30-למאה				מקור	Original	על המכתבים לא מצוין תאריך. | באוסף המכתבים ,גרמנית כתב יד ,מצויים  4 מכתבים | כתובים בעברית. | קטגוריות: | .1 התכתבות			No Image	"-המכתבים בגרמנית ""לא ניתנים לפיענוח"" ,כתב היד של"					נרשם ב 11.01.2012-	כרטיס 12 מתוך 16	נילי דוידסון		2011.692 & 2001.134		גדעון קלוורי ב 2001-ותומר & רותי קלוורי ,הבן של גדעון,		7155,7156
G-F-0104-13	G.F. 0104 / 13	קלוורי הדסה & משה & גדעון		מכתבים הדסה אל משה & משה אל הדסה 1933-1943				מקור	Original	"מרבית המכתבים בתיק כתובים ע""י משה קלוורי בגרמנית. | את כתב ידו קשה לקרוא ע""כ אין סיכומים בעברית. | המכתבים נכתבו בתקופה שאחרי הגירושין של משה | והדסה. | קטגוריות: | .1 התכתבות | .2 משפחה | .3 חינוך | .4 חברה | .5 ילדים"			No Image	-מכתב ,שתוכנו גורלן המשפחתי הקשה של שלוש					נרשם ב 11.01.2012-	כרטיס 13 מתוך 16	נילי דוידסון		2011.692 & 2001.134		גדעון קלוורי ב 2001-ותומר & רותי קלוורי ,הבן של גדעון,	הנושא המורחב צורף לתיק | המעטפות ,שבתוכן שמורים המכתבים נושאות את הערותיו של גדעון קלווארי.	7159,7160
G-F-0104-14	G.F. 0104 / 14	קלוורי הדסה & משה & גדעון		מכתבים הדסה אל משה קלוורי				מקור	Original	קטגוריות: | .1 מכתבים | .2 משפחה *יחס וחינוך לילד			No Image	המכתבים כתובים גרמנית ,כתב יד.					נרשם ב 01.02.2012-	כרטיס 14 מתוך 16	נילי דוידסון		2011.692 & 2001.134		גדעון קלוורי ב 2001-ותומר & רותי קלוורי ,הבן של גדעון,	הנושא המורחב צורף לתיק	7161,7162,7163,7164
G-F-0104-15	G.F. 0104 / 15	קלוורי הדסה & משה & גדעון		מכתבים אריך וגרטרוד דרזל Erich &Gertrud Dreselאל				מקור	Original	"גרטרוד ,חברתה של הדסה ,נשואה עם אריך דרזל. | גרטרוד למדה את מקצוע הסיעוד והיא מגוייסת לעבודה | בבתי חולים צבאיים .את מכתביה היא כותבת | ממקומות/ישובים שונים,גרמניה. | קטגוריות: | .1 מלח""ע I | .2 צבא | .3 חברה | .4 התכתבות *הדסה & משה קלוורי אל רבקה"			No Image	* מכתבי גרטרוד ואריך דרזל אל אלה / הדסה ,כתובים					נרשם ב 07.02.2012 & 01.02.2012-	כרטיס 15 מתוך 16	נילי דוידסון		2011.692 & 2001.134		גדעון קלוורי ב 2001-ותומר & רותי קלוורי ,הבן של גדעון,	הנושא המורחב צורף לתיק | * אריך דרזל וגרטרוד לבית האזה )הבת של הוגו האזה( ראה תיק ארכיון G.F.0370 | * הוגו האזה ,ראה תיק ארכיון G.F.0192	7165,7166,7167
G-F-0104-16	G.F. 0104 / 16	אסתר קלוורי	Esther Calvary	זכרונות ילדות & עבודה סמינריונית				העתק	Copy	"אסתר קלוורי ,בתם של הרב ד""ר עזריאל הילדסהיימר | ורעייתו אסתר )הנרייטה  /יטכן( לבית הירש )יוסף הירש | ממסינגוורק היה אביה( ,התחתנה עם דוד קלוורי וחיה | במסינגוורק. | מרים פלג לבית נתן היא הנינה של אסתר קלוורי. | פירוט אילן היוחסין מאסתר קלוורי עד מרים פלג: | * ברטה קלוורי ,אחותו של משה קלוורי ,בתה הצעירה של | אסתר קלוורי .אחרי נישואיה ,ברטה גבריאל. | * רות גבריאל ,הבת של ברטה גבריאל לבית קלוורי .אחרי | נישואיה :רות נתן )היום  ,2011 בת .(90 | * מרים נתן ,הבת של רות נתן לבית גבריאל .אחרי | נישואיה מרים פלג  -מפקידת החומר. | קטגוריות: | .1 תולדות משפחה | .2 המאה ה 19- | .3 תעשיה | .4 יהדות | .5 מנהגים | .6 חינוך | .7 ביוגרפיה"			No Image	"מידע שנמסר ע""י מרים פלג:"					נרשם באוגוסט 2011	כרטיס 16 מתוך 16	נילי דוידסון		2011.704		מרים פלג ,הנינה ,נהריה	הנושא המורחב צורף לתיק	7037,7038
G-F-0104-2	G.F. 0104 / 2	קלוורי הדסה & משה & גדעון		פרסומים בנושא אמנות התחרה				מקור	Original	קטגוריות: | .1 אמנות *התחרה | .2 פרסומים *בנושא תחרה			No Image	-קטלוג / חוברת קטנה לתערוכה של תחרה ,ברלין.1917 ,					נרשם ב 18.09.2001-	כרטיס 2 מתוך 16	נילי דוידסון		2011.692 & 2001.134		גדעון קלוורי ב 2001-ותומר & רותי קלוורי ,הבן של גדעון,		7076,7077
G-F-0104-3	G.F. 0104 / 3	קלוורי הדסה & משה & גדעון		מכתבים אל הדסה וממנה				מקור	Original	קטגוריות: | .1 התכתבות | .2 פלשתינה | .3 ציונות | .4 התיישבות | .5 פוליטיקה *של ארץ ישראל | .6 ביוגרפיה *תולדות חיים של הדסה		מבקשת ממנו שישלח לה תפוזים .גרמנית כתב יד	No Image	-גלויה אל אלה פרלמן )הדסה( , Ella Perlmann					נרשם ב 22.09.2011 & 19.09.2011-	כרטיס 3 מתוך 16	נילי דוידסון		2011.692 & 2001.134		גדעון קלוורי ב 2001-ותומר & רותי קלוורי ,הבן של גדעון,		7078,7079
G-F-0104-4	G.F. 0104 / 4	קלוורי הדסה & משה & גדעון		משה קלוורי -יומן & מכתבים				מקור	Original	"כתב ידו של משה קלוורי קשה לקריאה ולכן גם | ל""פיענוח"". | קטגוריות: | .1 התכתבות | .2 חינוך | .3 משפחה | .4 מלחמ""ע I"			No Image	מאמר לטקס תלמידים ,שכתב משה קלוורי לרגל יום					נרשם ב 23.10.2011-	כרטיס 4 מתוך 16	נילי דוידסון		2011.692 & 2001.134		גדעון קלוורי ב 2001-ותומר & רותי קלוורי ,הבן של גדעון,		7080,7081
G-F-0104-5	G.F. 0104 / 5	קלוורי הדסה & משה & גדעון		מכתבי הדסה אל אחיה נתן אחותה רבקה				מקור	Original	"את מכתביה אל נתן אחיה היא מסיימת בחתימת שמה, | שמותיה ,שאינם תמיד אותם השמות ,כך מופעים השמותף | אסתר ,אלה ,הדסה. | מרבית המכתבים נכתבים במלח""ע  Iכאשר נתן,האח, | משרת כחיל בצבא הגרמני. | קטגוריות: | .1 התכתבות | .2 צבא | .3 מלח""ע I | .4 אנטישמיות *בצבא הגרמני *ברחובות ברלין | .5 ציונות *הדסה מתייחסת לעשיה ולאי עשייה | .6 נוער"			No Image	מכתבים אל האח נתן:					נרשם ב 27.11.2011-	כרטיס 5 מתוך 16	נילי דוידסון		2011.692 & 2001.134		גדעון קלוורי ב 2001-ותומר & רותי קלוורי ,הבן של גדעון,		7091,7092,7093,7094
G-F-0104-6	G.F. 0104 / 6	קלוורי הדסה & משה & גדעון		ארגון הנשים היהודיות למען עבודות תרבות בפלשתינה,				מקור ,העתק	Original, Copy	"חילופי מכתבים בין הדסה קלוורי לבין נציגות ארגון | הנשים היהודיות למען עבודות תרבות בפלשתינה בין | השנים  .1914-1920 מהמכתבים ניתן ללמוד על המצוקה | הקשה ששררה בבתי הספר לתחרה ובתי המלאכה | לתחרה בפלשתינה .הדסה מנסה לגייס עזרה ,מציעה | הצעות ומעבירה ביקורת .מצד הארגון יודעים שדבריה | נכונים אך אין בידם להושיע. | קטגוריות: | .1 התכתבות | .2 מלח""ע I | .3 פלשתינה  /ארץ ישראל | .4 תעשיה *בתי מלאכה לתחרה | .5 מסחר *מכירת תחרות בחו""ל | .6 חינוך *בתי ספר לתחרה | .7 חברה *תנאי מחייה קשים בפלשתינה | .8 ארגונים *הנשים היהודיות למען עבודות תרבות | בפלשתינה. | .9 ציונות *הדסה שולחת יהודים לארץ"			No Image	-מכתב אל הדסה מאת גב' מנון הופיין Hoofien Manon					נרשם ב 11.03.2012 & 04.12.2011-	כרטיס 6 מתוך 16	נילי דוידסון		2011.692 & 2001.134		גדעון קלוורי ב 2001-ותומר & רותי קלוורי ,הבן של גדעון,		7118,7119,7120,7121,7122
G-F-0104-7	G.F. 0104 / 7	קלוורי הדסה & משה & גדעון		מכתבים אל הדסה 1907-1923				מקור	Original	"קטגוריות: | .1 התכתבות | .2 מלח""ע I | .3 הכשרה *אנה לוין לומדת רפתנות | .4 נוער *נערות יהודיות בגרמניה ,מכתבי ג'ני. | .5 קהילות/מנהגים *מכתבי ג'ני"			No Image	-שלושה מכתבים אל הדסה מאת ג'ני Jennyחיה בכפר					נרשם ב 06.03.2012 & 11.12.2011-	כרטיס 7 מתוך 16	נילי דוידסון		2011.692 & 2001.134		גדעון קלוורי ב 2001-ותומר & רותי קלוורי ,הבן של גדעון,		7133,7134,7135,7136
G-F-0104-8	G.F. 0104 / 8	קלוורי הדסה & משה & גדעון		ציונות ,בלאו-וייס				מקור	Original	קטגוריות: | .1 ציונות | .2 ארגונים *בלאו-וייס ,החלוץ | .3 חינוך *בפלשתינה | .4 נוער *מגרמניה לפלשתינה | .5 הכשרה *הכשרת נוער לקראת עלייתו לארץ | .6 אנטישמיות *בצבא הגרמני			No Image	-העתק ,דוח מישיבה )המסגרת לא נתונה( עם ציון כל					נרשם ב 11.12.2011-	כרטיס 8 מתוך 16	נילי דוידסון		2011.692 & 2001.134		גדעון קלוורי ב 2001-ותומר & רותי קלוורי ,הבן של גדעון,		7137,7138
G-F-0104-9	G.F. 0104 / 9	קלוורי הדסה & משה & גדעון		מכתבים של גדעון קלווארי אל בנות שפייה ואל אמו הדסה				מקור	Original	"עשרות מכתבים ,1924-1945 מרבית המכתבים כתובים או | מודפסים בעברית ,מעטים כתובים גרמנית .המכתבים | מסודרים כרונולוגית ,מהרחוק אל הקרוב. | מעט מכתבים אל בנות שפייה מאת גדעון קלווארי משנת | .1924 | הרבה מכתבים אל האם ,הדסה .הילד גדעון פותח את | מכתביו עם ""אמא אהובה"" או ""אמא חביבה"" .הקשר איתה | חשוב לו מאד ,הוא מתגעגע אליה 'תמידית' ומרבה לשאול | ""מדוע את לא באה"" .הילד גדעון לא הוכנס בסוד | הגירושין של הדסה ממשה קלווארי ,הוא מצפה לבואה | ואינו מבין מדוע היא לא מגיעה .בשנים האלה היה גדעון | בחסות אביו ונדד ממקום למקום והחליף מספר בתי ספר. | קטגוריות: | .1 התכתבות | .2 חינוך | .3 פלשתינה  /ארץ ישראל | .4 נוער | .5 משפחה *געגועי ילד אל אמו."			No Image	סיכום קצר למכתבים ,שגדעון כתב בגרמנית:					נרשם ב 13.12.2011-	כרטיס 9 מתוך 16	נילי דוידסון		2011.692 & 2001.134		גדעון קלוורי ב 2001-ותומר & רותי קלוורי ,הבן של גדעון,		7139,7140,7141
G-F-0105-1	G.F. 0105 / 1	וינטר & הולמה								"המפקידה ,חנה ,אילזה Ilseהולמה לבית וינטר ,ילידת | 1914 באסן. | ההורים :האם פרנציסקה לבית בכנהיימר ילידת ,1879 | Franziska Bachenheimerנולדה בנויס על הריין .Neuss | האב קרל יליד  Karl Winter 1881 נולד בורטשיין .Warstein | האב נפטר ב 1939-בעקבות פציעה בליל הבדולח. | פרנציסקה וקרל נישאו בברלין ב.1907- | אחיה של חנה  -הנס  ,Hansיליד  1911 בדורטמונד | סבתא של חנה  -הלנה Helene | הבת של חנה  -ברבל Bärbel | הדוד והדודה מארה""ב של חנה  -אידה & הוגו מאייר Ida | & Hugo Mayer | קטגוריות: | .1 מלח""ע * Iגלויות מSeddan- | .2 תמונות | .3 תעודות אישיות | .4 תולדות משפחה *אילן יוחסין משפ .בכנהיימר | .5 תיאטרון *מודעות על הצגות בברלין"			No Image	-דף עם מידע קצר ,שכתבה חנה הולמה על משפחתה					נרשם ב 13.03.2013-	כרטיס 1 מתוך	נילי דוידסון		2001.122		חנה הולמה ,כפר ורדים		935,936
G-F-0106	G.F.0106	טל	Tal	עבודות יד מראשית המאה ה 20-						העבודות הועברו אל רותי אופק מקיבוץ הזורע			No Image							כרטיס 1 מתוך 1			אין		"הועבר ע""י רותי אופק"	15 פריטים ל עבודות היד מוצגות במוזיאון ,בצריף ,מחודש אפריל .2011	937
G-F-0107	G.F.0107			כיסוי חלת שבת עם חרוזים									No Image							כרטיס 1 מתוך 1					אוסף ישראל שילוני		938
G-F-0108	G.F.0108	אוסף מסמכים	Sammelarium	כל מיני מסמכים בודדים						"קטגוריות: | .1 תעודות אישיות | .2 מלח""ע I | .3 שירה | .4 הנצחה | .5 חינוך | .6 הגירה | .7 כתיבה אישית | .8 פלשתינה | .9 הרייך השלישי | .10 מנהגים | .11 אנטישמיות | .12 קהילה | .13 ארץ ישראל *תלוש אוכל למעמד בינוני"			No Image	1928 .1 תעודת הוקרה לרופא Julius Nussbaumחתומה					נרשם ב 09.05.2006-	כרטיס 1 מתוך 1	נילי דוידסון					"מסמך מס 11 .מוצג בתצוגת המוזיאון בשולחן ""ההגירה""."	2901,2902,2903
G-F-0109	G.F.0109	קליפרי & לנדסברג											No Image														939
G-F-0110	G.F.0110	וייס מרקוס חיים	Weiss Markus Chaim										No Image													"ד""ר חיים מרקוס וייס"	940
G-F-0111	G.F.0111	פורטה הרברט	Porta Herbert										No Image														941
G-F-0112	G.F.0112			פריטים שונים									No Image	-קערת פורצלן מאותרת / מעיזבון רוזה אבט -ראה תיק													942
G-F-0113	G.F.0113	וולף פריץ	Wolf Fritz							נולד בהילברון ב 1908-נפטר בנהריה ב 23.10.2006-			No Image							66 - 1 תיקי ארכיון						"ד""ר פריץ וולף -משפטן | הסכם תרומה חתום 22.8.01 ,"	943
G-F-0114	G.F.0114	פודשובסקי אהרון	Pudschuvski Arno	גליל עם תעודה לרופא									No Image							כרטיס 1 מתוך 1						"ד""ר אהרון פודשובסקי -רופא"	944
G-F-0115	G.F.0115	בן-נון אריאל )הכט ורנר(	)Bin-Nun Ariel (Hecht Werner										No Image													"ד""ר אריאל בן-נון"	945
G-F-0116	G.F.0116	פליישהקר לאופולד	Fleischhacker Leopold										No Image														946
G-F-0117	G.F.0117	רדר ברנהרד	Reder Bernhard										No Image														947
G-F-0118	G.F.0118	לנגר אהרון	langer Aron										No Image														948
G-F-0119	G.F.0119	מורגנטאו רוברט	Morgentau Robert										No Image														949
G-F-0120	G.F.0120	לפלר לוטה											No Image														950
G-F-0121	G.F.0121	רייס אריך	Reis Erich										No Image														951
G-F-0122	G.F.0122	קופפרברג יעקב	Kupferberg Jakob										No Image														952
G-F-0123	G.F.0123	קרפונקלשטיין רוזה וולטר	Karfunkelstein Rosa u.Walter										No Image														953
G-F-0124	G.F.0124	בלומנטל ברנהרד	Blumenthal Bernhard										No Image													"אין קשר בין עיזבון זה לעיזבון G.F.0041 שגם הוא ע""ש ברנהרד בלומנטל"	955
G-F-0125	G.F.0125	טאוכר יהודה לייב	Taucher Jehuda Leib										No Image														956
G-F-0126	G.F.0126	מנזור היימן	Mansor Heimann										No Image														957
G-F-0127	G.F.0127	פרידלנד גאורג	Friedland Georg										No Image														958
G-F-0128	G.F.0128	סלומון סלומון	Salomon Salomon										No Image														959
G-F-0129	G.F.0129	קרמנטצקי יוהן יונה	Kremenetzky Johann Jona										No Image														960
G-F-0130	G.F.0130	היילברונר ארווין	Heilbronner Erwin										No Image														961
G-F-0131	G.F.0131	הירשפלד אריך	Hirschfeld Erich										No Image														962
G-F-0132	G.F.0132	כהן זליג-לצרוס ולואיזה	Cohn Selig-Lazarus u. Luise										No Image														963
G-F-0133	G.F.0133	בר ג'ני & אלה ריינמן											No Image														964
G-F-0134	G.F.0134	הירשברוך פרץ	Hirschbruch Perez										No Image														965
G-F-0135	G.F.0135	יסלסון לודויג	Jesselson Ludwig										No Image														966
G-F-0136	G.F.0136	שמל הנס ורנה	Schmal Hans u. Rina										No Image										2002.172		הנס ורנה שמל ,יוקנעם מושבה	הסכם תרומה נחתם ב 06.04.2013-	967
G-F-0137	G.F.0137	וולפסון נתן	Wolffsohn Nathan										No Image													"ד""ר נתן וולפסון | Dr. Nathan Wolffsohn"	968
G-F-0138	G.F.0138	פרידריכס וילהלם	Friedrichs Wilhelm										No Image														969
G-F-0139	G.F.0139	להב לילי	lahav Lili					מקור	Original	קטגוריות: | .1 מלחמות ישראל  /הפלייר הסורי טרום המדינה | .2 פרעות בישוב בארץ			No Image	-פלייר שנזרק על הישוב בארץ לפני קום המדינה ממטוס					נרשם ב 19.12.2006-	כרטיס 1 מתוך 1	נילי דוידסון		2004.299		לילי להב ,חיפה		970,971
G-F-0140	G.F.0140	אורדובר יוליוס ואדולף	Ordower Julius u. Adolf										No Image														972
G-F-0141	G.F.0141	פינר-וינר חנה	Pinner-Wiener Hanna										No Image										2002.176		חנה פינר ,בית יצחק		973
G-F-0142-1	G.F. 0142 / 1	יעקבוביץ' לאו ונלי & מקס זומרפלד						מקור ,העתק ,הדפסה	Original, Copy, Printing	"ד""ר לאו יעקבוביץ' עלה לארץ ישראל בשנת 1935 רעיתו | נלי לבית זומרפלד והבת דינה עלו ב .1936-המשפחה | התישבה בתל-אביב שם טיפל הרופא באליטה התל- | אביבית ,היה לו שם חיבה ""יקו""  .Jacoנלי שהיתה | פסנתרנית ,למדה מוזיקה בביה""ס הגבוהה למוזיקה | במינכן ,נגנה לפני חיילים אנגלים ומאוחר יותר לחיילים | ישראלים בכל רחבי הארץ .פרטים ביוגרפים נוספים  -ראה | בתיק ארכיון. | קטגוריות: | .1 כתיבה אישית | .2 התכתבות | .3 תעודות אישיות"			No Image	"-סיכום בעברית )נכתב ע""י תמר זגר( לדמותה של נלי"					נרשם ביוני 2005	כרטיס 1 מתוך 2	נילי דוידסון		2005.357		דינה כרמי ,גבעת חיים איחוד	הסכם תרומה נחתם ב 9.3.2013-	974,975,976
G-F-0142-2	G.F. 0142 / 2	יעקבוביץ' לאו ונלי & מקס זומרפלד		תעודה גמר לרופא לאו יעקבוביץ'				מקור	Original	התעודה ארוזה בגליל מקרטון אדום -מאוחסנת בנפרד | ועלי מספר ארכיוני.			No Image						נרשם ביוני 2005	כרטיס 1 מתוך 2	נילי דוידסון		2005.357		דינה כרמי ,גבעת חיים איחוד		1788
G-F-0143	G.F.0143	גליקסמן & לוין											No Image										2002.181		קתה לוין ,חיפה	הסכם תרומה חתום 18.3.02 ,	977
G-F-0144	G.F.0144	טל נעמי	Tal Neomi										No Image														978
G-F-0145-1	G.F. 0145 / 1	ארליך לילי לואיזה & יוליוס		צילום עבודה מדעית עם הכותרת,Kinder einer Zukunft :	Von zwei Kinderheime in der Weimarer Zeit			העתק	Copy	לילי ארליך לבית לנדה Lande | העבודה נכתבה בפקולטה לחינוך באוניברסיטת טיבינגן | ,Tübingenגרמניה ,ב.1986- | קטגוריות: | .1 ביוגרפיה | .2 ילדים | .3 חינוך | .4 נוער | .5 עליה | .6 התיישבות | .7 הכשרה | .8 מנהגים | .9 תולדות משפחה | .10 הרייך השלישי | .11 אנטישמיות			No Image	-סיפור חייה ועבודתה של לילילנדה ,Lili Lande					נרשם ב 24.10.2012-	כרטיס 1 מתוך 3	נילי דוידסון		2002.182		פרץ ,הבן ,ורחל ארליך ,תל עדשים	תרגום לעברית של העבודה בתיק G.F. 0145 / 2	979,980
G-F-0145-2	G.F. 0145 / 2	ארליך לילי לואיזה & יוליוס		צילום תרגום לעברית של העבודה בתיק G.F. 0145 / 1				העתק	Copy	לפרטים ראה תיק G.F. 0145 / 1 | קטגוריות: | .1 ביוגרפיה | .2 ילדים | .3 חינוך | .4 נוער | .5 עליה | .6 התיישבות | .7 הכשרה | .8 מנהגים | .9 תולדות משפחה | .10 הרייך השלישי | .11 אנטישמיות			No Image	תוכן זהה כמו בתיק / כרטיס G.F. 0145 / 1					נרשם ב 24.10.2012-	כרטיס 2 מתוך 3	נילי דוידסון		2002.182		פרץ ,הבן ,ורחל ארליך ,תל עדשים		7324,7325
G-F-0145-3	G.F. 0145 / 3	ארליך לילי לואיזה & יוליוס		תעודות אישיות				מקור	Original	יוליוס ארליך ,יליד ,1893-1982 ברלין. | לילי ארליך לבית לנדה ,ילידת  ,1890-1971 בשניידמיל | Schneidemühl | קטגוריות: | .1 תעודות אישיות | .2 צבא | .3 חינוך			No Image	-פנקס צבאי Soldbuchשל יוליוס ארליך Julius Ehrlich					נרשם ב 24.10.2012-	כרטיס 3 מתוך 3	נילי דוידסון		2012.756		חוה רייף ,בת מאומצת	הסכם תרומה ,חוה רייף ,נחתם ב 31.10.2012-	7326,7327
G-F-0146	G.F.0146	שוורץ אריך	Schwarz Erich										No Image										2002.183		מרים פורטמן ,פתח-תקוה		981
G-F-0147	G.F.0147	וולפסון דוד	Wolffsohn David										No Image														982
G-F-0148	G.F.0148	עשת יהודית	Eshet Yehudit										No Image										2002.181		יהודית עשת		983
G-F-0149	G.F.0149	רוזנבאום & מקובר		קהילה ,משפחה				העתק	Copy	"רות מקובר לבית רוזנבאום ילידת 1922 בגיסן , Giessen | חוקרת את משפחתה וכותבת תולדות משפחה וזכרונות. | מוצאה ממשפחה סוחרים ,מסורתית ,ציונית ואמידה | מגיסן  Giessenדרום גרמניה .הוריה הגיעו כתיירים | לפלשתינה ב 1935-קנו חלקת אדמה עליה רצו להקים | חווה חקלאית לכשיגיעו לארץ סופית  ,לשם כך הפקידו | כסף רב בבנק בארץ 1937 .יחד עם אביה עשתה הכשרה | לחקלאות על חלקת אדמה בבית הקברות היהודי של | פרנקפורט על המיין .עלתה עם משפחתה לארץ ישראל ב- | .1938 הבנק פשט רגל וכל כספם ""הלך"" ,חלום החווה | נגוז .רות נאלצה לצאת לעבודה בין היתר עבדה גם | בקרית ביאליק במוסד ""אהבה"" תקופה קצרה 1942-1946 . | התנדבה לצבא הבריטי ,שרתה כנהגת במצרים 1946 . | הצטרפה ל""הגנה"". | 1946 נישאה ,נולדו  2 בנים 1951/53 | קטגוריות: | .1 קהילות | .2 פירסומים *מן העיתונות | .3 מנהגים *חולה גרש )גירוש מחלה( *השתרבבות | מילים עבריות לשפה הגרמנית | *כתיבה בספר תפילה | .4 קורות משפחה | .5 ציונות *רישומי הסבא בספר התפילה | .6 ארץ ישראל | .7 צבא *בריטי *הגנה | .8 מלחמות ישראל *ששת הימים"			No Image	-צילום חיבור :יהודי רודהיים, Die Rodheimer Juden ,					נרשם ב 09.03.2011 & 13.02.2011-		נילי דוידסון		2011.669 & 2002.187	08.03.2011 & 13.02.2011 & 24.04.2002	רות מקובר ,פסגת אחוזה חיפה		984,985,986
G-F-0150	G.F.0150	קארו	Caro										No Image										206 & 193 & 2002.190		חיים & רחל קארו ,קיבוץ גבע		987
G-F-0151	G.F.0151	דיטרסדורף לודויג	Dietersdorf Ludwig	"עבודת שורשים ,נכתב ע""י הנכדה."						דיטרסדורף ריצ'רד לודוויג אליעזר ,1919-2002 ,אילן | יוחסין של משפחתו שמתחיל במאה ה 17-וקורות חייו. | '			No Image	שנים ,1919-2002 אילן יוחסין שמתחיל במאה ה ,17-שם									2002.194		שולי גלייכמן ,הבת ,מעלות		988
G-F-0152	G.F.0152	ויקטור חיים & קורט											No Image										2002.195		מרים צילומי ,תל אביב		989
G-F-0153	G.F.0153	קלנבך הרמן	Kallenbach Hermann										No Image														990
G-F-0154	G.F.0154	יוסף אילזה	Josef Ilse										No Image										2002.196		אילזה יוסף ,בית הורים ,רמת גן )נפטרה(		991
G-F-0155	G.F.0155	ויצנהאוזן רבי משה פרנקל	Witzenhausen Rabbi Moses Frenkel					העתק ,הדפסה	Copy, Printing	התיק מכיל מסמכים של 3 משפחות שונות. | ביוגרפיות ,כרנולוגיות ,אילנות יוחסין.			No Image	.Stammbaum des R . Moses Witzenhausen -Frenkel .1					26.08.2002	כרטיס 1 מתוך 1	נילי דוידסון		0			אין כל קשר בין ארבעת המשפחות .צרופן לתיק אחד מקרי בלבד.	108,109
G-F-0156	G.F.0156	חיות הירש פרץ	Chajes Hirsch Perez										No Image													"הרב ד""ר הירש )צבי( פרץ חיות"	993
G-F-0157	G.F.0157	לוין גרה )גרהרד( & חנה											No Image										2002.201		רחל & שלמה שקד ,חיפה		994
G-F-0158	G.F.0158	גליקסון ארתור											No Image														995
G-F-0159	G.F.0159	טריטש דוויס	Tritsch Davis										No Image														996
G-F-0160	G.F.0160	במברגר	Bamberger										No Image														997
G-F-0161	G.F.0161	ורבורג אוטו )בוטניקאי(	)Warburg Otto (Botaniker										No Image														998
G-F-0162	G.F.0162	אלטרתום מרטין	Alterthum Martin										No Image														999
G-F-0163	G.F.0163	רוזנברג מקס	Rosenberg Max										No Image														1000
G-F-0164	G.F.0164	ראומן אידה	Raumann Ida										No Image										2002.210		הלל מאירהוף ,ק .מוצקין		1001
G-F-0165	G.F.0165	וולף בריגיטה	Wolf Brigitte										No Image														1002
G-F-0166	G.F.0166	אסטרחן אוריה	Astrachan Urja	מסמכים לפעילות ציונית בגרמניה				מקור	Original	קטגוריות: | .1 ציונות | .2 פוליטיקה | .3 חינוך | .4 הגירה *מכתב מיוהנסבורג			No Image	-חוזרים של הציונות הרויזיוניסטית / ברלין -Zioniste					נרשם ב 18.12.2006-	כרטיס 1 מתוך 1	נילי דוידסון		2006.427		ישראל אפרתי ,כפר סבא	הסכם תרומה נחתם ב 11.03.2013-	1003,1004,1005
G-F-0167	G.F.0167	ארלוזורוב חיים	Arlosoroff Chaim					העתק ,הדפסה	Copy, Printing	"צבי שילוני צילם )מארכיון?( עבור אביו ישראל שילוני את | ההתכתבות בין חיים ארלוזורוב  Chaim Arlosoroffוהמורה | שלו לספרות גרמנית .P .Gereke | קטגוריות: | .1 ספרות *על הספרות הגרמנית והשפעותיה | .2 ציונות *החוברת ""זהותו הציונית של חיים ארלוזורוב."			No Image	אוסף שילוני:					נרשםב 05.07.2009-		נילי דוידסון		אוסף שילוני & 2009.570		"2009.570 הופקד ע""י אסתר יפתח-אל ,מצובה"	החוברת קוטלגה גם בקטלוג הספרים העברים של המוזיאון.	1006,1007,1008
G-F-0168	G.F.0168	קנטי אליאס	Canetti Elias										No Image										2002.198		בטי לביא ,מעברות		1009
G-F-0169	G.F.0169	הירש הרמן	Hirsch Hermann										No Image										2002.211		יהודית ענבר ,קיבוץ אושה		1010
G-F-0170	G.F.0170	לוי ארנסט	Lewy Ernst										No Image														1011
G-F-0171	G.F.0171	להמן זיגפריד	Lehmann Siegfried										No Image														1012
G-F-0172	G.F.0172	פרי & מרכוזה לורה											No Image														1013
G-F-0173	G.F.0173	שרייבר סוניה	Schreiber Sonja										No Image														1014
G-F-0174	G.F.0174	בר עמנואל	Baer Emanuel										No Image														1015
G-F-0175	G.F.0175	לוינסון תאה	Levinsohn Thea										No Image														1016
G-F-0176	G.F.0176	שונשטדט											No Image														1017
G-F-0177	G.F.0177	פייזר	Peiser										No Image														1018
G-F-0178	G.F.0178	בלום יוליוס & ארנה											No Image														1019
G-F-0179	G.F.0179	אונא ברורית	Unna Clair										No Image														1020
G-F-0180	G.F.0180	שטראוס ריכרד	Strauss Richard										No Image														1021
G-F-0181	G.F.0181	ברנהיים אלפרד	Bernheim Alfred										No Image														1022
G-F-0182	G.F.0182	שרון עדי	Sharon Adi										No Image														1023
G-F-0183	G.F.0183	פריזם ולטר	Friesem Walter							"ולטר פריזם יליד ,1900 בזולינגן ,Solingenסוחר .עלה | לארץ עם רעיתו ,זלמה לבית הירש ,וילדיו הלגה/יהודית | ואלברט/יוסף בשנת .1935 | השניים נישאו ב.1926- | ההורים שלולטר פריזם: | האב אלברט  Albertהאם אוה  Evaלבית פיטץ .Pütz | קטגוריות: | .1 צבא *מלח""ע  & Iמלח""ע II | .2 תעודות אישיות | .3 עליה | .4 ביוגרפיה/קורות משפחה *חוברת בעברית | .4 מנהגים *כתובה"			No Image	"-פנקס צבאי של ולטר פריזם עליו מצוין ,שהנ""ל היה"					נרשם ב 27.11.2008-	כרטיס 1 מתוך 1	נילי דוידסון		2008.557 & 2003.230		יוסף פריזם ,הבן ,קרית חיים	שם המשפחה נכתב במסמכים פריזם לעיתים | בתרגום לעברית פריזן | הסכם תרומה נחתם ב 10.04.2013-	1024,1025
G-F-0184-1	G.F. 0184 / 1	קונרה & דוידסון		יומנים		יומנים ,ספרי זכרונות		מקור ,הדפסה ,תרגום לעברית	Original, Printing, Transletion to Hebrew	"שלמה קונרה 1911-2002 | מרים )מריאנה( קונרה לבית דוידסון 1914-1999 | העיזבון הועבר למוזיאון ע""י גב' אורה גפן לבית קונרה. | אורה בתו של שלמה קונרה מנישואיו הראשונים לדינה - | בתה החורגת של מריאנה קונרה לבית דוידסון. | קטגוריות: | .1 ביוגרפיה | .2 תולדות משפחה | .3 הרייך השלישי | .4 הגירה | .5 עליה | .6 התישבות | .7 מנהגים | .8 תמונות | .9 קהילה *זיכרונות מרי סקין"		-יומני חיים של מריאנה קונרה לבית דוידסון	No Image	ביומנים ניתן למצוא חומר לכל הקטגוריות הרשומות	גרמניה				12.02.2003	1 מתוך 5	נילי דוידסון		2002.213		אורה גפן ,הבת ,בית יצחק	תרומה מס 2002.213 .כוללת עשרות ספרים מספרייתם של מריאנה ושלמה קונרה .הספרים שולבו בספריית המוזיאון.	133,134,135
G-F-0184-2	G.F. 0184 / 2	קונרה & דוידסון						מקור ,העתק	Original, Copy	"קטגוריות: | .1 שירה | השירים נכתבו ע""י בני משפחה ,חברים ושירים של | משוררים מפורסמים."			No Image	-העתקים של שירי משוררים כמו הרמן הסה Hermann	גרמניה			שירה	12.02.2003	2 מתוך 5	נילי דוידסון		2002.213		אורה גפן ,הבת ,בית יצחק		136,137
G-F-0184-3	G.F. 0184 / 3	קונרה & דוידסון						מקור	Original	"הסבר לקשרי המשפחה של הכותבים: | -לאמה של מריאנה ,ד""ר קלרה דוידסון יש אח בארה""ב, | גיאורג פיטרס  ( Georg Peters)Pietrkowskyהבן הצעיר | שלו מיכה )אדמונד - | ( Edmundפיטרקובסקי נמצא בארץ )חי ברסקו  -נהריה(. | אוה  ,Evaאשת גיאורג ואם מיכה. | -ברון לואיג'י פרנקטי  Luigi Franchettiנשא לאישה את בת | האח ,אדמונד ,של קלרה דוידסון ,דורותיאה Dorothea | לבית פיטרקובסקי .הזוג חי באחוזת אצילים לא רחוק | מפירנצה. | לזוג נולד בן אמריגו .Amerigo | קטגוריות מתוך המכתבים: | .1 הרייך השלישי | .2 הגירה | .3 עליה | .4 התישבות"			No Image מכתבים בגרמנית	-מכתב מאנג'י )ראה הסבר תיק (G.F. 0184 / 1 אל קלרה				התכתבות	12.02.2003	3 מתוך 5	נילי דוידסון		2002.213		אורה גפן ,הבת ,בית יצחק	"למריאנה קונרה לבית דוידסון יש כנוי חיבה, | ""זנכן""  ""Sanchen -היא נוהגת לפעמים לחתום מכתבים בכנוי זה."	138,139,140
G-F-0184-4	G.F. 0184 / 4	קונרה & דוידסון				מכתבים בגרמנית		מקור	Original	מכתבים בעיקר בנושאי משפחה אישיים			No Image מכתבים בגרמנית	מכתבים אל מריאנה מאת:				התכתבות	16.02.2003	4 מתוך 5	נילי דוידסון		2002.213		אורה גפן ,הבת ,בית יצחק		141,142
G-F-0184-5	G.F. 0184 / 5	קונרה & דוידסון				מנוסקריפט		מקור	Original	"מנוסקריפט מודפס באנגלית שכתבה מרי סקין | Marie Sackinמכרה קרובה של ד""ר קלרה דוידסון .החומר | נשלח אל משפחת קונרה. | הקטגוריות במנוסקריפט: | .1 תולדות משפחה | .2 כתיבה אישית  /משפחתית | .3 הרייך השלישי | .4 הגירה"			No Image	"ההיכרות בין מרי סקין וד""ר קלרה דוידסון מהילדסהיים."				ביוגרפיה	16.02.2003	5 מתוך 5	נילי דוידסון		2002.213		אורה גפן ,הבת ,בית יצחק		143,144
G-F-0185-1	G.F. 0185 / 1	גרזון מנפרד ,משה	Gerson Manfred, Moshe					מקור ,העתק	Original, Copy	"מנפרד ,משה גרזון Manfred ,Moshe Gerson ,1906-1982 | בנם של אדולף  Adolfואמי לבית מאייר . Emmy Meyer | האב אדולף  1876-1943 היה מורה ,התנדב למלח""ע  Iבה | נפצע .הנכדה יהודית מספרת שבבית הסב קיבלו אביה , | אחיו ואחיותיו חינוך ציוני ואת ההכרה שיהודים צריכים | להיות גם חקלאים ואת המודעות לחשיבותה של | החקלאות לתקומת ארץ ישראל .מנפרד בוגר ביה""ס | החקלאי ""אהלם"" כאגרונום .ב 1931-בא מהכרה ציונית | לפלשתינה 1932 .נקרא ע""י המוסדות הציוניים לחזור | לגרמניה ולעזור לאחיו ,מרטין גרזון ,גם הוא אגרונום, | בהפעלתן של  7 חוות הכשרה ציוניות 1934 .נשא לאישה | את לוטה  /לאה  1910-1988 לבית וורמזר Lotte ,Lea | Wormserבליטה/לטביה .לאה גם היא בוגרת בי""ס | לחקלאות 1935 .חזר עם רעיתו לפלסתינה מתוך אמונה | שעליו לתרום את חלקו בבניית והכשרת הישוב בארץ. | 1940-1945 שרת בצבא הבריטי ביחידה הישראלית של | חיל הנהגים. | הזוג גרזון סייר ברחבי הארץ וחפש את המקום בו יתיישבו, | הם החליטו על דגניה א' שם חיו את השנים הראשונות | מאוחר יותר מימש מנפרד גרזון את צורת ההתישבות בה | האמין ,דהיינו היה בין מייסדי המושב השיתופי ""הבונים"". | שמש כרכז משק של הנוער הדתי ע""י כפר חסידים. | עבד בסוכנות היה ממתכנני ההתיישבות בגליל ,תכנן את | גוש שגב. | קטגוריות: | .1 תעודות אישיות | .2 חנוך | .3 התיישבות | .4 אירגונים | .5 פריטים | .6 צבא | .7 הרייך השלישי | .8 הכשרה"			No Image	-דרכונים ישראלים של משה ולאה גרזון.					21.04.2003	1 מתוך 12	נילי דוידסון		2003.235		יהודית וגדעון ועדי ,עין חרוד מאוחד	"ביוני 2009 הפקידה יהודית ועדי ספר באנגלית שנשלח אליה מבת הדוד ,אריקה הבת של אלפונס .הספר מספר על המחאה של הנשים הגרמניות הלא יהודיות שבעליהן נעצרו ע""י | הגיסטפו .פרטים נוספים ראה קטלוג ספרים מספר.E.B.4187 : | הסכם תרומה נחתם ב 05.04.2013-"	172,173,174
G-F-0185-10	G.F. 0185 / 10	גרזון מנפרד ,משה	Gerson Manfred, Moshe					מקור ,העתק ,תרגום לעברית	Original, Copy, Translation to Hebrew	קטגוריות: | .1 חקלאות | .2 התיישבות | .3 הנצחה | .4 פרסומים | .5 מכתבים			No Image	-צילום של מספר דפים מתוך הספר שכתב מנפרד גרזון					11.05.2003	10 מתוך 12	נילי דוידסון		2003.235		יהודית וגדעון ועדי ,עין לרוד מאוחד		193,194
G-F-0185-11	G.F. 0185 / 11	גרזון מנפרד ,משה	Gerson Manfred, Moshe	הבונים						קטגוריות: | .1 התיישבות | .2 חקלאות | .3 אדריכלות נוף | .4 הנצחה | .3 תמונות			No Image	-צילומי תמונות מהמבצר בהבונים בו התגוררה משפחת					12.05.2003	11 מתוך 12	נילי דוידסון		2003.235		יהודית וגדעון ועדי ,עין חרוד מאוחד		195,196
G-F-0185-12	G.F. 0185 / 12	גרזון מנפרד ,משה	Gerson Manfred, Moshe	ציורים / רישומים שעשה מנפרד גרזון				מקור ,העתק	Original, Copy	אורגינלים וצילומי אורגינלים.			No Image	-מחברת ציור עם ציורים / רישומים אורגינלים שעשה				אומנות	15.05.2003	12 מתוך 12	נילי דוידסון		2003.235		יהודית וגדעון ועדי ,עין חרוד מאוחד		202,203
G-F-0185-2	G.F. 0185 / 2	גרזון מנפרד ,משה	Gerson Manfred, Moshe	לחקר המשפחה				מקור ,העתק	Original, Copy	-אוסף של חומר לחקר המשפחות :גרזון ,וורמזר | -דפי הנצחה לנספים בשואה | קטגוריות: | .1 תולדות המשפחה | .2 הנצחה | .3 קהילה			No Image	-רשימות בכתב יד שעשתה ולי זליגמן לבית גרזון על					29.04.2003	2 מתוך 12	נילי דוידסון		2003.235		יהודית וגדעון ועדי ,עין חרוד מאוחד		175,176,177
G-F-0185-3	G.F. 0185 / 3	גרזון מנפרד ,משה	Gerson Manfred, Moshe	אדולף גרזון				העתק ,תרגום לעברית	Copy, Translation to Hebrew	"אדולף גרזון , Adolf Gerson1876-1943 אביהם של | אלפונס ,מנפרד ,מרטין ,רנטה ,ולי ,גרטה .היה מורה | במקצועו ,התנדב לשרת בצבא גרמניה במלח""ע  ,Iחקר | ופרסם מספר ספרים וכתבות בנושאים :פילוסופיה, | פסיכולוגיה ,היסטוריה יהודית ,היסטוריה-אתנית | )אטרוצקים(. | ב 1943-נרצח אדולף גרזון באושוויץ. | קטגוריות: | .1 מלח""ע I | .2 פרסומים | .3 ספרים"			No Image	-חוברת עם צילום יומן 1914-1915 אותו כתב בעת					29.04.2003	3 מתוך 12	נילי דוידסון		2003.235		יהודית וגדעון ועדי ,עין חרוד מאוחד	פירסומים נוספים של אדולף גרזון נמצאים בתיק G.F. 0202 / 9 עיזבון ולי זליגמן לבית גרזון.	178,179
G-F-0185-4	G.F. 0185 / 4	גרזון מנפרד ,משה	Gerson Manfred, Moshe					העתק	Copy	קטגוריות: | .1 הכשרה | .2 תולדות משפחה			No Image	-ללא תאריך ,לאה גרזון לבית וורמזר כותבת בעברית					29.04.2003	4 מתוך 12	נילי דוידסון		2003.235		יהודית וגדעון ועדי ,עין חרוד מאוחד		180,181
G-F-0185-5	G.F. 0185 / 5	גרזון מנפרד ,משה	Gerson Manfred, Moshe	"מיכאל סלומון אלכסנדר"" ,בישוף אלכסנדר"""				העתק	Copy	"מיכאל סלומון אלכסנדר Michael Salomon 1799-1845 | , Alexanderמאבות משפחת מאייר  ,Meyerמשפחתה של | אמי גרזון אמם של משה ואחיו .הנ""ל נולד בדוכסות פוזן | כבנו של רב 1820 .אחרי מות אביו יצא ללונדון בה נחשף | לראשונה לספרות הקודש הנוצרית .כדי לא להסחף אחרי | נטיות ליבו עזב את לונדון והחל בנדודים באנגליה תוך | שהוא משמש כמורה ורב 1824 .נושא לאישה את דבורה | לבית לוי 1825 .מחליט להתנצר יחד עם אישתו ולהצטרף | לאגודה הלונדונית שמטעמה הוא עוסק אחר כך | במסיונריות בעיקר בפוזן מחוז הולדתו. | ב 1841 הוא מקבל בלונדון את המינוי כבישוף הפרוטזטנטי | הראשון בירושלים ,האגודה הלונדונית פותחת בעיר | מיסיון .ב 1842-הוא מתמנה גם כבישוף מטעם האגודה | במצרים. | בישוף אלכסנדר עושה עבודתו בין ירושלים ומצרים ,ב- | 1845 הוא נפטר בדרך ממצרים לירושלים ,נקבר בחלקת | קבורה של האגודה הלונדונית בהר ציון .עד היום ניתן | לראות את מצבת קברו וקפלה קטנה לזיכרו בהר ציון."			The file: {T:\backup\Tchelet_data\Rachel\GF0185 5.JPG} is missing	"-צילומים מתוך ספרו של ירון פרי )עברית( ""נשיאים ורוח"					29.04.2003	5 מתוך 12	נילי דוידסון		2003.235		יהודית וגדעון ועדי ,עין חרוד מאוחד		182,183
G-F-0185-6	G.F. 0185 / 6	גרזון מנפרד ,משה	Gerson Manfred, Moshe	יומנים 1921-1931				מקור ,הדפסה ,תרגום מתומצת לעברית	Original, Printing, Summarization to Hebrew	"5 יומנים אותם כתב מנפרד ,משה גרזון בגרמנית בין | השנים  1921 ו.1931- | יומן  , 1921-1924 ללא מספר סידורי ,מתעד את התקופה | באהלם .Ahlem | היומנים  4 - 1 מתעדים את נסיעתו לקנדה וארה""ב. | בכל יומן יש דף עם סכום קצר בעברית בכתב יד אותו | כתבה גב' קרלה וולף שעברה על היומנים. | קטגוריות: | .1 הגירה | .2 חינוך | .3 חקלאות"			The file: {T:\backup\Tchelet_data\Rachel\GF0185 6.JPG} is missing	-יומן אהלם 1921-1924					04.05.2003	6 מתוך 12	נילי דוידסון		2003.235		יהודית וגדעון ועדי ,עין חרוד מאוחד	"מספרי היומנים כפי שמופיעים בדוח זה נתנו ע""י | עובדת הארכיון )מופיעים על פתק בתוך היומן | עצמו( ונותנים רצף כרונולוגי .על כריכת היומנים מופיעים מספרים אחרים )על מדבקה( שאינם נותנים רצף כרונולוגי. | תרגום לעברית והדפסה של תושיותיו של מנפרד גרזון בחציית הגבול מקנדה לארה""ב ובחזרה .עריכת החומר והדפסתו ע""י נילי דוידסון."	184,185,186
G-F-0185-7	G.F. 0185 / 7	גרזון מנפרד ,משה	Gerson Manfred, Moshe	תמונות				מקור ,העתק	Original, Copy	אלבום תמונות של מנפרד ,משה גרזון מהשנים | 1925-1927 עם כתוביות לתמונות בגרמנית בכתב יד. | תמונות בודדות. | צילומי תמונות. | קטגוריות: | .1 משפחה | .2 חינוך | .3 חקלאות | .4 נוער			No Image	-אלבום של מנפרד ,משה גרזון:1925-1927 ,					04.05.2003	7 מתוך 12	נילי דוידסון		2003.235		יהודית וגדעון ועדי ,עין חרוד מאוחד		187,188
G-F-0185-8	G.F. 0185 / 8	גרזון מנפרד ,משה	Gerson Manfred, Moshe					העתק	Copy	צילומים מתוך ספרים ופרסומים אחרים. | קטגוריות: | .1 עליית נוער | .2 פלסתינה | .3 התיישבות | .4 הנצחה | .5 שירה			No Image	-צילום מספר דפים לנושא :כפר הנוער הדתי ,כפר					04.05.2003	8 מתוך 12	נילי דוידסון		2003.235		יהודית וגדעון ועדי ,עין חרוד מאוחד		189,190
G-F-0185-9	G.F. 0185 / 9	גרזון מנפרד ,משה	Gerson Manfred, Moshe	מכתבים בגרמנית ובעברית				מקור ,העתק	Original, Copy	קטגוריות: | .1 מכתבים | .2 משפחה | .3 תולדות משפחה | .4 התיישבות | .5 צבא			No Image	-העתק המכתב האחרון ששלח מרטין אל אחיו מנפרד					11.05.2003	9 מתוך 12	נילי דוידסון		2003.235		יהודית וגדעון ועדי ,עין חרוד מאוחד		191,192
G-F-0186	G.F.0186	גרזון מרטין	Gerson Martin							גברת יהודית ועדי לבית גרזון ובעלה גדעון הביאו את | העיזבון אישית להפקדה בארכיון המוזיאון כאן. | יהודית ועדי היא בתו של מנפרד גרזון ,אחיו של מרטין. | יהודית חקרה ,אספה ותיעדה את דודה מרטין באופנים | שונים  -ראה תיקי העיזבון הזה. | חומר דומה ניתן למצוא: | בבית טרזין ,בארכיון קיבוץ הזורע ,בבית התפוצות ובמושב | הבונים. | גב' אילנה מיכאלי מקיבוץ הזורע ,תלמידת חוות ההכשרה | גוט-וינקל ותלמידתו של מרטין גרזון כתבה מנוסקריפט | על מרטין ומקוה להוציאו לאור.			The file: {T:\backup\Tchelet_data\Rachel\GF0186.jpg} is missing	מרטין גרזון , Martin Gerson1902-1945 אגרונום ,סיים					18.03.2003	1 מתוך 8	נילי דוידסון		2003.235		יהודית וגדעון ועדי ,עין חרוד מאוחד	כרטיס היכרות -ללא תיק	158,159
G-F-0186-1	G.F. 0186 / 1	גרזון מרטין	Gerson Martin					העתק	Copy	"החומר בתיק זה צולם מהאוריגינלים ששמורים בארכיון | ""אהלם""  .Ahlemהצילומים נעשו במצלמה ,איכותם גבוהה. | כל מסמך הוא כפול. | קטגוריות: | .1 משפחה | .2 תעודות אישיות | .3 הכשרה | .4 חינוך | .5 חקלאות | .6 הרייך השלישי | .7 מחנות | .8 התכתבות | .9 מנהגים | .10 הגירה"			The file: {T:\backup\Tchelet_data\Rachel\GF0186 1.JPG} is missing	-העתק המכתב האחרון שכתב מרטין גרזון ,בגרמנית ,אל					18.03.2003	2 מתוך 8	נילי דוידסון		2003.235		יהודית גדעון ועדי ,עין חרוד מאוחד	"את מכתב הצוואה Vermächtnisניתן למצוא גם בתיק ""מנפרד גרזון"" מסG.F. 0185 / 9 . | הסכם תרומה נחתם ב 05.04.2013-"	154,155,156,157
G-F-0186-2	G.F. 0186 / 2	גרזון מרטין	Gerson Martin					מקור ,הדפסה ,תרגום לעברית	Original, Printing, Transletion to Hebrew	רב החומר בתיק הוא תרגום מגרמנית לעברית . | קטגוריות: | .1 התכתבות | .2 ציונות | .3 הכשרה | .4 חינוך | .5 ביוגרפיה | .6 משפחה | .7 הרייך השלישי | .8 מחנות | .9 תמונות | .10 כתיבה אישית  /חברתית | .11 הנצחה			No Image	1997 -יהודית וגדעון ועדי כותבים לבני המשפחה על					20.03.2003	3 מתוך 8	נילי דוידסון		2003.235		יהודית וגדעון ועדי ,עין חרוד מאוחד		160,161,162
G-F-0186-3	G.F. 0186 / 3	גרזון מרטין	Gerson Martin					העתק	Copy	צילומים מהספרות ומהעיתונות בנושא מרטין גרזון.			No Image	"1975 -צילום מתוך ילקוט מורשת י""ט מתוך הסדרה"				פרסומים	20.03.2003	4 מתוך 8	נילי דוידסון		2003.235		יהודית וגדעון ועדי ,עין חרוד מאוחד		163,164
G-F-0186-4	G.F. 0186 / 4	גרזון מרטין	Gerson Martin	קלרה גרונולד	Clara Grunwald			מקור ,העתק ,תרגום לעברית	Original, Copy, Translation to Hebrew	"החומר בתיק זה מתיחס למורה ומחנכת קלרה גרונולד | Clara Grunwald1877-1943 ילידת ריידט  .Rheydtקלרה | גרונולד היתה מורה מחוות נויינדורף  Neuendorfשם | הכירה את מרטין וברטה גרזון  -מרטין שמש כמנהל | החווה .הבנות רות ומרים גרזון היו בטיפולה של | קלרה.קלרה גרונולד ,בת רב ,היתה בין מקימות רשת | החינוך של מונטסורי | Montessori-Pädagogikבגרמניה .ב 1924-פתחה בי""ס | עממי בברלין-ודינג  Berlin-Weddingומוסדות נוספים | נפתחו בעקבותיו. | 1943 בגיל  66 נשלחה לאושויץ  Auschwitzשם נרצחה | באותה שנה. | קטגוריות: | .1 ביוגרפיה | .2 הכשרה | .3 חינוך | .4 הרייך השלישי | .5 מחנות | .6 התכתבות | .7 שירה | .8 הנצחה | .9 פרסומים | .10 ספרים"			The file: {T:\backup\Tchelet_data\Rachel\GF0186 4.JPG} is missing	1943 -צילומי מנוסקריפט שכתבה קלוטילדה שנק					20.03.2003	5 מתוך 8	נילי דוידסון		2003.235		יהודית וגדעון ועדי ,עין חרוד מאוחד		165,166,167
G-F-0186-5	G.F. 0186 / 5	גרזון מרטין	Gerson Martin					מקור ,העתק ,תרגום לעברית	Original, Copy, Translation to Hebrew	קטגוריות: | .1 חינוך | .2 הכשרה | .3 חקלאות | .4 הנצחה | .5 תמונות | .6 פרסומים			The file: {T:\backup\Tchelet_data\Rachel\GF0186 5.JPG} is missing	-עלונים של המרכז לנצחת אהלם בהנובר ,בגרמנית					20.03.2003	6 מתוך 8	נילי דוידסון		2003.235		יהודית וגדעון ועדי ,עין חרוד מאוחד		168,169
G-F-0186-6	G.F. 0186 / 6	גרזון מרטין	Gerson Martin					מקור ,העתק ,הדפסה	Original, Copy, Printing	אוסף של חומר עבור הנצחת מרטין גרזון			No Image	-משנת 1996 אוסף של חומר להכנת סרט על מרטין				הנצחה	25.03.2003	7 מתוך 8	נילי דוידסון		2003.235		יהודית וגדעון ועדי ,עין חרוד מאוחד		170,171
G-F-0186-7	G.F. 0186 / 7	גרזון מרטין	Gerson Martin					מקור ,העתק	Original, Copy	"המסמכים והתמונות בתיק זה נמסרו לגב' קרלה וולף | בביתה ע""י הילדה ועזריאל שמחה מקיבוץ נצר-סרני, | בנובמבר  .2003 גב' וולף העבירה אותם למוזיאון כאן. | החומר עבר לידי משפחת שמחה מחבר הקיבוץ )נצר- | סרני( פטר ,ושמעון גוראו שהיה חניך וחבר של מרטין | גרזון .הם היו יחד בפדרבורן ונויינדורף .בגלל תוכן החומר | החלטתי להוסיפו לעיזבון מרטין גרזון. | ראה רישום גם בפסקת ""הערות"". | קטגוריות: | .1 הכשרה | .2 חקלאות | .3 עליית נוער | .4 תמונות | .5 הנצחה"			No Image	-התכתבות בין פטר גוראו Peter Gurauובית שוקן					16.11.2003	8 מתוך 8	נילי דוידסון		2003.274		הילדה ועזריאל שמחה ,קיבוץ נצר-סרני 70395	"המסמכים והתמונות בתיק זה נשמרו בזמן מלח""ע IIאצל הנלורה קיטל Hannelore Kittelבברלין .אחרי המלחמה היא מסרה את החומר לפטר גוראו Peter Gurauששרד את אושוויץ. | פטר גוראו היה חניך וחבר של מרטין גרזיון בהכשרות פדרבורן ונויינדורף .כפי שנמסר בע""פ ע""י מר עזריאל שמחה שהיה מקורב לפטר גוראו."	266,267
G-F-0187-1	G.F. 0187 / 1	וינדמילר-ריחיים שמשון	Windmiller-Rechaim Shimshon	הכרוניקה של משפחת וינדמילר Windmüller				מקור	Original	מר שמשון וינדמילר-ריחיים ספר : | את השם  Windmüllerהוא החליף כאשר בלהט הציונות | והתחיה נענה לקריאתו של בן-גוריון להחלפת השמות | הלועזיים בשמות עבריים ,הוא קרא לעצמו ריחיים .לפני | מספר שנים כאשר אכזבתו מכל הקורה בארץ התגברה, | הוא החליט לחזור לשם המקורי של משפחתו עם שנוי קטן | בכתיבתו  Windmillerבמקום  .Windmüllerהוא השאיר גם | את השם העברי. | ספר מהודר  +חוברת על תולדות משפחת Windmüller | באנגלית  +עלון משפחה. | קטגוריות: | .1 תולדות משפחה | .1 משפחה | .3 קהילה | .4 פרסומים			No Image	-הספר בכריכה עבה 267 ,עמ' ,יצא לאור ב 1981-					13.05.2003	1 מתוך 3	נילי דוידסון		2003.245		מילר-ריחיים רח' מסריק ,28 נהריה 22301	פעילות בתיק: | יום ה'  18.06.2009 מר וינדמילר-ריחיים ביקש לראות את העיזבון  -הביא עמו בני משפחה ,הבן ושני נכדים.	197,198
G-F-0187-2	G.F. 0187 / 2	וינדמילר-ריחיים שמשון	Windmiller-Rechaim Shimshon					העתק ,הדפסה	Copy, Printing	קטגוריות: | .1 תולדות משפחה | .2 מסחר | .3 תמונות | .4 מסורת | .5 מנהגים | .6 נהריה			The file: {T:\backup\Tchelet_data\Rachel\GF0187 2.JPG} is missing	-צילום דפים מתוך ספר בגרמנית -על איש הים קפטן					13.05.2003	2 מתוך 3	נילי דוידסון		2003.245		מילר-ריחיים רח' מסריק ,28 נהריה 22301		199,200
G-F-0187-3	G.F. 0187 / 3	וינדמילר-ריחיים שמשון	Windmiller-Rechaim Shimshon	תמונות משפחתיות				העתק	Copy	צילומים בגודל DIN A4 של עמודי אלבום משפחתי. | בגלל גודלן הן שמורות בתיק נפרד  -לא במיכל הארכיוני.			No Image	-צילומים של דפי אלבום תמונות של משפחת וינדמילר					13.05.2003	3 מתוך 3	נילי דוידסון		2003.245		שמשון וינדמילר-ריחיים רח' מסריק ,28 נהריה 22301		201
G-F-0188	G.F.0188	לשניטצר אדולף	Leschnitzer Adolf										No Image										2003.239		אורן חנה ,תל אביב	הסכם תרומה נחתם ב 04.04.2013-	1026
G-F-0189	G.F.0189	פרוינד איזמר	Freund Ismar										No Image														1027
G-F-0190	G.F.0190	פיליפ	Philip										No Image										2003.238		עדנה הדס ,יסוד המעלה		1028
G-F-0191	G.F.0191	פרנקל & שוונק											No Image														1029
G-F-0192	G.F.0192	האזה הוגו	Haase Hugo	פירסומים / ספרים				מקור ,העתק	Original, Copy	"גב' מירה סובר היא נכדתו של הוגו האזה. | קטגוריות: | .1 ביוגרפיות | .2 תולדות משפחה | .3 פוליטיקה *הרפובליקה הויימארית בגרמניה | .4 מלח""ע I"			No Image	שני ספרים בגרמנית שמתייחסים לחייו ופועלו של הוגו					נרשם ב 01.05.2012-		נילי דוידסון		אוסף שילוני & 2012.734		אוסף שילוני & מירה סובר ,הנכדה ,מעיין צבי	קשרי משפחה :ראה תיק G.F.0370 | גרטרוד דרזל לבית האזה ,בתו של הוגו האזה ,אמה של המפקידה ,מירה סובר.	1030,1031
G-F-0193	G.F.0193	פלץ דוד	Pelz David										No Image														1032
G-F-0194	G.F.0194	בלוך אריך	Bloch Erich										No Image														1033
G-F-0195	G.F.0195	קינן שלמה											No Image														1034
G-F-0196	G.F.0196	פלנטר מטה											No Image										2003.253		אסנת מור	ראה קרבה משפחתית לתיק G.F.0294	1035
G-F-0197	G.F.0197	עופר-ויטקובסקי	Ofer-Wittkowsky										No Image										2003.257		רות עופר ,הרצליה		1036
G-F-0198	G.F.0198	שצמן-המבורגר	Schatzmann-Hamburger										No Image										2003.260		מיכל שצמן ,הבת ,בנימינה	הסכם תרומה נחתם ב 14.04.2013-	1037
G-F-0199	G.F.0199	שטרן מקס	Stern Max										No Image										2003.236		בתיה אקרמן ,ק .ביאליק		1038
G-F-0200	G.F.0200	פויכטוונגר	Feuchtwanger										No Image														1039
G-F-0201	G.F.0201	וולך משה	Wallach Moses										No Image													"ד""ר משה וולך -רופא"	1040
G-F-0202-1	G.F. 0202 / 1	זליגמן ולי	Seligmann Wally	מזוודה עם מסמכים		מזוודה עם מסמכים		מקור	Original	ולי ,חנה ,זליגמן לבית גרזון ילידת ,1913 אחותם של | מרטין ומנפרד גרזון .בנה גרשון זליגמן מסר את העיזבון | למוזיאון .בין היתר סיפר שאמו הגיע ב 1939-לארץ עם | גיטרה ,אקורדיון ופטיפון .הבן לא דובר גרמנית ,לא ידע | על המסמכים האישיים של אמו אלא לאחר מותה .לדבריו | גילה באמצעותם דברים שאמו לא ספרה אף פעם. | מתוך העיזבון למד לדעת שאמו היתה מאוהבת | בצעירותה ,בארץ ,בגדליה קורניצר שעברת את שמו | לנהוראיי .גדליה ,עלה לארץ מבלגיה כפי הנראה כבר | בתחילת שנות ה 30-למאה ה .20-גרדון זליגמן מספר | שגדליה סבל מהתקפים אפילפטים והרופא אסר עליו | להתחתן ,הוא שם קץ לחייו. | הבן ,גרשון ,מצא בבית אמו אחרי מותה ,בין היתר ,מזודה | קטנה עם מכתבים ותמונות וכו' .עם המזודה הזאת הגיעה | ולי מגרמניה .כל המזודה על תכולתה נמסרה למוזיאון. | קטגוריות: | .1 הנצחה | .2 תמונות | .3 שירה | .4 חגים | .5 מדעים | .6 שואה *מכתב הצלב האדום			No Image	תכולת המזודה:					29.09.2003	1 מתוך 14	נילי דוידסון		2003.265		גרשון זליגמן ,קיבוץ בית גוברין 6874217-08	התרגום העברי לשם Wallyכתוב בשני אופנים :ולי ,ואלי -מתיחס תמיד לאותה האישה דהיינו שהעיזבון הוא שלה. | הסכם תרומה נחתם ב 09.04.2013-	249,250,251
G-F-0202-10	G.F. 0202 / 10	זליגמן ולי	Seligmann Wally	קלרה גרונולד				העתק ,הדפסה ,תרגום לעברית	Copy, Printing, Translation to Hebrew	קטגוריות: | .1 התכתבות | .2 פירסומים | .3 תמונות | .4 שואה | .5 הנצחה | .6 הכשרה			No Image	"-חוברת ""מכתבי קלרה 2) ""1941-1944 עותקים(."					08.12.2003	10 מתוך 14	נילי דוידסון		2003.265		גרשון זליגמן ,קיבוץ בית גוברין 4217	חיים היינץ גירון )גיא-רון( Chaim Heinz Geron - | הוא אחיה של קלרה גרונולד  -שמו מופיע לעיתים במסמכי העיזבון.	276,277
G-F-0202-11	G.F. 0202 / 11	זליגמן ולי	Seligmann Wally	נהוראי גדליה	Nehorai Gedalia			מקור ,העתק	Original, Copy	נהוראי גדליה Nahorai Gedaliaנולד כגדליה קורניצר | Kornitzerבאנטוורפן ,בלגיה .גדליה עלה לפלשתינה | בראשית שנות ה 30-למאה ה .20-ככל שידוע מדווחיו של | התורם,גרשון זליגמן בנה של ולי ,היה רומן בין גדליה לבין | ולי ,חנה גרזון .הסיפור הזה מקבל חיזוקים מהחומר | בעזבון .גדליה סבל כפי הנראה מהתקפים אפילפטים , | לא יכול היה להשלים עם הנכות הזאת ושם קץ לחייו. | קטגוריות: | .1 עליה | .2 התישבות | .3 התכתבות | .4 תמונות | .5 משפחה			The file: {T:\backup\Tchelet_data\Rachel\G.F.0202 11.JPG} is missing	-פנקס ללימודי כימיה וחקלאות של גדליה קורניצר מ-					09.12.2003	11 מתוך 14	נילי דוידסון		2003.265		גרשון זליגמן ,קיבוץ בית גוברין 4217		278,279
G-F-0202-12	G.F. 0202 / 12	זליגמן ולי	Seligmann Wally	מכתבים שכותב ארנסט זליגמן לולי ,חנה גרזון				מקור	Original	"ארנסט זליגמן Ernst Seligmannיליד 1910 בקרלסרואה, | נשלח ב 1940-למחנה ריכוז בצרפת ,שוחרר ב ,1944-עלה | לפלשתינה לגבעת ברנר .התגייס לצבא הבריטי ושרת | במצרים. | קטגוריות: | .1 התכתבות | .2 צבא | .3 מלח""ע II | .4 מנהגים | .5 מעטפות דואר"			No Image	-המכתבים נכתבו אל ולי בגרמנית בתקופה :מאי - 1945					09.12.2003	12 מתוך 14	נילי דוידסון		2003.265		גרשון זליגמן ,קיבוץ בית גוברין 4217	ארנסט זליגמן בעלה של ולי גרזון.	280,281
G-F-0202-13	G.F. 0202 / 13	זליגמן ולי	Seligmann Wally			מכתבים ועוד		מקור ,הדפסה	Original, Printing	"קטגוריות: | .1 התכתבות | .2 מחנות מעצר | .3 מלח""ע II | .4 מנהגים | .5 שירה | .6 מסחר"			No Image	-גלויה ומכתב אל ולי מאת קורט פישר Kurt Fischer					09.12.2003	13 מתוך 14	נילי דוידסון		2003.265		גרשון זליגמן ,קיבוץ בית גוברין 4217		282,283
G-F-0202-14	G.F. 0202 / 14	זליגמן ולי	Seligmann Wally			מכתבים							No Image							14 מתוך 14							284
G-F-0202-2	G.F. 0202 / 2	זליגמן ולי	Seligmann Wally	ספרי לימוד		ספר		מקור	Original	"ספר בגרמנית לימוד ענף הפירות. | קטגוריות: | .1 חקלאות | Die Praris des Obstbaues / Muth-Junge / 1937 / Verlag | Paul Parey in Berlin / 12 Band des ""Pareys Handbücher | ""des praktischen Gartenbaues"			The file: {T:\backup\Tchelet_data\Rachel\G.F.0202 2.JPG} is missing	בספר הקדשה משנת 1937 של מרטין גרזון אל אחותו					29.10.2003	2 מתוך 14	נילי דוידסון		2003.265		גרשון זליגמן ,קיבוץ בית גוברין 4217	הספר רשום גם בקטלוג הספרייה של המוזיאון	252,253
G-F-0202-3	G.F. 0202 / 3	זליגמן ולי	Seligmann Wally	ספרי לימוד		חוברת 2 + ספרים 2				:קטגוריות | חקלאות.1 | מדעי הרוח.2 | מדעים.3 | 1. Lehrbuch der Botanik / Prof. Dr. Otto Schmeil / 1908 / | Verlag von Erwin Nägele Leipzig | 2. Citrusfrüchte / J.D. Oppenheim / 1932 / Deutscher | Auslandverlag Walter Bangert Leipzig / mit eine | Widmung von Martin Gerson | 3. Humanismus und Technik - Zeitschrift zur Erforschung | und Pflege der Menschlichkeit. | 4.Anorganiesche Chemie			The file: {T:\backup\Tchelet_data\Rachel\GF0202 3.JPG} is missing	בוטניקה+ שני ספרי לימוד בגרמנית בנושא הדרים					29.10.2003	3 מתוך 14	נילי דוידסון		2003.265		גרשון זליגמן ,קיבוץ בית גוברין 4217	הספרים רשומים גם בקטלוג הספריה.	254,255
G-F-0202-4	G.F. 0202 / 4	זליגמן ולי	Seligmann Wally	אנטרופוזופיה	Anthroposophie	2 ספרים 2 +מאמרים		מקור ,העתק	Original, Copy	"-שני ספרים בגרמנית בנושא אנטרופוזופיה. | -קטלוג קטן בגרמנית על ה""גתאנום"" בדורנך שוייץ. | -צילום מאמר באנגלית על אנטרופוזופיה בישראל. | 1. Die Aufgabe der Geisteswissenschaft und deren Bau in | Dornach / Dr. Rudolf Steiner / 1921 / Philosophisch- | Anthroposophischer Verlag Berlin | 2. Die Anthroposophie Rudolf Steiners - Ein Hinweis / Dr. | Otto Fränkel-Lundborg / 1957 / Philosophisch- | Anthroposophischer Verlag am Goetheanum Dornach | Schweiz."			No Image	בתוך ספרי האנטרופוזופיה רשומים השמות ולי זליגמן					29.10.2003	4 מתוך 14	נילי דוידסון		2003.265		גרשון זליגמן ,קיבוץ בית גוברין 4217	הספרים רשומים גם בקטלוג הספריה.	256,257
G-F-0202-5	G.F. 0202 / 5	זליגמן ולי	Seligmann Wally	מנוסקריפט הספר של מנפרד ,משה גרזון				העתק ,הדפסה	Copy, Printing	"285 דפים של המנוסקריפט לספר שכתב מנפרד ,משה | גרזון )אחיה של ולי( בגרמנית עם הכותרת: | "" חיים במאה ה""20- | קטגוריות: | .1 תולדות משפחה | .2 אדריכלות נוף | .3 חינוך | .4 חקלאות | .5 ציונות | .6 הכשרה | .7 הרייך השלישי | .8 פלסטינה | .9 התיישבות | .10 מלח""ע II | .11 צבא | .12 הגירה | Manuskript: | Ein Leben in 20 Jahrhundert - ein Zeitdokument - von | ""Ben Adam"" / Manfred Mosche Gerson"			No Image	"הפרקים במנוסקריפט )מופרדים ע""י נייר בצבע תכלת(:"					29.10.2003	5 מתוך 14	נילי דוידסון		2003.265		גרשון זליגמן ,קיבוץ בית גוברין 4217	הספר יצא ב 2001-לאור בגרמניה .הספר נמצא בספריית המוזיאון.	258,259
G-F-0202-6	G.F. 0202 / 6	זליגמן ולי	Seligmann Wally	אחוזת נויינדורף	Gut Neuendorf			מקור ,העתק ,הדפסה ,תרגום לעברית	Original, Copy, Translation to Hebrew	צילום של הדפסה בגרמנית בנושא: | המחנה היהודי לההכשרה חקלאית באחוזת נויינדורף | .1939-1943 ראה ממול פרוט הפרקים בגרמנית. | קטגוריות: | .1 חינוך | .2 חקלאות | .3 נוער | .4 ציונות | .5 אנטישמיות | .6 הנצחה | .7 הרייך השלישי | .8 התיישבות | 1. Das jüdische landwirtschaftliche Umschulungslager | Gut Neuendorf 1939-1943 | 2. Das Landgut Neuendorf als eine Heimstätte für die | vom Naziregime verfolgten jüdische Bürger. | Zur Geschichte der jüdischen Pädagogin Clara Grunwald | und ihrer Kinder im Gut Neuendorf. | 4. Der deutsche Melkermeister Erich Martin - Freund der | Juden - und sein tragisches Schicksal.			No Image	-החומר צולם מתוך חוברת זיכרון לאנשי נויינדורף מ 9-					17.11.2003	6 מתוך 14	נילי דוידסון		2003.265		גרשון זליגמן ,קיבוץ בית גוברין 4217		268,269
G-F-0202-7	G.F. 0202 / 7	זליגמן ולי	Seligmann Wally	פרסומים שכתב אדולף גרזון				מקור ,העתק	Original, Copy	"אדולף גרזון אביה של ולי זליגמן כתב בין היתר )ראה | עיזבון מנפרד גרזון( את תרגום: | .1 חילופי דורות והפרדה מינית -מחקר על התנהגותם | החברתית של חרקים .1928 | .2 כאב ופחד ב.1917- | .3 החכם קוהלת ב.1905- | .4 אברהם אגדה פוליטית ב.1908- | .5 הנצחה לשונית מהעבר הגרמני )+סריקה של | החומר(.1920 | .6 העתק יומן שכתב אדולף גרזון בעת שרותו הצבאי | במלח""ע  1914-1915 בגרמנית  +תרגום לעברית. | 1. Eine Veröffentlichung von Adolf Gerson aus dem Jahr | 1928. | ""Generationswechsel und Geschlechtennung"". | 2. Journal für Psychologie und Neurologie / | Schmerz und Schreck von Adolf Gerson / 1917 | 3. Der Chacham Kohelet als Phillosoph und Politiker von | Adolf Gerson / 1905 | 4. Abraham eine politische Legende von Adolf Gerson / | 1908. | 5. Zeitschrift für Sexualwissenchaft / Sprachdenkmale | aus deutscher Vorzeit von Adolf Gerson / 1920"			No Image					פרסומים	30.11.2003	7 מתוך 14	נילי דוידסון		2003.265		גרשון זליגמן ,קיבוץ בית גוברין 4217	חלק מהחומרים בתיק זה נמצאים גם בתיק מנפרד משה גרזון.	270,271
G-F-0202-8	G.F. 0202 / 8	זליגמן ולי	Seligmann Wally	תולדות משפחת גרזון	Familie Gerson			העתק ,הדפסה	Copy, Printing	"תולדות משפחת גרזון בגרמנית. | ""Familie Gerson"" Aufzeichnungen aus Gesprächen mit | Wally Channah Seligmann geb. Gerson, Kibbuz Givat | Brenner, 2000, bei Fr. Silke Schaeper."			No Image	-זילקה שפר Silke Schaeperראיינה את ולי זליגמן לבית				תולדות משפחה	30.11.2003	8 מתוך 14	נילי דוידסון		2003.265		גרשון זליגמן ,קיבוץ בית גוברין 4217	2 -עותקים של תולדות משפחת גרזון. | -החומר נמצא גם על דיסקט בתיק הזה.	272,273
G-F-0202-9	G.F. 0202 / 9	זליגמן ולי	Seligmann Wally	מרטין גרזון	Martin Gerson, clara Grunwald								The file: {T:\backup\Tchelet_data\Rachel\GF0202 9.JPG} is missing	-רשימה עם שמות הנרצחים בשואה ממשפחת גרזון.					דצמבר 2003	כרטיס 9 מתוך 14	נילי דוידסון		2003.265		גרשון זליגמן ,קיבוץ בית גוברין 4217	חיים היינץ גירון )גיא-רון( Chaim Heinz Geron - | הוא אחיה של קלרה גרונולד  -שמו מופיע לעיתים במסמכי העיזבון.	274,275
G-F-0203	G.F.0203	שוקן אלכסנדר וולפגנג	Schocken Alexander Wolfgang										No Image										2003.266		איילה סחרוב ,הרצלה		1041
G-F-0204	G.F.0204	גויטיין שלמה דב	Goitein Shlomo Dov										No Image										2003.267		אלון גויטיין ,הרצליה		1042
G-F-0205	G.F.0205	רוזנברג & פלדהיים											No Image										2003.238		חוה וכטל ,חמדיה		1043
G-F-0206	G.F.0206	וילנר פריץ	Wilner Fritz										No Image										2003.271		מרים חוזק ,תל מונד -פרוטאה בכפר	הסכם תרומה נחתם ב 03.04.2013-	1044
G-F-0207-1	G.F. 0207 / 1	רודנברג ,ליטן	Rudenberg, Litan	מכתבים גלויות				מקור	Original	"רודנברג פרידריך ,טייס יהודי גרמני ,נלחם במלח""ע .I | שולח מכתבים וגלויות משדה הקרב אל משפחתו ,בעיקר | אל אחיו ריינהולד בברלין. | גברת אלישבע ליטן בתו של פרידריך רודנברג השאילה | לזמן ארוך את המכתבים למוזיאון. | גב' ליטן תרגמה את מכתבי אביה לעיברית וערכה אותם | לספר שיצא לאור ב .2003-בספריית המוזיאון נמצא עותק | של הספר. | קטגוריות: | .1 צבא | .2 מלח""ע I | .3 קהילה | 2003"			No Image	המכתבים נכתבו בשנים .1915-1918 מתארים את				התכתבות	12.11.2003	1 מתוך 3	נילי דוידסון		2007.472 & 2003.272		אלישבע ליטן ,רח' נורדאו ,26 נהריה	לבקשתה קבלה גב' ליטן חומר סרוק של כל המכתבים. | הסכם תרומה נחתם ב 05.04.2013-	260,261
G-F-0207-2	G.F. 0207 / 2	רודנברג ,ליטן	Rudenberg, Litan	חוברת באנגלית				העתק	Copy	"צילומים של דפי חוברת באנגלית על החייל-טייס פרידריך | רודנברג. | קטגוריות: | .1 צבא | .2 מלח""ע I | .3 קהילה"			No Image	מתוך חוברת בנושאי צבא וחילות שיוצאת בבריטניה,				פרסום	12.11.2003	2 מתוך 3	נילי דוידסון		2003.229		אלישבע ליטן ,רח' נורדאו ,נהריה		262,263
G-F-0207-3	G.F. 0207 / 3	רודנברג ,ליטן	Rudenberg, Litan	חוברת				מקור	Original	"חוברת להנצחת זכרו של גילי ליטן ,בנם של אלישבע ואיזי | ליטן שנהרג במלחמת יום כיפור. | החוברת נערכה ע""י האם ,אלישבע ליטן 20 ,שנה אחרי | נפילתו של הבן גילי. | קטגוריות: | .1 הנצחה | .2 התיישבות | .3 משפחה | .4 חינוך | .5 צבא"			No Image	חוברת מרגשת להנצחת זכרו של גילי ליטן שנהרג				הנצחה	12.11.2003	3 מתוך 3	נילי דוידסון		2003.272		אלישבע ליטן ,רח' נורדאו ,26 נהריה		264,265
G-F-0207-4	G.F. 0207 / 4	רודנברג ,ליטן	Rudenberg, Litan	אלבום / ספר מתכונים מהמחצית השניה למאה ה 19-				מקור	Original	"הספר בהוצאה מכובדת ויפיפיה ,כל עמוד לבן ממוסגר | במסגרת אדומה .כל מספר דפים ריקים/כתובים יש עמוד | מאויר ציורים בצבע ועליו משפט ""חכמת חיים"" כל שהי. | קטגוריות: | .1 המאה ה 19- | .2 מנהגים | .3 משפחה"			No Image	-ספר לרישום מתכונים שקבלה אמה שטוקהיים Emma					נרשם ב 16.12.2009-		נילי דוידסון		2009.593		אלישבע ליטן ,רח' נורדאו ,26 נהריה	הספר קיבל חשיפה תקשורתית בינואר ,2011 ראה קטע מעיתון מעריב מיום 06.01.2011 צורף לתיק .כמו כן ראה כתבה ביקינתון מס 243 .עמ' כד' )(24	6259,6260
G-F-0208	G.F.0208	נוסבאום פליקס	Nussbaum Felix										No Image														1045
G-F-0209	G.F.0209	פיין & מיכאלזון											No Image										2003.278		נורית גלילי ,חיפה	המפקידה מצאה במקרה את החומרים -איל לה קשר משפחתי או אחר לבעלי העיזבון.	1046
G-F-0210	G.F.0210	ערן מרדכי	Eran Mordechai										No Image														1047
G-F-0211	G.F.0211	גולן )גוטשלק( אפרים	Golan (Gottschalk) Ephraim										No Image														1048
G-F-0212	G.F.0212	אדלר איזידור	Adler Isidor										No Image														1049
G-F-0213	G.F.0213	רייס	Reiss										No Image														1050
G-F-0214-1	G.F. 0214 / 1	פולין מרים & אושי		זיכרונות				מקור ,העתק	Original, Copy	קטגוריות: | .1 משפחה | .2 ילדים | .3 נוער | .4 כתיבה אישית *לאירוסין | .5 הגירה | .6 הרייך השלישי | .7 העפלה			No Image	-ספר זיכרונות של מרים פולין מ 1938-					נרשם ב 13.06.2010 & 10.06-	כרטיס 1 מתוך	נילי דוידסון		2010.611		מרים פולין ,כפר ורדים	הסכם תרומה נחתם ב 07.04.2013-	1051,1052
G-F-0214-2	G.F. 0214 / 2	פולין מרים & אושי		מכתבים				מקור	Original	"תיאה קורצברט Thea Kurzbartלימים מרים פולין היגרה | בסוף  1938 לשבדיה. | אחותה סוזי היגרה ,לפני תיאה ,ב 1938-לארה""ב | אחיה הנס )מיכה( היה בהכשרה במוסד אהבה בברלין | בהיותו בן  ,15 באותה שנה ב 1936-עלה לארץ ,למוסד | אהבה בקרית ביאליק .שרת בצבא הבריטי במלה""ע .II | האב ג'ורג' קורץ),1894-1976 ,קיצר באנגליה את שמו | מקורצברט( היגר ב 1939-עם רעייתו השניה מרתה -1908 | 1998 לבית מנזור  .Mensorב 1945-נולד בנם פרנק 1946 . | היגרו לארה""ב ואחרי התאקלמות לא קלה של שנתיים, | התנהלו חייהם על מי מנוחות. | אמו ,מרי )סבתה של מרים( עלתה לארץ עם בתה ,זלמה, | ובעלה של הבת הוגו .היא גרה אצלם בפרדס חנה עד סוף | ימיה. | 1893-1945         האם הגרושה ,אלזה לבית טיכאואר | Else Tichauerנולדה באופלן  , Oppelnאמם של תיאה | סוזי והנס ,נרצחה בריגה. | המכתבים הם הקשר היחיד בין שלושת האחים :תיאה | )מרים( סוזי והנס ) מיכה( . | תיאה/מרים פגשה שוב את אחיה הנס בפלשתינה ב- | .1948 את האחות סוזי אחרי  20 שנה ב 1958-בארה""ב. | קטגוריות: | .1 התכתבות | .2 מלה""ע II | .3 צבא *הבריגדה היהודית | .4 הגירה *סוזי מתאקלמת בארה""ב | .5 משפחה *איחוי המשפחה באמצעות המכתבים"			No Image	סוזי כותבת מניו-יורק אל אחותה תיאה )מרים( בשבדיה:					נרשם ב 16.06.2010-		נילי דוידסון		2010.631		מרים פולין ,כפר ורדים		6627,6628,6629
G-F-0214-3	G.F. 0214 / 3	פולין מרים & אושי		מסמכים משפחות קורצברט & יוספזון				העתק	Copy	"הסבים של מרים פולין לבית קורצברט מצד האב ,גאורג | קורצברט ,יעקב קורצברט 1857-1929 ,ומרי לבית | יוספזון .1861-1949 ,הסבתא מרי הגיעה לפלשתינה וחיה | בפרדס חנה. | קטגוריות: | .1 תעודות אישיות | .2 המאה ה 19- | .3 מלה""ע * Iצלב הברזל לגאורג קורצברט | .4 תמונות | .5 הגירה *אנגליה ,ארה""ב | .6 משפחה"			No Image	-צילום ,תעודת נישואין של הסוחר יעקב קורצברט					נרשם ב 12.08.2010-	כרטיס 3 מתוך	נילי דוידסון		2010.639		מרים פולין ,כפר ורדים		6759,6760,6761
G-F-0214-4	G.F. 0214 / 4	פולין מרים & אושי		מכתבים ומסמכים משפחת פני & אסתר & אושי &				מקור	Original	האחים אושי ,דב פולין והאחות הבכורה אסתר לימים | מאייר )רעיתו של אנדריאס מאייר( ילדיה של פני Fanny | פולין .הבת אסתר מבעלה הראשון )גרמני( ,שני הבנים | מבעלה השני ,פולין. | דב פולין נהרג במלחמת העצמאות .בעת נפילתו היה | בהליכי גירושין מרעיתו זהבה. | קטגוריות: | .1 משפחה | .2 צבא | .3 התיישבות | .4 פלשתינה			No Image	אוסף מכתבים כרוכים ,מעשה ידי האם פני ,ששלח					נרשם ב 17.02.2011 & 29.08.2010-	כרטיס 4 מתוך	נילי דוידסון		2010.639		מרים פולין ,כפר ורדים	"-מכתבה )גרמנית( של אסתר פולין בפלשתינה אל אחיה אושי בשבדיה ,08.03.1943 ,פותח )בתרגום לעברית( את המאמר של נילי דוידסון ""היסטוריה של סיפורים אישיים"" בספר | המוזיאון."	6764,6765,6766
G-F-0214-5	G.F. 0214 / 5	פולין מרים & אושי		מכתבים לאוה ורבורג				העתק	Copy	"ב 1998 / 9-לרגל יום הולדתה ה 86 / 7-של אוה ורבורג | )ילידת  ,(1912 התארגנו ""הנערים והנערות"" ,שניצלו | בזכותה ,וערכו לה אוסף מכתבים ותמונות .האוסף חולק | בין ""הניצולים"" ,מרים פולין הפקידה את זה שלה במוזיאון. | קטגוריות: | .1 ילדים | .2 מלה""ע II | .3 שואה | .4 ציונות | .5 חינוך | .6 הכשרה"			No Image	המכתבים כתובים בגרמנית ובעברית ,חלקם בכתב יד					נרשם ב 29.08.2010-	כרטיס 5 מתוך	נילי דוידסון		2010.639		מרים פולין ,כפר ורדים	ראה חומרים נוספים בתיקי ארכיון ,G.F.0103 משפחת ורבורג )בנקאים(.	6770,6771
G-F-0214-6	G.F. 0214 / 6	פולין מרים & אושי		מכתבים אל תאה קורצברט לימים מרים פולין				מקור	Original	קטגוריות: | .1 התכתבות | .2 פלשתינה | .3 ארץ ישראל | .4 עליה			No Image	מכתבים מתל אביב אל תאה קורצברט ,לימים מרים פולין,					נרשם ב 19.02.2011 & 17.02.2011-		נילי דוידסון		2010.639		מרים פולין ,כפר ורדים		6936,6937
G-F-0214-7	G.F. 0214 / 7	פולין מרים & אושי		מכתבים אל תאה / מרים מאת אביה גאורג / ג'ורג' ורעייתו				מקור	Original	"גאורג / ג'ורג' קורצברט הצליח בסוף 1939 להגר עם רעייתו | השנהי מרתה ,לאנגליה .הוא שומר על קשר מכתבים | הדוק עם ילדיו :תיאה/מרים בשבדיה ,סוזי בארה""ב | והנס/מיכה בפלשתינה. | הוא מתעניין מאד ,מעביר מידע מהאחד לשני ,רוצה לאחד | שוב את המשפחה באנגליה .ב 1945-נולד לו ולמרתה בן | באנגליה ,פרנק. | אמו של גאורג חיה בפרדס חנה בפלשתינה."			No Image	-גלויות שגאורג קורצברט שולח מהמבורג לבתו					נרשם ב 23.02.2011-		נילי דוידסון		2010.639		מרים פולין ,כפר ורדים		6939,6940
G-F-0214-8	G.F. 0214 / 8	פולין מרים & אושי		מכתבים מהאם ,אלזה ,אל הבת ,תאה / מרים				העתק	Copy	"המכתבים המקוריים שמורים במוזיאון היהודי בשטוקהולם. | אחרי שנים רבות אספה מרים כוחות נפשיים ובקשה | מהמוזיאון לשלוח לה צילומים של המכתבים .אחרי 70 | שנה קראה מרים את המכתבים מחדש ,התמודדות רגשית | לא קלה .מרים קראה את המכתבים וסכמה אותם בכתב | ידה ,בגרמנית .את העבודה עשתה בארכיון המוזיאון. | אנחנו ,צוות המוזיאון ,היינו שותפות לתהליך המרגש | והעצוב הזה. | אלזה קורצברט לבית טיכאואר ,אמה של מרים וגרושה | מאביה של מרים ,נשלחה בטרנספורט בנובמבר ,1941 | נספתה במחנה השמדה במינסק. | קטגוריות: | .1 משפחה | .2 קהילה | .3 הרייך השלישי | .4 מלח""ע II | .5 שואה | .6 הגירה"			No Image	"המכתבים והגלויות נשלחו ע""י אלזה ,בהמבורג ,אל בתה"					נרשם ב 04.07.2011-		נילי דוידסון		2010.639		מרים פולין ,כפר ורדים		7005,7006,7007
G-F-0215	G.F.0215	פיטריך יעקב											No Image														1053
G-F-0216	G.F.0216	אלקן רות	Elkan Ruth										No Image														1054
G-F-0217	G.F.0217	סלומון סימון	Salomon Simon										No Image														1055
G-F-0218	G.F.0218	זוננפלד לוי											No Image														1056
G-F-0219-1	G.F. 0219 / 1	אולמן & קאופמן & בר & פינאס		התכתבות				מקור ,הדפסה	Original, Printing	"מכתבים ומסמכים מעזבון משפחת אולמן וקאופמן, | שנשתמרו אצל הצאצאים ,משפחת בר  Baerהמכתבים | מהמחצית הראשונה למאה ה .19-מהמכתבים ניתן ללמוד | בין היתר על החייל היהודי בצבא הגרמני .ע""י קיפול הדף | הכתוב נוצרה מגב המכתב המעטפת שנחתמה בשעווה. | יצחק אולמן ורעייתו רגינה לבית קאופמן היו הסבים של | ארנו ורולף )אחים( בר. | קטגוריות: | .1 המאה ה 19- | .2 צבא | .3 קהילה"			No Image	עמוד עם הסברים לחומר המופקד ולאילן היוחסין של					נרשם ב 12.07.2009-	כרטיס 1 מתוך 2	נילי דוידסון		2009.566		ארנו בר ,הבן / הנכד ,כפר נטף	"להפקדה מ 2004-לא ניתן מספר ולא נכתב מכתב תודה "" -פיספוס"" שקרה בתקופת העיצוב החדש של המוזיאון. | הסכם תרומה נחתם ב 16.04.2013-"	1057,1058
G-F-0219-2	G.F. 0219 / 2	אולמן & קאופמן & בר & פינאס		תעודות אישיות של וילהלם בר ורעייתו סופי לבית פינאס				מקור ,העתק	Original, Copy	וילהלם וסופי בר ,הוריו של ארנו ורולף בר. | קטגוריות: | .1 תעודות אישיות			No Image	2 -אישורים משטרתיים להעתקת המגורים מקלן למילנו,					נרשם ב 12.07.2009-	כרטיס 2 מתוך 2	נילי דוידסון		2009.566		ארנו בר ,הבן / הנכד ,כפר נטף	הסברים לאילן המשפחתי ראה כתיבה של ארנו בר בתיק G.F. 0219 / 1	5982,5983
G-F-0220	G.F.0220	הירשברג & אפרתי											No Image														1059
G-F-0221	G.F.0221	מזור גד & מוזס יוליוס											No Image													גד מזור הנכד של יוליוס מוזס	1060
G-F-0222	G.F.0222	שטרן רודי	Stern Rudi										No Image														1061
G-F-0223	G.F.0223	דוד חנן & אלישבע											No Image										2004.281		נורית עידו ,קיבוץ יחיעם	הסכם תרומה חתום 8.7.04 ,	1062
G-F-0224-1	G.F. 0224 / 1	ויינהאוזן פאול & קתה		התכתבות בתקופת הרייך השלישי אירופה / פלשתינה				מקור ,העתק	Original, Copy	"המפקידה ,חוה שפירא לבית ויינהאוזן. | ההורים :פאול ויינהאוזן וקתה לבית פרידלנדר. | פאול  ,1915-2000 נולד ברטינגן .Ratingen | הוריו של פאול :יוסף ויינהאוזן & הלנה לבית לוי .יוסף | ויינהאוזן נהרג במלח""ע .I | קתה לבית פרידלנדר  ,1916-2003 נולדה בעיר טייצין )אז | קולוניה גרמנית( ,סין .אביה של קתה ,מיכאל פרידלנדר, | היה פקיד אצל סוחר בטייצין .האמא של קתה ,עמליה | Amalieלבית וולף .Wolf | פאול וקתה הכירו בהכשרה בנויינדורף ב ,1937-נישאו ב- | .1938 | עלו לארץ בינואר  1939 עם חוה ,תינוקת בת חצי שנה. | התיישבו בקיבוץ משמר היום ,ששינה שמו לקיבוץ אפק .ב- | 1960 עברה המשפחה לקרית מוצקין. | סלי פרידלנדר ,אחיו של מיכאל פרידלנדר ,רעייתו מרי- | לואיזה ,פריס. | אגתה ,אחותם של מיכאל וסלי פרידלנדר ובעלה פריץ, | בפלשתינה. | קטגוריות: | .1 התכתבות | .2 הרייך השלישי | .3 אנטישמיות | .4 הגירה *יהודים גרמנים חיים ומתפרנסים בסין. | .5 משפחה *משפ .פרידלנדר פזורה על  3 יבשות | .6 פלשתינה | .7 התיישבות"		והקשיים הכרוכים בכך .גרמנית הדפסה וכתב יד	No Image	-תמונה ממוסגרת עם דיוקן של קתה פרידלנדר Käthe					נרשם ב 19.11.2012 & 15.11.2012-	כרטיס 1 מתוך 2	נילי דוידסון		2004.283		חוה שפירא ,הבת ,קרית אונו	תמונת הדיוקן של קתה בת ה 12-הוצאה מהארכיון ונמסרה לחוה שפירא אישית ,ביום ה' ,22.11.2012 על פי בקשתה. | הסכם תרומה חתום מיום 22.11.2012	1063,1064,1065
G-F-0224-2	G.F. 0224 / 2	ויינהאוזן פאול & קתה		פריטים						"קטגוריות: | .1 פריטים *ראה שדה ""הערות"" למטה."			No Image	-קסת לדיו ,פורצלן .ציורים צבעוניים על רקע לבן.					נרשם ב 20.11.2012-		נילי דוידסון		2004.283		חוה שפירא ,הבת ,קרית אונו	אחד מחזיקי הספרים וקסת הדיו הוצאו לתצוגה ב'צריף'.	7348
G-F-0225	G.F.0225	רוזנפלד יעקב	Rosenfeld Jakob										No Image													"ד""ר יעקב רוזנפלד"	1066
G-F-0226-1	G.F. 0226 / 1	רוזנטל הנס צבי	Rosenthal Hans Zwi							הנס צבי רוזנטל ,1898-1967 היה קצין ראשון על האוניה | תל אביב ,של חברת הספנות ריכרד בורכרדט מהמבורג, | מאוחר יותר בפלשתינה. | קטגוריות: | .1 מקצועות חופשיים *ספנות | .2 תמונות *אוניות וצוותים | .3 מנהגים *ספר אורחים | .4 ציונות *ההקדשות של דיזנגוף ,סוסקין ואוסישקין.			No Image	-ספר / אלבום אורחים עם כתיבה אחת בלבד ,של מאיר					נרשם ב 13.05.2012-		נילי דוידסון		2004.284		ראובן רוזנטל ,הבן ,חיפה		1067,1068
G-F-0226-2	G.F. 0226 / 2	רוזנטל הנס צבי	Rosenthal Hans Zwi	דגל ישראל				מקור	Original				No Image	"דגל ישראל ששימש את האוניה ""עתיד"" של חברת"					נרשם ב 13.05.2012-		נילי דוידסון		2004.284		ראובן רוזנטל ,הבן ,חיפה		7230
G-F-0227	G.F.0227	בן-חורין יהודה											No Image														1069
G-F-0228	G.F.0228	המרשמידט דגוברט דניאל	Hammerschmidt Dagobert Daniel										No Image														1070
G-F-0229	G.F.0229	בירם ארתור	Biram Arthur										No Image														1071
G-F-0230	G.F.0230	אלסברג פאול	Alsberg Paul										No Image													פרופ' פאול אלסברג | חומרים ארכיוניים נוספים שמורים: | .1 בגנזך המדינה | .2 בבית הספרים הלאומי ,ירושלים.	1072
G-F-0231	G.F.0231	פרידלנדר שאול											No Image										2004.297		עליזה פרידלנדר ,להבות הבשן		1073
G-F-0232	G.F.0232	ישראל & משפחת נתן וילפריד		קטלוג אמנותי				העתק	Copy	קטלוג אמנותי | קטגוריות: | .1 תולדות משפחה | .2 מסחר			No Image	דף מודפס עם מידע קצר על וילפריד ישראל.					נרשם ב 25.04.2007-	כרטיס 1 מתוך 1	נילי דוידסון		2007.450		אסתר שילה ,יגור )אחות של אסנת(		1074,1075
G-F-0233	G.F.0233	צ'צ'קס א.	Czackes A.										No Image										2004.298		שלום גינת ,קיבוץ כברי	"בן משפחתו של ש""י עגנון"	1076
G-F-0234	G.F.0234	סמבורסקי דניאל & שמואל											No Image														1077
G-F-0235	G.F.0235	לייזרוביץ יוסף	Leiserowitsch Josef										No Image														1078
G-F-0236	G.F.0236	רוט & לוינזון & שכטר & יפתח אל						מקור ,העתק ,תרגום לעברית	Original, Copy, Translation to Hebrew	אסתר יפתח-אל )מצובה( בתם של פרץ )פריץ( לוינזון | וחנה לבית רוט .הפקידה העתקי מסמכים ,על משפחתה | העניפה .פרץ לוינסון אחרי מות אשתו חנה )נפטרה  3 ימים | אחרי שילדה את אסתר יפתח אל( נשא לאישה את הדה | בר .מתילדה שכטר לבית רוט היתה אחות אביה של חנה | רוט. | קטגוריות: | .1 הכשרה * חוות נידרגימל | .2 תמונות | .3 תולדות משפחה | .4 פלשתינה | .5 שואה			No Image	-תרגום לעברית והדפסה של מכתבים ,שכתבה חנה רוט					נרשם ב 04.03.2007-	כרטיס 1 מתוך 1	נילי דוידסון		2007.442 & 2005.346 ועוד	28.11.2012 & 09.09.2009 & 03.03.2007 & 27.08.2005	אסתר יפתח-אל ,הבת ,מצובה	ספרה של האחות תאה לוינזון לבית וולף: | זכרונות מאלכסנדריה  -שלום למלחמות. | הספר בספריה הברית באות 'ו' | הסכם תרומה נחתם ב 8.3.2013-	1079,1080
G-F-0237	G.F.0237	רפאל סטפן	Refael Stefan										No Image														1081
G-F-0238	G.F.0238	גרינבאום הנס											No Image													"ד""ר הנס גרינבאום"	1082
G-F-0239-1	G.F. 0239 / 1	פרידמן שרלוטה	Friedmann Charlotte	גלימה לעורך סדר הפסח				מקור	Original	שרלוטה פרידמן לבית הפנר Hepnerילידת ברסלאו ב- | .1904 | גלימה מבד לבן ,מקושטת בתחרה לעורך סדר הפסח. | הגלימה הועברה מדור לדור במשפחת פרידמן ,נדדה עם | המשפחה לאוסטרליה ולישראל. | קטגוריות: | .1 פריטים *טקסטיל | .2 מנהגים *מנהג הגלימה הלבנה לסדר פסח			No Image						נרשם ב 21.05.2012-	כרטיס 1 מתוך 2	נילי דוידסון		2004.296		גבריאלה מור ,הבת ,אשדוד	"ההפקדה רשומה ב""תרומות ""2004 תחת השם פרידמן שרלוטה & גבריאלה מור | הסכם תרומה נחתם ב 03.04.2013-"	1083
G-F-0239-2	G.F. 0239 / 2	פרידמן שרלוטה	Friedmann Charlotte	תעודות & ספר				מקור	Original	"קטגוריות: | .1 פרסומים *ספר שירה | .2 מלח""ע * Iתעודת עיטור הכבוד | .3 תעודות אישיות *גמר בי""ס למזכירות | .4 מנהגים *ברכה/שירה לראה""ש 1925"			No Image	-תעודה לשרלוטה הפנר Hepnerלסיום לימודי מזכירות					נרשם ב 21.05.2012-	כרטיס 2 מתוך 2	נילי דוידסון		2004.296		גבריאלה מור ,הבת ,אשדוד	"ההפקדה רשומה ב""תרומות ""2004 תחת השם פרידמן שרלוטה & גבריאלה מור"	7255,7256
G-F-0240	G.F.0240	זרד חנה	Zered Hanna										No Image										2004.303		חנה זרד ,ק .ביאליק		1084
G-F-0241	G.F.0241	יעקובסון גרהרד	Jacobsohn Gerhard										No Image														1085
G-F-0242	G.F.0242			בולים שהוצאו מתצוגת המוזיאון									No Image														1086
G-F-0243	G.F.0243	ליפמן זאב	Lippmann Zeev										No Image														1087
G-F-0244	G.F.0244	לוי & עמנואל											No Image										2005.362 + 2005.312		יאיר עמנואל ,כפר ורדים & יגאל עמנואל ,כרכור	הסכם תרומה נחתם ב 15.03.2013-	1088
G-F-0245	G.F.0245	אלמגור דן & קליין מקס						מקור	Original	קטגוריות: | .1 פלשתינה | .2 כלכלה *בדיקת אפשרויות הפלשתינה | .3 תעשייה			No Image	-חוברת בגרמנית עם צילומים מפלשתינה ,שערך מקס					נרשם ב 30.07.2012-		נילי דוידסון		2005.311		דן אלמגור ,תל אביב	התיק ניתן בהשאלה לתמר לבנה ,ב ,29.07.12-עובדת על תערוכת התעשייה.	1089
G-F-0246	G.F.0246	שינדלר & קלברג											No Image														1090
G-F-0247	G.F.0247	רוזן-רוזנבליט & שטרנברג & דנציגר											No Image														1091
G-F-0249	G.F.0249	זיגמנד אסתר	Sygmand Esther										No Image														1093
G-F-0250-1	G.F. 0250 / 1	קוריין מקס	Kurrein Max	ספר אורחים				מקור ,העתק	Original, Copy	"פרופ' ד""ר מקס קורריין , Max Kurrein1878-1967 יליד | לינץ ,אוסטריה .עלה לארץ ב .1934-היה מומחה | לתחמושת וכלי נשק )מידע שמסרה בתו ,אינה דימון. | קטגוריות: | .1 חברה | .2 הנצחה | .3 משפחה | .4 תעשייה | .5 חינוך | .6 תמונות"			No Image	-ספר אורחים גדול מימדים ,שמקס קוריין קיבל ב.1930-					נרשם ב 30.07.2012-	כרטיס 1 מתוך 5	נילי דוידסון		2012.747		אינה דימון ,הבת ,פסגת אחוזה ,חיפה	מרבית העיזבון נמסר למכון לאו בק בניו יורק	1094,1095
G-F-0250-2	G.F. 0250 / 2	קוריין מקס	Kurrein Max	חוברת ,אנגלית 10 ,שנים להסכמים בין ישראל וגרמניה				מקור	Original	קטגוריות: | .1 תעשייה | .2 כלכלה			No Image	-חוברת באנגלית עם הכותרת:					נרשם ב 30.07.2012-	כרטיס 2 מתוך 5	נילי דוידסון		2012.747		אינה דימון ,הבת ,פסגת אחוזה ,חיפה		7284
G-F-0250-3	G.F. 0250 / 3	קוריין מקס	Kurrein Max	שונות				מקור ,העתק	Original, Copy	קטגוריות: | .1 ישראל *מפה של חיפה ,ללא ציון השנה | .2 אמנות *תחריט | .3 התיישבות *ירושלים  -משה מונטיפיורי & לואיס לווה. | .4 פלשתינה *חוברת | .5 היסטוריה יהודית *משה מונטיפיורי & לואיס לווה | .6 הנצחה *			No Image	-מפה גדולה של חיפה על בד שעווה ,ללא ציון השנה.					נרשם ב 27.09.2012-	כרטיס 3 מתוך 5	נילי דוידסון		2012.747		אינה דימון ,הבת ,פסגת אחוזה ,חיפה		7299,7300
G-F-0250-4	G.F. 0250 / 4	קוריין מקס	Kurrein Max	תעודות אישיות ,מאמרים ,הנצחה ,טכניון				העתק	Copy	קטגוריות: | .1 תעודות אישיות | .2 מדעים *מאמר טכני של פרופ' קוריין ואחרים | .3 ביוגרפיה *קורות חיים בקיצור במארים לרגל ימי | ההולדת של פרופ' קוריין | -תמונות *מחזורים בטכניון *עמיתים בטכניון | *תמונות מתקופת העשייה בגרמניה *תמונות משפחתיות | )?(			No Image	צילומי תעודות של פרופ' מקס קוריין:					נרשם ב 11.10.2012-	כרטיס 4 מתוך 5	נילי דוידסון		2012.747		אינה דימון ,הבת ,פסגת אחוזה ,חיפה		7301,7302,7303
G-F-0250-5	G.F. 0250 / 5	קוריין מקס	Kurrein Max	"ישראל עמיר ,תע""ש ,הנצחה לפרופ' קוריין"				מקור ,העתק	Original, Copy	"קטגוריות: | .1 מנהגים *מכתבי הערכה | .2 פירסומים *צילומי פרקים מספרים בנושא תעשיות | צבאיות *מאמרים בנושא הטכניון | .3 צבא *תע""ש | .4 הנצחה *מכון איילון והפינה לזכרו של פרופ' קוריין | .5 קורות משפחה *אילן יוחסין *קורות חיים של אינה | דימון"			No Image	-מכתבים קצרים אל פרופ' קוריין מאת ארתור בירם.					נרשם ב 11.10.2012-	כרטיס 5 מתוך 5	נילי דוידסון		2012.747		אינה דימון ,הבת ,פסגת אחוזה ,חיפה		7310,7311,7312
G-F-0251	G.F.0251	שרון אריקה	Sharon Erika										No Image														1096
G-F-0252	G.F.0252	אלרן קלרה & הרמן											No Image														1097
G-F-0253	G.F.0253	יעקבי רוחמה & שלמה								שלמה יעקבי תרגם את ספר הילדים שאמו הקריאה לו | מגרמנית לעברית.			No Image	הספר תורגם מגרמנית לעברית תוך שימוש בציורים					נרשם ב 18.06.2012-		נילי דוידסון		2005.322		שלמה יעקבי ,חיפה	הספר מוצג בתערוכת החינוך מ.2009-	1098
G-F-0254	G.F.0254	מלה ריכרד	Male Richard	תעודות אישיות						רפאל לוינזון העביר את החומר מעיזבון דודו עם מכתב | מלווה ,מתויק בתיקיית המכתבים. | קטגוריות: | .1 הרייך השלישי | .2 תעודות אישיות			No Image	3 -מסמכים / תעודות יושר ,שהונפקו ב 1938-בפרנקפורט					נרשם ב 27.04.2011-		נילי דוידסון		2011.679		רפאל לוינזון ,אחיין ,רמת גן		6967
G-F-0255	G.F.0255	רפאל זאב	Rephael Zeev										No Image														1110
G-F-0256	G.F.0256	אדלר & טודטנקופף & נהרי		תעודות אישיות המאה ה & 19-מכתבים מתקופת הרייך				מקור	Original	"המפקידה :אביבה נהרי לבית אדלר. | ההורים :האב ,וילהלם )בנימין( אדלר ,נולד בשויינפורט | Schweinfurtעלה לארץ ב .1934-האם ,אליס ) Alisעליזה( | לבית טודטנקופף ,נולדה בפרנקפורט על נהר האודר | , Frankfurt a.d .Oderעלתה לארץ ב .1933-השניים הכירו | בארץ ונישאו. | הורי וילהלם אדלר :האב ברנהרד ,האם אליזה .Elise | שניהם ניספו בטרזין ב.1942- | קטגוריות: | .1 התכתבות | .2 תעודות אישיות | .3 מלח""ע I | .4 המאה ה 19- | .5 צבא | .6 משפחה *מחברת מתכונים | .7 חגים *ברכה לראש השנה | .8 הרייך השלישי | .9 אנטישמיות"		.1936-1939 בגרמנית כתב יד ,בין	No Image	מכתבים ,ששולחים ההורים ,אליזה Eliseוברנהרד					נרשם ב 19.02.2013-		נילי דוידסון		2013.777 & 2005.331		אביבה נהרי ,נכדה ,נהריה	הסכם תרומה נחתם ב 17.02.2013-	1099,1100,1101
G-F-0257	G.F.0257	שפרינגמן-ריבק רחל	Shpringmann-Ribak Rachel	ספר ביוגרפי ומשחק קלפים לילדים						רחל שפרינגמן-ריבק לבית קשנר Keschnerנולדה ב- | 1937 בדנציג. | ב 1940-הגיעה עם הוריה על סיפון האניה אטלנטיק לחופי | הארץ .הבריטים עצרו את העולים הבלתי לגאלים במחנה | בעתלית ,מאוחר יותר גורשו כולם למאוריציוס. | ב 1945-עלתה המשפחה בשנית לארץ. | קטגוריות: | .1 קורות משפחה *ראה בספר | *ראה בספר      .2 מחנות מעצר | .3 עליה *ראה בספר | .4 פריטים  /ילדים *משחק קלפים			No Image	"-ספר ביוגרפי שרחל שפרינגמן-ריבק כתבה ""לימונים"					נרשם ב 16.09.2009-		נילי דוידסון		2005.332		רחל שפרינגמן-ריבק ,תל אביב	הסכם תרומה נחתם ב 11.03.2013-	1102,1103
G-F-0258	G.F.0258	פרוינד אלי | קוטלר ורדה & בן-חיים פאול	Freund Elli										No Image													"ד""ר אלי פרוינד -רופאה"	1092,1104
G-F-0259	G.F.0259	יעקבי-לאוטרשטיין רינה	Jacobi-Lauterstein Rina	אלבום ברכות						אלבום עם ברכות ומברקים שנשלחו לרגל האירוסין | ומאוחר יותר לנישואין של אילזה וארתור לאוטרבך .תמונת | הזוג ביום הכלולות. | קטגוריות: | .1 מנהגים			No Image						נרשם ב 10.04.2006-	נילי דוידסון	כרטיס 1 מתוך 1		2005.334		רינה יעקבי-לאוטרשטיין ,קרית חיים		1105
G-F-0260	G.F.0260	וולף אני אביבה	Wolff Anni Aviva										No Image														1106
G-F-0261	G.F.0261	רייפן דוד	Reifen David	פרסומים				מקור ,העתק	Original, Copy	"ד""ר דוד רייפן 1911-1981 יליד בפלאואן ,Plauenגרמניה. | עלה לארץ ישראל ב .1931-מ 1933-עבד עם נוער ונוער | עברייני .בשנים  1948 ;1947 ; 1938 קיבל תעודות של | עובד סוציאלי ממוסדות שונים 1950 .מתמנה לשופט | הנוער ראשון במדינת ישראל. | קטגוריות: | .1 משפט"			No Image	-תקליטור עם תולדות החיים של השופט דוד רייפן					נרשם ב 21.04.2010-		נילי דוידסון		2005.336		"ד""ר יהודית רייפן ,הבת ,תל אביב"	"ד""ר דוד רייפן -שופט"	1107,1108
G-F-0262	G.F.0262	ברגר באטה	Berger Beate										No Image														1109
G-F-0263	G.F.0263	נוסבאום יעקב	Nussbaum Jakob										No Image														1321
G-F-0264-1	G.F. 0264 / 1	קורנברג פריץ	Kornberg Fritz	מעיזבונו של ארכיטקט				מקור ,העתק	Original, Copy	פריץ קורנברג ,1869-1944 נולד בהולצהאוזן-פירמונט | ,Holzhausen-Pyrmontגרמניה .ארכיטקט ומהנדס | במקצועו .עלה לארץ ישראל ב.1920- | קטגוריות: | .1 מקצועות חופשיים *ארכיטקטורה | .2 תמונות *דיוקן | .3 אמנות *תצלומי ציוריו של פריץ קורנברג			No Image	-העתק עמ' כתוב גרמנית ,הדפסה ,הצעת מחיר ,של					נרשם ב 22.03.2011-	כרטיס 1 מתוך 2	נילי דוידסון		2005.341		נעמי ביטר ,הבת ,תל עדשים		1322,1323
G-F-0264-2	G.F. 0264 / 2	קורנברג פריץ	Kornberg Fritz	מעיזבונו של ארכיטקט				מקור ,העתק	Original, Copy	קטגוריות: | .1 מקצועות חופשיים *ארכיטקט | .2 אמנות *ציורים של חזית בתים			No Image	-תצלומים של ציורים לתכנון בית וילפריד בקיבוץ הזורע.					נרשם ב 13.05.2012-	כרטיס 2 מתוך 2	נילי דוידסון		2005.341		נעמי ביטר ,הבת ,תל עדשים		7228,7229
G-F-0265	G.F.0265	הירש פאול / קאן לאופולדו	Hirsch Paul / Kahn Leopoldo										No Image										2005.342		Kahn Leopoldo ,San Diego		1336
G-F-0266	G.F.0266	שטרן דזידר	Stern Desider										No Image										2005.344		שטרן משה ,קרית ביאליק	הסכם תרומה נחתם ב 6.3.2013-	1471
G-F-0267-1	G.F. 0267 / 1	ליליין אפרים משה & ליליין אוטו		אלבום + Iאלבום II				מקור ,העתק	Original, Copy	אלבום :I | אלבום :II | הדפים ממוספרים			No Image	אלבום : Iמתעד מסוף המאה ה 19-עד ראשית העשור				אמנות	ארכיון	כרטיס 1 מתוך 25	נילי דוידסון		2005.343 נחתם הסכם תרומה		ליליין-קיפניס חנה ,כפר ורדים	את האוסף וההערות הכין א.מ .ליליין ,הבן אוטו הוסיף. | הסכם תרומה חתום 5.11.2006	1324,1325
G-F-0267-10	G.F. 0267 / 10	ליליין אפרים משה & ליליין אוטו		אישים ומוסדות מתענינים אצל אוטו ליליין על יצירות אביו				מקור	Original	קטגוריות: | .1 התכתבות			No Image	-אוטו ולורה ליליין :התכתבויות עם מוזיאונים וארכיונים						כרטיס 10 מתוך 25	נילי דוידסון		2005.343 נחתם הסכם תרומה		ליליין-קיפניס חנה ,כפר ורדים		1697,1698
G-F-0267-11	G.F. 0267 / 11	ליליין אפרים משה & ליליין אוטו		מכתבים				מקור	Original	קטגוריות: | .1 תמונות | .2 התכתבות | .3 כתיבה אישית )ראיון(			No Image	תמונות:						כרטיס 11 מתוך 25	נילי דוידסון		2005.343 נחתם הסכם תרומה		ליליין-קיפניס חנה ,כפר ורדים		1699,1700
G-F-0267-12	G.F. 0267 / 12	ליליין אפרים משה & ליליין אוטו						העתק ,הדפסה	Copy, Printing	קטגוריות: | .1 אמנות | .2 כתיבה אישית			No Image	-טיוטת ראיון ,ללא תאריך ,שנעשה עם א.מ .ליליין ,לא						כרטיס 12 מתוך 25	נילי דוידסון		2005.343 נחתם הסכם תרומה		ליליין-קיפניס חנה ,כפר ורדים	"החומר נמסר לארכיון כשהוא מתויק בתוך קלסרים עם מתכת ,חלקו ""מעובד""בסיכות מהדק ובניירות דבק .נעשה ככל שאפשר כדי לשמרו בצורה נאותה יותר ,לכן הועבר לתיקים עם | החזקת פלסטיק כדי לעצור את תהליך החלודה."	1701,1702
G-F-0267-13	G.F. 0267 / 13	ליליין אפרים משה & ליליין אוטו		אמנות הדפוס / אוטו ליליין				מקור ,העתק ,הדפסה	Original, Copy, Printing	אוטו ליליין היה מומחה בינלאומי לדפוס .מלבד המאמרים | וההרצאות שלו בנושא הוא גם כתב מספר ספרים הנושא | הדפוס. | קטגוריות: | .1 אמנות			No Image	אלבום עם פירסומים באנגלית ובגרמנית שאסף אוטו						כרטיס 13 מתוך 25	נילי דוידסון		2005.343 נחתם הסכם תרומה		ליליין-קיפניס חנה ,כפר ורדים		1706,1707
G-F-0267-14	G.F. 0267 / 14	ליליין אפרים משה & ליליין אוטו		מכתבים כרוכים בחוברת				העתק ,הדפסה	Copy, Printing	קטגוריות: | .1 התכתבות | .2 המאה ה 19- | .3 חגים | .4 חינוך | .5 משפחה | .6 מנהגים | .7 מסורת | .8 קהילה			No Image	-חנה פיטרס ,הבת של האמן א.מ .ליליין ,שחיה בדנמרק,						כרטיס 14 מתוך 25	נילי דוידסון		2005.343 נחתם הסכם תרומה		חנה פיטרס ,קופנהגן ,דנמרק	חנה פיטרס נפטרה במרץ 2009	1785,1786
G-F-0267-15	G.F. 0267 / 15	ליליין אפרים משה & ליליין אוטו		שונות				מקור ,העתק ,הדפסה	Original, Copy, Printing				No Image	"-אוסף קטעים באנגלית מתוך הספר ""מכתבים מחיים"						כרטיס 15 מתוך 25	נילי דוידסון		2005.343 נחתם הסכם תרומה		ליליין-קיפניס חנה ,כפר ורדים	"החומר נמסר לארכיון כשהוא מתויק בתוך קלסרים עם מתכת ,חלקו ""מעובד""בסיכות מהדק ובניירות דבק .נעשה ככל שאפשר כדי לשמרו בצורה נאותה יותר ,לכן הועבר לתיקים עם | החזקת פלסטיק כדי לעצור את תהליך החלודה."	1823,1824
G-F-0267-16	G.F. 0267 / 16	ליליין אפרים משה & ליליין אוטו		מכתבים אל הלנה ליליין				מקור	Original	קטגוריות: | .1 התכתבות			No Image	אוסף מכתבים שכותב הבן ,אוטו ליליין ,אל אמו ,הלנה				התכתבות		כרטיס 16 מתוך 24	נילי דוידסון		2005.343 נחתם הסכם תרומה		ליליין-קיפניס חנה ,כפר ורדים		1853
G-F-0267-17	G.F. 0267 / 17	ליליין אפרים משה & ליליין אוטו		מכתבים אל הלנה ליליין				מקור	Original	מכתבים כרוכים לפי שנות ההתכתבות -ראה בנושא | מורחב. | קטגוריות: | .1 התכתבות			No Image	אוספי מכתבים ,שכותב הבן ,אוטו ליליין ,אל אמו ,הלנה				התכתבות		כרטיס 17 מתוך 25	נילי דוידסון		2005.343 נחתם הסכם תרומה		ליליין-קיפניס חנה ,כפר ורדים		1854,1855
G-F-0267-18	G.F. 0267 / 18	ליליין אפרים משה & ליליין אוטו		מכתבים אל הלנה ליליין				מקור	Original	מכתבים כרוכים לפי שנות ההתכתבות -ראה בנושא | מורחב. | קטגוריות: | .1 התכתבות			No Image	אוספי מכתבים ,שכותב הבן ,אוטו ליליין ,אל אמו ,הלנה				התכתבות		כרטיס 18 מתוך 25	נילי דוידסון		2005.343 נחתם הסכם תרומה		ליליין-קיפניס חנה ,כפר ורדים		1856,1857
G-F-0267-19	G.F. 0267 / 19	ליליין אפרים משה & ליליין אוטו		מכתבים אל הלנה ליליין				מקור	Original	מכתבים כרוכים לפי שנות ההתכתבות -ראה בנושא | מורחב. | קטגוריות: | .1 התכתבות			No Image	אוספי מכתבים ,שכותב הבן ,אוטו ליליין ,אל אמו ,הלנה				התכתבות		כרטיס 19 מתוך 25	נילי דוידסון		2005.343 נחתם הסכם תרומה		ליליין-קיפניס חנה ,כפר ורדים		1858,1859
G-F-0267-2	G.F. 0267 / 2	ליליין אפרים משה & ליליין אוטו		אלבום + IIIאלבום IV				מקור ,העתק	Original, Copy	אלבום מסIII . | אלבום מסIV . | הדפים ממוספרים.			No Image	אלבום IIIמתעד את יצירת האמן בעשורים ה 2-וה 3-				אמנות		כרטיס 2 מתוך 25	נילי דוידסון		2005.343 נחתם הסכם תרומה		ליליין-קיפניס חנה ,כפר ורדים	את האוסף וההערות הכין א.מ .ליליין ,הבן אוטו הוסיף.	1326,1327,1328
G-F-0267-20	G.F. 0267 / 20	ליליין אפרים משה & ליליין אוטו		מכתבים ,מסמכים אותיותA-J :				מקור ,העתק	Original, Copy	אוסף מכתבים ומסמכים מתויקים לפי האלף / בית הלועזי - | הרב התכתבות של אוטו ליליין בנושא אביו ויצירתו.			No Image	בתוך התיק ישנה חלוקה משנית ממספר 1 עד מספר 37						כרטיס 20 מתוך 25	נילי דוידסון		2005.343 נחתם הסכם תרומה		ליליין-קיפניס חנה ,כפר ורדים		1775,1776,1777,1778,1779
G-F-0267-21	G.F. 0267 / 21	ליליין אפרים משה & ליליין אוטו		מכתבים ,מסמכים אותיותK-Z :						אוסף מכתבים ומסמכים מתויקים לפי האלף / בית הלועזי . | הרוב התכתבות של אוטו ליליין בנושא אביו ויצירתו.		ספרון של א.מ .ליליין בנושא איורים בספרים	No Image	בתוך התיק ישנה חלוקה משנית ממספר 1 עד מספר 25					נרשם דצמבר / ינואר 2005 / 2006	21 מתוך 25	נילי דוידסון		2005.343 נחתם הסכם תרומה		ליליין-קיפניס חנה ,כפר ורדים		1860,1861,1862,1863,1864,1865,1866,1867,1868
G-F-0267-22	G.F. 0267 / 22	ליליין אפרים משה & ליליין אוטו		"מסמכים ,התכתבויות לנושא "" :ספרי התנ""ך"""				מקור ,העתק	Original, Copy	"אוטו ליליין אסף את כל הפרסומים ,המסמכים | וההתכתבויות סביב נושא ספרי התנ""ך בהם מופיעות | יצירות ואייורי אביו ,א.מ .ליליין . | קטגוריות: | .1 אמנות | .2 פרסומים"			No Image	בין היתר:						כרטיס 22 מתוך 25	נילי דוידסון		2005.343 נחתם הסכם תרומה		ליליין-קיפניס חנה ,כפר ורדים	"החומר נמסר לארכיון כשהוא מתויק בתוך קלסרים עם מתכת ,חלקו ""מעובד""בסיכות מהדק ובניירות דבק .נעשה ככל שאפשר כדי לשמרו בצורה נאותה יותר ,לכן הועבר לתיקים עם | החזקת פלסטיק כדי לעצור את תהליך החלודה."	1869,1870
G-F-0267-23	G.F. 0267 / 23	ליליין אפרים משה & ליליין אוטו		מסמכים על האמן א.מ .ליליין ויצירתו				מקור ,העתק	Original, Copy	החומר מחולק בתיק במספרים מ 1-עד 4 | קטגוריות: | .1 אמנות | .2 פרסומים | .3 פרוזה			No Image	1				אמנות	נרשם ב 25.06.2006-	כרטיס 23 מתוך 25	נילי דוידסון		2005.343 נחתם הסכם תרומה		ליליין-קיפניס חנה ,כפר ורדים	"החומר נמסר לארכיון כשהוא מתויק בתוך קלסרים עם מתכת ,חלקו ""מעובד""בסיכות מהדק ובניירות דבק .נעשה ככל שאפשר כדי לשמרו בצורה נאותה יותר ,לכן הועבר לתיקים עם | החזקת פלסטיק כדי לעצור את תהליך החלודה."	3064,3065,3066,3067
G-F-0267-24	G.F. 0267 / 24	ליליין אפרים משה & ליליין אוטו		מסמכים על האמן א.מ .ליליין ויצירתו				מקור ,העתק	Original, Copy	החומר מחולק בתיק במספרים מ 1-עד 34 | התכנים מתוך העיתון  Ost und Westמלווים ביצירותיו של | א.מ .ליליין. | קטגוריות: | .1 פרסומים | .2 התכתבות | .3 אמנות  /ציור | .4 חינוך | .5 ציונות | .6 הסטוריה יהודית | .7 הנצחה | .8 תולדות משפחה | .9 ביוגרפיה			No Image	.1 צילום של העיתון West und Ostעם מאמר ,1901 ,של					סיום רישום ב 13.07.2006-	כרטיס 24 מתוך 25	נילי דוידסון		2005.343 נחתם הסכם תרומה		ליליין-קיפניס חנה ,כפר ורדים	"בסוף התיק שמורות הטיוטות הממוספרות | מ 1-עד  34 של מיון החומר שנעשה ונכתב ע""י תמר זגר. | החומר נמסר לארכיון כשהוא מתויק בתוך קלסרים עם מתכת ,חלקו ""מעובד""בסיכות מהדק ובניירות דבק .נעשה ככל שאפשר כדי לשמרו בצורה נאותה יותר ,לכן הועבר לתיקים עם | החזקת פלסטיק כדי לעצור את תהליך החלודה."	3169,3170,3171,3172,3173
G-F-0267-25	G.F. 0267 / 25	ליליין אפרים משה & ליליין אוטו		מסמכים על האמן א.מ .ליליין ויצירתו				מקור ,העתק	Original, Copy	החומר מחולק בתיק במספרים מ 1-עד 7 | קטגוריות: | .1 פרסומים | .2 התכתבות | .3 אמנות  /ציור | .4 ציונות | .5 הסטוריה יהודית | .6 הנצחה | .7 תולדות משפחה | .8 ביוגרפיה			No Image	- .1 צילום מאמר באנגלית מאת Donald La Badieעם					נרשם ב 05 / 06.09.2006 -	כרטיס 25 מתוך 25	נילי דוידסון		2005.343 נחתם הסכם תרומה		ליליין-קיפניס חנה ,כפר ורדים	"בסוף התיק שמורות הטיוטות הממוספרות | מ 1-עד  7 של מיון החומר שנעשה ונכתב ע""י תמר זגר. | החומר נמסר לארכיון כשהוא מתויק בתוך קלסרים עם מתכת ,חלקו ""מעובד""בסיכות מהדק ובניירות דבק .נעשה ככל שאפשר כדי לשמרו בצורה נאותה יותר ,לכן הועבר לתיקים עם | החזקת פלסטיק כדי לעצור את תהליך החלודה."	3303,3304,3305
G-F-0267-3	G.F. 0267 / 3	ליליין אפרים משה & ליליין אוטו		ספרים				מקור ,העתק	Original, Copy	"ספרים בגרמנית ואנגלית מרביתם חוברו ע""י אוטו ליליין | ומתייחסים לתעשיית הדפוס בה התמחה ועבד. | קטגוריות: | -ספרים | -אמנות | -ציונות"			No Image	ספרים בגרמנית:						כרטיס 3 מתוך 25	נילי דוידסון		2005.343 נחתם הסכם תרומה		ליליין-קיפניס חנה ,כפר ורדים		1364,1365
G-F-0267-4	G.F. 0267 / 4	ליליין אפרים משה & ליליין אוטו		יטה & ישראל איזלר,אמה & מאייר איזלר ,סופי & אוטו				מקור	Original	5 מחברות מפוארות שמתעדות אירועים משפחתיים | וזיכרונות | קטגוריות: | -מנהגים | -משפחה | -כתיבה אישית משפחתית | -המאה ה 19-			No Image	-מחברת / ספרון מ ,1805 -שכתב והוציא לאור זיגמונד						כרטיס 4 מתוך 25	נילי דוידסון		2005.343 נחתם הסכם תרומה		ליליין-קיפניס חנה ,כפר ורדים	ספר הזיכרונות המקורי של סבתא ,אמה איזלר ,נמצא יחד עם חומרים נוספים בארכיון המרכזי של העם היהודי בירושלים	1429,1430
G-F-0267-5	G.F. 0267 / 5	ליליין אפרים משה & ליליין אוטו		"ד""ר מאייר איזלר & זיגמונד מאייר / אמה איזלר"				מקור ,הדפסה	Original, Printing	קטגוריות: | -התכתבות | -אמנות  /חריטה | -פרסומים | -המאה ה 19- | -חינוך | -מנהגים			No Image	-פלטת נחושת עליה חרוט דיוקנו של זיגמונד מאייר נעשה						כרטיס 5 מתוך 25	נילי דוידסון		2005.343 נחתם הסכם תרומה		ליליין-קיפניס חנה ,כפר ורדים		1463,1464
G-F-0267-6	G.F. 0267 / 6	ליליין אפרים משה & ליליין אוטו		מכתבים				מקור	Original	התכתבות בגרמנית מהשליש הראשון של המאה ה 19- | עד תחילת המאה ה 20- | קטגוריות: | -מכתבים			No Image	-המבורג 1830 ישראל ויטה איזלר כותבים לבנם מאייר						כרטיס 6 מתוך 25	נילי דוידסון		2005.343 נחתם הסכם תרומה		ליליין-קיפניס חנה ,כפר ורדים		1465,1466
G-F-0267-7	G.F. 0267 / 7	ליליין אפרים משה & ליליין אוטו		מסמכים שונים ותמונות				מקור ,הדפסה	Original, Printing	"קטגוריות: | -תמונות | -תעודות אישיות | -שירה | -כתיבה אישית | -מלח""ע I | -ספורט | -מנהגים | -קהילה"			No Image	-כתיבה אישית ושירה נכתב בסוף המאה ה ,19-לא ידוע						כרטיס 7 מתוך 25	נילי דוידסון		2005.343 נחתם הסכם תרומה		ליליין-קיפניס חנה ,כפר ורדים		1467,1468,1469,1470
G-F-0267-8	G.F. 0267 / 8	ליליין אפרים משה & ליליין אוטו		תערוכות				מקור ,העתק	Original, Copy	קטגוריות: | .1 אמנות | .2 פרסומים			No Image	-קטלוגים מתערוכותיו של א .מ .ליליין :וינה ,1909 רומא						כרטיס 8 מתוך 25	נילי דוידסון		2005.343 נחתם הסכם תרומה		ליליין-קיפניס חנה ,כפר ורדים		1693,1694
G-F-0267-9	G.F. 0267 / 9	ליליין אפרים משה & ליליין אוטו		"שרותו הצבאי של ליליין במלח""ע 1"				מקור ,העתק ,הדפסה	Original, Copy, Printing	"א.מ .ליליין שרת בצבא האוסטרו-הונגרי במלח""ע ,1 היה | מוצב בעיקר בתורכיה וסוריה. | קטגוריות: | .1 מלח""ע 1 | .2 כתיבה אישית"			No Image	-אסופה )ככל הנראה אוטו ליליין הדפיס את דוח אביו -						כרטיס 9 מתוך 25	נילי דוידסון		2005.343 נחתם הסכם תרומה		ליליין-קיפניס חנה ,כפר ורדים		1695,1696
G-F-0268	G.F.0268	גרוס ולטר	Gross Walter					מקור ,העתק ,הדפסה	Original, Copy, Printing	"ד""ר ולטר גרוס היה חבר הנהלת המערכת של עיתון הארץ | במשך  46 שנים .יליד 1911 בשטטין ,נפטר ב 1995-בעת | ביקור בעיר הולדתו שטטין. | קטגוריות: | .1 פרסומים | .2 ציונות"			No Image	-חוברת עם מאמר באנגליתJewish Youth in Transition :					ספטמבר & אוקטובר 2005	כרטיס 1 מתוך 1	נילי דוידסון		2005.352 + 2005.345		רביד נורית ,חיפה +פרופ' דן יעקובסון ,הרצליה	הסכם תרומה נחתם ב 7.3.2013-	1472,1473
G-F-0269	G.F.0269	יפתח-אל אסתר	Iphtach-El Esther	קטלוג				העתק ,הדפסה	Copy, Printing	גב' אסתר יפתח אל אספה חומר על יקים ותרומתם | בישראל .ערכה רשימה שמית ,מא' עד ת' ,של יקים בארץ | ישראל אשר נשאו את תרומתם לחברה ולמדינה ,תוך ציון | מקצועם ,מישור עשייתם ,ארץ/עיר הולדתם ברשימתה היא | ציינה גם את כל אלה שקבלו את פרס ישראל.			No Image						נרשם ב 10.04.2013-		נילי דוידסון		2005.346		אסתר יפתח-אל ,מצובה	הסכם תרומה נחתם ב 8.3.2013- | מסמכים מעיזבון משפחתה  -ראה תיק G.F.0236	1474
G-F-0270	G.F.0270	צידובר קורט	Zydower Kurt										No Image										2005.347		פרנצי צידובר ,חיפה )האלמנה(		1475
G-F-0271	G.F.0271	הדס מיכאל	Hadass Michael										No Image										2005.341		מיכאל הדס	הסכם תרומה נחתם ב 17.03.2013-	1703
G-F-0272	G.F.0272	כץ שמואל	Katz Samuel	מקור ,העתק						שמוליק כץ קריקטוריסט -צייר את הציורים המלווים את | הבדיחות על היקים בתצוגת המוזיאון. | קטגוריות: | .1 אמנות | .2 תולדות משפחה | .3 הנצחה			No Image	"-קריקטורה אורגינלית ""מוכר הנקניות"" ""Wiener Würst'l"					נרשם ב -אוקטובר & 2005 מרץ 2006	כרטיס 1 מתוך 1	נילי דוידסון		2006.379 & 2005.353		שמואל כץ ,קיבוץ געתון		1704,1705
G-F-0273	G.F.0273	בר & קרא-עוז		הגדה לפסח				מקור	Original	קטגוריות: | .1 מנהגים | .2 חגים			No Image	ספר הגדה לפסח מ 1914-שהיה שייך ליוסף בר ,החייל					נרשם בנובמבר 2005	כרטיס 1 מתוך 1	נילי דוידסון		2005.356		רות קרא-עוז ,חיפה	יוסף בר היה אחיו של לודויג בר אביה של גב' רות קרא-עוז. | הסכם תרומה נחתם ב 30.03.2013-	1780
G-F-0274	G.F.0274	לבנשטיין אמיל						מקור ,העתק ,הדפסה	Original, Copy, Printing	"עו""ד ראובן אבנארי 1910-2003 רעיתו מרים לבית | אפנשטיין 1914-2006 | קטגוריות: | -אירגונים | -ספורט | -תעודות אישיות | -פעילות תרבותית | -פלשתינה"			No Image	-דרכון גרמני של Käthe Sara Loewensteinעליו התוספה					נרשם ב 03.09.2006-	כרטיס 1 מתוך 1	נילי דוידסון		2006.383		הבת והנכדים ,משפחת טויסטר ,חיפה	השם לבנשטיין בעברית ובלועזית מצוי בעיזבון בצורות שונות אבל הכוונה היא תמיד לאותו שם משפחה.	2580,2581,2582
G-F-0275	G.F.0275	טאו פריץ & מקס											No Image										2005.359		שלומית מילר ,פרדס חנה		1820
G-F-0276-1	G.F. 0276 / 1	שופלר היינריך צבי & שרה						מקור	Original	התכתבות של משפחת שופלר 1937-1984 | קטגוריות: | .1 התכתבות			No Image	בין היתר עם:				התכתבות	15.01.2006	כרטיס 1 מתוך 23	נילי דוידסון		2005.363		רבקה ארזי-שופלר ,חיפה		2030,2031
G-F-0276-10	G.F. 0276 / 10	שופלר היינריך צבי & שרה		"פעילות תרבותית ""ארגון יוצאי קלן וריינלנד"""				מקור ,העתק	Original, Copy	חוזרים של ארגון יוצאי קלן וריינלנד ,חיפה ,שנשלחו | לחברי הארגון .החוזרים מהשנים 1969-2001 :			No Image	בחוזרים יש מידע על הפעילות התרבותית-חברתית של				פעילות תרבותית	נרשם ב 24.01.2006-	כרטיס 10 מתוך 23	נילי דוידסון		2005.363		רבקה ארזי-שופלר ,חיפה		2046,2047
G-F-0276-11	G.F. 0276 / 11	שופלר היינריך צבי & שרה		התכתבות עם ארגון עולי )יוצאי( מרכז אירופה				מקור ,העתק	Original, Copy	קטגוריות: | .1 ארגונים | .2 פעילות תרבותית | .3 קהילה			No Image	-התכתבות היינריך שופלר עם מאיישי תפקידים בארגון				ראה בתיאור האוסף	נרשם ב 24.01.2006-	כרטיס 11 מתוך 23	נילי דוידסון		2005.363		רבקה ארזי-שופלר ,חיפה		2048,2049
G-F-0276-12	G.F. 0276 / 12	שופלר היינריך צבי & שרה		עיתונים				מקור	Original	דפים וקטעים מתוך עיתונות בשפה הגרמנית מהשנים | 1970-2001			No Image					פרסומים	נרשם ב 24.01.2006-	כרטיס 12 מתוך 23	נילי דוידסון		2005.363		רבקה ארזי-שופלר ,חיפה		2050
G-F-0276-13	G.F. 0276 / 13	שופלר היינריך צבי & שרה		פעילות ארגונית-חברתית-תרבותית עם אירגונים				מקור ,העתק	Original, Copy	במסגרת הפעילות החברתית-תרבותית של שופלר הוא | מקבל חומרים על פעילויות של שגרירות אוסטריה בארץ | ואירגונים אוסטרים אשר יוזמים ומקיימים קשרים חברתיים- | תרבותיים עם יהודים יוצאי אוסטריה. | קטגוריות: | .1 פעילות תרבותית | .2 אירגונים | .3 הרייר השלישי )מבצע רדטצקי(			No Image	1994-1999 -התכתבות עם ראש עיריית דיסלדורף ועם				ראה בתיאור האוסף	נרשם ב 05.02.2006-	כרטיס 13 מתוך 23	נילי דוידסון		2005.363		רבקה ארזי-שופלר ,חיפה		2055,2056
G-F-0276-14	G.F. 0276 / 14	שופלר היינריך צבי & שרה						מקור ,העתק	Original, Copy	קטגוריות : | .1 ביוגרפיה | .2 התכתבות | .3 נוער )עבודה סוצילית והדרכת נוער בגרמניה(			No Image	-קורות חיים של היינריך שופלר כפי שכתב עבור חברת				התכתבות	נרשם ב 05.02.2006-	כרטיס 14 מתוך 23	נילי דוידסון		2005.363		רבקה ארזי-שופלר ,חיפה		2057,2058
G-F-0276-15	G.F. 0276 / 15	שופלר היינריך צבי & שרה		פעילות ארגונית-חברתית-תרבותית						קטגוריות: | .1 פעילות תרבותית			No Image	1993-1997 -התכתבות עם הכנסיה הלותרנית בירושלים -				התכתבות	נרשם ב 08.03.2006-	כרטיס 15 מתוך 23	נילי דוידסון		2005.363		רבקה ארזי-שופלר ,חיפה		2298,2299
G-F-0276-16	G.F. 0276 / 16	שופלר היינריך צבי & שרה		"לנושא"" :עמק השלום"" & פעילות ארגונית-חברתית-"				מקור ,העתק	Original, Copy	"""עמק השלום"" חווה שהקים בשנות ה 60-התיאולוג הגרמני | פרוטסטנטי הרמן בצנר | . Prof.Hermann Beznerמאוחר יותר הצטרפו אליו יוסף | שמידט  ,Josef Elishaיליד צ'כיה ,ואמו. | החווה נמצאת בין המושב יוקנעם וקיבוץ הזורע. | קטגוריות: | .1 התכתבות | .2 פרסומים | .3 ציונות | .4 מסורת | .5 פעילות תרבותית"			No Image	"-תכתבות משנות ה 90-בין שופלר לבין מייסדי ""עמק"					נרשם ב 08.03.2006-	כרטיס 16 מתוך 23	נילי דוידסון		2005.363		רבקה ארזי-שופלר ,חיפה		2300,2301
G-F-0276-17	G.F. 0276 / 17	שופלר היינריך צבי & שרה		פעילות ארגונית-חברתית-תרבותית				מקור ,העתק	Original, Copy	קטגוריות: | .1 ארגונים | .2 פעילות תרבותית			No Image	1990-2000 -התכתבות עם ראש העיר קלן ובעלי					נרשם ב 08.03.2006-	כרטיס 17 מתוך 23	נילי דוידסון		2005.363		רבקה ארזי-שופלר ,חיפה		2302,2303
G-F-0276-18	G.F. 0276 / 18	שופלר היינריך צבי & שרה		התכתבות עם אישים בארץ ובגרמניה				מקור ,העתק	Original, Copy	קטגוריות: | .1 התכתבות | .2 פעילות תרבותית			No Image	-התכתבות של צבי היינריך שופלר 1993-2001 עם:					נרשם ב 08.03.2006-	כרטיס 18 מתוך 23	נילי דוידסון		2005.363		רבקה ארזי-שופלר ,חיפה		2304,2305
G-F-0276-19	G.F. 0276 / 19	שופלר היינריך צבי & שרה		התכתבות עם אישים ואירגונים בארץ				מקור ,העתק	Original, Copy	קטגוריות: | .1 התכתבות | .2 פעילות תרבותית | .3 אירגונים			No Image	-התכבות עם אישים בירושלים -רשימה מצורפת בתיק					נרשם ב 27.03.2006-	כרטיס 19 מתוך 23	נילי דוידסון		2005.363		רבקה ארזי-שופלר ,חיפה		2527,2528
G-F-0276-2	G.F. 0276 / 2	שופלר היינריך צבי & שרה						מקור	Original	קטגוריות: | .1 ארגונים | .2 מנהגים | .3 התכתבות			No Image	-התכתבות בין היינריך שופלר לבעלי תפקידים בשגרירות				ראה בתיאור האוסף	נרשם ב 16.01.2006-	כרטיס 2 מתוך 23	נילי דוידסון		2005.363		רבקה ארזי-שופלר ,חיפה		2032,2033
G-F-0276-20	G.F. 0276 / 20	שופלר היינריך צבי & שרה		תרבותית-חברתית-פעילות אירגונית						:קטגוריות | התכתבות.1 | פעילות תרבותית.2 | אירגונים.3 | ( הנצחה )לציון ליל הבדולח.4			No Image	: התכתבות עם-					נרשם ב 27.03.2006-	כרטיס 20 מתוך 23	נילי דוידסון		2005.363		רבקה ארזי-שופלר ,חיפה		2529,2530,2531
G-F-0276-21	G.F. 0276 / 21	שופלר היינריך צבי & שרה		הודעות לעיתונות של שגרירות גרמניה				מקור	Original	היינריך צבי שופלר קיבל בדואר את ההודעות לעיתונות | של שגרירות גרמניה בישראל )ראה לוגו( בשנים -1970 | 1984 | קטגוריות: | .1 הנצחה | .2 פוליטיקה | .3 פעילות תרבותית			No Image	ההודעות מודפסות בגרמנית לעיתים בעברית ובאנגלית.					נרשם ב 29.03.2006-	כרטיס 21 מתוך 23	נילי דוידסון		2005.363		רבקה ארזי-שופלר ,חיפה		2578,2579
G-F-0276-22	G.F. 0276 / 22	שופלר היינריך צבי & שרה		פעילות אירגונית-חברתית-תרבותית				מקור ,העתק	Original, Copy	קטגוריות: | .1 התכתבות | .2 פעילות תרבותית | .3 אירגונים | .4 עלית נוער )ראה סעיף ( III			No Image	החומר בתיק מחולק ל 3-לחלקים ניתנו מספרים, I ,II :					נרשם ב 16.04.2006-	כרטיס 22 מתוך 23	נילי דוידסון		2005.363		רבקה ארזי-שופלר ,חיפה		2790,2791
G-F-0276-23	G.F. 0276 / 23	שופלר היינריך צבי & שרה		פעילות אירגונית-חברתית-תרבותית				מקור ,העתק	Original, Copy	קטגוריות: | .1 פרסומים | .2 אירגונים			No Image	* ככל הנראה הרצאה או מאמר בגרמנית של אירגון יוצאי					נרשם ב 16.04.2006-	כרטיס 23 מתוך 23	נילי דוידסון		2005.363		רבקה ארזי-שופלר ,חיפה		2792,2793,2794
G-F-0276-3	G.F. 0276 / 3	שופלר היינריך צבי & שרה						מקור ,העתק	Original, Copy	"תקצירי הרצאות בגרמנית כפי שפורסמו בעיתון | ""חדשות ישראל"". | קטגוריות: | .1 מדעים | .2 מוזיקה | .3 רפואה | .4 אדריכלות | .5 ספרות | .6 פוליטיקה | .7 אמנות | .8 היסטוריה"			No Image	תקצירי ההרצאות ,שניתנו לחברים באירגון יוצאי קלן				ראה בתיאור האוסף	16.01.2006-נרשם ב	23 מתוך 3 כרטיס	נילי דוידסון		2005.363		חיפה,שופלר-רבקה ארזי	7473  מתוך 2035 עמוד	2034,2035
G-F-0276-4	G.F. 0276 / 4	שופלר היינריך צבי & שרה								התכתבות עם אירגונים ומוסדות בשנים 1968-1985 | קטגוריות: | .1 אירגונים | .2 מנהגים | .3 חגים | .4 חינוך | .5 נוער			No Image	התכתבות בין היתר עם האירגונים:					נרשם ב 18.01.2006-	כרטיס 4 מתוך 23	נילי דוידסון		2005.363		רבקה ארזי-שופלר ,חיפה		2040,2041,2042,2043
G-F-0276-5	G.F. 0276 / 5	שופלר היינריך צבי & שרה		,Monumenta Judaicaקלן 1963				מקור ,העתק	Original, Copy	"1963 נערכת תערוכה בנושא "" 2000 שנים להיסטוריה | ולתרבות של היהודים באיזור הריין. | קטגוריות: | .1 פירסומים | .2 הנצחה | Monumenta Judaica, 2000 Jahre Geschichte und Kultur | der Juden am Rhein."			No Image	"עו""ד היינריך צבי שופלר ורעיתו השאילו לתערוכה הזאת"				ראה בתיאור האוסף	נרשם ב 18.01.2006-	כרטיס 5 מתוך 23	נילי דוידסון		2005.363		רבקה ארזי-שופלר ,חיפה		2038,2039
G-F-0276-6	G.F. 0276 / 6	שופלר היינריך צבי & שרה		ביקור בקלן				מקור ,העתק	Original, Copy	הכנות לביקור מאורגן בקלן של קבוצת ישראלים שמקורם | בעיר זאת.הביקור ב 1987- | קטגוריות: | .1 רפואה | .2 הנצחה | .3 פירסומים			No Image	-רשימת הרופאים היהודים בקלן בשנים 1918-1945				ראה בתיאור האוסף	נרשם ב 18.01.2006-	כרטיס 6 מתוך 23	נילי דוידסון		2005.363		רבקה ארזי-שופלר ,חיפה		2036,2037
G-F-0276-7	G.F.0276 / 7 | G.F. 0276 / 7	שופלר היינריך צבי & שרה		פעילות חברתית				מקור ,העתק	Original, Copy	"בתיקים / 8 + / 7 + / 3 :שמור חומר שקשור עם הפעילות | החברתית של היינריך צבי שופלר במסגרת המנדט שלו | כיו""ר ארגון יוצאי קלן .Köln | בתיקים / 8 + / 7 + / 3 :שמור חומר שקשור עם הפעילות | החברתית של עו""ד שופלר במסגרת המנדט שלו כיו""ר | ארגון יוצאי קלן .Köln"		התרבותית של הארגון בחיפה 2-3 פעמים בחודש	No Image	המודעות בגרמנית )והטיוטות למודעות( שפרסמו את | המודעות והטיוטות להן ,אותן פירסם ארגון יוצאי קלן				פירסומים	נרשם ב 15.01.2006- | נרשם ב 16.01.2006 -	7 מתוך | כרטיס 7 מתוך 23	נילי דוידסון		2005.363		רבקה ארזי-שופלר ,חיפה	"תקצירים של ההרצאות נמצאים בתיק / 3 | 1962 התמנה היינריך צבי שופלר לוי""ר אירגון יוצאי קלן וריינלנד | 1983 קיבל עבור פעילותו זאת אות כבוד בגרמניה Bundesverdinstkreuz"	1942,2028,2029
G-F-0276-8	G.F. 0276 / 8	שופלר היינריך צבי & שרה		אירגונים ופעילות חברתית				מקור ,העתק	Original, Copy	"בתיקים / 8 + / 7 + / 3 :שמור חומר שקשור עם הפעילות | החברתית של עו""ד שופלר במסגרת המנדט שלו כיו""ר | ארגון יוצאי קלן .Köln"			No Image	"התכתבות בגרמנית בין היינריך צבי שופלר יו""ר ארגון"				התכתבות	נרשם ב 15.01.2006-	כרטיס 8 מתוך 23	נילי דוידסון		2005.363		רבקה ארזי-שופלר ,חיפה	תקצירים של ההרצאות נמצאים בתיק / 3	2024,2025
G-F-0276-9	G.F. 0276 / 9	שופלר היינריך צבי & שרה		פעילות מעבר לגבולות ישראל				מקור ,העתק	Original, Copy	"במסגרת הפעילות החברתית בארץ ושמירה וטיפוח | הקשרים לעיר הולדתו קלן מנהל עו""ד שופלר התכתבות | עניפה עם ראש לשעבר )בשנים  (1979-1984 של העיר | קלן .ההתכתבות בשנים  1993-2000 כמו כן התכתבות עם | אישים ומוסדות נוספים  -ראה הנושא מורחב. | קטגוריות: | .1 ישראל | .2 היסטוריה | .3 הרייך השלישי | .4 שואה | .5 פעילות פוליטית"			No Image	-התכתבות ענפה בנושאי אקטואליה ואינטלקטואליה בין				ראה בתיאור האוסף	נרשם ב 22.01.2006-	כרטיס 9 מתוך 23	נילי דוידסון		2005.363		רבקה ארזי-שופלר ,חיפה		2044,2045
G-F-0277	G.F.0277	בנציאן & קופל						מקור ,העתק ,הדפסה	Original, Copy, Printing	"התורמת ,אילזה גנץ-קופל ,הביאה את המסמכים | והפריטים מבית הוריה ,ז""ל ,שנמצא בשטוקהולם. | הורי אביה לואיס וחולדה בנציאן | Louis &Hulda Benzian | קטגוריות: | .1 ספרים | .2 פריטים )יודאיקה מכסף( | .3 מנהגים | .4 קורות משפחה | .5 תמונות | .6 שואה | .7 סיעוד | .8 ציור"			No Image	-ספר בעברית וגרמנית עם ביוגרפיות / מונוגרפיות שנכתבו				ראה בתיאור האוסף	נרשם ב 05.02.2006-	כרטיס 1 מתוך 1	נילי דוידסון		2006.366		אילזה גנץ-קופל ,ירושלים	הסכם תרומה חתום 2006 , | שלשת פריטי היודאיקה מוצגים בתצוגת המוזיאון )בויטרינה(  -התורמת מבקשת להציג באילום שם. | -הסכם תרומה נחתם 10.1.06	1976,1977,1978
G-F-0278	G.F.0278	ארנון שולמית	Arnon Shulamit										No Image										2006.368		שולמית ארנון ,בית שמש	החומר הועבר מלשכת סטף ורטהיימר	1979
G-F-0279	G.F.0279	תלהיימר איגנץ	Thalheimer Ignatz					מקור	Original	"מסמכים ,חלקם במצב גרוע ,שמתעדים פעילות פיננסית | באמצעות חברת ""העברה"" ,בנקים בגרמניה ובארץ ,הבאת | רכוש באמצעות חברת ספנות ,פעילות של חברת ""נהריה | משקים זעירים בע""מ"". | קטגוריות: | .1 הגירה | .2 נהריה | .3 התיישבות"			No Image	-שני מסמכים 1935 & 1934 מרשויות גרמניות בנושא:					נרשם ב 05.03.2006-	כרטיס 1 מתוך 1	נילי דוידסון		2006.369		רות ארנון ,רמת גן	הסכם תרומה נחתבם ב 12.3.2013-	1980,1981
G-F-0280-1	G.F. 0280 / 1	פרנק אמיל	Frank Emil	"מחנות מעצר באוסטרליה ,מלח""ע II"						"אמיל פרנק 1902-2001 היה בין האזרחים הגרמנים שחיו | באנגליה ועם פרוץ מלח""ע  IIנעצר ונשלח על סיפון | ה""דוניירה"" למחנות לאזרחים עוינים באוסטרליה שם עשה | את ההיכרות עם ישראל שילוני .אמיל פרנק היה מורה | במקצועו ונגר כהובי .במחנות היה החזן ומארגן הטקסים | הדתיים/מסורתיים כמו עונג שבת והתפילות .זכה להרבה | אהדה והערכה מחבריו והיה מנהיג לעצירים  -כפי | שלמדים מהמכתבים אליו. | קטגורית: | .1 תולדות משפחה | .2 ביוגרפיה | .3 מחנות מעצר *אנגליה ,אוסטרליה | .4 מסורת | .5 ציונות | .6 מנהגים | .7 מלח""ע II | .8 שירה | .9 כתיבה אישית | .10 ציור"			No Image	-תמונת דיוקן משנת 1962				ראה בתיאור האוסף	נרשם ב 31.01.2006 -	כרטיס 1 מתוך 2	נילי דוידסון		2006.370		יוחנן פרנק )הבן( ,כפר הנשיא	הסכם תרומה נחתם ב 10.3.2013- | א .פביאן מעצירי מחנה טטורה באוסטרליה צייר  2 ציורים של בית הכנסת  -ציור אחד נתן לאמיל פרנק ואת הציור השני נתן להיינץ יעקב בוק אשר גם הוא יהודי דתי שהיה עצור בטטורה. | הציור שניתן להיינץ בוק נמסר יחד עם חומרים נוספים למוזיאון  -הוא תלוי ומוצג במוזיאון. | sjfrank@kfar-hanassi.org.il	2021,2022,2023
G-F-0280-2	G.F. 0280 / 2	פרנק אמיל	Frank Emil					מקור	Original	שלושה עבודות יד ,יפהפיות ,מעץ מעובד עם לקה )(polish			No Image	"יוחנן פרנק ,הבן של אמיל פרנק ,סיפר שע""י המחנה"				אמנות / עץ	נרשם ב 01.02.2006-	כרטיס 2 מתוך 2	נילי דוידסון		2006.370		יוחנן פרנק )הבן( ,כפר הנשיא		2053,2054
G-F-0281	G.F.0281	אדלר פרידל	Adler Friedl	טכסטיל רקום				מקור	Original	שני פריטים מטכסטיל עם רקמה )צלבים( בחוט רקמה | אדום.			No Image	""" .1 כפפה"" לאחיזה בכלים חמים במטבח ,עליה רקום"					נרשם ב 29.01.2006-	כרטיס 1 מתוך 1	נילי דוידסון		2006.372		רות יעקבי ,הבת ,זכרון יעקב	"08.05.2011 | מהיום שני פריטי הטקסטיל מוצגים דרך קבע ב""צריף""."	2051,2052
G-F-0282	G.F.0282	אשנהיימר & נחמן		עבודת שרשים באנגלית				הדפסת מקור	Printing of Original	עבודת שורשים באנגלית עם אילנות יוחסין מודפסת | ומכורכת | The Eschenheimer and Nachmann Families - Biographies | and Genealogical Charts | by Abraham Frank and Gerhard Buck			No Image					ביוגרפיות / היסטוריה יהודית	נרשם ב 06.03.2006-	כרטיס 1 מתוך 1	נילי דוידסון		2006.377		אברהם פרנק ,ירושלים	G.F. 0322 +G.F. 0285 +G.F.0286 מר אברהם פרנק חקר וכתב את שורשי משפחתו המורחבת .חומר נוסף בתיקים:	2295
G-F-0283	G.F.0283	ורשאואר	Warschauer							"הרב ד""ר ורשאואר )ברלין( | קטגוריות: | .1 מסורת | .2 ציונות"			No Image	14 עמודים עם דרשה בגרמנית בהדפסה שישלוני כתב					נרשם ב 02.03.2006-	כרטיס 1 מתוך 1	נילי דוידסון				אוסף שילוני		2256
G-F-0284	G.F.0284	מאיר ניצה & אלברט		ספר בעברית				מקור	Original	"קטגוריות: | .1 תולדות משפחה | .2 המאה ה 18- | .3 המאה ה 19- | .4 הרייך השלישי | .5 מלח""ע II | .6 שואה | .7 מחנות מעצר | .8 עלייה | .9 התישבות"	382	2001	No Image	הספר מתחיל עם אבות המשפחה (?)1750 ומסתיים בארץ				ראה בתיאור היצירה	נרשם ב 05.03.2006-	כרטיס 1 מתוך 1	נילי דוידסון		2006.376		גיל-מאיר ורדה ,פרדס-חנה	ורדה גיל-מאיר ספרה ,שפרויקט הספר היה משותף :האם ,ניצה ,שהיא אמנית ציור ,אחותה,חנה ,שהיא צלמת והיא עצמה ,ורדה ,שערכה את הספר. | ראה הגבלות פרסום כפי שנרשם בהסכם תרומה חתום מ 23.3.2012-	2278,2279
G-F-0285	G.F.0285	שפיר	Spier	עבודת שרשים באנגלית				הדפסת מקור	Printing of Original	עבודת שורשים באנגלית עם אילנות יוחסין מודפסת | ומכורכת | )The Spier Family of Zwesten (Hesse, Germany | Biographies and Genealogical Charts | by Abraham Frank and Dr. Alfred schneider			No Image					ביוגרפיות / היסטוריה יהודית	נרשם ב 06.03.2006-	כרטיס 1 מתוך 1	נילי דוידסון		2006.377		אברהם פרנק ,ירושלים	G.F. 0322 +G.F. 0282 +G.F.0286 מר אברהם פרנק חקר וכתב את שורשי משפחתו המורחבת .חומר נוסף בתיקים:	2296
G-F-0286	G.F.0286	פרנק & ארפלד		עבודת שרשים באנגלית				הדפסת מקור	Printing of Original	עבודת שורשים באנגלית עם אילנות יוחסין מודפסת | ומכורכת | The Frank and Arfeld Families of Flacht and Niederneisen | Biographies and Genealogical Charts | by Abraham Frank and Gerhard Buck			No Image					ביוגרפיות / היסטוריה יהודית	נרשם ב 06.03.2006-	כרטיס 1 מתוך 1	נילי דוידסון		2006.377		אברהם פרנק ,ירושלים	G.F. 0322 +G.F. 0282 +G.F.0285 מר אברהם פרנק חקר וכתב את שורשי משפחתו המורחבת .חומר נוסף בתיקים:	2297
G-F-0287	G.F.0287	הרטמן & אופנהיים & מץ		מזוודת ילדה ,תמונות ,תיק מפואר בעבודת חרוזים				מקור	Original	בתוך התיק מעט הסברים על העזבון | רות מץ לבית הרטמן ,סבה מצד אמה אופנהיים | קטגוריות: | .1 פריטים | .2 תמונות | .3 תעודות אישיות | .4 נוער *ראה תמונות | .5 ספורט *ראה תמונות			No Image	-מזוודה קטנה מעור קשיח בתוכה העבירה הילדה ,רות					נרשם ב 12.03.2006-	כרטיס 1 מתוך 1	נילי דוידסון		2006.378		רות מץ ,קרית מוצקין	כל חומרי העזבון שמורים בתוך המזוודה | הסכם תרומה נחתם במרץ 2013	2306,2307
G-F-0288	G.F.0288	ברגמן ארנסט דוד	Bergmann Ernst David							פרופ' ארנסט דוד ברגמן ,1903-1975 כימאי ,ממייסדי מכון | ויצמן ומנהלו המדעי הראשון.1949 ,			No Image	"חומר סרוק שנשלח בדוא""ל:"				מדעים / כימיה	נרשם ב 14.03.2006-	כרטיס 1 מתוך 1	נילי דוידסון				"ד""ר מיכאל דרור ,הרצליה"		2337
G-F-0289	G.F.0289	וייל אליס	Weil Alice					מקור	Original	מחברת מתכונים משנת 1912 של וייל אליס | קטגוריות: | .1 משפחה | .2 מנהגים			No Image						נרשם ב 22.03.2006-	כרטיס 1 מתוך 1	נילי דוידסון		2006.380		אסתר רמון ,הבת ,ירושלים		2439
G-F-0290-1	G.F. 0290 / 1	מילר & פרוינד & פייג		מעזבון משפחות פרוינד ופייג				מקור	Original	"ההפקדה נעשתה ע""י גב' שלומית מילר לבית פרוינד, | האמא שלה נולדה למשפחת פייג  .Feigאחותה של האם | היתה נשואה לפריץ טאו  ,Tauאחיו של פריץ היה נשוי | לטובה שהיתה מזכירתו של פרידטיוף ננסן Fridtjof | Nansenהדיפלומט הנורבגי חתן פרס נובל לשלום מ- | .1922 הנ""ל הציל מהנאצים  3000 יהודים באמצעות מה | שקרוי ""פספורט ננסן"". | קטגוריות: | .1 משפחה | .2 התכתבות | .3 מנהגים | .4 תעודות אישיות"			No Image	-חוברת מודפסת בעברית עם תולדות משפחתה של					נרשם ב 16.02.2006-	כרטיס 1 מתוך 4	נילי דוידסון		2005.359		שלומית מילר ,פרדס חנה	גב' שלומית מילר הפקידה חומר שהיה במשפחתה ממשפחת טאו Tauראה תיק ארכיון .G.F.0275 | הסבא לודויג פייג )אבי אמה ,ארנה פייג ,של התורמת( התחתן בנישואין פיקטיביים עם אחות אביה של התורמת ,פאול פרוינד ,פרידה אוקו לבית פריונד .השנים לא הגיעו כפי שתכננו | לארץ ,הם ניספו בשואה .בתצוגת המוזיאון מןצג סכום מרכושה של פרידה אוקו ןחומר נוסף ראה תיק ארכיון G.F.0123	1818,1819
G-F-0290-2	G.F. 0290 / 2	מילר & פרוינד & פייג		מעזבון משפחות פרוינד ופייג				מקור	Original	"קטגוריות: | .1 מלח""ע I | .2 מסורת | .3 שואה | .4 פרסומים )ספר( | .5 מנהגים"			No Image	-גלויה אל אמיליה פרוינד Emilia Freundמהעירבויטן					נרשם ב 26.02.2006-	כרטיס 2 מתוך 4	נילי דוידסון		2005.359		שלומית מילר ,פרדס חנה		2216,2217
G-F-0290-3	G.F. 0290 / 3	מילר & פרוינד & פייג		"מעזבון משפחת מילר )לשעבר טומשבסקי ע""ש העיירה"						"בתיק צילום מכתב מאת התורמת ,שלומית מילר ,עם | הסברים על המשפחה והחומר בתיק זה: | מסמכים מעזבון עו""ד ונוטר תאודור מילר ,Theodor Müller | אביו של שלמה פריץ והחם של התורמת ורעיתו רגינה | . Regina | קטגוריות: | .1 משפט | .2 תעודות אישיות | .3 הרייך השלישי | .4 תמונות | .5 משפחה | .6 פרסומים"			\backup\Tchelet_data\Rachel\GF 0274 3 Theodor Mueller.psd.psd.jpg	-תעודות / אישורים מבילפלד Bielefeldמהשנים -1914	בילפלד		עורך דין ונוטר		נרשם ב 27.02.2006-	כרטיס 3 מתוך 4	נילי דוידסון		2006.375		שלומית מילר ,פרדס חנה	שלמה פריץ מילר ,בעלה של התורמת ,נפטר בינואר .2006	2218,2219
G-F-0290-4	G.F. 0290 / 4	מילר & פרוינד & פייג		מעיזבונו של פרידריך ,פריץ ,מילר				מקור	Original	"קטגוריות: | .1 התכתבות | .2 מלח""ע II | .3 התיישבות | .4 חקלאות | .5 הנצחה | .6 כתיבה אישית )יומן( | .7 תעודות אישיות"			No Image	-מכתבים שכותב החייל פרידריך מילר אל הוריו ,החייל					נרשם ב 23.04.2006-	כרטיס 4 מתוך 4	נילי דוידסון		2006.382		שלומית מילר ,פרדס חנה		2846,2847
G-F-0291	G.F.0291	מולר אריך	Moller Erich							תמונת דיוקן של אריך מולר			No Image					תמונות	נרשם ב 02.04.2006-		נילי דוידסון				אוסף י .שילוני		2583
G-F-0292	G.F.0292	נוימן זיגפריד	Neumann Siegfried	פרסומים						"ד""ר זיגפריד נוימן ,עו""ד ,ומשפחתו היו תושבי נהריה - | בעיזבון ד""ר פריץ וולף  G.F.0113 נמצאות מחברות עם | מחזות אותם כתב הנ""ל ,בגרמנית ,ככל הנראה מסרם | לפריץ וולף. | אינגה נוסבאום-נוימן הבת של זיגפריד נוימן שמכונה | ""סבתא"" ובתה )נכדתו של נוימן( עירית גרוס ,הביאו את | החומר בעת ביקור במוזיאון. | קטגוריות: | .1 פרסומים | .2 תולדות משפחה )גרמניה ,שנחאי ,ישראל( | .3 נהריה | .4 היסטוריה יהודית"			No Image	-ליום הולדתה ה 70-של אינגה נוסבאום-נוימן הכינה הבת					נרשם ב 19.04.2006-	כרטיס 1 מתוך 1	נילי דוידסון		2006.387		עירית גרוס ,הנכדה ,מושב מזור 73160	"בעיזבון של ד""ר פריץ וולף בתיק G.F. 0113 / 32 | נמצאים  5 מחזות וקומדיות שהנ""ל ,ד""ר זיגפריד נוימן כתב וככל הנראה העביר את החומר לד""ר פריץ וולף."	2795,2796
G-F-0293	G.F.0293	נגידי )רייכמן( עליזה	Nagidi (Reichmann) Alisa	CDעם תמונות						"גב' אסתר ליפשין )התורמת( מצאה בעיזבון הוריה אלבום | של הצלמת נגידי )רייכמן( עליזה ז""ל ,שהייתה בת בית | בבית הוריה .היא העלתה את התמונות מהאלבום על CD | קטגוריות: | .1 ארץ ישראל | .2 אמנות  /צילום"			No Image	ב CD-צילומים משנות ה 30-למאה ה 20-של חיפה ,תל-					נרשם ב 07.05.2006-	כרטיס 1 מתוך 1	נילי דוידסון		2006.388		אסתר ליפשין ,חדרה		2894
G-F-0294	G.F.0294	מר אלכסנדר & מאיירהיים		גורלו של רופא יהודי						"עמוד מודפס בעברית על גורלו של | ד""ר אלכסנדר מר | קטגוריות: | .1 רפואה | .2 ארץ ישראל | .3 תולדות משפחה | .4 קהילה | .5 ארץ ישראל | .6 הגירה"			No Image	"ד""ר אלכסנדר מר בן למשפחה יהודית מגליציה ,למד"					נרשם ב 09.05.2006-	כרטיס 1 מתוך 1	נילי דוידסון		2006.389		נעמי עוזרי	קרוב משפחה של מטה פלנטר ,ראה תיק ארכיון G.F.0196	2899,2900
G-F-0295	G.F.0295	ווג אנה	Woog Anna	ספר זיכרונות						ספר זיכרונות של הנערה אנה ווג ,ליבק ,נפטרה בישראל | ב .1940-הספר מהודר מאד ,כרוך בעור ועליו רקמה של זר | פרחים .בתוך הספר מספר ציורים יפהפיים של הכותבים. | הכתיבה בספר מתחילה ב 1884-בעיר ליבק .Lübeck | קטגוריות: | .1 מנהגים | .2 כתיבה אישית | .3 אמנות )רקמה  +ציור(			No Image	שולחת הספר ,רות יעקבי ,ספרה שדודתה )הרחוקה(,					נרשם ב 15.05.2006-	כרטיס 1 מתוך 1	נילי דוידסון		2006.390		רות יעקב )הספר שייך לדודתה( ,חיפה		2904
G-F-0296	G.F.0296	שטרוק הרמן	Struck Hermann										No Image										2006.392		מיקי ברנשטיין )בעל העיזבון( ,תל-אביב		2932
G-F-0297	G.F.0297	זידנר אריך & לילי		Die Welt עיתונים עתיקים						קטגוריות: | .1 ציונות			No Image	ארבעה הוצאות של עיתון )במצב לא טוב ( : Die Welt				פרסומים / עיתונים	נרשם ב 25.05.2006-	כרטיס 1 מתוך 1	נילי דוידסון		2006.394		"לילי זידנר -לזכר בעלה ד""ר אריך זידנר ,תל-אביב"	"החומר הובא למוזיאון ע""י יהושע שפיר פעיל ארגון יוצאי מרכז אירופה"	2945,2946
G-F-0298	G.F.0298	פייר שמואל	Feir Samuel							"קטגוריות: | .1 עליה  /האניה ""אטלנטיק""  /שהות במאוריציוס"			No Image	-מסמך / קבלה בגרמנית על סך 10 לירות אנגליות שנמסר				עליה	נרשם ב 25.05.2006-	כרטיס 1 מתוך 1	נילי דוידסון		2006.395		אריה פייר ,הבן ,גבעתיים	"החומר הובא למוזיאון ע""י יהושע שפיר פעיל ארגון יוצאי מרכז אירופה"	2947
G-F-0299	G.F.0299	מיכאליס גרטרוד טובה	Michaelis Gertrud Tova	מחברות מתכונים				מקור	Original	שתי מחברות עם מתכונים מעזבון גרטרוד / טובה מיכאליס | לבית בדט Badt1893-1963 | קטגוריות: | .1 מנהגים | .2 משפחה			No Image	משפחת גרטרוד וארתור מיכאליס עלו לארץ ב 1934-עם					נרשם ב 28.05.2006-	כרטיס 1 מתוך 1	נילי דוידסון		2006.396		אני מיכאליס ,הכלה ,חיפה	"החומר הובא למוזיאון ע""י אנדריאס מאייר"	2950,2951
G-F-0300-1	G.F. 0300 / 1	פרוידנברג גאורג גדעון	Freudenberg Georg Gideon	תעודות אישיות				מקור ,העתק ,הדפסה ,תרגום לעברית	Original, Copy, Translation to Hebrew	קטגוריות: | .1 תולדות משפחה | .2 תעודות אישיות | .3 מסחר			No Image	-עמ' מודפס בעברית עם הסברים על המשפחה -תולדות				"מלח""ע I"	נרשם ב 29.05.2006-	כרטיס 1 מתוך 5	נילי דוידסון		2006.397		יואל ונורית פרוידנברג ,הבן והנכדה ,נהלל	-הסכם תרומה נחתם ב 10.03.2013- | יואל פרוידנברג ,בנם של הדסה וגאורג/גדעון פרוידנברג ,תושב נהלל ,תרגם את כל מסמכי/מכתבי העזבון לעברית .התרגומים לעברית מצוים בתיקי הארכיון צמודים למסמכים/מכתבים | המקוריים.	2955,2956
G-F-0300-2	G.F. 0300 / 2	פרוידנברג גאורג גדעון	Freudenberg Georg Gideon	מכתבים				מקור ,העתק ,הדפסה ,תרגום לעברית	Original, Copy, Translation to Hebrew	"ה""סבתא"" מרגרטה גרינפלד כותבת מלונדון אל בתה , | הדסה וחתנה גאורג/גדעון פרוידנברג ,שנמצאים בארץ | ואל ידידים. | קטגוריות: | .1 הרייך השלישי | .2 הגירה | .3 מלח""ע II"			No Image	"בתיק ישנה תת-חלוקה של המכתבים עפ""י תקופות:"					נרשם ב 30.05.2006-	כרטיס 2 מתוך 5	נילי דוידסון		2006.397		יואל ונורית פרוידנברג ,הבן והנכדה ,נהלל	יואל פרוידנברג ,בנם של הדסה וגאורג / גדעון פרוידנברג ,תושב נהלל ,תרגם את כל מסמכי / מכתבי העזבון לעברית .התרגומים לעברית מצוים בתיקי הארכיון צמודים למסמכים / מכתבים | המקוריים.	2993,2994
G-F-0300-3	G.F. 0300 / 3	פרוידנברג גאורג גדעון	Freudenberg Georg Gideon	מכתבים Margarethe Grünfeld -				מקור ,העתק ,הדפסה ,תרגום לעברית	Original, Copy, Translation to Hebrew	"מכתבים מה""סבתא"" מרגרטה גרינפלד ,מברלין ,גרמניה | לילדיה בארץ ישראל. | קטגוריות: | .1 הרייך השלישי | .2 הגירה"			No Image	"בתיק ישנה תת-חלוקה של המכתבים עפ""י תקופות:"				"מלח""ע I"	נרשם ב 05.06.2006-	כרטיס 3 מתוך 5	נילי דוידסון		2006.397		יואל ונורית פרוידנברג ,הבן והנכדה ,נהלל	יואל פרוידנברג ,בנם של הדסה וגאורג / גדעון פרוידנברג ,תושב נהלל ,תרגם את כל מסמכי / מכתבי העזבון לעברית .התרגומים לעברית מצוים בתיקי הארכיון צמודים למסמכים / מכתבים | המקוריים.	2995,2996
G-F-0300-4	G.F. 0300 / 4	פרוידנברג גאורג גדעון	Freudenberg Georg Gideon	מכתבים מהמשפחה אל החייל גאורג פרוידנברג				מקור ,העתק ,הדפסה ,תרגום לעברית	Original, Copy, Translation to Hebrew	"קטגוריות: | .1 מלח""ע I | .2 משפחה"			No Image	"בתיק ישנה תת-חלוקה של המכתבים עפ""י תקופות:"				"מלח""ע I"	נרשם ב 20.06.2006-	כרטיס 4 מתוך 5	נילי דוידסון		2006.397		יואל ונורית פרוידנברג ,הבן והנכדה ,נהלל	יואל פרוידנברג ,בנם של הדסה וגאורג / גדעון פרוידנברג ,תושב נהלל ,תרגם את כל מסמכי / מכתבי העזבון לעברית .התרגומים לעברית מצוים בתיקי הארכיון צמודים למסמכים / מכתבים | המקוריים.	2997,2998
G-F-0300-5	G.F. 0300 / 5	פרוידנברג גאורג גדעון	Freudenberg Georg Gideon	יומן מלחמה & מכתבים				מקור ,העתק ,הדפסה ,תרגום לעברית	Original, Copy, Translation to Hebrew	"קטגוריות: | .1 צבא | .2 מלח""ע I | .3 משפחה"			No Image	"בתיק ישנה חלוקה עפ""י תקופות:"				"מלח""ע I"	נרשם ב 20.06.2006-	כרטיס 5 מתוך 5	נילי דוידסון		2006.397		יואל ונורית פרוידנברג ,הבן והנכדה ,נהלל	יואל פרוידנברג ,בנם של הדסה וגאורג / גדעון פרוידנברג ,תושב נהלל ,תרגם את כל מסמכי / מכתבי העזבון לעברית .התרגומים לעברית מצוים בתיקי הארכיון צמודים למסמכים / מכתבים | המקוריים.	3057,3058
G-F-0301	G.F.0301	ווקס אלפרד	Wachs Alfred	דונרה )הספינה(				העתק ,הדפסה	Copy, Printing	"ספרון שנכתב והודפס בגרמנית 14 .דפים +צילומים של | מסמכים מהמחנות באוסטרליה. | קטגוריות: | .1 מלח""ע II | .2 מחנות מעצר"			No Image	"ד""ר אלפרד ווקס כתב בגרמנית ,בהדפסה ,את סיפור"					נרשם ב 18.06.2006-	כרטיס 1 מתוך 1	נילי דוידסון		2006.400		"ד""ר אלפרד ווקס ,חיפה"		3000,3001
G-F-0302	G.F.0302	לאואר אירמה	Lauer Irma	ספרי זיכרונות				מקור ,העתק ,הדפסה	Original, Copy, Printing	קטגוריות: | .1 מנהגים | .2 תולדות משפחה | .3 תמונות			No Image	"-עמ' עם קורות משפחת לאואר כתוב בעברית )נכתב ע""י"					נרשם ב 18.06.2006-	כרטיס 1 מתוך 1	נילי דוידסון		2006.400		משה לאואר ,הבן ,בנימינה		3002
G-F-0303	G.F.0303	קלנר אלפרד & פרנציסקה רוזנקרנץ		מעיזבונו של רופא & תולדות חיים				העתק ,הדפסה	Copy, Printing	"הרופא ,ד""ר אלפרד קלנר ,יליד 1900 עלה לארץ עם | משפחתו ב ,1933-היה חבר קיבוץ עין חרוד ועבד כרופא | בקיבוצים שונים וגם טיפל בעליית ""מרבד הקסמים"" | העליה התימנית. | היה נשוי לגרטה ולהם  2 בנות פרנציסקה )פרנצי( | וסטפניה )סטפי(. | קטגוריות: | .1 רפואה | .2 סיעוד | .3 התיישבות | .4 ישראל | .5 פרסומים | .6 מדעי הרוח  /יהדות מפי סולוביצ'יק | .7 עלייה | .8 פלשתינה | .9 פרעות בישוב בארץ | .10 ביוגרפיה *של פרנציסקה רוזנקרנץ | .11 תולדות משפחה *השורשים בפולין"			No Image	-מכתב מאת פרנציסקה רוזנקרנץ בו היא מספרת על				רפואה	נרשם ב 04.01.2013 & 19.06.2006-	כרטיס 1 מתוך 1	נילי דוידסון		& 2010.660 & 2006.401	03.01.2013 + 23.11.2010 + 02.07.2006 + 14.06.2006	פרנציסקה רוזנקרנץ ,הבת ,ירושלים	הסכם תרומה חתום 12.01.2013	3006,3007,3008
G-F-0304-1	G.F. 0304 / 1	כהן לאו	Kahn Leo					מקור ,העתק	Original, Copy	הצייר לאו כהן 1894-1983 נולד ב Bruchsal-דרום גרמניה. | 1927/28 יצר את הפרסקות בבית הכנסת בעיר הולדתו. | עלה עם משפחתו לארץ .אחרי תקופה של חוסר יצירה | אמנותית  -עבד על הדפסים לבתי חרושת לטכסטיל  ,חזר | לאמנות בסטודיו שלו בצפת. | קטגוריות: | .1 אמנות  /ציור | .2 קורות משפחה | .3 ישראל | .4 שירה | .5 אירגונים | .6 ספרים | .7 מנהגים			No Image	"-ספרבגרמנית "" ""Der Mahler L .Kahnמ 1986-עם יצירות"				אמנות / ציור	נרשם ב 19.06.2006-	כרטיס 1 מתוך 2	נילי דוידסון		2006.402		פני טוצ'ק ,בתו של האמן ,רחובות	"הסכם תרומה נחתם ב 10.3.2013- | בספריה במדור  /משפחה מצוי ספר בישול שגם הוא נתרם ע""י גב' טוצ'ק שם הספר: | Kochbuch für die einfache feine jüdische Küche | von ; Marie Elsasser /1921"	3009,3010
G-F-0304-2	G.F. 0304 / 2	כהן לאו	Kahn Leo					העתק	Copy	הצייר לאו כהן 1894-1983 נולד ב Bruchsal-דרום גרמניה. | 1927/28 יצר את הפרסקות בבית הכנסת בעיר הולדתו | עלה עם משפחתו לארץ .אחרי תקופה של חוסר יצירה | אמנותית  -עבד על הדפסים לבתי חרושת לטכסטיל  ,חזר | לאמנות בסטודיו שלו בצפת.			No Image	-אלבום עם צילומי שחור / לבן של הפרסקות של לאו כהן				אמנות / ציורי קיר	נרשם ב 19.06.2006-	כרטיס 2 מתוך 2	נילי דוידסון		2006.402		פני טוצ'ק ,בתו של האמן,רחובות		3047,3048
G-F-0305	G.F.0305	אהלם	Ahlem										No Image														3070
G-F-0306	G.F.0306	מסינגוורק	Messingwerk										No Image													בספריה יש ספר בגרמנית ,יצא לאור ב 1967-אשר מספר את סיפורו של המסינגוורק הספר: | Revolution im Messingבמדור חברה ,האות ''H	3069
G-F-0307	G.F.0307	"דונרה & מחנות מעצר באנגליה ואוסטרליה במלח""ע II"											No Image	-שכפול ,הגדה לפסח ,כתובה בקליגרפיה עברית בכתב													3068
G-F-0308	G.F.0308	אשרוב רונית	Asherov Ronit	ספרים						קטגוריות: | .1 הגירה | .2 ארץ ישראל | .3 תולדות משפחה | .4 נהריה | .5 פלשתינה			No Image	""" -הורי"" ספר על קורות משפחתה בחו""ל ובארץ שכתבה"				ביוגרפיה	נרשם ב 28.06.2006-	כרטיס 1 מתוך 1	נילי דוידסון		2006.405		רונית אשרוב ,תל-אביב	הסכם תרומה נחתם ב 12.03.2013-	3074,3075
G-F-0309	G.F.0309	פרלמוטר אליעזר לודויג	Perlmutter Elieser Ludwig	מילון				מקור	Original	א .פרלמוטר היה רופא שיניים וציוני לכן ראה חשיבות רבה | בתרגום מגרמנית לעברית את המושגים הקשורים לרפואת | השיניים .המילון יצא לאור בחיפה ב 1938-	55	1938	No Image	-מילון למושגים של רפואת שיניים גרמנית / עברית.					נרשם ב 02.07.2006-	כרטיס 1 מתוך 1	נילי דוידסון		2006.406		אריה פרלמוטר ,הבן ,שבי ציון		3076,3077
G-F-0310	G.F.0310	לוי רודולף	Loewy Rudolf	"מכבסת ""יהודית"" בחיפה +מגבת פשתן"				מקור ,העתק	Original, Copy	"מגבת הפשתן הופקדה במוזיאון ע""י מר יונתן מולר ,צאצא | למייסדי ""אתא"" ,ראה מכתב מצורף בתיק. | מכבסת ""יהודית"" במפרץ חיפה נוסדה ע""י רודולף לוי יליד | ברלין אשר חי והפעיל מכבסה גם בברסלאו .בעסקי | המכבסה עסק כבר הסבא שלו .את הציוד למכבסה הם | יבאו באמצעות חברת ""העברה"" 1933 .הוא קנה אדמות | ועליהם בנה את המכבסה .באותם זמנים בתי חולים | מלונות ובתים פרטיים היו משאילים אצלו כלי מיטה ,בגדי | עבודה ,מפות ומגבות .את הטכסטיל היה קונה מ""אתא"". | התוסף חומר: | קטגוריות: | .1 פלשתינה *טרום קום המדינה | .2 מקצועות חופשיים * /בעלי מכבסה | .3 מנהגים | .4 כתיבה אישית"			No Image	גברת רות מאייר ,בתם של רודולף ויהודית לוי מקימי ובעלי					נרשם ב 09.12.2007 & 02.07.2006-	כרטיס 1 מתוך 1	נילי דוידסון		2007.490 & 2006.404		רות מאיר ,הבת ,רחובות ,באמצעות יונתן מולר,נהריה		3078,3079
G-F-0311	G.F.0311	מיינרט זאב וולף	Meinrath Zeev Wolf	פרסומים ,מכתבים				מקור ,העתק	Original, Copy	"זאב וולף מיינרט ,יליד קונסטנץ Konstanzגרמניה .עלה | לארץ ב 1934-אחרי שעבר ההכשרה בהולנד .אביו ,גוסטב | מיירט ,רופא נפצע במלח""ע  Iמאוחר יותר נפטר בעקבות | פציעה זאת .האם דקלה )טקלה בגרמנית( לבית נויבורגר | )מצד האם ממשפחת פיקרד( ,עלתה לארץ ב 1932-וחיה | בבית השיטה  -הביאה איתה לארץ ריהוט שהוזמן במיוחד | לרגל נישואיה עם מיינרט  -בחלקו עדיין אצל צאצאי | המשפחה. | קטגוריות: | .1 הרייך השלישי | .2 מלח""ע I | .3 אנטישמיות | .4 ציונות | .5 ההכשרה | .6 פלשתינה | .7 מנהגים  -תיאור לחג סוכות בחוברת לזכר זאב מיינהרט | .8 התכתבות"			No Image	-חוברת שיצאה בעברית לזכרו של זאב מיינרט -1912					נרשם ב 14.09.2006 + 03.07.2006-	כרטיס 1 מתוך 1	נילי דוידסון		2006.411 + 2006.407		שורי מיינרט ,אלמנתו ,בית השיטה	הסכם תרומה נחתם ב 12.3.2013- | גב' שורי מיינרט היתה רוצה שחלק מהרהיטים העתיקים יעברו למוזיאון אחרי מותה  -אמרה זאת לילדיה.	3081,3082
G-F-0312	G.F.0312	המרשטיין אליעזר & אנגרס		כרונולוגיה משפחתית & אוטוביוגרפיה						"חוברת כתובה עברית ומודפסת ,שכתב ד""ר אליעזר | המרשטיין יליד ברלין על משפחתו ,עצמו ועל דרכו | המקצועית  -מורה  ,ד""ר באנטרופולוגיה .בתחלית דרכו | המקצועית עבד במכון הביולוגי-פדגוגי בתל-אביב. | בין היתר היה תלמיד ביה""ס ""הרצל"" בברלין."			No Image					ביוגרפיות / אוטוביוגרפיה	נרשם ב 27.08.2006-	כרטיס 1 מתוך 1	נילי דוידסון		2006.408		"ד""ר אליעזר המרשטיין"	הסכם תרומה נחתם ב 16.03.2013-	3215
G-F-0313-1	G.F. 0313 / 1	שילוני ישראל & מרים		מכתבים				מקור ,העתק	Original, Copy	"לפני שעיברת את שמו היה שמו :הנס הרברט | המרשטיין Hans Herbert Hammerstein - | יליד  1901 בברלין לאביו Felix Hammerstein | ולאמו  , Lucia Maria geb .Haagenמאוחר יותר התוסף | השם שרה  .Saraלישראל  2 אחים  Walter &Fritzואחות | אחת) Alice)Ani | קטגוריות: | .1 מלח""ע II | .2 הגירה | .3 חינוך | .4 מחנות מעצר"			No Image	-מכתב / תעודה ל Cäcilia Cohn -משנת 1938 בו מהללים					נרשם ב 10 / 11.09.2006-	כרטיס 1 מתוך 53	נילי דוידסון				תלמה & צבי שילוני ,ילדיו של ישראל שילוני	בפנקס ,שנמצא בתיק G.F. 0313 / 25 רשם שילוני את הורי אמו: | Rosalie geb .Liebenthal , 1845-1905          & Siegmund Haagen1846-1904	3315,3316,3317
G-F-0313-10	G.F. 0313 / 10	שילוני ישראל & מרים		מכתבים מאת Reinhard &Brigitte Wellhausenוילדיהם				מקור	Original	"המשך אוסף המכתבים אל שילוני מאת משפחתה של | :Marga Wellhausen | הבת ובעלה Cornelie &Bernhard Giquel | ומאת ילדיהם .Catherina/ Katrin & Stefanie &Andre | -הבן ורעיתו Reinhard &Brigitte Wellhausen | וילדיהם Annegret & Dagmar & Hansjörg &Iae | מכתבים נכתבו רק ע""י הבנות דגמר ואנגרט."			No Image	-מכתבים מאת ריינהרד וולהאוזן ,Reinhard Wellhausen					נרשם ב 09.10.2006 & 05.10-	כרטיס 10 מתוך 53	נילי דוידסון				תלמה & צבי שילוני ,ילדיו של ישראל שילוני	ראה מכתבים מאת Marga Wellhausenבתיק G.F. 0313 / 9	3459,3460
G-F-0313-11	G.F. 0313 / 11	שילוני ישראל & מרים		מכתבים מאת Alex)Stein (Alston				מקור	Original	Alex Steinיליד 1903 היה חבר נעורים של ישראל שילוני. | מאוחר יותר שינה את שם משפחתו ל.Alston - | מתוך מכתביו אל שילוני יודעים שהוא נישא בשניה ,חי | בפריז ועוסק במוזיקה. | קטגוריות: | .1 מכתבים | .2 תמונות			No Image	-מכתב מפריז משנת 1980 אל שילוני מאת ( Alex)Stein					נרשם ב 09.10.2006-	כרטיס 11 מתוך 53	נילי דוידסון				תלמה & צבי שילוני ,ילדיו של ישראל שילוני		3462,3463
G-F-0313-12	G.F. 0313 / 12	שילוני ישראל & מרים		מכתבים מאת Bruna &Jechiel Herzfeld				מקור	Original	"& Jechiel מכתבים מאת בן הדוד של מרים שילוני ורעיתו | Bruna Herzfeldשחיים בארה""ב. | קטגוריות: | .1 מכתבים"			No Image	"-המכתבים 1977-1980 כתובים עברית ,ע""י יחיאל אנגלית"					נרשם ב 09.10.2006-	כרטיס 12 מתוך 53	נילי דוידסון				תלמה & צבי שילוני ,ילדיו של ישראל שילוני		3464,3465
G-F-0313-13	G.F. 0313 / 13	שילוני ישראל & מרים		מכתבים מאת Hermann Präder				מקור ,הדפסה	Original, Printing	קטגוריות: | .1 התכתבות | .2 פוליטיקה | .3 ספורט | .4 צבא | .5 ישראל			No Image	-מכתבים רבים מודפסים בגרמנית מאת Hermann					נרשם ב 09.10.2006-	כרטיס 13 מתוך 53	נילי דוידסון				תלמה & צבי שילוני ,ילדיו של ישראל שילוני		3466,3467
G-F-0313-14	G.F. 0313 / 14	שילוני ישראל & מרים		מכתבים מאת Jens &Charlotte Scheiner				מקור ,הדפסה	Original, Printing	קטגוריות: | .1 מדעי הרוח  /פילוסופיה | .2 ספרות | .3 היסטוריה יהודית			No Image	-מכתבים בגרמנית ,חלקם מודפסים ,מאת & Jens					נרשם ב 09.10.2006-	כרטיס 14 מתוך 53	נילי דוידסון				תלמה & צבי שילוני ,ילדיו של ישראל שילוני		3468,3469
G-F-0313-15	G.F. 0313 / 15	שילוני ישראל & מרים		מכתבים מאת & Dr . Curt & Walter Schachtel ;Yael	Gideon Bosch			מקור	Original	קטגוריות: | .1 נהריה | .2 פלשתינה | .3 הגירה			No Image	-מכתבים בגרמנית מאת , Dr .Curt Schachtelצרפת,					נרשם ב 10.10.2006-	כרטיס 15 מתוך 53	נילי דוידסון				תלמה & צבי שילוני ,ילדיו של ישראל שילוני		3482,3483
G-F-0313-16	G.F. 0313 / 16	שילוני ישראל & מרים		מכתבים מאת Paul Held &Dr .Eva Kutschner geb .Held						"ד""ר אוה קוטשנר לבית הלד Dr .Eva Kutscher geb .Held | היא אחייניתו של שילוני מצד אחותו Alice Charlotte | Hammersteinובעלה  .Dr .Paul Heldאוה נישאה ל.Dr - | , Klaus Kutscherשניהם רופאים .נולדו להם  4 ילדים 3 , | בנות ובן: | Cornelie ;Andreas ;Martina ;Beate | קטגוריות: | .1 הרייך השלישי | .2 תולדות משפחה"			No Image	-המכתבים בגרמנית משנות ה ; 40-ה ; 50-ה ; 60-ה; 70-					נרשם ב 15.10.2006-	כרטיס 16 מתוך 53	נילי דוידסון				תלמה & צבי שילוני ,ילדיו של ישראל שילוני		3520,3521
G-F-0313-17	G.F. 0313 / 17	שילוני ישראל & מרים		התכתבות אל ומאת Helmut Rosenhain						",Helmut Rosenhainיליד גרמניה עם עליית הנאצים הגר | לארה""ב .הגיע לישראל ,קרוב משפחה של ישראל שילוני | . Hammerstein /בארה""ב עבד בחווה המשפחתית ,בארץ | עבד במעבדה האנטומולוגית )תורת החרקים( של ד""ר | נפתלי פלאות ) .(Plauthכ 10-שנים עבד בחוות יער. | עבודתו הוערכה מאד ראה מכתבים .1984/1985 | הלמוט נהרג בישראל מפגיעת מכונית. | קטגוריות: | .1 תולדות משפחה | .2 מדעים  /מעבדה אנטומולוגית ,חיפה | .3 חקלאות  /יעור | .4 תמונות"		Kleyenstüberשחיה בפרטוריה ,דרום אפריקה	No Image	"מכתבים משנות ה; 60-ה ; 70-ה 80-מסודרים עפ""י השנים."					נרשם ב 16.10.2006-	כרטיס 17 מתוך 53	נילי דוידסון				תלמה & צבי שילוני ,ילדיו של ישראל שילוני		3525,3526
G-F-0313-18	G.F. 0313 / 18	שילוני ישראל & מרים		מכתבים אל מרים שילוני				מקור	Original	"מכתבים אל מרים שילוני בעיקר מישראל ובעברית ,מעט | מחו""ל בגרמנית ויידיש. | המכתבים משנות ה 40-עד שנות ה 70-למאה ה.20- | קטגוריות: | .1 מלח""ע  / IIמכתבים של אנשי הישוב שמשרתים | בצבא הבריטי"		אריק , Eric Alamerowמשרת בצבא הבריטי	No Image	-מכתבים בגרמנית +אחד ביידיש מאת Lisbeth Ragoler					נרשם ב 17.10.2006 ; 16.10.2006-	כרטיס 18 מתוך 53	נילי דוידסון				תלמה & צבי שילוני ,ילדיו של ישראל שילוני	בראש המכתבים מאת המשרתים בצבא הבריטי מופיע תמיד השם והכתובת הצבאית באנגלית.	3510,3511,3512
G-F-0313-19	G.F. 0313 / 19	שילוני ישראל & מרים		מכתבים ביידיש )תורגמו לעברית( אל ומאת משפחתה של				מקור ,תרגום לעברית	Original, Translation to Hebrew	מכתבים מתורגמים לעברית מיידיש ,שכותב האח של | חוה פעסע  ,אמא של מרים שילוני ,מרוסיה לפלשתינה. | .1 תולדות משפחה | .2 היסטוריה יהודית  /ברוסיה			No Image	-שמו של הכותב ,האח של חוה -אמא של מרים שילוני,					נרשם ב 15.10.2006-	כרטיס 19 מתוך 53	נילי דוידסון				תלמה & צבי שילוני ,ילדיו של ישראל שילוני	המכתבים המתורגמים מיידיש לעברית / באדיבותו של מר אריה טורקניץ ,כפר ורדים )(2006 ,2004 | מצורפת התיחסות כתובה של צבי שילוני בה ניתן ללמוד יותר על בני משפחת שילנסקי .	3516,3517
G-F-0313-2	G.F. 0313 / 2	שילוני ישראל & מרים		מכתבים ,פרסומים				מקור ,העתק	Original, Copy	"רשימה שמית של המתכתבים ,הנושאים וציון השנים | קטגוריות: | .1 אירגונים *אירגון לזכויות אסירים בגרמניה | .2 מדעים *כימיה-צבעים *גרפולוגיה *בולאות | )פילתולוגיה( | .3 היסטוריה | .4 שואה | .5 היסטוריה יהודית | .7 הנצחה *מוזיאון שילוני | .8 פלשתינה | .9 מחנות * מכתב Florence Paquell | .10 מלח""ע * IIחילת בצבא הבריטי | .11 כתיבה אישית *מכתביה של חנה לש"			No Image	-אספקת קרח ,קרית ביאליק 1948 ,כפי הנראה בעיקבות					נרשם ב 11.09.2006-	כרטיס 2 מתוך 53	נילי דוידסון				תלמה & צבי שילוני ,ילדיו של ישראל שילוני		3318,3319,3320,3321
G-F-0313-20	G.F. 0313 / 20	שילוני ישראל & מרים		מכתבים ביידיש						מכתבים ביידיש אל ומאת משפחתה של מרים שילוני | )שילנסקי(			No Image	המכתבים משנות ה 30-עד ה 70-למאה ה , 20-חלקם					נרשם ב 15.10.2006-	כרטיס 20 מתוך 53	נילי דוידסון				תלמה & צבי שילוני ,ילדיו של ישראל שילוני		3518,3519
G-F-0313-21	G.F. 0313 / 21	שילוני ישראל & מרים		מכתבים מאת האחים והאחיות של מרים שילוני				מקור	Original	"האחים והאחיות של מרים שילוני: | -שמואל שילוני ,מהנדס במקצועו ,רעיתו ברטה | -אברהם שילוני ,רעיתו הינדה ,הילדים נונת/נוני ויגאל, | נפל בקרב במלחמת יום כיפור. | -רחל ענבר ,חותמת גם ""רח"" או  Rochאו  .Rבעלה | מרדכי ,הבנות עדה ,עדנה והבן אביטל )טלי( | -לאה ,חותמת על מכתביה לאהצ' )במשפחה קראו לה | לייץ  -נמסר ע""י תלמה שילוני( ,בעלה אלתר ,ילדיה דודיק | ונורית. | קטגוריות: | .1 תולדות משפחה | .2 פלשתינה  /תיאורים במכתבים על החיים בישוב. | .2 התיישבות  /תיאורים במכתבים על ההתיישבות והישוב | .3 מלחמות ישראל *יגאל שילוני נפל במלחמת יום כיפור"		מקובנה עם פרטי לבוש ונעליים .עוד מכתבים	No Image	המכתבים משנות ה 30-עד ה 70-למאה ה , 20-חלקם					נרשם ב 18.10.2006-	כרטיס 21 מתוך 53	נילי דוידסון				תלמה & צבי שילוני ,ילדיו של ישראל שילוני		3559,3560,3561
G-F-0313-22	G.F. 0313 / 22	שילוני ישראל & מרים		מכתבים מאת משפחתו של ישראל שילוני				מקור	Original	"קטגוריות: | .1 הרייך השלישי  /תוצאותיו בגרמניה | .2 מלח""ע  / IIתוצאותיה בגרמניה | .3 תולדות משפחה"			No Image	-טיוטה לאילן יוחסין של משפחת המרשטיין.					נרשם ב 22.10.2006-	כרטיס 22 מתוך 53	נילי דוידסון				תלמה & צבי שילוני ,ילדיו של ישראל שילוני		3562,3563,3564
G-F-0313-23	G.F. 0313 / 23	שילוני ישראל & מרים		מכתבים מאת משפחתו של ישראל שילוני				מקור ,תרגום לעברית	Original, Translation to Hebrew	"מכתבים אל הנס / ישראל המרשטיין / שילוני מאת משפחת | אחיו ולטר ,רעיתו דגמר ,בנם גרט & רוזמרי )רוזה( וילדיהם | שלהם תומס & פסקל ,גבריאלה ,והתאומים דניאלה | ואלכסנדר | Walter &Dagmar Hammerstein | Gert & Rosa)Rosemarie (Hammerstein | Thomas &Pascal Hammerstein | Gabriele ,Daniela ,Alexander | קטגוריות: | .1 תולדות משפחה | .2 אנטישמיות Gertrud Jähn / | .3 שואה  /גורל משפחת המרשטיין | .4 מלח""ע II | .5 מסחר  /עסקיו של ולטר המרשטיין"			No Image	-ולטר המרשטיין , Walter Hammersteinאחיו של שילוני					נרשם ב 20.11.2006 + 19.11.2006-	כרטיס 23 מתוך 53	נילי דוידסון				תלמה & צבי שילוני ,ילדיו של ישראל שילוני		3674,3675,3676
G-F-0313-24	G.F. 0313 / 24	שילוני ישראל & מרים		מסמכים שקשורים לעבודתה של מרים שילוני & כתיבה				מקור	Original	מרים שילוני ילידת קובנה )קובנו( 1908 עלתה לישראל ב- | .1926 בקובנה היתה פעילה בצופים | קטגוריות: | .1 חינוך | .2 כתיבה אישית | .3 שירה			No Image	-כתיבה לאירועים שונים בבית הספר					נרשם ב 06.11.2006-	כרטיס 24 מתוך 53	נילי דוידסון				תלמה & צבי שילוני ,ילדיו של ישראל שילוני		3608,3609
G-F-0313-25	G.F. 0313 / 25	שילוני ישראל & מרים		מכתבים מאת ואל ילדי הזוג שילוני ,תלמה וצבי וילדיהם.				מקור	Original	קטגוריות: | .1 חגים | .2 מנהגים			No Image	האוסף ,שכתוב עברית ,מכיל:					נרשם ב 13.11.2006-	כרטיס 25 מתוך 53	נילי דוידסון				תלמה & צבי שילוני ,ילדיו של ישראל שילוני		3644,3645
G-F-0313-26	G.F. 0313 / 26	שילוני ישראל & מרים		יומנים ופנקסי רישום				מקור	Original				No Image	"פנקס עם רשימות ,הכנת נסיעה לחו""ל 1971 וכתיבה של"					נרשם ב 13.11.2006-	כרטיס 26 מתוך 53	נילי דוידסון				תלמה & צבי שילוני ,ילדיו של ישראל שילוני		3646
G-F-0313-27	G.F. 0313 / 27	שילוני ישראל & מרים		"התכתבות של משפחת שילוני ""הגרעינית"" :מרים ,ישראל,"				מקור	Original	"מכתבים בעברית שכתבו בני משפחת שילוני הגרעינית | האחד לשני .הלימודים של מרים ,העיסוקים של ישראל, | בתי הספר המרוחקים של צבי ותלמה ,יצרו מצב | שהמשפחה הגרעינית היתה ""מפוצלת"" לתקופות קצרות | או ארוכות .בהתכתבות אינטנסיבית למדי שמרו על קשר | ועל ""חיים משותפים"". | קטגוריות: | .1 תולדות משפחה | .2 התיישבות | .3 פלשתינה | .4 מקצועות חופשיים  /ניהול ספריה"			No Image	ההתכתבות מחולקת לשנים ,בחלק של המכתבים לא					26.11.2006	כרטיס 27 מתוך 53	נילי דוידסון				תלמה & צבי שילוני ,ילדיו של ישראל שילוני		3698,3699
G-F-0313-28	G.F. 0313 / 28	שילוני ישראל & מרים		ישראל שילוני / פעילות תרבותית ,אינטלקטואלית,						"קטגוריות: | .1 הנצחה *בין היתר ביה""ס נהריה בברלין | .2 פעילות תרבותית *מקהלת גברים יהודים | .3 עזרה הדדית  /איסוף בגדים לחורף | .4 שירה | .5 כתיבה אישית *ראה גם המכתב ""אל מזכירות הקיבוץ"" | .6 היסטוריה יהודית | .7 פסיכולוגיה  /ראה חיבור Freud &Jung | .8 תיאולוגיה  /ראה חיבור Manfred Hausmann | .9 אנטישמיות  /ראה חיבור Deutsche | Antisemitismus | .10 מחזות *אנטיוכוס ה 4-"			No Image	-ישראל שילוני משתדל ב 1969-אצל מזכירת המדינה של					נרשם ב 10.12.2006 & 05.12.2006-	כרטיס 28 מתוך 53	נילי דוידסון				תלמה & צבי שילוני ,ילדיו של ישראל שילוני		3741,3742,3743,3744
G-F-0313-29	G.F. 0313 / 29	שילוני ישראל & מרים		תיק העיר בון Bonn						ישראל שילוני היה בין מייסדי בית הספר היהודי בבון ב- | 1934 | בתיק חומר שקשור עם העיר בון  Bonnמכתבים ,קטעי | עיתונות ,פירסומים שונים ,תמונות | קטגוריות: | .1 חינוך | .2 הרייך השלישי			No Image	-מנוסקריפט בגרמנית להרצאה שנערכה בנהריה עם					נרשם ב 02.01.2007-	כרטיס 29 מתוך 53	נילי דוידסון				תלמה & צבי שילוני ,ילדיו של ישראל שילוני		3809,3810
G-F-0313-3	G.F. 0313 / 3	שילוני ישראל & מרים		התכתבות				מקור ,העתק	Original, Copy	"מכתבים מאנשים שונים אל משפ .שילוני .המכתבים | מופרדים עפ""י הכותב. | קטגוריות: | .1 הנצחה *מוזיאון שילוני | .2 מלח""ע II | .3 היסטוריה יהודית *הקהילה בקלן | .4 תולדודות משפחה *משפחת וולפסון | .5 קהילה * קלן | .6 מסורת *קלן | .7 פעילות תרבותית *Ponkie"		קלן -מומלץ לקרוא .כמו כן מצויה התכתבות	No Image	-מכתבים בגרמנית ואנגלית מהשנים 1973-1981 אל					נרשם ב 12.09.2006-	כרטיס 3 מתוך 53	נילי דוידסון				תלמה & צבי שילוני ,ילדיו של ישראל שילוני	חומרים נוספים על משפחת וולפסון ראה: | -נתן וולפסון G.F.0137 | -דוד וולפסון G.F.0138 | Zur Familie Wolffsohn siehe auch: | - Nathan Wolffsohn G.F.0137 | - David Wolffsohn G.F.0138	3322,3323,3324,3325
G-F-0313-30	G.F. 0313 / 30	שילוני ישראל & מרים		המוזיאון ליהדות דוברת גרמנית בנהריה				מקור ,העתק	Original, Copy	"המוזיאון ליהדות דוברת גרמנית בנהריה והפעילות של | ישראל שילוני בו. | ישראל שילוני פתח את המוזיאון בנהריה ב 1971- | קטגוריות: | .1 חינוך | .2 הנצחה | .3 תמונות | .4 מלח""ע * Iמכתב של ד""ר שלזינגר  +טים גידל"			No Image	-פלייר של המוזיאון העירוני נהריה					נרשם ב 31.01.2007-	כרטיס 30 מתוך 53	נילי דוידסון				תלמה & צבי שילוני ,ילדיו של ישראל שילוני		3851,3852
G-F-0313-31	G.F. 0313 / 31	שילוני ישראל & מרים		המוזיאון ליהדות דוברת גרמנית בתפן						אוסף ישראל שילוני עבר מנהריה לתפן ב 1992- | קטגוריות: | .1 הנצחה | .2 מדעים *עבודתה של אסתר סלמוביץ | .3 תמונות			No Image	-חומרים ורשימות לעיצוב הראשון של המוזיאון בתפן.					נרשם ב 31.01.2007-	כרטיס 31 מתוך 53	נילי דוידסון				תלמה & צבי שילוני ,ילדיו של ישראל שילוני		3853,3854
G-F-0313-32	G.F. 0313 / 32	שילוני ישראל & מרים		מכתבים מנשים ששמן מרים				מקור	Original	"בתיק זה אוסף מכתבים של נשים שחתמו בשם מרים, | בדר""כ ללא שם משפחה. | המיון נעשה עפ""י הכתב ,מקום המגורים או התוכן. | קטגוריות: | .1 התכתבות"			No Image	-מכתבים אל משפ .שילוני בעברית מאת מרים רוזנברג					נרשם ב 26.04.2007-	כרטיס 32 מתוך 53	נילי דוידסון				תלמה & צבי שילוני ,ילדיו של ישראל שילוני		4112,4113
G-F-0313-33	G.F. 0313 / 33	שילוני ישראל & מרים		מסמכים על עבודתו של המרשטיין / ישראל שילוני כמחנך				מקור ,העתק	Original, Copy	"קטגוריות: | .1 חינוך | .2 ביוגרפיה *המורה Susi Herz | .3 ציונות *קופסאות קק""ל"			No Image	-אישור לישראל שילוני / המרשטיין על עבודתו החינוכית					נרשם ב 16.05.2007-	כרטיס 33 מתוך 53	נילי דוידסון				תלמה & צבי שילוני ,ילדיו של ישראל שילוני		4130,4131
G-F-0313-34	G.F. 0313 / 34	שילוני ישראל & מרים		מידע וכתבות על הספורטאית לילי חנוך				מקור ,העתק	Original, Copy	,Martin-Heinz Ehlertמרטין היינץ אהלרט ,גרמני מברלין | ועסקן בקלוב הספורט של ברלין .נחשף לספורטאית | היהודיה לילי חנוך | , Lilli Henochנספתה בשואה .דרך מכיר משותף הגיע אל | ישראל שילוני ומנהל איתו התכתבות בנושא לילי חנוך. | קטגוריות: | .1 חינוך | .2 ספורט | .3 פוליטיקה *ישראל/גרמניה מכתביו של Ehlert			No Image	4 -מכתבים בגרמנית מאת מרטין-היינץ אהלרט -Martin					נרשם ב 16.05.2007-	כרטיס 34 מתוך 53	נילי דוידסון				תלמה & צבי שילוני ,ילדיו של ישראל שילוני	"באינטרנט נמצאו ספרים ומאמרים נוספים בנושאים שקשורים ליהות ויהודים שמרטין-היינץ אהלרט כתב עליהם ,כמו כן תערוכה שאצר על בי""ס תיאודור הרצל בברלין."	4132,4133
G-F-0313-35	G.F. 0313 / 35	שילוני ישראל & מרים		לביוגרפיה של ישראל שילוני עברית וגרמנית & נושאי				מקור ,העתק	Original, Copy	קטגוריות: | .1 ביוגרפיה | .2 מחנות *אוסטרליה | .3 הנצחה *מכתב לברטה | .4 הגירה * תכתובת שליחת רכוש | .5 תולדות משפחה * מקור השם המרשטיין & ראה | התכתבות עם אשת אחיו פריץ | .6 תמונות *שילוני דיוקן			No Image	2 -דפים מתוך ספר שיצא בגרמניה - ?Jetzt wohin :1945					נרשם ב 27.05.2007-	כרטיס 35 מתוך 53	נילי דוידסון				תלמה & צבי שילוני ,ילדיו של ישראל שילוני		4136,4137,4138
G-F-0313-36	G.F. 0313 / 36	שילוני ישראל & מרים		תמונות סטילס מעיזבון מרים & ישראל שילוני						קטגוריות: | .1 תמונות			No Image	מעטפה עם תמונות סטילס של:					נרשם ב 27.05.2007-	כרטיס 36 מתוך 53	נילי דוידסון				תלמה & צבי שילוני ,ילדיו של ישראל שילוני		4139,4140
G-F-0313-37	G.F. 0313 / 37	שילוני ישראל & מרים		נוער ותנועות נוער				העתק ,הדפסה	Copy, Printing	קטגוריות: | .1 ספורט | .2 תנועות נוער | .3 חינוך			No Image	-עבודה בגרמנית מודפסת בנושא ההתחלות של ארגוני					נרשם ב 03.06.2007-	כרטיס 37 מתוך 53	נילי דוידסון				תלמה & צבי שילוני ,ילדיו של ישראל שילוני		4141,4142
G-F-0313-38	G.F. 0313 / 38	שילוני ישראל & מרים		התיישבות היקים בארץ				העתק ,הדפסה	Copy, Printing	קטגוריות: | .1 התיישבות | .2 כתיבה אישית			No Image	-עבודה פרסמינריונית בעברית בנושא :ההתישבות					נרשם ב 03.06.2007-	כרטיס 38 מתוך 53	נילי דוידסון				תלמה & צבי שילוני ,ילדיו של ישראל שילוני		4143
G-F-0313-39	G.F. 0313 / 39	שילוני ישראל & מרים		פרסומים / קטעי עיתונות				העתק	Copy	קטעי עיתונות מגרמניה ומהארץ ,שנמצאו בעזבון של | ישראל שילוני			No Image	בין היתר מאמר בגרמנית )צילום( מעיתון Judische					נרשם ב 0.06.2007-	כרטיס 39 מתוך 53	נילי דוידסון				תלמה & צבי שילוני ,ילדיו של ישראל שילוני		4168,4169
G-F-0313-4	G.F. 0313 / 4	שילוני ישראל & מרים		מכתבים ,פירסומים						"קטגוריות: | .1 פלשתינה | .2 ישראל | .3 הרייך השלישי  /מכתבים של Erich Wildberger | .4 היסטוריה כללית Prin .Louis Ferdinnd / | .5 חינוך  /חומר ביה""ס פילנטרופין | .6 מלחמות ישראל *ראה מכתב מאת אלי אילת משנת | .1956 | .7 צבא *ראה מכתבים של אליעזר/אלי אילת משנות ה- | .50 | .8 ספורט *מכתב של  Erich Wildbergerעם ספורטאים | יהודים מפורסמים 23.7.1974 ,"			No Image	מכתבים בעברית וגרמנית אל משפ .שילוני מאת נעמי,					נרשם ב 19.09.2006-	כרטיס 4 מתוך 53	נילי דוידסון				תלמה & צבי שילוני ,ילדיו של ישראל שילוני		3326,3327,3328,3329
G-F-0313-40	G.F. 0313 / 40	שילוני ישראל & מרים		תרבות :הרצאות ,חיבורים בארץ ובמחנות אוסטרליה כל				מקור ,העתק	Original, Copy	קטגוריות: | .1 ביוגרפיה | .2 מנהגים *בתי כנסת | .3 הרייך השלישי *איך הנאצים עלו לשלטון | .4 ציונות *דוד וולפסון ,ז'בוטינסקי ,טרומפלדור | .5 חינוך | .6 אמנות *היצירה היהודית/ביהדות | .7 שירה *שיר לערב שמחת תורה ,מחנה טטורה | .8 מחנות מעצר *אוסטרליה			No Image	הרצאות כתובות גרמנית ואנגלית:					נרשם ב 10.06.2007-	כרטיס 40 מתוך 53	נילי דוידסון				תלמה & צבי שילוני ,ילדיו של ישראל שילוני		4170,4171,4172
G-F-0313-41	G.F. 0313 / 41	שילוני ישראל & מרים		מכתבים				מקור	Original	"קטגוריות: | .1 מוסיקה *מכתב Kronberg &Hans | .2 התישבות *מכתב דר' קרוליק | .3 שואה *מכתבה של  Kathleen Hoskinושל | Dr .Fritz Friedlander | .4 מלחמות ישראל *מכתבו של Heinrich | .5 צבא *ראה Max Friedmann & 4 & 3 | .6 מלח""ע  * IIראה 5 & 4 & 3"			No Image	-מכתבים בגרמנית אל משפ .שילוני מאת אוה אבי יונה					נרשם ב 01.07.2007-	כרטיס 41 מתוך 53	נילי דוידסון				תלמה & צבי שילוני ,ילדיו של ישראל שילוני		4215,4216,4217,4218,4219
G-F-0313-42	G.F. 0313 / 42	שילוני ישראל & מרים		הרייך השלישי / שואה / פיצויים / עדויות				מקור ,העתק	Original, Copy	קטגוריות: | .1 הרייך השלישי | .2 שואה | .3 פלשתינה *ראה התכתבות בין הבנקים | .4 הגירה *בקשה לאפידויט Effidavit			No Image	-מכתב בגרמנית מ 1933-אל S .Hoofienמנהל בנק אנגלו-					נרשם ב 10.07.2007-	כרטיס 42 מתוך 53	נילי דוידסון				תלמה & צבי שילוני ,ילדיו של ישראל שילוני		4285,4286,4287
G-F-0313-43	G.F. 0313 / 43	שילוני ישראל & מרים		מכתבים בגרמנית				מקור ,העתק	Original, Copy	קטגוריות: | .1 שואה *מכתב של בלומה ברנהרד | .2 הנצחה *מכתבים של מבקרים במוזיאון			No Image	-מכתבים בגרמנית אל שילוני מאת קלאודיה אנגלהרדט					נרשם ב 15.08.2007 & 25.07.2007-	כרטיס 43 מתוך 53	נילי דוידסון				תלמה & צבי שילוני ,ילדיו של ישראל שילוני	המכתבים מופנים אל ישראל שילוני וחלקם אל ישראל & מרים שילוני.	4314,4315,4316,4317
G-F-0313-44	G.F. 0313 / 44	שילוני ישראל & מרים		מכתבים בעברית				מקור	Original	קטגוריות: | .1 התיישבות *מכתב של צילה ברקוביץ | .2 עליית נוער *מכתב של צילה ברקוביץ | .3 חינוך )בן שמן( * מכתבי חיים לביא | .4 אנטישמיות *מכתב יעקב גורי | .5 מחנות מעצר *מכתב חנניה פינר  /אוסטרליה | .6 מלחמות ישראל *מכתב יוסף & הלה ח. | .7 צבא * מכתב ישראל מור | .8 התיישבות * מכתב אלה & צבי דיין )הקיבוץ המשתנה(.			No Image	-מרגלית עמיר ,שנות ה 70-למאה ה ,20-ירושלים					נרשם ב 15.08.2007 & 23.07.2007-	כרטיס 44 מתוך 53	נילי דוידסון				תלמה & צבי שילוני ,ילדיו של ישראל שילוני		4318,4319,4320,4321,4322
G-F-0313-45	G.F. 0313 / 45	שילוני ישראל & מרים		מכתבים בגרמנית				מקור ,הדפסה	Original, Printing	בין כותבי המכתבים ,הרבה ישראלים-יקים ששפת | ההתכתבות נותרה הגרמנית. | קטגוריות: | .1 פלשתינה *מכתב של עליזה אמיר			No Image	-שני מכתבים בגרמנית ,הודפסו בשפת המקור,מאת					נרשם ב 20.09.2007 + 20.08.2007-	כרטיס 45 מתוך 53	נילי דודסון				תלמה & צבי שילוני ,ילדיו של ישראל שילוני		4385,4386,4387,4388
G-F-0313-46	G.F. 0313 / 46	שילוני ישראל & מרים		מכתבים בגרמנית ואנגלית				מקור ,הדפסה	Original, Printing	בין כותבי המכתבים ,הרבה ישראלים-יקים ששפת | ההתכתבות נותרה הגרמנית.			No Image	"-מאת ג'ון פומר ,John Pommerארה""ב ,שנות ה 90-"					נרשם בינואר 2008	כרטיס 46 מתוך 53	נילי דוידסון				תלמה & צבי שילוני ,ילדיו של ישראל שילוני		4439,4440,4441,4442,4443,4444
G-F-0313-47	G.F. 0313 / 47	שילוני ישראל & מרים		בית זרע +מסמכים בתפזורת				מקור ,העתק	Original, Copy	קטגוריות: | .1 התיישבות  /קיבוץ *בית זרע			No Image	"-תיק ""בית זרע"""					נרשם במרץ 2008	כרטיס 47 מתוך 53	נילי דוידסון				תלמה & צבי שילוני ,ילדיו של ישראל שילוני		5000,5001
G-F-0313-48	G.F. 0313 / 48	שילוני ישראל & מרים		אוסף מסמכים				מקור ,העתק	Original, Copy	מספר תיקים עם מסמכים אישיים ,ראה פירוט נושא מורחב			No Image	תיק מס 1 .					נרשם ב 06.04.2008-	כרטיס 48 מתוך 53	נילי דוידסון				תלמה & צבי שילוני ,ילדיו של ישראל שילוני		5061,5062
G-F-0313-49	G.F. 0313 / 49	שילוני ישראל & מרים		מכתבים שנשלחו אל משפחת שילוני				מקור	Original	במיכל 8 תיקים .על כל תיק רשומה אות בלועזית .האות | מציינת את האות הראשונה של שם משפחתו של הכותב. | לא נעשה עיון מעמיק במכתבים אלה .בתוך כל תיק ישנה | הפרדה בין הכותבים השונים. | קטגוריות: | .1 מכתבים			No Image	.1 תיק נושא את האות H					נרשם ב 06.04.2008-	כרטיס 49 מתוך 53	נילי דוידסון				תלמה & צבי שילוני ,ילדיו של ישראל שילוני		5063,5064
G-F-0313-5	G.F. 0313 / 5	שילוני ישראל & מרים		מכתבים מאת היינץ / יעקב & גושי בוק Heinz &Guschi	Bock			מקור	Original	"היינץ בוק גורש מאנגליה לאוסטרליה לשם הגיע על | האניה ""דונרה"" .היה עצור במחנות היי וטנטורה ,שם פגש | גם את ישראל שילוני .היינץ בוק היה יהודי מסורתי. | במחנות באוסטרליה הוא דאג ועשה לשמירת המסורת | היהודית ,חגים ,תפילות וכדומה .היינץ בוק וישראל שילוני | התידדו מאד ,חברות זאת המשיכה בין השניים | ומשפחותיהם גם בישראל .נפטר .1990 | היינץ בוק היה נשוי לגושי )גוסטה( ולהם בת אניטה שחיה | ככל הנראה בברזיל ,סאו-פאולו. | בתיק  G.F. 0313 /43 שמורים מכתבים שנכתבו לשילוני | מאת אניטה ושלמה אליקים מסאו-פאולו(. | קטגוריות: | .1 מחנות מעצר | .2 הגירה | .3 פעילות תרבותית | .4 מסורת | .5 ישראל"			No Image	-מכתבים בגרמנית אל משפ .שילוני מאת & Heinz					נרשם ב 20.09.2006-	כרטיס 5 מתוך 53	נילי דוידסון				תלמה & צבי שילוני ,ילדיו של ישראל שילוני	לחומר משלים ראה תיקים: | היינץ & סימון בוק G.F.0003 - | דונרה & מחנות שבוים באוסטרליה G.F.0307 -	3373,3374
G-F-0313-50	G.F. 0313 / 50	שילוני ישראל & מרים		אוסף גלויות						"גלויות ריקות & גלויות עם טקסט / התכתבות | הגלויות ממוינות לפי הארצות מהן הגלויה. | כל פריט רשום = מעטפה עם החומר ,סה""כ פריטים | רשומים = סה""כ מעטפות במיכל הארכיון"			No Image	-מזרח פרוסיה ) 1904 ריקות(					נרשם ב 08.04.2008-	כרטיס 50 מתוך 53	נילי דוידסון				תלמה & צבי שילוני ,ילדיו של ישראל שילוני	"מיון הגלויות נעשה ע""י אסנת קובלנץ"	5069,5070
G-F-0313-51	G.F. 0313 / 51	שילוני ישראל & מרים		אוסף גלויות						"גלויות מישראל | כל פריט רשום = מעטפה עם החומר ,סה""כ פריטים | רשומים = סה""כ מעטפות במיכל הארכיון"			No Image	-ירושלים & ואדי קלט & הרודיון & קומראן					נרשם ב 08.04.2008-	כרטיס 51 מתוך 53	נילי דוידסון				תלמה & צבי שילוני ,ילדיו של ישראל שילוני	"-מכתבים | -גלויות איחולים & גלויות פרחים & גלויות עם אמנות | -ברכות לשנה החדשה על גלויות | -כרטיסי ברכה לשנה החדשה & גלויות של אמני הפה | והרגל & כרטיסי ברכה קטנים אחרים | -קיבוצים & מושבים | -גלויות ללא תמונה מהשנים 1971-1979 | -גלויות עתיקות | -גלויות דואר משנות ה 50-למאה ה 20- | -תל אביב & הוד השרון | -גלויות קולג'ים יצירתיות | -גלויות אחרות מעניינות & גלויות משפחתיות עם אמירה | -קיבוץ בית זרע | מיון הגלויות נעשה ע""י אסנת קובלנץ"	5071,5072
G-F-0313-52	G.F. 0313 / 52	שילוני ישראל & מרים		אוסף גלויות ואחר						"ראה פירוט בנושא מורחב | כל פריט רשום = מעטפה עם החומר ,סה""כ פריטים | רשומים = סה""כ מעטפות במיכל הארכיון"		-צילומי משפחה /	No Image	-מישראל ,ריקות וכתובות					נרשם ב 09.04.2008-	כרטיס 52 מתןך 53	נילי דודסון				תלמה & צבי שילוני ,ילדיו של ישראל שילוני	"מיון הגלויות נעשה ע""י אסנת קובלנץ"	5073,5074
G-F-0313-53	G.F. 0313 / 53	שילוני ישראל & מרים		עבודת מוסמך אוניברסיטה						"עבודה על דרכו הפדאגוגית של ישראל שילוני ,נכתבה ע""י | סטודנטית מגרמניה ,סופי בוכהולץ | Sophie Buchholz"			No Image	סופי בוכהולץ ,סטודנטית למדעי החינוך באוניברסיטת					נרשם ב 29.10.2008-	כרטיס 53 מתוך 53	נילי דוידסון				סופי בוכהולץ,ברלין 2008 ,	"בתיק התוסף עותק מצולם של העבודה ,נשלח לרותי אופק ע""י צבי שילוני ,אוקטובר .2008"	5502,5503
G-F-0313-6	G.F. 0313 / 6	שילוני ישראל & מרים		"מכתבים בגרמנית ,אנגלית ועברית מ""שמות"" רבים"				מקור ,העתק ,תרגום חלקי לעברית	Origin, Copy, Parcial Summerization to Hebrew	"מכתבים מהרבה אנשים ,מהארץ ומחו""ל ,ששילוני התכתב | איתם .בדר""כ כל שם ""מיוצג"" עם  1-2 מכתבים .לעיתים | החתימה היא רק בשם הפרטי. | קטגוריות: | .1 התכתבות | .2 מחנות מעצר  /התכתבות עם חברים מהמחנות | באנגליה ואוסטרליה. | .3 מלח""ע II | .4 חינוך  /בית ספר הלל בחיפה  -ד""ר מאיר אלק | .5 עזרה הדדית  /בנק למשקפיים"			No Image	"-פלייר בגרמנית שכתבה רופאת העיניים ד""ר אילזה"					נרשם ב 25.09.2006-	כרטיס 6 מתוך 53	נילי דוידסון				תלמה & צבי שילוני ,ילדיו של ישראל שילוני		3378,3379,3380,3381
G-F-0313-7	G.F. 0313 / 7	שילוני ישראל & מרים		מכתבים בגרמנית ואנגלית אל שילוני				מקור	Original	"בין היתר יש בתיק מספר כותבים שהיו עם שילוני במחנות | המעצר באנגליה ואוסטרליה. | קטגוריות: | .1 מלח""ע שניה  /ראה מכתביםAlfred Lewy &Werner : | & Weldon | .2 מחנות מעצר  /אוסטרליה מכתבים יוסף קאן & | מכתבים של נתנזון & גאורג בוק"		החייל בצבא הבריטי ,הנס המרשטיין / שילוני	No Image	-מכתבים בגרמנית מאת הנס בוק Hans Bockמפריז .1959					נרשם ב 27.09.2006-	כרטיס 7 מתוך 53	נילי דוידסון				תלמה & צבי שילוני ,ילדיו של ישראל שילוני		3410,3411,3412
G-F-0313-8	G.F. 0313 / 8	שילוני ישראל & מרים		מכתבים מאת Werner &Alja Bamberger ,Arthur	Bamberger			מקור	Original	האחים ,ורנר וארתור במברגר Werner &Arthur | Bambergerהם קרובי משפחה של ישראל שילוני ,ככל | הנראה בני דודה מצד אמו .השנים כותבים מניו יורק. | רעיתו של ארתור שמה סוניה Sonja | רעיתו של ורנר שמה אלקה Elka | קטגוריות: | .1 משפחה | .2 הגירה | .3 שואה			No Image	-התכתבות עניפה עם ורנר ואלקה במברגר & Werner					נרשם ב 27.09.2006-	כרטיס 8 מתוך 53	נילי דוידסון				תלמה & צבי שילוני ,ילדיו של ישראל שילוני	בחלק ממכתבי ורנר במברגר חתומה איתו Alja | ובחלק אחר חתומה איתו על המכתב (?) Alka	3413,3414
G-F-0313-9	G.F. 0313 / 9	שילוני ישראל & מרים		מכתבים מאת Marga &Gerhard Wellhausen				מקור	Original	"Marga Wellhausenהיא ידידה קרובה של שילוני מהתקופה | בגרמניה .היא גרמניה ,לא יהודית ,שעברה את מלחמת | העולם ה II-בגרמניה .חיה בעיר צלה  Celleעם בעלה | Gerhardבמכתביה הראשונים אחרי המלחמה היא כותבת | רבות על תחושת האשמה ,על שלא ידעו את האמת, | מתנצלת על מה שקרה ,מתארת את הסבל של העם | הגרמני ומגינה עליו בדרכה שלה. | הבת  Corneliaוהבן  , Reinhardתאולוג כומר פרוטסטנטי | , Pastorגם הם כותבים מכתבים אל שילוני. | קטגוריות: | .1 הרייך השלישי | .2 מלח""ע II | .3 שואה"			No Image	המכתבים בתיק מסודרים לפי שנים:				התכתבות	נרשם ב 04.10.2006-	כרטיס 9 מתוך 53	נילי דוידסון				תלמה & צבי שילוני ,ילדיו של ישראל שילוני	ראה המשך מכתבים מאת & Marga Wellhausenמשפחתה בתיק G.F. 0313 / 10	3457,3458
G-F-0314	G.F.0314	ארונשטיין רפאל פריץ	Aronstein Raphael Fritz										No Image										2006.414		אילנה מיכאלי / ארכיון קיבוץ הזורע -בהסכמת הבת רותי		3407
G-F-0315	G.F.0315	גולדנר אמיל מנחם	Goldner Emil Menachem	חיתול תורה כתוב ומצויר עם צבעי מים.				מקור	Original	קטגוריות: | .1 מסורת | .2 מנהגים			No Image	חיתול התורה היה של אבי התורמים ,אמיל מנחם גולדנר,					נרשם ב 27.09.2006-	כרטיס 1 מתוך 1	נילי דוידסון		2006.415		יהודית הרשקוביץ & גדעון גולדנר ,הילדים ,חיפה	הסכם תרומה נחתם ב 09.04.2013-	3415,3416
G-F-0316	G.F.0316	"מוסד ""אהבה"""	"""Ahawa"" Schule"							קטגוריות: | .1 חינוך | .2 נוער | .3 עליית הנוער			No Image	-תרגום לעברית מגרמנית של חוברת עם הכותרת 10 :					נרשם ב 04.11.2006-	כרטיס 1 מתוך 1	נילי דוידסון		2006.421		אילת ברגור ,תל אביב	ראה ספר G.B.2420	3602,3603
G-F-0317	G.F.0317	מרכוס הרמן צבי & דוד		מכתבים				מקור	Original	מכתבים בעברית ובגרמנית מאת הרמן צבי מרכוס, | שמשרת ביחידת הובלה של הצבא הבריטי אל אחיו דוד | שנמצא בארץ ישראל.			No Image	-מכתבים בעברית ובגרמנית מ ,1941 / 42 -שכותב הרמן					נרשם ב 04.11.2006-	כרטיס 1 מתוך 1	נילי דוידסון		2006.421		אילת ברגור ,תל אביב	"המכתבים נמסרו ע""י האח דוד באמצעות אילת ברגור."	3606,3607
G-F-0318	G.F.0318	כסף חרום	Notgeld	כסף חרום	Notgeld					"אוסף שטרות של ""כסף חרום"" Notgeldמגרמניה בשני | אלבומים .בגלל המוטיבים הצבעוניים הפכו השטרות | לפריט לאספנים."			No Image	"ה Notgeld-הונפק ע""י הערים עצמן בתקופות קשות של"					נרשם ב 07.11.2006-	כרטיס 1 מתוך 1	נילי דוידסון					האלבומים הועברו אל רותי אופק מלשכת סטף ורטהיימר -מעבר לזה אין לנו כל מידע )חבל(.	3627
G-F-0319	G.F.0319	קליין יוסף & רות											No Image										2000.064		רות קליין ,נהריה ,באמצעות דיטר & יעל פיטרלינג	"החומר נמסר למוזיאון ע""י דיטר פיטרלינג לפי בקשת רות קליין."	3630
G-F-0320	G.F.0320	טפליץ רפאל		הווי משנותיה הראשונות של גן שומרון				העתק ,הדפסה	Copy, Printing	רפאל ואולי ,רעיתו ,עלו בילדותם מגרמניה עם | משפחותיהם ,ממייסדי גן שומרון. | מר טפליץ אסף והעלה על הכתב תמונות מהווי גן שומרון | ב 10-השנים הראשונות של הישוב .1934-1944 | קטגוריות: | .1 עליה | .2 התיישבות | .3 פרעות בישוב בארץ | .4 כתיבה אישית | .2		"-צילומים מתוך העבודה שעשה רפאל טפליץ"""	No Image	-רפאל טפליץ אסף וכתב בעברית )אחר הדפיס( את					נרשם ב 21.11.2006-	כרטיס 1 מתוך 1	נילי דוידסון		2006.424		טפליץ רפאל ,ביתן אהרון		3696,3697
G-F-0321	G.F.0321	שיפטן שושנה	Shiftan Shoshana	חוברת בעברית :קורות חיים -שושנה שיפטן				מקור	Original	חוברת בעברית :קורות חיים -שושנה שיפטן | קטגוריות: | .1 הרייך השלישי | .2 עליית נוער | .3 התיישבות | .4 נהריה			No Image	החוברת מספרת על שושנה לית יוכסנברג ,ילידת 1910					נרשם ב 14.12.2006-	כרטיס 1 מתוך 1	נילי דוידסון		2006.426		שושנה שיפטן & ברכה דוד )הבת( ,כפר ורדים		3782
G-F-0322	G.F.0322	דינקלסבילר & הוניגסברגר & וילמרסדורפר		עבודת שרשים באנגלית				הדפסת מקור	Printing of Original	עבודת שורשים באנגלית עם אילנות יוחסין מודפסת | ומכורכת | The Dinkelsbühler, Hönigsberger and Wilmersdörfer | Families of Floss and Fürth. | Biographies and Genealogical Charts			No Image					ביוגרפיות / היסטוריה יהודית	נרשם ב 18.12.2006-	כרטיס 1 מתוך 1	נילי דוידסון		2006.428		אברהם פרנק ,ירושלים	G.F. 0282 +G.F. 0285 +G.F.0286 מר אברהם פרנק חקר וכתב את שורשי משפחתו המורחבת .חומר נוסף בתיקים:	3784
G-F-0323	G.F.0323	נויהאוז & גלס								פרנציסקה גלס לבית רוט .אביה רודולף אמה סרנה | .Serena | קטגוריות: | .1 פריטים * פינוקל )משקפי אחיזה( | .2 תמונות | .3 מנהגים *מכתבים לרגל אירוסין | .3 אמנות  /תיאטרון *תמונות של שחקנים אוסטרים			No Image	-ספר אבלים Trauer-Albumשל הסבא והסבתא מצד					נרשם ב 24.02.2007-	כרטיס 1 מתוך 1	נילי דוידסון		2007.430		פרנציסקה גלס ,כפר סבא	"הנ""ל תרמה גם 3 ספרים לספריית המוזיאון"	3843,3844
G-F-0324	G.F.0324	ורשאור אנה	Warschauer Anna	עיזבון				מקור	Original	פרופ' רפי כראל שלח את החומר מעיזבון דודתו ,אנה | ורשאור ,1975-1895 ,בפוזן  ,Posenשעלתה לארץ | בנישואין פיקטיבים  1939 שמה השתנה לפרידלר Friedler | ראה בתיק מכתב הסבר של פרופ' כראל .אחרי שנה | התגרשה מבעלה ולא נישאה יותר לעולם. | קטגוריות: | .1 תעודות אישיות | .2 חינוך | .3 ארץ ישראל *הצורך בנישואין פיקטיבים. | .4 מנהגים *תעודות/מכתבי הסיכום וההמלצות ממקום | העבודה.			No Image	-תעודה מאנה ורשאור משנת 1937 ממקום עבודתה בבנק					נרשם ב 25.01.2007-	כרטיס 1 מתוך 1	נילי דוידסון		2007.434		פרופ' רפי כראל )היתה דודתו( ,סביון	השם נכתב כאן בעברית כפי שהוא מופיע בתעודות.	3841,3842
G-F-0325	G.F.0325	פיליפ מכס	Philip Max	"ד""ר מכס פיליפ 1837-1885 ,רופא כירורג."				מקור	Original	"ד""ר מכס פיליפ ,רוהראורט ,Ruhrortהיה רופא כירורג | ששרת במלחמת צרפת גרמניה .1870/71 | קטגוריות: | .1 רפואה | .2 המאה ה 19-"			No Image	הנינה גב' יהודית שמואלביץ כותבת:					נרשם ב 29.01.2007-	כרטיס 1 מתוך 1	נילי דוידסון		2007.435 נחתם הסכם תרומה		יהודית שמואלביץ & חוה גונן ,הנינות של הרופא	ערכת הרופא מצויה מחוץ לתיק העיזבון אבל צמודה לו -באותו מיכל ארכיון | הסכם תרומה חתום 31.1.07 , | הערכה מוצגת במוזיאון ממאי 2008	3845,3846
G-F-0326	G.F.0326	נויברג משה	Neuberg Moshe	ספר ביוגרפי בעברית						משה נויברג כתב בעברית את קורות חייו. | קטגוריות: | .1 הרייך השלישי | .2 אנטישמיות | .3 כתיבה אישית | .4 ביוגרפיה | .5 תולדות משפחה | .6 התיישבות | .7 הכשרה * הולנד | .8 ארגונים * בלאו וייס ,בר כוכבא )מעט חומר( ועוד | .9 ארץ ישראל	93	2006	No Image	על חיי המסחר של המשפחה בגרמניה ,על ההווי					נרשם ב 11.03.2007-	כרטיס 1 מתוך 1	נילי דוידסון		2007.443		יוכבד הררי בשם אביה משה נויברג ,שחי בזכרון יעקב	הספר רשום במלואו ברישום הספריה העברית, | ספר מסH.B.0356 .	4008,4009
G-F-0327	G.F.0327	בראב חן בטי	Braw Chen Betty	תעודות אישיות						קטגוריות: | .1 הרייך השלישי | .2 אנטישמיות			No Image	-בטי חן לבית בראב היתה עובדת משרד המשפטים					נרשם ב 11.03.2007-	כרטיס 1 מתוך 1	נילי דוידסון		2007.444		"ד .גולדשטיין )הנ""ל היתה דודתו( ,קרית מוצקין"		4011,4012
G-F-0328	G.F.0328	קאופמן מרדכי פריץ	Kauffmann Mordechai Fritz	חוברת ביוגרפית-היסטורית מודפסת בעברית				העתק ,הדפסה	Copy, Printing	"דנית בן-אשר ,חוקרת וכותבת על אביה ,מרדכי פריץ | קאופמן )אחיו של יוליוס קאופמן  -ההוצאה לאור( של | סבתא ,מירלה שלזינגר ,ועל תקופתו. | קראה לחוברת ""פריץ מרדכי קאופמן 1888-1921 | משכיל יהודי-גרמני על רקע תקופתו"". | קטגוריות: | .1"			No Image	מרדכי ,פריץ קאופמן ,יליד גרמניה ,התחבר אל יהדות					נרשם ב 13.03.2007-	כרטיס 1 מתוך 1	נילי דוידסון				אוסף ישראל שילוני		4028,4029
G-F-0329	G.F.0329	הרצפלד לוי	Herzfeld Levi	חוברת ביוגרפית ,תרגום לעברית				העתק ,הדפסה	Copy, Printing	"הרב פרופ' לוי הרצפלד היה הסבא מצד האם של | אלישבע ליטן )התורמת(. | גב' ליטן תרגמה מספרו ,של גוסטב קרפלס מגרמנית | לעברית את הביוגרפיה של הסב. | קטגוריות: | .1 ביוגרפיה | .2 תולדות משפחה | .3 מלח""ע I | .4 מדעי הרוח * מדעי היהדות | .5 תיאולוגיה *כנסי הרבנים בגרמניה ,שהוא היה היוזם | שלהם יחד עם הרב לודויג פיליפסון"			No Image						נרשם ב 13.03.2007-	כרטיס 1 מתוך 1	נילי דוידסון		2007.440		אלישבע ליטן ,נהריה	"הרב לוי הרצפלד מופיע בתצוגת המוזיאון על לוח הרבנים / השכלה | הרב הרצפלד לוי היה הסבא של הטייס היהודי פרידריך רודנברג )בתצוגת המוזיאון על לוח ""צבא""( ראה תיק ארכיון G.F.0207"	4030,4031
G-F-0330	G.F.0330	מנסבך אליעזר	Mansbach Eliezer	קורות חיים על CD				העתק	Copy	"ד""ר אליעזר מרכוס ,1902-1948 רופא שיניים יליד | קרלסרואה ,גרמניה ,עלה לאץ ב 1933-עם רעיתו מרגוט | ובנותיו שושנה ודבורה. | שוש מרכוס ,הבת ,ערכה את ארבעת האלבומים של | אביה על  CDעבור הצאצאים. | קטגוריות: | .1 רפואה * רפואת שיניים | .2 עליה | .3 ישראל | .4 התיישבות | .5 אירגונים | .6 פרעות בישוב בארץ | .7 פוליטיקה * בארץ ובחו""ל | .8 תמונות"			No Image	"ד""ר אליעזר מנסבך הקפיד לתעד את האירועים בחיי היום"					נרשם ב 19.03.2007-	כרטיס 1 מתוך 1	נילי דוידסון		2007.446		שוש מרכוס ,הבת ,קיבוץ כברי		4037,4038
G-F-0331	G.F.0331	ויסברון סוזה	Wisbrun Suse	"עבודה על משפחת ויסברון """"Stolpersteine"				העתק	Copy	שני תלמידים בני 13 חקרו וכתבו במסגרת בית ספרם, | בעיר רמשייד  ,Remscheidגרמניה ,עבודה על משפחת | ויסברון היהודית  ,שחיה בעיר רמשייד עד לשואה  -להם | )ולא רק להם( היה זה מפגש ראשון עם יהודים ויהדות. | קטגוריות: | .1 היסטוריה יהודית | .2 שואה | .3 הגירה			No Image	משה פטר רון )עברת את שמו מויסברון לרון( הביא את					נרשם ב 20.03.2007-	כרטיס 1 מתוך 1	נילי דוידסון		2007.447		משה פטר רון ,קרית ביאליק		4071,4072
G-F-0332	G.F.0332	ברווין ארנה שרה	Berwin Erna Sara	תעודת זהות				מקור	Original	קטגוריות: | .1 הרייך השלישי | .2 אנטישמיות			No Image	תעודת זהות עם חותמתשל Jגדולה עליה ,שהוצאה					נרשם ב 28.03.2007-	כרטיס 1 מתוך 1	נילי דוידסון				אוסף שילוני		4106
G-F-0333	G.F.0333	לוי אלברט & מקס		"משפחה יהודית במלח""ע I"				העתק ,הדפסה	Copy, Printing	"30 דפים מודפסים באנגלית ,נשלחו בדוא""ל מארה""ב | מקרובת המשפחה ,יהודית לוי .זה פרק  10 מתוך ספר | שהנ""ל )ככל הנראה( כתבה. | קטגוריות: | .1 ביוגרפיות | .2 מכתבים | .3 קהילות | .4 מלח""ע I"			No Image	"תיאור תקופת מלח""ע Iעפ""י התכתבות בין האב המגויס"					נרשם ב 24.04.2007-	כרטיס 1 מתוך 1	נילי דוידסון				",Judith Naomi Leviארה""ב ,בתו של מקס ,נכדתו של"		4108,4109
G-F-0334	G.F.0334	רוזנברגר מלוינה	Rosenberger Malvine					מקור	Original	מעיזבון מלוינה / מינה / מיני רוזנברגר נספתה בשואה ,אמו | של יוסף רביב )פרנץ רוזנברגר( ,נפטר באוגוסט .2006 | יוסף רביב עבד במאפית קיבוץ דורות. | לאו רוזנברג היה אביו של יוסף .לאו היה סוכן נוסע מטעם | בית חרושת לשטיחים בברסלאו. | קטגוריות: | .1 מנהגים | .2 פרסומים * ראה עיתון			No Image	-ספר אזכרות ואבל Jahrzeits und Trauer-Andachtsbuch					נרשם ב 27.06.2007 ,13.05.2007-	כרטיס 1 מתוך 1	נילי דוידסון		2007.462 , 2007.454		רות רביב ,דורות		4123,4124
G-F-0335	G.F.0335	פינקוס לוטה	Pincus Lotte	תולדות משפחה				העתק ,הדפסה	Copy, Printing	קטגוריות: | .1 תולדות משפחה | .2 התיישבות | .3 פלשתינה | .4 ישראל			No Image	חוברת בעברית עם סיפור חייה של גב' לוטה פינקוס לבית					ב 20.05.2007-	כרטיס 1 מתוך 1	נילי דוידסון		2007.457		מיקי גולדויין ,ארגון יוצאי מרכז אירופה ,חיפה		4134
G-F-0336	G.F.0336	דיאמנט סילביה & פאול		"ספר בעברית ,שנכתב ע""י הבת רות אלון-דיאמנט"						קטגוריות: | .1 תולדות משפחה | .2 הרייך השלישי | .3 שואה | .4 תנועות נוער | .5 עליה | .6 התיישבות			No Image	רות אלון-דיאמנט כתבה את תולדות משפחת הוריה,				ביוגרפיות	נרשם ב 19.06.2007-	כרטיס 1 מתוך 1	נילי דוידסון		2007.461		רות אלון-דיאמנט ,הבת ,בית השיטה		4221
G-F-0337	G.F.0337	בר )שינדלר( חנה		תמונה				מקור	Original				No Image	-תמונה מליל סדר פסח שנת ,1917 בריסל.					נרשם ב 04.07.2007-	כרטיס 1 מתוך 1	נילי דוידסון		2007.465		חנה בר ,פסגת חן -חיפה		3461
G-F-0338	G.F.0338	"פסן רבי ד""ר פסן"	Pessen Rabbiner Dr. Eugen	שתי מזוודות						שתי מזוודות איתן עלתה משפחת פסן לארץ ב.1939- | המזוודות שמורות במחסן של רחל לזר. | בתיק מייל ששלח דוד פסן בנם של זוג ,מספר מעט על | הוריו.			No Image						נרשם ב 13.08.2007-	כרטיס 1 מתוך 1	נילי דוידסון		2007.460		פרופ' כראל )בן משפחה( ,סביון		4353
G-F-0339	G.F.0339	יומנים		יומן נסיעה של קבוצת נערים יהודים Die grosse Fahrt -	1922			מקור ,הדפסה	Original, Printing	קטגוריות: | .1 חינוך נוער ספורט | .2 אירגונים *בלאו-וייס			No Image	מחברת / יומן שכתב נער ב ,1922-שיחד עם עוד 4 נערים					נרשם ב 13.08.2007-	כרטיס 1 מתוך 1	נילי דוידסון						4354,4355
G-F-0340	G.F.0340	בר קתה		אמנות				מקור ,העתק	Original, Copy	מפאת מידות החומרים ,הוצא תיק גדול שאינו ניתן | לאיכסון במיכל ארכיון. | קתה בר בעזרת בעלה אלברט יצרה בובות תיאטרון איתן | הציגה את המחזות שבעלה והיא כתבו. | קטגוריות: | .1 אמנות  /ציור  /מחזות )ראה תסקית( אדריכלות-באוהאוז | .2 פריטים * 3 בובות עץ לתיאטרון בובות | .2 כתיבה אישית *כתיבתו של אלברט בר ,מחזה וחרוזים.			No Image	2 -תחריטים )שחור / לבן( מקוריים מ 1929-חתומים -קשה					נרשם ב 20.08.2007-	כרטיס 1 מתוך 1	נילי דוידסון		2007.475 & 2007.470		מיכל דרור הנכדה ,כפר ורדים & רחל פלאות ,טבעון	02.10.2007 רחל פלאות ,טבעון ,הביאה חומרים שהיו ברשותה מחברתה רחל דרור )נפטרה ב (2007-הבת של קתה בר	4383,4384
G-F-0341-1	G.F. 0341 / 1	פייגה רודולף	Feige Rudolf	דאונים & מטאורוגיה				מקור ,העתק	Original, Copy	"ד""ר רודולף פייגה יליד ,1889 ברסלאו הגיע לארץ ב 1935- | למכביה ה , II-במשלחת של  21 טייסי דאונים  -הפעם | הראשונה והאחרונה שדיסציפלינה זאת היתה מיוצגת | במכביה .בנו ,יהויכין יליד  1929 מספר שהכל תוכנן כדי | שהטייסים היהודים יוכלו לעזוב את אירופה בלי בעיות | מצד השלטון הנאצי. | רודולף נפל בירושלים במלחמת השחרור .רודולף היה | טייס ,מדריך טיס ,מטאורולוג. | בברסלאו ,טרם עלייתו לארץ ניהל את האובסרבטוריון ב- | Breslau-Krietern | קטגוריות: | .1 חינוך | .2 נוער | .3 ספורט | .4 מדעים | .5 כתיבה אישית *שיר ליום הולדת | .6 פריטים *קנקן בירה ,אוסף ""בולי משרד"" | .7 תמונות | .8 תעופה"			No Image	-תמונות של בית המשפחה בברסלאו ששימש גם					נרשם ב 13.08.2007-	כרטיס 1 מתוך	נילי דוידסון		2007.484 & 2007.469		יהויכין פייגה ,הבן & רז פלג ,הנכד ,רעות	רישום התרומה וההסכם תרומה נעשו מול רז פלג .יהויכין פייגה עוזב את הארץ. | -הסכם תרומה חתום 18.9.07 ,	4356,4357,4358
G-F-0341-10	G.F. 0341 / 10	פייגה רודולף	Feige Rudolf	מזג אויר ומטאורולוגיה בפלשתינה				מקור ,העתק	Original, Copy	החומרים בתיק זה מצוינים בקטלוג י .פייגה במספר .3 | קטגוריות: | .1 מדעים *מטאורולוגיה ואקלים			No Image	הנושאים:					נרשם ב 12.09.2010-	כרטיס 10 מתוך	נילי דוידסון		2010.646		רז פלג ,הנכד ,רעות	"תיקים G.F. 0341 / 8 עד G.F. 0341 / 26 הופקדו בארכיון אחרי שמוינו ע""י יהויכין פייגה ,בנו של ד""ר רודולף פייגה וסומנו במספרים 1 עד .19 על כל תיק יש דף פירוט בגרמנית / אנגלית | של החומרים בתוך התיק. | ראה תרגום החומרים לעברית ב""-נושא מורחב"""	6781,6782
G-F-0341-11	G.F. 0341 / 11	פייגה רודולף	Feige Rudolf	ארגון המטאורולוגיה הבינלאומי & מטאורולוגיה חקלאית				מקור ,העתק	Original, Copy	"החומרים בתיק זה מצוינים בקטלוג י .פייגה במספר .4 | החומר בתיק נאסף בועידות/כנסים של הארגון | המטאורולוגי הבינלאומי  -המחלקה למטאורולוגיה | חקלאית .1947 ,כתוב אנגלית ,הדפסה. | החומרים בתיק הושארו בקבצים ממוספרים כפי שמיין | ומספר אותם יהויכין פייגה ,בנו של רודולף פייגה ,סה""כ | 28 קבצים. | קטגוריות: | .1 מדעים *מטאורולוגיה ומטאורולוגיה חקלאית"			No Image	בין היתר ניתן למצוא בתיק:					נרשם ב 14.09.2010-		נילי דוידסון		2010.646		רז פלג ,הנכד ,רעות	"תיקים G.F. 0341 / 8 עד G.F. 0341 / 26 הופקדו בארכיון אחרי שמוינו ע""י יהויכין פייגה ,בנו של ד""ר רודולף פייגה וסומנו במספרים 1 עד .19 על כל תיק יש דף פירוט בגרמנית / אנגלית של | החומרים בתוך התיק. | ראה תרגום החומרים לעברית ב""-נושא מורחב"""	6783,6784
G-F-0341-12	G.F. 0341 / 12	פייגה רודולף	Feige Rudolf	"מאמרים של ד""ר רודולף פייגה"				מקור ,העתק	Original, Copy	החומרים בתיק זה מצוינים בקטלוג י .פייגה במספר .5 | המאמרים נכתבו בשנים  1923-1928 עת ניהל את | האובסרבטוריון בBreslau-Krietern- | קטגוריות: | .1 מדעים *מטאורולוגיה ,אקלים | .2 שירה *מסמך מס 18 . | .3 פרסומים *מסמך מס 6 . | .4 פלשתינה *מסמך מס 12.			No Image	רשימת המאמרים של רודולף פייגה )בשפה בה נכתבו,					14.09.2010-נרשם ב	מתוך 12 כרטיס	נילי דוידסון		2010.646		רעות, הנכד,רז פלג	"אנגלית של / על כל תיק יש דף פירוט בגרמנית.19 עד 1 בנו של ד""ר רודולף פייגה במספרים, הופקדו בארכיון אחרי שמוינו ע""י יהויכין פייגהG.F. 0341 / 26 עדG.F. 0341 / 8 תיקים | .החומרים בתוך התיק | 7473  מתוך 6786 עמוד"	6785,6786
G-F-0341-13	G.F. 0341 / 13	פייגה רודולף	Feige Rudolf	כתיבה בנושא מטאורולוגיה ואקלים				מקור ,העתק	Original, Copy	החומרים בתיק זה מצוינים בקטלוג י .פייגה במספר .6 | לתיק זה ציין יהויכין פייגה  19-1 מסמכים/נושאים | אך ,בתיק מצואים רק  3-11 מסמכים/נושאים. | מרבית המסמכים הם צילומים של המקור. | קטגוריות: | .1 מדעים *מטאורולוגיה ,אקלים			No Image	מספור המסמכים נאמן לרשימתו של יהויכין פייגה					נרשם ב 21.09.2010-	כרטיס 13 מתוך	נילי דוידסון		2010.646		רז פלג ,הנכד ,רעות	"תיקים G.F. 0341 / 8 עד G.F. 0341 / 26 הופקדו בארכיון אחרי שמוינו ע""י יהויכין פייגה ,בנו של ד""ר רודולף פייגה במספרים 1 עד .19 על כל תיק יש דף פירוט בגרמנית / אנגלית של | החומרים בתוך התיק."	6787,6788
G-F-0341-14	G.F. 0341 / 14	פייגה רודולף	Feige Rudolf	מאמרים ונאומים				מקור ,העתק	Original, Copy	החומרים בתיק זה מצוינים בקטלוג י .פייגה במספר .7 | קטגוריות: | .1 מדעים *מטאורולוגיה ,אקלים			No Image	מתוך 6 מסמכים רשומים על דף הקטלוג שמצורף לתיק,					נרשם ב 21.09.2010-	כרטיס 14 מתוך	נילי דוידסון		2010.646		רז פלג ,הנכד ,רעות	"תיקים G.F. 0341 / 8 עד G.F. 0341 / 26 הופקדו בארכיון אחרי שמוינו ע""י יהויכין פייגה ,בנו של ד""ר רודולף פייגה במספרים 1 עד .19 על כל תיק יש דף פירוט בגרמנית / אנגלית של | החומרים בתוך התיק."	6789,6790
G-F-0341-15	G.F. 0341 / 15	פייגה רודולף	Feige Rudolf	צילומי פרקים ומאמרים מתוך ספרים				מקור ,העתק	Original, Copy	החומרים בתיק זה מצוינים בקטלוג י .פייגה במספר .8 | המסמכים ממוספרים על דף הקטלוג של יהויכין פייגה ב- | .19-36 | קטגוריות: | .1 מדעים *מטאורולוגיה ואקלים *בוטניקה | .2 חקלאות			No Image	המספרים הרשומים מטה זהים למספרים שעל דף					נרשם ב 21.09.2010-	כרטיס 15 מתוך	נילי דוידסון		2010.646		רז פלג ,הנכד ,רעות	"תיקים G.F. 0341 / 8 עד G.F. 0341 / 26 הופקדו בארכיון אחרי שמוינו ע""י יהויכין פייגה ,בנו של ד""ר רודולף פייגה במספרים 1 עד .19 על כל תיק יש דף פירוט בגרמנית / אנגלית של | החומרים בתוך התיק."	6791,6792,6793
G-F-0341-16	G.F. 0341 / 16	פייגה רודולף	Feige Rudolf	חיפוש מקום עבודה מחוץ לגרמניה & היאוש הגדול של						החומרים בתיק זה מצוינים בקטלוג י .פייגה במספר .9 | קטגוריות: | .1 אירגונים *אירגון עזרה של יהודי גרמניה *איגוד | החירום של מדענים מפוטרים | .2 מדעים *צילום *מטאורולוגית דאונים | .3 הרייך השלישי *פיטורים מעבודה  +קשים במציאת | עבודה *הקושי לעזוב את גרמניה  1938/39 התכתבות | ריכרד פייגה.			No Image	-התכתבות של מרתה פייגה ,אלמנת רודולף פייגה,					נרשם ב 03.11.2010 & 02.11-	כרטיס 16 מתוך	נילי דוידסון		2010.646		רז פלג ,הנכד ,רעות	"תיקים G.F. 0341 / 8 עד G.F. 0341 / 26 הופקדו בארכיון אחרי שמוינו ע""י יהויכין פייגה ,בנו של ד""ר רודולף פייגה במספרים 1 עד .19 על כל תיק יש דף פירוט בגרמנית / אנגלית של | החומרים בתוך התיק."	6817,6818,6819,6820
G-F-0341-17	G.F. 0341 / 17	פייגה רודולף	Feige Rudolf	פרסומים בגרמנית				מקור	Original	החומרים בתיק זה מצוינים בקטלוג י .פייגה במספר .10 | קטגוריות:			No Image	4 חוברות בגרמנית )המדבקות על כריכת החוברת מעשה			0		נרשם ב 03.11.2010-	כרטיס 17 מתוך	נילי דוידסון		2010.646		רז פלג ,הנכד ,רעות	"תיקים G.F. 0341 / 8 עד G.F. 0341 / 26 הופקדו בארכיון אחרי שמוינו ע""י יהויכין פייגה ,בנו של ד""ר רודולף פייגה במספרים 1 עד .19 על כל תיק יש דף פירוט בגרמנית / אנגלית של | החומרים בתוך התיק."	6821,6822
G-F-0341-18	G.F. 0341 / 18	פייגה רודולף	Feige Rudolf	מטאורולוגיה				מקור ,העתק	Original, Copy	החומרים בתיק זה מצוינים בקטלוג י .פייגה במספר .11 | קטגוריות: | .1 מדעים *מטאורולוגיה *אקלים			No Image	האוסף בתיק הושאר כפי שמר יהויכין פייגה סדר אותו.					נרשם ב 14.11.2010-		נילי דוידסון		2010.646		רז פלג ,הנכד ,רעות	"תיקים G.F. 0341 / 8 עד G.F. 0341 / 26 הופקדו בארכיון אחרי שמוינו ע""י יהויכין פייגה ,בנו של ד""ר רודולף פייגה במספרים 1 עד .19 על כל תיק יש דף פירוט בגרמנית / אנגלית של | החומרים בתוך התיק."	6823,6824
G-F-0341-19	G.F. 0341 / 19	פייגה רודולף	Feige Rudolf	מטאורולוגיה				מקור ,העתק	Original, Copy	החומרים בתיק זה מצוינים בקטלוג י .פייגה במספר .12 | קטגוריות: | .1 מדעים *מטאורולוגיה *אקלים			No Image	האוסף בתיק הושאר כפי שמר יהויכין פייגה סדר אותו.					נרשם ב 14.11.2010-		נילי דוידסון		2010.646		רז פלג ,הנכד ,רעות	"תיקים G.F. 0341 / 8 עד G.F. 0341 / 26 הופקדו בארכיון אחרי שמוינו ע""י יהויכין פייגה ,בנו של ד""ר רודולף פייגה במספרים 1 עד .19 על כל תיק יש דף פירוט בגרמנית / אנגלית של | החומרים בתוך התיק."	6825,6826
G-F-0341-2	G.F. 0341 / 2	פייגה רודולף	Feige Rudolf	תמונות & דאונים				מקור	Original	תמונות מודבקות על גבי דפים / קרטון | קטגוריות: | .1 תמונות | .2 תעופה *דאונים | .3 ספורט *מכביה II | .4 ארץ ישראל			No Image	נושאי התמונות:					נרשם ב 14.04.2010-	כרטיס 2 מתוך	נילי דוידסון		2010.618		רז פלד ,הנכד ,רעות		6516,6517
G-F-0341-20	G.F. 0341 / 20	פייגה רודולף	Feige Rudolf	מטאורולוגיה				מקור ,העתק	Original, Copy	החומרים בתיק זה מצוינים בקטלוג י .פייגה במספר .13 | קטגוריות: | .1 מדעים *אקלים ובני אדם			No Image	האוסף בתיק הושאר כפי שמר יהויכין פייגה סדר אותו.					נרשם ב 14.11.2010-		נילי דוידסון		2010.646		רז פלג ,הנכד ,רעות	"תיקים G.F. 0341 / 8 עד G.F. 0341 / 26 הופקדו בארכיון אחרי שמוינו ע""י יהויכין פייגה ,בנו של ד""ר רודולף פייגה במספרים 1 עד .19 על כל תיק יש דף פירוט בגרמנית / אנגלית של"	6827,6828
G-F-0341-21	G.F. 0341 / 21	פייגה רודולף	Feige Rudolf	מים				מקור	Original	החומרים בתיק זה מצוינים בקטלוג י .פייגה במספר .14 | קטגוריות: | .1 מדעים *לנושא המים			No Image	האוסף בתיק הושאר כפי שמר יהויכין פייגה סדר אותו.					נרשם ב 14.11.2010-	נילי דוידסון			2010.646		רז פלג ,הנכד ,רעות	"תיקים G.F. 0341 / 8 עד G.F. 0341 / 26 הופקדו בארכיון אחרי שמוינו ע""י יהויכין פייגה ,בנו של ד""ר רודולף פייגה במספרים 1 עד .19 על כל תיק יש דף פירוט בגרמנית / אנגלית של | החומרים בתוך התיק."	6829,6830
G-F-0341-22	G.F. 0341 / 22	פייגה רודולף	Feige Rudolf	מטאורולוגיה				מקור ,העתק	Original, Copy	החומרים בתיק זה מצוינים בקטלוג י .פייגה במספר .15 | קטגוריות: | .1 מדעים *מטאורולוגיה *אקלים			No Image	האוסף בתיק הושאר כפי שמר יהויכין פייגה סדר אותו.					נרשם ב 14.11.2010-		נילי דוידסון		2010.646		רז פלג ,הנכד ,רעות	"תיקים G.F. 0341 / 8 עד G.F. 0341 / 26 הופקדו בארכיון אחרי שמוינו ע""י יהויכין פייגה ,בנו של ד""ר רודולף פייגה במספרים 1 עד .19 על כל תיק יש דף פירוט בגרמנית / אנגלית של | החומרים בתוך התיק."	6831,6832
G-F-0341-23	G.F. 0341 / 23	פייגה רודולף	Feige Rudolf	הקשר בין אקלים וארכיטקטורה בארץ ישראל				מקור ,העתק	Original, Copy	החומרים בתיק זה מצוינים בקטלוג י .פייגה במספר .16 | קטגוריות: | .1 מדעים *אקלים | .2 ארץ ישראל *הקשר בין אקלים וארכיטקטורה בארץ | ישראל			No Image	האוסף בתיק הושאר כפי שמר יהויכין פייגה סדר אותו.					נרשם ב 14.11.2010-		נילי דוידסון		2010.646		רז פלג ,הנכד ,רעות	"תיקים G.F. 0341 / 8 עד G.F. 0341 / 26 הופקדו בארכיון אחרי שמוינו ע""י יהויכין פייגה ,בנו של ד""ר רודולף פייגה במספרים 1 עד .19 על כל תיק יש דף פירוט בגרמנית / אנגלית של | החומרים בתוך התיק."	6833,6834
G-F-0341-24	G.F. 0341 / 24	פייגה רודולף	Feige Rudolf	מנוסקריפט לספר בנושא אקלים				מקור ,העתק	Original, Copy	החומרים בתיק זה מצוינים בקטלוג י .פייגה במספר .17 | קטגוריות: | .1 מדעים *אקלים			No Image	האוסף בתיק הושאר כפי שמר יהויכין פייגה סדר אותו.									2010.646		רז פלג ,הנכד ,רעות	"תיקים G.F. 0341 / 8 עד G.F. 0341 / 26 הופקדו בארכיון אחרי שמוינו ע""י יהויכין פייגה ,בנו של ד""ר רודולף פייגה במספרים 1 עד .19 על כל תיק יש דף פירוט בגרמנית / אנגלית של | החומרים בתוך התיק."	6835,6836
G-F-0341-25	G.F. 0341 / 25	פייגה רודולף	Feige Rudolf	אקלים				מקור ,העתק	Original, Copy	החומרים בתיק זה מצוינים בקטלוג י .פייגה במספר .18 | קטגוריות: | .1 מדעים *אקלים			No Image	האוסף בתיק הושאר כפי שמר יהויכין פייגה סדר אותו.					נרשם ב 14.11.2010-		נילי דוידסון		2010.646		רז פלג ,הנכד ,רעות	"תיקים G.F. 0341 / 8 עד G.F. 0341 / 26 הופקדו בארכיון אחרי שמוינו ע""י יהויכין פייגה ,בנו של ד""ר רודולף פייגה במספרים 1 עד .19 על כל תיק יש דף פירוט בגרמנית / אנגלית של | החומרים בתוך התיק."	6837,6838
G-F-0341-26	G.F. 0341 / 26	פייגה רודולף	Feige Rudolf	"ספרים )נתנו בהשאלה ע""י התורם ,ראה ציון בתיק("						החומרים בתיק זה מצוינים בקטלוג י .פייגה במספר .19 | קטגוריות: | 1			No Image	הספרים חסרים לעת עתה					נרשם ב 14.11.2010-		נילי דוידסון		2010.646		רז פלג ,הנכד ,רעות	"תיקים G.F. 0341 / 8 עד G.F. 0341 / 26 הופקדו בארכיון אחרי שמוינו ע""י יהויכין פייגה ,בנו של ד""ר רודולף פייגה במספרים 1 עד .19 על כל תיק יש דף פירוט בגרמנית / אנגלית של | החומרים בתוך התיק."	6839
G-F-0341-27	G.F. 0341 / 27	פייגה רודולף	Feige Rudolf	אלבום לציון הקמתו של שדה התעופה האזרחי בלוד				מקור	Original	קטגוריות: | .1 שירה | .2 אמנות *ציור  /קריקטורות		לא ידוע מי כתב ומי צייר .הכתיבה והציורים	No Image	אלבום עם שירים / כתיבה הומוריסטית בגרמנית בליווי					נרשם ב 14.11.2010-		נילי דוידסון		2010.646		רז פלג ,הנכד ,רעות		6842
G-F-0341-28	G.F. 0341 / 28	פייגה רודולף	Feige Rudolf	קטלוג שהכין יהויכין פייגה						מר יהויכין פייגה הדפיס קטלוג לחומר שאגר בתיקיות | שמספרן  .1-9 חומר זה נאגר בארכיון ובתוכנת הארכיון | בתיקים: | G.F. 0341 /8 עד G.F. 0341 /26			No Image						נרשם ב 14.11.2010-		נילי דוידסון		2010.646		רז פלג ,הנכד ,רעות		6840,6841
G-F-0341-3	G.F. 0341 / 3	פייגה רודולף	Feige Rudolf	תקליטור ,קורות חיים						תמונות ומסמכים צרובים על תקליטור. | קטגוריות: | .1 ביוגרפיות | .2 ספורט *דאונים | .3 תעופה *דאונים | .4 מדעים *מטאורולוגיה			No Image	התוכן בתקליטור:					נרשם ב 14.04.2010-	כרטיס 3 מתוך	נילי דוידסון		2010.618		רז פלג ,הנכד ,רעות		6518,6519
G-F-0341-4	G.F. 0341 / 4	פייגה רודולף	Feige Rudolf	דאונים & מטאורולוגיה & קלוב תעופה בישראל				מקור ,העתק	Original, Copy	החומר בתיק מחולק לשלושה נושאים: | .1 דאונים  .2 מטאורולוגיה  .3 הקלוב הארצישראלי | לתעופה. | קטגוריות: | .1 תעופה | .2 ספורט *הקלוב הארצישראלי לתעופה | .3 מדעים *מטאורולוגיה			No Image	-דאונים :בנייתם ,מימונם ,הצוותים והתכנית להטסתם					נרשם ב 14.04.2010-	כרטיס 4 מתוך	נילי דוידסון		2010.618		רז פלג ,הנכד ,רעות		6520,6521
G-F-0341-5	G.F. 0341 / 5	פייגה רודולף	Feige Rudolf	התכתבות ,דאונים				מקור	Original	קטגוריות: | .1 עזרה הדדית			No Image	"ד""ר רודולף פייגה מתכתב עם אנשים שונים בין היתר:"					נרשם ב 14.04.2010-	כרטיס 5 מתוך	נילי דוידסון		2010.618		רז פלג ,הנכד ,רעות		6522,6523
G-F-0341-6	G.F. 0341 / 6	פייגה רודולף	Feige Rudolf	מסמכים ממחלקת התעופה בנושאי מטאורולוגיה ,שנת						"מסמכים ,שהיו שמורים באוניברסיטת תל אביב ושנשלחו | לארכיון כאן ,עפ""י בקשתו של יהויכין פייגה ,חי כעת | בגרמניה. | קטגוריות: | .1 מדעים *מטאורולוגיה *תעופה"			No Image	לקראת סיום המנדט האנגלי בארץ ישראל מתארגנים					נרשם ב 15.07.2010-	כרטיס 6 מתוך	נילי דוידסון		2010.637		"פרופ' אורי ינון ,אוניברסיטת תל אביב ,עפ""י בקשת יהויכין"	"החומר נשלח עפ""י בקשתו של יהויכין פייגה ,גרמניה ,הבן של ד""ר רודולף פייגה. | החומר היה שמור בתיק עם הכתובת אוניברסיטת תל אביב ,הועבר לתיק הארכיון כאן ,ללא ברזלים. | מכתב מלווה לחומר ,ראה תיק התכתבות .2010"	6754,6755
G-F-0341-7	G.F. 0341 / 7	פייגה רודולף	Feige Rudolf	תעופה ומטאורולוגיה				מקור ,העתק	Original, Copy	קטגוריות: | .1 תעופה *אזרחית בתקופת המנדט הבריטי | .2 מדעים *מטאורולוגיה ,הכנות לחקר ובניית תחנות | מטאורולוגיות בפלשתינה | .3 עלייה *קורות חיים של מומחי תעופה | .4 מסחר *בעיות ביצוא פרי הדר באניות | .5 פרסומים *עיתון ,חוברת ממשלת המנדט הבריטי			No Image	-תרגום לגרמנית של מאמר שהופיע בעיתון הארץ ב-					נרשם ב 12.09.2010 & 07.09.2010 -	כרטיס 7 מתוך	נילי דוידסון		2010.638		"פרופ' אורי ינון ,אוניברסיטת תל אביב ,עפ""י בקשת יהויכין"		6773,6774,6775
G-F-0341-8	G.F. 0341 / 8	פייגה רודולף	Feige Rudolf	מטאורולוגיה				מקור ,העתק	Original, Copy	החומרים בתיק זה מצוינים בקטלוג י .פייגה במספר .1 | קטגוריות: | .1 פרסומים *חוברת מדעית טכנית | .2 מטאורולוגיה			No Image	-חוברת מדעית Die Umschau -in Wissenschaft und					נרשם ב 12.09.2010-	כרטיס 8 מתוך	נילי דוידסון		2010.646		רז פלג ,הנכד ,רעות	"תיקים G.F. 0341 / 8 עד G.F. 0341 / 26 הופקדו בארכיון אחרי שמוינו ע""י יהויכין פייגה ,בנו של ד""ר רודולף פייגה וסומנו במספרים 1 עד .19 על כל תיק יש דף פירוט בגרמנית / אנגלית של | החומרים בתוך התיק. | ראה תרגום החומרים לעברית ב""-נושא מורחב"""	6777,6778
G-F-0341-9	G.F. 0341 / 9	פייגה רודולף	Feige Rudolf	"ד""ר פרומן ופרופ' פיקרד Dr .Vroman und Prof .Picard"				מקור ,העתק	Original, Copy	החומרים בתיק זה מצוינים בקטלוג י .פייגה במספר .2 | קטגוריות: | .1 מדעים *חשמל באטמוספירה ,מטאורולוגיה ,התהוות | אבק באטמוספירה.			No Image	הנושאים:					נרשם ב 12.09.2010-	כרטיס 9 מתוך	נילי דוידסון		2010.646		רז פלג ,הנכד ,רעות	"תיקים G.F. 0341 / 8 עד G.F. 0341 / 26 הופקדו בארכיון אחרי שמוינו ע""י יהויכין פייגה ,בנו של ד""ר רודולף פייגה וסומנו במספרים 1 עד .19 על כל תיק יש דף פירוט בגרמנית / אנגלית של | החומרים בתוך התיק. | ראה תרגום החומרים לעברית ב""-נושא מורחב"""	6779,6780
G-F-0342-1	G.F. 0342 / 1	פליישר קורט	Fleischer Kurt	יומן מלחמת עולם I				העתק ,הדפסה	Copy, Printing	"חוברת שערך התורם לזכרו של סבו ,הרופא | ד""ר קורט פליישר ,1881-1944 ,יליד דרזדן. | קטגוריות: | .1 מלח""ע I"			No Image	היומן מתועד בחוברת בשלושה אופנים:					נרשם ב 24.10.2007-	כרטיס 1 מתוך 1	נילי דוידסון		2008.552 & 2007.480	10.05.2012 & 09.11.2008 & 20.10.2007	רוני דותן ,הנכד ,תל אביב	"הסכם תרומה נחתם ב 28.5.2012- | התוספת לתיק משנת  2008 נתרמה ע""י אסתר אוריון. | ההפקדה משנת  2012 נעשתה ע""י רוני דותן מס .הפקדה 2012.736"	4527,4528
G-F-0342-2	G.F. 0342 / 2	פליישר קורט	Fleischer Kurt	האחיות לינה וארנה פרידלנדר				העתק	Copy	"רוני דותן חקר את גורל אחיותיה ,של סבתו ,יוליה | פרידלנדר  Julia Friedländerילידת  ,1892-1973 שנספו | בשואה. | האחיות  Linaלינה  1890-1941 ו Erna-ארנה 1894-1942 | לא נישאו מעולם .השתיים נרצחו בריגה. | יוליה נישאה לד""ר קורט פליישר )ראה תיק / G.F.0342 | .(1 | קטגוריות: | .1 הנצחה | .2 הרייך השלישי | .3 שואה | .4 יחסי יהודים & גרמנים *התייחסות רוני דותן לנושא"			No Image	תיק עם צילומי מסמכי ,שרוני דותן צילם ואסף בעת					נרשם ב 17.05.2012 & 15.05.2012-	כרטיס 2 מתוך 2	נילי דוידסון		2012.736		רוני דותן ,הנכד ,תל אביב		7234,7235
G-F-0343	G.F.0343	לביא יעקב	Lavy Jaacov	חיבור באנגליתAbout Jaacov and Alisa Lavy)Leo and :	Ilse Klein			העתק ,הדפסה	Copy, Printing	"החומר נשלח בדוא""ל ע""י הבן | קטגוריות: | .1 תולדות משפחה | .2 מדעים *כתיבת מילון עברי-גרמני ,גרמני-עברי"			No Image	הבן אורי כתב על הוריו ) 3 עמ'( וצרף מספר תמונות.					נרשם ב 30.10.2007 -	כרטיס 1 מתוך 1	נילי דוידסון		2007.481		אורי לביא ,הבן ,הולנד	"החומר נשלח בדוא""ל | המשפחה מתועדת ביתר ""נפח"" במוזיאון של קרית ביאליק"	4529,4530
G-F-0344	G.F.0344	אפשטיין קורט	Epstein Kurt	חוברת מודפסת / יומן				העתק ,הדפסה ,תרגום לעברית	Copy, Printing, Translation to Hebrew	"הבן ,יורם אפשטיין ,תרגם מגרמנית לעברית את יומן אביו, | שהיה בין הגולים לאוסטרליה. | קטגוריות: | .1 הרייך השלישי | .2 מלח""ע II | .3 מחנות מעצר | .4 פעילות תרבותית *במחנות | Dr. Kurt Epstein"			No Image	"ד""ר קורט אפשטיין יליד ברסלאו ,רופא ,הגיע לאנגליה"					נרשם ב 02.12.2007-	כרטיס 1 מתוך 1	נילי דוידסון		2007.488		יורם אפשטיין ,הבן		4649,4650
G-F-0345	G.F.0345	גבע יוסף	Geva Josef	ביוגרפיה				הדפסה	Printing	חמישה עמודים כתובים עברית על פעילותו של איש | הצבא יוסף גבע  +תמונת דיוקן )צוצגת בתערוכת | המוזיאון(. | קטגוריות: | .1 קורות חיים | .2 צבא *בישראל			No Image						נרשם ב 12.12.2007-	כרטיס 1 מתוך 1	נילי דוידסון		2007.491		אילנה גבע ,רעיתו ,צהלה ,תל אביב	"התורמת שלחה את החומר שמתוכו נכתבה כתובית לצד התמונה -החומר מוצג בשולחן התצוגה ""צבא""."	4715
G-F-0346	G.F.0346	גדיש פלק	Gadish Falk	צילומי מאמרים				העתק	Copy	צילומי מאמרים מהעיתון Der Stürmerבהם כתבות על | העסק המשפחתי של הורי התורם | קטגוריות: | .1 הרייך השלישי | .2 אנטישמיות			No Image						נרשם ב 31.12.2007 -	כרטיס 1 מתוך 1	נילי דוידסון		2008.495		פלק גדיש ,תל אביב	"הנ""ל הפקיד 3 ספרים שנאספו מביתו | הסכם תרומה נחתם ב 04.04.2013-"	4784,4785
G-F-0347	G.F.0347	יעקב רות	Jakob Ruth							"רות )גרטרוד( יעקב לבית וכטל ,בעלה הוגו חיים יעקב, | מותיקי נהריה  -שותפים במאפיית ""זליג & יעקב"". | קטגוריות: | .1 תעודות אישיות"			No Image	-תעודת לידה של גרטרוד וכטל )רות יעקב( ילידת ,1919					נרשם ב 20.01.2008-	כרטיס 1 מתוך 1	נילי דוידסון		2009.557 & 2008.499		רות יעקב ,חיפה )מותיקי נהריה(		4786,4787
G-F-0348	G.F.0348	שטראוס לודויג	Strauss Ludwig	תמונת דיוקן של המשורר									No Image						נרשם ב 20.01.2008-	כרטיס 1 מתוך 1	נילי דוידסון		2008.500		בלה שטראוס ,הרעיה ,ירושלים	"הנ""ל הפקידה בספריית המוזיאון את כל כתבי בעלה ,לודויג שטראוס 5 -כרכים .מוקמו במדור שירה ''S"	4788
G-F-0349	G.F.0349	טכאואר אלכסנדר	Tachauer Alexander	"ספר ""ספר הבריתות"""						קטגוריות: | .1 מנהגים			No Image	פירסום יומנו של המוהל אלכסנדר טכאואר מנירברג					נרשם ב 20.01.2008-	כרטיס 1 מתוך 1	נילי דוידסון		2008.501		יעקב ,הבן ,ושרה טחובר ,ירושלים	הספר הועבר מלשכתו של סטף ורטהיימר -היה מיועד עבורו.	4798
G-F-0350	G.F.0350	היימנס ליאון	Heymans Lion					מקור ,העתק	Original, Copy	"קטגוריות: | .1 הרייך השלישי *מכתבו של ליאון היימנס לארה""ב | .2 תעודות אישיות | .3 תמונות"			No Image	-מכתב שליאון היימנס Lion Heymansכותב לקרובים					נרשם ב 21.01.2008-	כרטיס 1 מתוך 1	נילי דוידסון		2008.502		אלברט היימנס ,הבן ,חיפה	החומר התקבל בסוף ,2007 כל הרישומים +מכתב תודה נרשמו בינואר .2008 | הסכם תרומה חתום מרץ .2008	4799,4800
G-F-0351	G.F.0351	דן קטה	Dan Kaete	מאמר מודפס ,עברית & גרמנית				העתק ,הדפסה	Copy, Printing	תקציר מתוך עבודתה של דר' אינס זונדר | ,Dr .Ines Sonderברלין ,שכותבת את הביוגרפיה של | האדריכליט לוטה כהן. | אנגלית  7 עמודים ,עברית  5 עמודים. | קטגוריות: | .1 כלכלה | .2 פעילות תרבותית			No Image	המאמר מתייחס בעיקר לקטה דן ,חלוצת ענף המלונאות					נרשם ב 13.02.2008-	כרטיס 1 מתוך 1	נילי דוידסון				הועבר מרותי אופק		4925,4926
G-F-0352-1	G.F. 0352 / 1	מרכוס מקס	Marcus Max	תעודות השכלה מקצועית ,תעודות אישיות ,תעודות				מקור	Original	"פרופסור מקס מרכוס יליד 1892 בRees- | מאחר והחומר הועבר ע""י ""פלוני אלמוני"" אין אפשרות | לקבל מידע מעמיק ורחב על האיש מקס מרכוס .מידע | מהאינטרנט :פרופ .דר' מקס מרכוס היה רופא ראשי | כירורג בברלין .ב 1933-הוא סולק מתפקידיו בגלל יהדותו. | היגר לפלשתינה והקים בי""ס לכירורגיה )?(. | קטגוריות: | .1 רפואה *תעודות ואישורים בנושא רפואה | .2 פלשתינה *המנשר עם צלב הקרס שהופץ בארץ | ישראל | .3 הרייך השלישי *ראה לשכת הרופאים בברלין | .4 מנהגים *כתובה ,אישורי תרומה | .5 משפט *תעודות נוטריוניות למיניהן | .6 תעודות אישיות *תעודת התאזרחות"		-תעודות על עבודתו ותפקידיו של דר' מרכוס	No Image	-דף מודפס מהאינטרנט עם פרטים מינימליים על הרופא					נרשם ב 24.01.2008-	כרטיס 1 מתוך 3	נילי דוידסון		2008.503		באמצעות ארגון יוצאי מרכז אירופה	העיזבון הועבר אל רותי אופק מארגון יוצאי מרכז אירופה -אין פרטים מזהים נוספים	4801,4802,4803
G-F-0352-2	G.F. 0352 / 2	מרכוס מקס	Marcus Max	מכתבים ,אלבום תמונות ההפצצה על תל אביב				מקור	Original	"מתוכן התיק ניתן להבין את ההתלבטויות הקשות שהיו | לדר' מרכוס וחסר ההתלהבות להגר לארץ ישראל .גם | כאשר החליט לקבל משרה בתל אביב לא היה משוכנע | שהחליט נכון וחשב שאולי ההצעה בקהיר היתה טובה | יותר. | קטגוריות: | .1 ציונות | .2 התיישבות | .3 ההכשרה | .4 הגירה | .5 אירגונים *בית""ר | .6 שירה *שיר גוסטב קרויאנקר | .7 קורות חיים | .8 מנהגים *מכתבי תודה ומתן תשורה | .9 עזרה הדדית *בקשה לתרומה ,צפת | .10 מלחמןת ישראל *אלבום תמונות ,ההרס בתל אביב, | מלחמת השחרור"			No Image	-מכתב שכותב מקס מרכוס אל הקונסוליה הגרמנית					נרשם ב 24 / 27.01.2008-	כרטיס 2 מתוך 3	נילי דוידסון		2008.503		באמצעות ארגון יוצאי מרכז אירופה	העיזבון הועבר אל רותי אופק מארגון יוצאי מרכז אירופה -אין פרטים מזהים נוספים	4836,4837,4838
G-F-0352-3	G.F. 0352 / 3	מרכוס מקס	Marcus Max	תמונות ,מאמרים				מקור ,העתק	Original, Copy	תמונות מתקופות שונות ללא תיעוד על גב התמונה. | קטגוריות: | -תמונות			No Image	-תמונות מאירועים חגיגיים רשמיים .דר' מרכוס מצולם					נרשם ב 27.01.2008-	כרטיס 3 מתוך 3	נילי דוידסון		2008.503		ערן בן-יוסף ,באמצעות ארגון יוצאי מרכז אירופה	העיזבון הועבר אל רותי אופק מארגון יוצאי מרכז אירופה -אין פרטים מזהים נוספים	4840,4841
G-F-0353	G.F.0353	שטרוק הרמן	Struck Hermann										No Image														6990
G-F-0353-1	G.F. 0353 / 1	שטרוק הרמן	Struck Hermann	התכתבות Correspondec +letters /				מקור	Original	"הרמן שטרוק 1876-1844 | הרעיה מלי לבית שטרייסנד ?-1889 | השניים נישאו ב ,1920-עלו לארץ ב 1924- | החומר בתוך התיק סודר ע""י באה שרוטנר Bea | ,Schröttnerהנ""ל עבדה על העיזבון בביתו של התורם, | מיקי ברנשטיין .לתיק מצורפים דפי הקטלוג שהנ""ל ערכה | באנגלית סה""כ  14 דפים .ההערות של באה ,מתוך דפי | הקטלוג שלה ,תורגמו לעברית )תרגמה גב' קרלה וולף( | נרשמו וצורפו לקובצי המכתבים .המכתבים בגרמנית | ואנגלית ,מעט בעברית. | קטגוריות: | )* הכונה אל מס .הרישום ב""נושא מורחב""( | .1 התכתבות | .2 הרייך השלישי *מכתב  * Bowen Eduardגרף פון | אופרנסטורף | .3 קהילות *אמיל כהן | .4 אמנות *לוביס קורינת* ,ארנסט הקל* ,למובסקי | .5 פוליטיקה *אלברט איינשטיין *פוקס הלן | *פולק מ. | .6 ארגונים *מזרחי | .7 הגירה *נטלר פרד * רייכנפלד | .8 אנטישמיות *הוגו שטרוק )לא משפחה( | .9 ארץ ישראל *אדוארד אלדן *ברטנובסקי | *לילי דאשה | .10 עזרה הדדית *פ .פולי* ,ויקטור קלנר* ,מיכאל לרמן, | *ז .אופנהיימר* ,מרגרטה פולק* ,אוסקר פולק* ,בנימין | זאואר | .11 הגירה *אדווין סמואל * ,קמילה זונבורן,"		-גרף פון אופרסדורף Graf von	No Image	מכתבים אל שטרוק ,עם ציון מספר הדף בקטלוג של					נרשם ב 10.02.2008 & 03 / 04.02.2008-	כרטיס 1 מתוך 51	נילי דוידסון		2007.496		מיקי ברנשטיין ,תל אביב	באה ציינה תיק זה בCorrespondec +letters-	4849,4850,4851,4852,4853,4854,4855
G-F-0353-10	G.F. 0353 / 10	שטרוק הרמן	Struck Hermann	מחצית שניה של שנות ה & 30-שנות ה 40-למאה ה 20-				מקור	Original	"קטגוריות: | .1 עליית נוער *מקוה ישראל *מכתב הנס בייט | .2 חינוך *מקוה ישראל  /ארגון מזרחי | .3 משפט *לכאורה חוב של שטרוק | .4 מסחר *קונים פוטנציאליים לאמנות שטרוק | .5 עזרה הדדית *מכתבי בקשות אל שטרוק* ,מכתבים | בנושא דר' רייכנפלד. | .6 הרייך השלישי *מכתבי שטרוק בקשר עם משפחתו | בגרמניה *מכתבי בקשות של אנשים במצוקה *תעודת | הוכרה על שרותו במלח""ע I"			\G.F.0353 10.jpg} is missingאוסף מסמכים\: {T:\backup\Tchelet_data\Rachel	-התכתבות בנושא :הבאתם של 50 ילדים ,פליטים,					נרשם ב 10.03.2008-	כרטיס 10 מתוך 51	נילי דוידסון		2007.496		מיקי ברנשטיין ,תל אביב	"תיק זה לא מוין / סודר ע""י באה .לכן אין דפי קטלוג באנגלית | -מהאינטרנט"" :החברה העברית לידע עם"" עמותה שכבר איננה נתמכת כספית )?("	4979,4980,4981,4982,4983
G-F-0353-11	G.F. 0353 / 11	שטרוק הרמן	Struck Hermann	"מלח""ע / Iהתכתבות אישית עם המשפחה"						"התיק סודר ע""י באה שרוטנר עם ציון שיש בו | 1-45 מסמכים .לתיק מצורף הקטלוג של באה שרוטנר, | באנגלית ,סה""כ  12 דפים. | לכל מכתב מצורף תקציר בעברית ,שתרגמה וכתבה | קרלה וולף )מתנדבת בארכיון(. | קטגוריות: | .1 צבא | .2 מלח""ע I | .3 מסורת | .4 מנהגים | .5 עזרה הדדית"			No Image	המכתבים מחולקים על פי השנים:					נרשם ב 15.03.2008-	כרטיס 11 מתוך 51	נילי דוידסון		2007.496		מיקי ברנשטיין ,תל אביב	"באה ציינה תיק זה בPrivate Correspondence - | with Family | מספור הפריטים ב""נושא מורחב"" תואם את המספור שבאה נתנה למסמכים בקטלוג ובתוך התיק."	4984,4985,4986,4987,4988,4989
G-F-0353-12	G.F. 0353 / 12	שטרוק הרמן	Struck Hermann	"מלח""ע / Iהתכתבות אחרת והתכתבות רשמית"				מקור	Original	"התיק סודר ע""י באה שרוטנר עם ציון שיש בו | 1-23 מסמכים .לתיק מצורף הקטלוג של באה שרוטנר, | באנגלית ,סה""כ  4 דפים. | לתיק צורפו מסמכים נוספים שהיו בתיפזורת  ,ללא קיטלוג | באה ,שמתייחסים לתקופת מלח""ע .I | קטגוריות: | .1 עזרה הדדית *מכתבים 20 ,15 ,13 , 5, 2 :"			No Image	.1 מכתב אל שטרוק מאת המפקדה העליונה של הצבא:					נרשם ב 01.04.2008 & 31.03.2008 -	כרטיס 12 מתוך 51	נילי דוידסון		2007.496		מיקי ברנשטיין ,תל אביב	"באה ציינה תיק זה ב- Other Correspondence - | Official Correspondence | מספור הפריטים ב""נושא מורחב"" תואם את המספור שבאה נתנה למסמכים בקטלוג ובתוך התיק."	5055,5056,5057,5058,5059
G-F-0353-13	G.F. 0353 / 13	שטרוק הרמן	Struck Hermann	"מלח""ע / Iמסמכים רשמיים פחות חשובים"						"התיק סודר ע""י באה שרוטנר עם ציון שיש בו | 1-60 מסמכים .לתיק מצורף הקטלוג של באה שרוטנר, | באנגלית ,סה""כ  2 דפים."			No Image	מסמכים / 1-23 באה ציינהMally war documents ,not :					נרשם ב 01.04.2008-	כרטיס 13 מתוך 51	נילי דוידסון		2007.496		מיקי ברנשטיין ,תל אביב	"באה ציינה תיק זה ב: - | Less important official documents | מספור הפריטים ב""נושא מורחב"" תואם את המספור שבאה נתנה למסמכים בקטלוג ובתוך התיק."	4990,4991,4992,4993,4994
G-F-0353-14	G.F. 0353 / 14	שטרוק הרמן	Struck Hermann	"מלח""ע / Iאמנות מלחמה War Art"						"התיק סודר ע""י באה שרוטנר עם ציון שיש בו | 1-42 מסמכים .לתיק מצורף הקטלוג של באה שרוטנר, | באנגלית ,סה""כ  4 דפים."			No Image	.1-24 גלויות )חלקן כפולות ומשולשות( עם העתקי					נרשם ב 02.04.2008-	כרטיס 14 מתוך 51	נילי דוידסון		2007.496		מיקי ברנשטיין ,תל אביב	"באה ציינה תיק זה בWar Art - | מספור הפריטים ב""נושא מורחב"" תואם את המספור שבאה נתנה למסמכים בקטלוג ובתוך התיק."	4995,4996,4997
G-F-0353-15	G.F. 0353 / 15	שטרוק הרמן	Struck Hermann	פוסטרים + Posters / מסמכים גדולים במימדיהם				מקור ,העתק	Original, Copy	"התיק גדול מאד -מאוכסן במחסן לאמנות. | התיק סודר ע""י באה שרוטנר עם ציון שיש בו | 1-11 מסמכים .לתיק מצורף הקטלוג של באה שרוטנר, | באנגלית ,סה""כ  1 דפים. | קטגוריות: | .1 עזרה הדדית *11* 8 | .2 צבא  /תעופה *2 | .3 פלשתינה  /חקלאות *7 | .4 מנהגים  /קק""ל *9"			No Image	בארכיון זה תיק )קטן( G.F. 0353 / 15 המכיל את סריקות					נרשם ב 03.04.2008-	כרטיס 15 מתוך 51	נילי דוידסון		2007.496		מיקי ברנשטיין ,תל אביב	"באה ציינה תיק זה ב .Posters -מפאת מימדיו ,אוכסנו בתיק מסמכים גדולים נוספים ששייכים לנושאים אחרים עפ""י הקטלוגים של באה. | מספור הפריטים ב""נושא מורחב"" תואם את המספור שבאה נתנה למסמכים בקטלוג ובתוך התיק."	4998,4999
G-F-0353-16	G.F. 0353 / 16	שטרוק הרמן	Struck Hermann	"ארה""ב USA1912 / 1912"				מקור ,העתק	Original, Copy	"התיק סודר ע""י באה שרוטנר .מסמכים 1-16 לתיק מצורף | הקטלוג של באה שרוטנר ,באנגלית ,סה""כ  4 דפים."			No Image	.1 שטרוק כותב מעל סיפון האניה Kaiserin Augusta					נרשם ב 08.04.2008 & 07.04.2008-	כרטיס 16 מתוך 51	נילי דוידסון		2007.496		מיקי ברנשטיין ,תל אביב	"באה ציינה תיק זה בUSA1912 - | מספור הפריטים ב""נושא מורחב"" תואם את המספור שבאה נתנה למסמכים בקטלוג ובתוך התיק."	5065,5066,5067
G-F-0353-17	G.F. 0353 / 17	שטרוק הרמן	Struck Hermann	"ארה""ב USA1913 / 1913"				מקור	Original	"התיק סודר ע""י באה שרוטנר .מסמכים 1-5 לתיק מצורף | הקטלוג של באה שרוטנר ,באנגלית ,סה""כ דף .1"			No Image	".1 גלויה ששטרוק שלח אל אמו מהמבורג בדרכו לארה""ב."					נרשם ב 03.06.2008-	כרטיס 17 מתוך 51	נילי דוידסון		2007.496		מיקי ברנשטיין ,תל אביב	"באה ציינה תיק זה בUSA1913 - | מספור הפריטים ב""נושא מורחב"" תואם את המספור שבאה נתנה למסמכים בקטלוג ובתוך התיק."	5124,5125
G-F-0353-18	G.F. 0353 / 18	שטרוק הרמן	Struck Hermann	"ארה""ב USA1928 / 1928"				מקור	Original	"התיק סודר ע""י באה שרוטנר .מסמכים 1-11 לתיק מצורף | הקטלוג של באה שרוטנר ,באנגלית ,סה""כ דף .1"			No Image	"בתיק זה שמורים מכתבים מתקופת נסיעתו לארה""ב ב-"					נרשם ב 03.06.2008-	כרטיס 18 מתוך 51	נילי דוידסון		2007.496		מיקי ברנשטיין ,תל אביב	"באה ציינה תיק זה בUSA1928 - | מספור הפריטים ב""נושא מורחב"" תואם את המספור שבאה נתנה למסמכים בקטלוג ובתוך התיק."	5213,5214
G-F-0353-19	G.F. 0353 / 19	שטרוק הרמן	Struck Hermann	הונגריה Hungary1914 /						"התיק סודר ע""י באה שרוטנר .מסמכים 1-12 לתיק מצורף | הקטלוג של באה שרוטנר ,באנגלית ,סה""כ דף .5"			No Image	.1 הזמנה לפתיחת תערוכת שטרוק בהונגריה ,כתובה					נרשם ב 22.06.2008-	כרטיס 19 מתוך 51	נילי דוידסון		2007.496		מיקי ברנשטיין ,תל אביב	"באה ציינה תיק זה בHungary1914 - | מספור הפריטים ב""נושא מורחב"" תואם את המספור שבאה נתנה למסמכים בקטלוג ובתוך התיק."	5126,5127
G-F-0353-2	G.F. 0353 / 2	שטרוק הרמן	Struck Hermann	מנוסקריפטים +חיבורים				מקור ,העתק ,הדפסה	Original, Copy, Printing	"התיק סודר ע""י באה שרוטנר עם ציון שיש בו 43 - 1 | מנוסקריפטים  44-47 +חיבורים .בתחילת התיק מצורף | הקטלוג של באה שרוטנר ,באנגלית ,סה""כ  5 דפים. | המנוסקריפטים מודפסים בשפה הגרמנית .המנוסקריפטים | מחולקים לנושאים עפ""י התוכן )ראה ב""נושא מורחב""(. | קטגוריות: | )* הכונה אל הרישום ב""נושא מורחב""( | .1 ציונות *מכתב אל ילדי ניו יורק ,על הרצל ,על אהבת | ארץ ישראל ,ראה נושא :הציונות הדתית | .2 אנטישמיות *על משפט בייליס ,גירוש האמנים מעליות | הגג. | .3 אמנות *על ליברמן ,ישראלס ,לסר אורי ,אמנות | סקנדינבית ,ראה נושא :אמנות יהודית ,ועוד. | .4 ארץ ישראל * מלאכת מחשבת יהודית  -חירם ,ועוד. | פעילות ""מזרחי"". | .5 חינוך *ראה מנוסקריפטים 37 + 36 + 35 | .6 מסורת *ראה מנוסקריפטים 41 + 40 | .7 כתיבה אישית | .8 תנועות נוער *המנוסקריפטים על ""מזרחי"". | .9 פלשתינה * ""הספר הלבן"" מנוסקריפט 43"			The file: {T:\backup\Tchelet_data\Rachel\GF0353 2.jpg} is missing	הנושא :מלחמת עולם ראשונה -מנוסקריפטים 1-3					נרשם ב 11.02-13.02.2008-	כרטיס 2 מתוך 51	נילי דוידסון		2007.496		מיקי ברנשטיין ,תל אביב	"מספור הפריטים ב""נושא מורחב"" תואם את המספור שבאה נתנה למסמכים בקטלוג ובתוך התיק. | באה ציינה תיק זה בManu-"	4888,4889,4890,4891,4892,4893,4894
G-F-0353-20	G.F. 0353 / 20	שטרוק הרמן	Struck Hermann	פלשתינה Palestine1903 /				מקור ,העתק ,הדפסה	Original, Copy, Printing	"התיק סודר ע""י באה שרוטנר עם ציון שיש בו | 0-14 מסמכים .לתיק מצורף הקטלוג של באה שרוטנר, | באנגלית ,סה""כ  5 דפים. | המכתבים  ; 7-9 ; 1-4 ו , 11-שנבחרו בגלל תוכנם, | הודפסו בשפת המקור וצורפו למכתבים האורגינלים. | קטגוריות: | .1 התכתבות | .2 פלשתינה | .3 ציונות | .4 מנהגים *דיווחי שטרוק על החיים באוריינט"			No Image	.0 מסמך לתמוך בשטרוק בעת ביקורו בפלשתינה.					נרשם ב 01.10.2008-	כרטיס 20 מתוך 51	נילי דוידסון		2007.496		מיקי ברנשטיין ,תל אביב	"מספור הפריטים ב""נושא מורחב"" תואם את המספור שבאה נתנה למסמכים בקטלוג ובתוך התיק. | באה ציינה תיק זה בPalestine1903 -"	5437,5438,5439,5440
G-F-0353-21	G.F. 0353 / 21	שטרוק הרמן	Struck Hermann	תמונות				מקור	Original	"במיכל תמונות ממוינות לפי נושאים ,בתיקים ובמעטפות | תוך ציון מספר ) 1-13 זהה למספר של הפירוט ב""נושא | מורחב""."			No Image	.1 תמונת הרמן שטרוק המת					נרשם ב 18.05.2008-	כרטיס 21 מתוך 51	נילי דוידסון		2007.496		מיקי ברנשטיין ,תל אביב		5128,5129
G-F-0353-22	G.F. 0353 / 22	שטרוק הרמן	Struck Hermann	תמונות דיוקן של הרמן שטרוק +פוסטר				מקור	Original	החומר בתיק זה גדול מימדים על כן אוחסן בתיק גדול | מימדים אשר אינו שמור במיכל.			No Image	-תמונות דיוקן של הרמן שטרוק					נרשם ב 18.05.2008-	כרטיס 22 מתוך 51	נילי דוידסון		2007.496		מיקי ברנשטיין ,תל אביב		5130,5131
G-F-0353-23	G.F. 0353 / 23	שטרוק הרמן	Struck Hermann	מכתבים אישיים / הקונגרסים הציונים						"התיק סודר ע""י באה שאוטנר .אין קטלוג. | קטגוריות: | .1 ציונות *המכתבים מהקונגרס הציוני בקרלסבד | Karlsbad | .2 פלשתינה *מכתבי מלי אל הרמן שטרוק"			No Image	4 -מכתבים שטרוק אל מלי ,רעייתו ,מהקונגרס הציוני ה-					25.06.2008 & 22.06.2008	כרטיס 23 מתוך 51	נילי דוידסון		2007.496		מיקי ברנשטיין ,תל אביב	באה ציינה את התיק ב:- | privat letters by Struck to Mally chronological order	5233,5234,5235
G-F-0353-24	G.F. 0353 / 24	שטרוק הרמן	Struck Hermann	מכתבים אל שטרוק / איחולים לימי הולדתו ה 50-וה 60-				מקור	Original	"התיק סודר ע""י באה שאוטנר .אין קטלוג. | קטגוריות: | .1 מנהגים *איחולים וברכות לים הולדת"			The file: {T:\backup\Tchelet_data\Rachel\GF0353 23.jpg} is missing	-מאת סמי גרונמן Sammy Gronemannברכות ליום					נרשם ביולי 2008	כרטיס 24 מתוך 51	נילי דוידסון		2007.496		מיקי ברנשטיין ,תל אביב	"התיק צוין ע""י באה: | Letters to Struck alphabetical order"	5320,5321,5322,5323
G-F-0353-25	G.F. 0353 / 25	שטרוק הרמן	Struck Hermann	מכתבים ומסמכים מגרמניה וישראל ) & (1873-1940 בית				מקור ,הדפסה ,תרגום לעברית	Original, Printing, Transletion to Hebrew	"בתיק מספר מסמכים מתקופת שהותו של שטרוק | באמריקה. | בתיק זה אוכסנו מסמכים שבאה רצתה למיין. | המיון בוצע ע""י נילי. | קטגוריות: | .1 התכתבות | .2 משפט *שטרוק נגד הכומר | .3 פלשתינה *הדר הכרמל* ,ביקור הזוג אולנברג, | *בחברת הנציב העליון | .4 עזרה הדדית *מכתבו של האח פליקס | .5 מנהגים *מאמר בהצופה | .6 ארגונים *מכתב שטרוק אל מגנס | .7 אמנות *תערוכת האמנות הגדולה בברלין | .8 המאה ה* 19-חיבור 1897 | .9 קהילה *מכתבו של אמיל שטרייסנד"			No Image	-גלויה ממלי שטרוק בג'נבה אל הכלבלב רולף (?) Rolf	אחיו של הרמן שטרוק .,בין היתר הוא כותב שאינו				נרשם ב.05.08.2008-	כרטיס 25 מתוך 51	נילי דוידסון		2007.496		מיקי ברנשטיין ,תל אביב	מידע מורחב להצטרפותו ,פעילותו והתפטרותו של אלברט איינשטיין בועדה הבינלאומית לשותפות עבודה מדעית ראה אתר אינטרנט: | http//:homepages.uni-tuebingen.de/gerd.simon/KruessundEinstein.pdf	5365,5366,5367,5368,5369,5370,5371,5372
G-F-0353-26	G.F. 0353 / 26	שטרוק הרמן	Struck Hermann	הרמן שטרוק מכתבים אל מלי & פעילות תרבותית &				מקור ,העתק	Original, Copy	אוסף מסמכים מעיזבון הרמן שטרוק ,סודר כאן בארכיון | המוזיאון. | קטגוריות: | .1 התכתבות | .2 הנצחה *המזרחי רוצים להנציח את שטרוק | .3 עליית הנוער *מכתב שטרוק אל הנס בייט | .4 תעודות אישיות *צוואת שטרוק )העתק( *תעודה | מזהה למלי שטרייסנד. | .5 משפט *מכתב א .ברט ,חלוקת עיזבון אביו של שטרוק.			No Image	-מכתב אל מלי מאת הדוויג & היינץ פחטר & Hedwig					22.12.2008 & 07.10.2008 & 05.10	כרטיס 26 מתוך 51	נילי דוידסון		2007.496		מיקי ברנשטיין ,תל אביב		5375,5376,5377,5378
G-F-0353-27	G.F. 0353 / 27	שטרוק הרמן	Struck Hermann	תורת הגזע ,מכתבים אל מלי מרביתם מכתבי תנחומים				מקור ,העתק	Original, Copy	"קטגוריות: | .1 אנטישמיות *דו""ח צולשן לתורת הגזע | .2 מנהגים * מכתבי תנחומים למלי שטרוק | .3 חינוך * מכתב דר' טהון בנושא החינוך הדתי | .4 תמונות *שטרוק עם הכנר הצרפתי | .5 פירסומים *המאמר על אדולף ברלינר | .6 אמנות *תמונת ""היהודי הזקן"""			No Image	"-העתק דו""ח בגרמנית ,שכתב דר' איגנץ צולשאן .Dr"					15.10.2008 & 07.10.2008	כרטיס 27 מתוך 51	נילי דוידסון		2007.496		מיקי ברנשטיין ,תל אביב		5479,5480,5481,5482,5483
G-F-0353-28	G.F. 0353 / 28	שטרוק הרמן	Struck Hermann	קטלוגים Catalogues /						"התיק סודר ע""י באה שרוטנר עם ציון שיש בו | 10- 1 מסמכים .לתיק מצורף הקטלוג של באה שרוטנר, | באנגלית ,סה""כ  1 דפים."			No Image	.1 מעטפה עליה טבוע חותמת ציור של שטרוק והכתובת					נרשם ב 02.12.2008 & 01.12.2008-	כרטיס 28 מתוך 51	נילי דוידסון		2007.496		מיקי ברנשטיין ,תל אביב	"מספור הפריטים ב""נושא מורחב"" תואם את המספור שבאה נתנה למסמכים בקטלוג ובתוך התיק. | באה ציינה תיק זה בCatalogues-"	5547,5548
G-F-0353-29	G.F. 0353 / 29	שטרוק הרמן	Struck Hermann	באה קראה לחומר :ללא שייכות Not entirely related /				מקור ,העתק	Original, Copy	"התיק סודר ע""י באה שרוטנר עם ציון שיש בו | 19- 1 מסמכים .לתיק מצורף הקטלוג של באה שרוטנר, | באנגלית ,סה""כ  5 דפים. | קטגוריות: | .1 מדעים * תנועת הצפרים * נוסחה להפיכת תאריכים | עבריים למוסלמים *תורת הקבוצים | .2 פלשתינה *""גיאוגרפיה ותרבות בפלשתינה"" *דוח | המשלחת המלכותית לפלשתינה. | .3 מנהגים *חוברות הספדים | .4 פוליטיקה *ארנסט יק מראיין את גמאל פשה | .5 אמנות *הפרסומים של ארגון חרטי הנחושת | .6 מכתבים *הרצל אל אמו *הנס מיזם על איינשטיין | .7 ציונות *חוברת הציונות הרויזיוניסטית | .8 שירה *השיר ""התקווה"" על כל תשעת הבתים והפזמון."		כן שתי הודעות / חדשות הארגון ,שנשלחו בדואר	No Image	.1 העתק מכתב ,שהנס מיהזם Hans Mühsamכתב					נרשם ב 08.12.2008 & 07.12.2008-	כרטיס 29 מתוך 51	נילי דוידסון		2007.496		מיקי ברנשטיין ,תל אביב	"מספור הפריטים ב""נושא מורחב"" תואם את המספור שבאה נתנה למסמכים בקטלוג ובתוך התיק. | באה ציינה תיק זה בNot entirely related -"	5556,5557,5558,5559
G-F-0353-3	G.F. 0353 / 3	שטרוק הרמן	Struck Hermann	מסמכים אישיים Personal documents ,artifacs /				מקור	Original	"התיק סודר ע""י באה שרוטנר עם ציון שיש בו | 1-29 מסמכים ותעודות אישיים 26-29 .מכתבים ממוספרים | בקטלוג באה בספרות .1-4 | לתיק מצורף הקטלוג של באה שרוטנר ,באנגלית ,סה""כ 3 | דפים. | קטגוריות: | )* הכונה אל מס .הרישום ב""נושא מורחב""( | .1 תולדות משפחה *1 | .2 יהדות *2 | .3 אמנות *) 3* + 8 פרק מכתבים( | .4 שירה *10 | .5 תעודות אישיות *20* ,14 | .6 פוליטיקה *24 | .7 משפט *) 25 חוזים( | .8 מכתבים"			The file: {T:\backup\Tchelet_data\Rachel\G.F.0202 11.JPG} is missing	.1 רשימות של שטרוק ,כתב יד ,לגניאולוגיה המשפחתית.					נרשם ב 13 / 17.02.2008-	כרטיס 3 מתוך 51	נילי דוידסון		2007.496		מיקי ברנשטיין ,תל אביב	"לתיק מצורפת רשימה של רותי אופק עם ציון החומר החסר / הוצא מהתיק. | מספור הפריטים ב""נושא מורחב"" תואם את המספור שבאה נתנה למסמכים בקטלוג ובתוך התיק. | באה ציינה תיק זה בPersonal documents ,artifacs-"	4927,4928,4929,4930
G-F-0353-30	G.F. 0353 / 30	שטרוק הרמן	Struck Hermann	מכתבים בעברית בנושאי תרבות ופעילות ציבורית בארץ				מקור ,העתק	Original, Copy	התכתבות רשמית עם מוסדות תרבות ,עברית ,בין השנים | .1937-1942 | קטגוריות: | .1 פעילות תרבותית *צוואת מאיר דיזנגוף ועוד | .2 חינוך *בצלאל המטרות והקשיים | .3 כלכלה *אמנות בבצלאל למטרות רווח | .4 ציור			The file: {T:\backup\Tchelet_data\Rachel\GF0012 3.JPG} is missing	.1 מכתבים מבית הנכות הלאומי בצלאל:					נרשם ב 03.12.2008 & 02.12.2008-	כרטיס 30 מתוך 51	נילי דוידסון		2007.496		מיקי ברנשטיין ,תל אביב		5549,5550,5551,5552,5553
G-F-0353-31	G.F. 0353 / 31	שטרוק הרמן | .9 עבור דר' ארתור ליפמן ,Dr .Artur | ראשו .האמן א.מ .גייגר .E.M .Geygerעל יד	Struck Hermann	תחריטי אקסליבריס ואחרים / עבודתם של אמנים שונים				מקור	Original	החומר שבתיק מתחלק לשתי קבוצות: | .1 אמנות האקסליבריס ממוספרים  ,27 - 1 ראה בנושא | מורחב. | .2 אמנות לנושאים אחרים ממוספרים  ,19 - 1 ראה בנושא | מורחב. | קטגוריות: | .1 אמנות *התחריט | .2 ציור			The file: {T:\backup\Tchelet_data\Rachel\GF0014.jpg} is missing	אקסליבריס:					נרשם ב 09.12.2008 & 08.12.2008-	כרטיס 31 מתוך 51	נילי דוידסון		2007.496		מיקי ברנשטיין ,תל אביב	היצירות הרבות בעזבון שטרוק ,חלקן בשלבי עשייה ,חלקן ככל הנראה מתלמידים שלו.	5560,5561,5562,5563
G-F-0353-32	G.F. 0353 / 32	שטרוק הרמן	Struck Hermann	עבודות & פרסומים על הרמן שטרוק				העתק ,הדפסה	Copy, Printing	אוסף עבודות ופרסומים על הרמן שטרוק האדם והאמן. | קטגוריות: | .1 פרסומים | .2 אמנות  /ציור & תחריט *פרסומים על שטרוק האמן | *על ישראלס האמן			No Image	-צילום המאמר של מכס אוסבורן על הרמן שטרוק,					נרשם ב 16.12.2008-	כרטיס 32 מתוך 51	נילי דוידסון					החומר נאסף לקראת קטלוג התערוכה להרמן שטרוק שהיתה בברלין ב ,2007-בארץ ב.2008-	5589,5590
G-F-0353-33	G.F. 0353 / 33	שטרוק הרמן	Struck Hermann	ספרים & פרסומים				מקור ,העתק	Original, Copy	"ספרים ופרסומים חלקם מספריית הרמן שטרוק ספרים | אחרים נאספו ע""י בעלי העיזבון בעבר. | קטגוריות: | .1 אמנות | .2 שירה | .3 פלשתינה | .4 מוזיקה"			No Image	-מאמר באנגלית על הרמן שטרוק מאת מכס אוסבורן					נרשם ב 15.12.2008-	כרטיס 32 מתוך 33	נילי דוידסון		2007.496		מיקי ברנשטיין ,תל אביב		5564,5565,5566
G-F-0353-34	G.F. 0353 / 34	שטרוק הרמן	Struck Hermann	אמנות התחריט / מסמכים גדולי מימדים				מקור	Original	קטגוריות: | .1 אמנות *תערוכה בחיפה 1941 | .2 תעודות אישיות * מאת החברה המלכותית לאמני | התחריט אנגליה			No Image	-תעודה מפוארת להרמן שטרוק מהחברה המלכותית					נרשם ב 17.12.2008-	כרטיס 34 מתוך 51	נילי דוידסון		2007.496		מיקי ברנשטיין ,תל אביב	"מסמכים אלה אוכסנו בתיק גדול מימדים ,ממוקם ע""י מיכל הארכיון G.F. 0353 / 33"	5596,5597
G-F-0353-35	G.F. 0353 / 35	שטרוק הרמן	Struck Hermann	אמנות & תערוכות & פרסומים & ביקורות				מקור ,העתק	Original, Copy	קטגוריות: | .1 אמנות *סריקות ושיכפולים של יצירות | .2 פעילות תרבותית *תערוכות | .3 מנהגים *ברכה לשנה החדשה *תפריטים | .4 תמונות *שטרוק ותלמידיו בחיפה | .5 פירסומים *העיתון של קובנה *מאמר אדולף דונת			\GF0353 35.jpg} is missingאוסף מסמכים\: {T:\backup\Tchelet_data\Rachel	"-תצלום היצירה ""הרב קוק"" משנת .1932"					22.12.2008 & 18.12.2008	כרטיס 35 מתוך 51	נילי דוידסון		2007.496		מיקי ברנשטיין ,תל אביב		5598,5599,5600,5601,5602,5603
G-F-0353-36	G.F. 0353 / 36	שטרוק הרמן	Struck Hermann	מסמכים בנושאים שונים & מכתבים & יומן מלי שטרוק				מקור ,העתק	Original, Copy	"קטגוריות: | .1 הנצחה *הסרט ""הרמן שטרוק"" | .2 מנהגים *דברים באזכרה לשטרוק ,ברט & בן-אורי | .3 עזרה הדדית *פניה לעזרה כספית ,עזרה להפצת ספר | *בקשה להמשך החפירות בהר כנען. | .4 גלויות *גלויה ישנה מיפו | .5 עיתונות *שידור כתבה על שטרוק ברדיו | .6 ציונות *זיכרונות מתאודור הרצל | .4 פעילות תרבותית *צוואת מאיר דיזנגוף | .5 פלשתינה *לוח הסוכנות היהודית לפלשתינה. | .6 אירגונים *הסוכנות היהודית *הסתדרות המזרחי. | .7 חינוך *דבר דפוס  -ביה""ס תחכמוני ביפו"			No Image	-שני מכתבים ,עברית ,התכתבות בין אברהם שלו ,מפיק					פברואר 2009	כרטיס 36 מתוך 51	נילי דוידסון		2007.496		מיקי ברנשטיין ,תל אביב		5605,5606,5607,5608
G-F-0353-37	G.F. 0353 / 37	שטרוק הרמן	Struck Hermann	לנושא קבורת הרצל בחיפה				מקור	Original	מסמכים בעברית וגרמנית ,שמעידים על ויכוח בישוב | סביב מקום קבורת/הטמנת עצמות הרצל אחרי העלותם | ארצה. | קטגוריות: | .1 פלשתינה | .2 מנהגים | .3 הנצחה			No Image	המסמכים ,חלקם בעברית והאחרים בגרמנית ,הם עדות					נרשם ב 04.05.2009-	כרטיס 37 מתוך 51	נילי דוידסון		2007.496		מיקי ברנשטיין ,תל אביב		5647,5648
G-F-0353-38	G.F. 0353 / 38	שטרוק הרמן	Struck Hermann	מכתבים אל מלי אחרי מות הרמן שטרוק						"קטגוריות: | .1 עזרה הדדית *ראה מושא מכתבי התודה אל מלי. | *ההתכתבות סביב אילזה ורטהיימר | .2 מנהגים *מכתבי תודה | .3 הנצחה *פרס ע""ש שטרוק *בי""ס ע""ש שטרוק ועוד"			No Image	-שני מכתבים אל מלי מאת גב' ווטסון ,Watson					01.03.2009 & 25.02.2009	כרטיס 38 מתוך 51	נילי דוידסון		2007.496		מיקי ברנשטיין ,תל אביב		5667,5668,5669,5670
G-F-0353-39	G.F. 0353 / 39	שטרוק הרמן	Struck Hermann	אמנות / תחריטים / ציור						אוגדן עם יצירות תחריט של אמנים שונים ,ככל הנראה | תלמידי שטרוק ומוקיריו.			\GF0353 39.jpg} is missingאוסף מסמכים\: {T:\backup\Tchelet_data\Rachel	-ברכה חגיגית כתובה עברית ומאוירת במוטיבים של כלי					נרשם ב 15.03.2009-	כרטיס 39 מתוך 51	נילי דוידסון		2007.496		מיקי ברנשטיין ,תל אביב		5716,5717
G-F-0353-4	G.F. 0353 / 4	שטרוק הרמן	Struck Hermann	שטרוק הצעיר 1876-1900						"התיק סודר ע""י באה שרוטנר עם ציון שיש בו | 1-8 מסמכים .לתיק מצורף הקטלוג של באה שרוטנר, | באנגלית ,סה""כ  1 דף .מצורף גם דף שכתבה רותי אופק | תוך ציון החומר שהוצא מתיק זה. | קטגוריות: | .1 תעודות אישיות *10 | .2 כתיבה אישית  /הומור *7"			No Image	.1 תעודת החיסון הראשון להרמן שטרוק ,1876 גרמנית.					פברואר / מרץ 2008	כרטיס 4 מתוך 51	נילי דוידסון		2007.496		מיקי ברנשטיין ,תל אביב	"באה ציינה תיק זה ב. Young Struck- | מספור הפריטים ב""נושא מורחב"" תואם את המספור שבאה נתנה למסמכים בקטלוג ובתוך התיק."	4931,4932
G-F-0353-40	G.F. 0353 / 40	שטרוק הרמן	Struck Hermann	עיתונות Newspapers /						"התיק סודר ע""י תמר זגר & נילי דוידסון עפ""י קטלוג של | באה .בקטלוג צוינו  208 קטעי עיתון. | לקטלוג  21 דפים ,הוא נמצא בתוך מיכל זה."		ואנגלית ועוד .המאמרים מעיתונים שיצאו לאור	No Image	מאות קטעי עיתונות מעיזבון הרמן & מלי שטרוק ,בעיקר					נרשם ב 06.05.2009-	כרטיס 40 מתוך 51	נילי דוידסון		2007.496		מיקי ברנשטיין ,תל אביב		5830
G-F-0353-41	G.F. 0353 / 41	שטרוק הרמן	Struck Hermann	ציורי שמן						9 ציורי שמן על דיקט | קטגוריות: | .1 אמנות  /ציור			No Image	9 ציורי שמן על דיקט					נרשם ב 04.05.2009-	כרטיס 41 מתוך 51	נילי דוידסון		2007.496		מיקי ברנשטיין ,תל אביב		5798
G-F-0353-42	G.F. 0353 / 42	שטרוק הרמן	Struck Hermann	קטעי עיתונות בגרמנית				מקור	Original	דפים וקטעי עיתונות בשפה הגרמנית של שנות ה 30-עד ה- | .60			No Image	החומר מכיל את המאמרים שנכתבו על שטרוק.					נרשם ב 13.05.2009-	כרטיס 42 מתוך 51	נילי דוידסון		2007.496		מיקי ברנשטיין ,תל אביב		5855
G-F-0353-43	G.F. 0353 / 43	שטרוק הרמן	Struck Hermann	"/ Published Articles by Struckמאמרים שפורסמו ע""י"				מקור	Original	"התיק סודר ע""י באה שרוטנר עם ציון שיש בו | 31 מסמכים .לתיק מצורף הקטלוג של באה שרוטנר, | באנגלית ,סה""כ  12 דף."		תרגמה ורשמה קרלה וולף .המאמרים נכתבו בין	No Image	סדר המאמרים בתיק על פי המספר הסידורי בקטלוג.					נרשם ב 13.05.2009-	כרטיס 43 מתוך 51	נילי דוידסון		2007.496		מיקי ברנשטיין ,תל אביב	באה ציינה תיק זה בPublished Articles by Struck :-	5856,5857
G-F-0353-44	G.F. 0353 / 44	שטרוק הרמן	Struck Hermann	מאמרים מעיתונות כתובה בעברית				מקור	Original	"אוסף מאמרים מעיתונות כתובה בעברית ,רלוונטים להרמן | שטרוק חייו ויצירתו .באיכות לא טובה. | התיק סודר ע""י לאה רונן ,שערכה גם שלושה דפי קטלוג, | מצורפים לתיק. | קטגוריות: | .1 עיתונות | .2 אמנות | החומר מוין וסודר ע""י לאה רונן .בתיק קטלוג למאמרים, | הוכן ע""י לאה רונן."			No Image	"האוסף מחולק ל 3-קבוצות עפ""י שנות ההוצאה לאור:"					נרשם ב-מרץ 2009	כרטיס 44 מתוך 51	נילי דוידסון		2007.496		מיקי ברנשטיין ,תל אביב		5858,5859
G-F-0353-45	G.F. 0353 / 45	שטרוק הרמן	Struck Hermann	הדפסת מכתבים מהתכתבות הרמן שטרוק				העתק	Copy	באה שרוטנר צילמה והדפיסה מכתבים מהתכתבות | שטרוק ששמורים בארכיון במינכן ,גרמניה. | קטגוריות: | .1 התכתבות			No Image	המכתבים מודפסים על 22 דפים .בתיק סיכום המכתבים					נרשם ב 13.05.2009-	כרטיס 45 מתוך 51	נילי דוידסון		2007.496		מיקי ברנשטיין ,תל אביב		5860
G-F-0353-46	G.F. 0353 / 46	שטרוק הרמן	Struck Hermann	טיוטת של מיקי ברנשטיין				מקור	Original	מיקי ברנשטיין ,שברשותו נמצא עיזבון שטרוק עשרות | בשנים ,נהג לכתוב את ,שתורגם לו לעברית.			No Image	ראה רישום בתיאור האוסף					נרשם ב 13.05.2009-	כרטיס 46 מתוך 51	נילי דוידסון		2007.496		מיקי ברנשטיין ,תל אביב		5861
G-F-0353-47	G.F. 0353 / 47	שטרוק הרמן	Struck Hermann	תערוכות שטרוק 2008 & 2007				העתק	Copy	חומר ששימש את הקמת התערוכה לשטרוק בתפן ועומר | & מאמרי תגובה לתערוכה. | קטגוריות: | .1 הנצחה			No Image	ראה בתיאור האוסף					נרשם ב 13.05.2009-	כרטיס 47 מתוך 51	נילי דוידסון		2007.496		מיקי ברנשטיין ,תל אביב		5862,5863
G-F-0353-48	G.F. 0353 / 48	שטרוק הרמן	Struck Hermann	קטלוגים באה Bea /				הדפסה	Printing	העתקי כל הקטלוגים של באה שמצורפים לתוך התיקים. | התיקים להם יש קטלוגים של באה באנגלית: | * G.F. 0353 / 1 --G.F. 0353 /4 | * G.F. 0353 / 6 --G.F. 0353 /15 | * G.F. 0353 / 16 --G.F. 0353 /20 | ליתר התיקים אין קטלוג של באה.			No Image						נרשם ב 17.05.2009-	כרטיס 48 מתוך 51	נילי דוידסון		2007.496		מיקי ברנשטיין ,תל אביב		5866,5867
G-F-0353-49	G.F. 0353 / 49	שטרוק הרמן	Struck Hermann	רשימות של ספרים ויצירות מעיזבון הרמן שטרוק				מקור ,העתק	Original, Copy	קטגוריות: | .1 אמנות *רק רשימות | .2 ספרות *רק רשימות | .3 מוסיקה *רק רשימות			No Image	-רשימה 2 ,עמודים ,של מסמכי עזבון בנושאי מוסיקה,	-				נרשם ב 14.06.2009 -	כרטיס 49 מתוך 51	נילי דוידסון		2007.496		מיקי ברנשטיין ,תל אביב		5938,5939
G-F-0353-5	G.F. 0353 / 5	שטרוק הרמן	Struck Hermann	פלשתינה / מכתבים ומסמכים						"המכתבים והמסמכים נמצאו בתפזורת במיכל הארכיון | שהכיל את שני התיקים : | G.F. 0353 / 3 &G.F. 0353 /4 | קטגוריות: | )* הכונה אל מס .הרישום ב""נושא מורחב""( | .1 מכתבים | .2 אמנות *מכתבי אנה טיכו | .3 הנצחה *אישורי הארכייון הציוני | .4 מעטפות *אסית היסוד של הסתדרות המורים ב.1903-"		-אלפרד איינשטיין ,צילומים של 2 מכתבים	\GF0353 5.jpg} is missingאוסף מסמכים\The file: {T:\backup\Tchelet_data\Rachel	"-אישור מאת הארכיון הציוני המרכזי ,ירושלים ,חתום ע""י"					נרשם ב 19 / 20.02.2008-	כרטיס 5 מתוך 51	נילי דוידסון		2007.496		מיקי ברנשטיין ,תל אביב		4962,4963,4964
G-F-0353-50	G.F. 0353 / 50	שטרוק הרמן	Struck Hermann	קטעי עיתונות ביידיש | חומרים שמתייחסים אל שטרוק ושאינם מעיזבונו				מקור	Original	"קטעי עיתונות ודפי עיתון של העיתונות היהודית ביידיש | באירופה וארה""ב .חלקם במצב לא טוב. | החומר מצוי בתיק גדול מימדים )לא במיכל(. | קטגוריות: | .1 עיתונות | תיק פעיל לאיסוף חומרים / מאמרים"			No Image	על חלק מהקטעים ניתן לזהות את שם העיתון והתאריך. | -מכתב ,שכתב תלמיד של שטרוק ,יאיר נועם ,אל רותי					נרשם ב 13.05.2009-	כרטיס 50 מתוך 51	נילי דוידסון		2007.496		מיקי ברנשטיין ,תל אביב		5853,5854,7187
G-F-0353-51	G.F. 0353 / 51	שטרוק הרמן	Struck Hermann	מודעות וכרזות ביידיש ומעט בעברית				מקור	Original	"החומר מצוי בתיק גדול מימדים )לא במיכל(. | קטגוריות: | .1 קהילות | .2 מלח""ע I | .3 מנהגים | .4 מסורת"			No Image	-אוסף מודעות כרזות והכרזות ,ככל הנראה מתקופת					נרשם ב 17.05.2009-	כרטיס 51 מתוך 51	נילי דוידסון		2007.496		מיקי ברנשטיין ,תל אביב		5864,5865
G-F-0353-6	G.F. 0353 / 6	שטרוק הרמן	Struck Hermann	"מלח""ע / Iורסאיי Versailles"						"התיק סודר ע""י באה שרוטנר עם ציון שיש בו | 1-28 מסמכים .לתיק מצורף הקטלוג של באה שרוטנר, | באנגלית ,סה""כ  6 דפים. | המסמכים מפרטים את פעילותו של שטרוק במשלחת | ורסאיי .לנושא זה ניתן לקבל מידע בתיק ""קטעי עיתונות"" | & ""ספר אורחים  ""IIבתיק )?(. | קטגוריות: | )* הכונה אל מס .הרישום ב""נושא מורחב""( | .1 מלח""ע I | .2 אנטישמיות *ראה דוח בראונשוייגר *בקשת יהודי דנציג | .3 היסטוריה כללית *שלום ורסאיי"			No Image	.1 חוברת ,גרמנית גותית ,עם 17 הנקודות אותן העלה					נרשם ב 25.02.2008 & 24.02.2008-	כרטיס 6 מתוך 51	נילי דוידסון		2007.496		מיקי ברנשטיין ,תל אביב	"באה ציינה תיק זה בVersailles- | מיספור הפריטים ב""נושא מורחב"" תואם את המיספור שבאה נתנה למסמכים בקטלוג ובתוך התיק."	4966,4967,4968,4969
G-F-0353-7	G.F. 0353 / 7	שטרוק הרמן	Struck Hermann	"מלח""ע / Iמסמכים רשמיים ,Official Documentsקטעי"				מקור	Original	"התיק סודר ע""י באה שרוטנר עם ציון שיש בו | 1-42 מסמכים .לתיק מצורף הקטלוג של באה שרוטנר, | באנגלית ,סה""כ  2 דפים. | קטגוריות: | .1 מלח""ע I | .2 צבא | .3 קהילות * 19 קהילת קובנה , 25-36* ,ביאליסטוק, | וילנה ,בחירות למפלגות יהודיות | .4 מנהגים * 20-22 שבת ,מצות | .5 פוליטיקה *23-24 | .6 אנטישמיות *23-24"		-מסמכים :8-11 כרוזים ופקודות יום פנים צבאיים	No Image	-מסמכים :1-7 כרוזים ,Leafletsמשנות ,1917 בהם					נרשם ב 04.03.2008-	כרטיס 7 מתוך 51	נילי דוידסון		2007.496		מיקי ברנשטיין ,תל אביב	"באה ציינה תיק זה בOfficial Documents- | מספור הפריטים ב""נושא מורחב"" תואם את המספור שבאה נתנה למסמכים בקטלוג ובתוך התיק."	4970,4971
G-F-0353-8	G.F. 0353 / 8	שטרוק הרמן	Struck Hermann	"מלח""ע / Iמצות Mazzoth1919"				מקור	Original	"התיק סודר ע""י באה שרוטנר עם ציון שיש בו | 1-62 מסמכים .לתיק מצורף הקטלוג של באה שרוטנר, | באנגלית ,סה""כ  2 דפים. | קטגוריות: | .1 מלח""ע I | .2 מנהגים | .3 קהילות | .4"			No Image	המסמכים בתיק זה מדווחים על המאמצים והדבקות					נרשם ב 04.03.2008-	כרטיס 8 מתוך 51	נילי דוידסון		2007.496		מיקי ברנשטיין ,תל אביב	"באה ציינה תיק זה בMazzoth- | מספור הפריטים ב""נושא מורחב"" תואם את המספור שבאה נתנה למסמכים בקטלוג ובתוך התיק."	4972,4973
G-F-0353-9	G.F. 0353 / 9	שטרוק הרמן	Struck Hermann	"מלח""ע / Iקטעי עיתונות Papper clippings"				מקור	Original	"באה שרוטנר חילקה את קטעי העיתונות ל 2-תת-תיקיות | )ראה נושא מורחב( .לא ערכה קטלוג. | קטגוריות: | .1 מלח""ע I | .2 צבא"			No Image	שתי תת-תיקיות:					נרשם ב 04.03.2008-	כרטיס 9 מתוך 51	נילי דוידסון		2007.496		מיקי ברנשטיין ,תל אביב	באה ציינה תיק זה בWWI part2 -	4974,4975
G-F-0354	G.F.0354	פיינברג לולה & הנס								"אוה לולה פיינברג לבית בלום ,1916-1963 ילידת | קניגסברג  Königsbergעלתה לארץ ב .1937-בתעודות | רשמיות שמה הפרטי נכתב ""אוה"". | חנן הנס פיינברג  ,1914-1992 יליד ברלין. | קטגוריות: | .1 כתיבה אישית | .2 ילדים *מכתבים ,סיפורים | .3 עליה *מכתב מקס כספי | .4 תמונות | .5 תעודות אישיות | .6 מסורת *אגדה ליום כיפור ו 9-באב | .7 שירה | .8 אירגונים *ספר שירי בלאו-וייס"			No Image	"-תעודות בי""ס של אוה בלום"					נרשם ב 29.03.2008 & 09.03.2008-	כרטיס 1 מתוך 1	נילי דוידסון		2008.512 & 2008.507		חנה מורג ,הבת ,גבעת חיים איחוד	הסכם תרומה נחתם ב 27.03.2008-	4976,4977
G-F-0355	G.F.0355	מירון / היילברון & אלכסנדר &קאופמן & אונא & קרלסברג						מקור ,העתק ,הדפסה ,תרגום מתומצת לעברית	Original, Copy, Printing, Summarization to Hebrew	"מעיזבון אטה )ארתור( מירון )היילברון( & הילדה לבית | אונא .השנים נישאו ב.1938- | ההורים של אטה :האב יוליוס ,נהרג במלח""ע  .Iהבן אטה | נולד אחרי מות האב. | האם רוזה לבית אלכסנדר ,נישאה בשנית ליוליוס | היילברון .בעלה הראשון היה ג'יימס קאופמן )נישאו ב- | .(1900 רוזה הביאה לנישואין השניים שני בנים יוחנן )הנס( | וראובן )רודי(. | ההורים של הילדה ,רעיתו של אטה מירון: | האב אלפרד אונא ,האם אילזה לבית קרלסברג. | קטגוריות: | .1 מלח""ע * Iתמונות | .2 תעודות אישיות *תעודות בי""ס | .3 תולדות משפחה * אילן יוחסין משפחות | אונא קרלסברג | .4 חינוך * עיתון ביה""ס | .5 כתיבה אישית * מחזה | .6 מסחר *ראה חברת ב .קרלסברג"			No Image	"-אלבום עם תמונות ממלח""ע I"					נרשם ב 06.03.2008-ו 09.03.2008-	כרטיס 1 מתוך 1	נילי דוידסון		2008.508		רעיה מירון ,הבת ,גבעת חיים איחוד	"בספרייה ספר רלוונטי לתיק זה ,ראה ספר | H.B.0386 | החומר הובא למוזיאון ע""י חנה מורג ,גבעת חיים איחוד | הסכם תרומה נחתם 17.03.2008"	4795,4796,4797
G-F-0356	G.F.0356	הולר חיים	Huller Chaim	תעודות אישיות				מקור	Original	חיים אלכס הולר | קטגוריות: | .1 תעודות אישיות | .2 תולדות משפחה			No Image	-כתיבה בעברית בכתב יד עם פרטים והסברים על הוריו					24.03.2008	כרטיס 1 מתוך 1	נילי דוידסון		2008.510		הולר חיים ,רמת גן		5025,5026
G-F-0357-1	G.F. 0357 / 1	אנגל ורנר & הרטה		אלבום תמונות				מקור	Original	ורנר אנגל יליד דורטמונד 1916-2001 היגר ב 1939- | לאקוודור ,עלה לארץ ב 1951-והתיישב  ,קנה מגרש ובנה | בית בנהריה. | קטגוריות: | .1 תמונות | .2 נהריה			No Image	ורנר אנגל היה תושב נהריה ובין העוזרים והתומכים					נרשם ב 20.05.2008-	כרטיס 1 מתוך 3	נילי דוידסון		2008.513		אסתר אורן ,הבת ,הרצליה	הסכם תרומה נחתם ב 14.04.2013-	5050,5051
G-F-0357-2	G.F. 0357 / 2	אנגל ורנר & הרטה		אלבום תמונות ויומן				מקור ,הדפסה	Original, Printing	קטגוריות: | .1 תמונות | .2 כתיבה אישית | .3 הכשרה | .4 נוער | .5 תנועות נוער			No Image	אלבום עם תמונות משנות 1930-1934 ועם טקסטים					נרשם ב 20.05.2008-	כרטיס 2 מתוך 3	נילי דוידסון		2008.513		אסתר אורן ,הבת ,הרצליה	הטקסטים המודפסים )ראה נושא מורחב( נשלחו אל גב' אסתר אורן ,בתו של ורנר אנגל.	5132,5133
G-F-0357-3	G.F. 0357 / 3	אנגל ורנר & הרטה		מסמכים מעיזבון הרטה אנגל				מקור ותרגום מתומצת לעברית	Original and Summarization to Hebrew	הרטה אנגל לבית יעקבשטם Jakobstammילידת ,1920 | אחות ומיילדת במקצועה ,בנישואין ראשונים למכס וולך | , Max Wallachנישואין שניים ב 1964-לורנר אנגל .Engel | קטגוריות: | .1 תעודות אישיות | .2 מכתבים | .3 שירים | .4 ארץ ישראל *מכתבי הרטה אל מקס | .5 מלחמות ישראל *מכתבי הרטה אל מקס | .6 סיעוד * מכתבי הרטה אל מקס			No Image	""" -פנקס נקודות"" ,מדינת ישראל -משרד המסחר"					נרשם ב 21.05.2008-	כרטיס 3 מתוך 3	נילי דוידסון		2008.513		אסתר אורן ,הבת ,הרצליה		5134,5135,5136
G-F-0358	G.F.0358	רוזנטל סמואל	Rosenthal Samuel	"תעודות הצטיינות במלח""ע I"				מקור	Original	"דר' סמואל רוזנטל ,1888-1935 נולד במילובקה ,Milowka | גליציה .היה רופא. | קטגוריות: | .1 מלח""ע I | .2 צבא | .3 תעודות אישיות"			No Image	דר' סמואל רוזנטל ,יליד ,1888 שרת כרופא בצבא					נרשם ב 06.04.2008 & 31.03.2008-	כרטיס 1 מתוך 1	נילי דוידסון		2008.514		יהודית רוזנטל ,הבת ,ראשון לציון		5052,5053,5054
G-F-0359	G.F.0359	ריכנשטיין פרידריך	Reichenstein Friedrich	ספר ביוגרפי :ידיעות היום -אני ועיתוני ,סיפור חיים						"דר' פרידריך ריכנשטיין ,עו""ד בהתמחותו .עלה לישראל | והקים את העיתון בשפה הגרמנית | ""ידיעות היום"" Yedioth Hayom | צאצא ליהדות מזרח אירופה. | לספר מצורף CD ROM"	273	2007	No Image	על 23 עמודים מספר דר' ריכנשטיין את סיפור חייו	הוצאה פרטית			ביוגרפיות	נרשם ב 13.04.2008-	כרטיס 1 מתוך 1	נילי דוידסון		2008.517		דר' פרידריך ריכנשטיין ,תל אביב	דר' פרידריך ריכנשטיין יליד ,1906 עדיין מתגורר בדירתו בתל אביב )אפריל (2008	5080
G-F-0360	G.F.0360	גצלר לוטה / רבקה		התכתבות & תמונות				מקור	Original	"לוטה / רבקה גצלר Lotte / Riwka Götzlerלמדה חקלאות | אצל האחיות גרטרוד ומרתה לונדון Gertrud &Marth | Londonלקראת עלייתה המתוכננת לישראל .לוטה/רבקה | וגרטרוד הפכו לחברות קרובות מאד .האחיות לבית לונדון | לא שרדו את השואה )ראה מכתב בעברית שכתבה רבקה | יוסטינג ,מצורף לתיק(. | עשרות מכתבים בגרמנית בכתב יד משנות ה & 20-ה 30- | למאה ה.20- | קטגוריות: | .1 הכשרה | .2 חקלאות | .3 מכתבים | .4 הרייך השלישי *אישור לגרטרוד עם ברכת ""הייל | היטלר"""			No Image	"-התכתבות בין לוטה וורצל-גצלר ,עין-גנים ע""י פתח תקוה"					נרשם במאי & יוני 2008	כרטיס 1 מתוך 1	נילי דוידסון		2008.523 & 2008.519		רבקה יוסטינג ,הבת ,כפר בני ציון	"החומר נשלח ע""י שמעון פלונסקר )מתווך בין המפקידה למוזיאון("	5108,5109
G-F-0361-1	G.F. 0361 / 1	פולק הוברט	Pollack Hubert					מקור ,העתק	Original, Copy	דר' הוברט פולק ,1903-1967 היה דוקטור לפילוסופיה. | בהמשך היה פעיל כסופר וכלכלן. | קטגוריות: | .1 תעודות אישיות | .2 כתיבה אישית *מנוסקריפט בעברית ואחר בגרמנית | -פרסומים *מאמר על פרנק פוליי			No Image	-דרכון של הוברט פולק מתקופת המנדט					נרשם ב 11.05.2008-	כרטיס 1 מתוך 2	נילי דוידסון		2008.520		אדם דליות ,הבן ,מושב מזור	בין חומרי ההפקדה יש גם ספר בו מוזכר גם הוברט פולק .הספר באנגלית עם הכותרת: | Foley the spy who saved 10000Jews | .הספר בספרית המוזיאון מדור צבא הוכנס לתוכנת הספריה מסE.B.3667 .	5110,5111,5112
G-F-0361-2	G.F. 0361 / 2	פולק הוברט	Pollack Hubert	חקר המשפחה				העתק	Copy	קטגוריות: | .1 תולדות משפחה			No Image	דר' הוברט פולק חקר את משפחתו על כל ענפיה .בתיק					נרשם ב 11.05.2008-	כרטיס 2 מתוך 2	נילי דוידסון		2008.520		אדם דליות ,הבן ,מושב מזור	בין חומרי ההפקדה יש גם ספר בו מוזכר גם הוברט פולק .הספר באנגלית עם הכותרת: | Foley the spy who saved 10000Jews | .הספר בספרית המוזיאון מדור צבא הוכנס לתוכנת הספריה מסE.B.3667 .	5121
G-F-0362-1	G.F. 0362 / 1	נוימן ולטר	Neumann Walter	מסמכים ותעודות אישיות ומשפחתיות				מקור ,הדפסה	Original, Printing	ולטר נוימן ,1913-2006 יליד ברסלאו ,עלה לארץ ב,1937- | היה תושב נהריה ,מהנדס מכונות במקצועו .אחרי יציאתו | הרשמית לגמלאות ,המשיך לעבוד בטכניון עד לגיל .91 | ולטר נשא לאישה את קתה  1914-1985 לבית קליין ב- | ,1937 לפני עלותם לארץ. | ההורים של ולטר :האב ארתור נוימן,יליד  ,1872 סוחר			No Image	-רשיון נהיגה של ולטר & תמונה ,הונפק ב,1937-					נרשם ב 04.06.2008-	כרטיס 1 מתוך 7	נילי דוידסון		2008.522		מרים סלע ,הבת ,נהריה	הסכם תרומה נחתם ב 15.04.2013-	5175,5176,5177,5178,5179
G-F-0362-2	G.F. 0362 / 2	נוימן ולטר	Neumann Walter	כתיבה אישית ,נישואי ולטר עם קתה				מקור	Original	קטגוריות: | .1 מנהגים *כתיבה לנישואי ולטר וקתה .שיר ליום האם | ועוד | .2 שערה | .3 כתיבה אישית *ולטר נוימן ,מחזה			No Image	-שירים ,נאומים וסיפורים לנישואין של ולטר נוימן & קתה					נרשם ב 15.06.2008-	כרטיס 2 מתוך 7	נילי דוידסון		2008.522		מרים סלע ,הבת ,נהריה		5222,5223
G-F-0362-3	G.F. 0362 / 3	נוימן ולטר	Neumann Walter	מסמכים מהטכניון בחיפה & פטנטים & עבודה בישראל				מקור	Original				No Image	-מכתב הערכה וכבוד לולטר נוימן מאת דיקן הפקולטה					נרשם ב 15.06.2008-	כרטיס 3 מתוך 7	נילי דוידסון		2008.522		מרים סלע ,הבת ,נהריה		5224,5225
G-F-0362-4	G.F. 0362 / 4	נוימן ולטר	Neumann Walter	מסמכים והתכתבות לצורכי הגירה לארץ ישראל				מקור ,העתק	Original, Copy	קטגוריות: | -הרייך השלישי | -הגירה | -פלשתינה *מסמכים להעברת הון ורכוש לארץ ישראל			No Image	-התכתבות בין ולטר נוימן לבין פקידי המחלקה לבקורת					נרשם ב 18.06.2008 & 17.06.2008-	כרטיס 4 מתוך 7	נילי דוידסון		2008.522		מרים סלע ,הבת ,נהריה		5226,5227,5228
G-F-0362-5	G.F. 0362 / 5	נוימן ולטר	Neumann Walter	כתיבה אישית / משפחת נוימן				מקור	Original	ספר / מחברת מפואר / ת עם כתיבת יומן ומחברת עבה עם | כתיבה פיוטית. | קטגוריות: | .1 כתיבה אישית | .2 שירה | .3 פעילות תרבותית | .4 מנהגים			No Image	-ספר / מחברת מפואר / ת בו כתבה ליסבט קארו )לימים					נרשם ב 18.06.2008-	כרטיס 5 מתוך 7	נילי דוידסון		2008.522		מרים סלע ,הבת ,נהריה		5229,5230
G-F-0362-6	G.F. 0362 / 6	נוימן ולטר	Neumann Walter	אלבום גלויות ותמונות משפחה				מקור	Original	אלבום תמונות מפואר בו מודבקות גלויות ,טקסטים | ותמונות משפחתיות מרביתן עם כתוביות. | קטגוריות: | .1 תמונות | .2 כתיבה אישית | .3 מנהגים			No Image	-בכחצי מהאלבום מודבקות גלויות אמנות ונוף / מקומות					נרשם ב 23.06.2008 & 19.06.2008-	כרטיס 6 מתוך 7	נילי דוידסון		2008.522		מרים סלע ,הבת ,נהריה		5231,5232
G-F-0362-7	G.F. 0362 / 7	נוימן ולטר	Neumann Walter	אוגדן עם תמונות / צילומים				מקור	Original	אוגדן גדול ומפואר עם 14 תמונות צילום בשחור / לבן של | אתרים בשלזיה ,בהוצאה אמנותית ,1897 ,ברסלאו.			No Image	בתוך האוגדן בדף הראשון כתוב בגרמנית:					נרשם ב 23.06.2008-	כרטיס 7 מתוך 7	נילי דוידסון		2008.522		מרים סלע ,הבת ,נהריה		5236
G-F-0363-1	G.F. 0363 / 1	הנשל & דויטש		תעודות ומסמכים משפחתיים				מקור	Original	"סיכום שיחה עם מר גבעול ,השיחה הטלפונית התקיימה ב- | .25.06.2008 | שמואל גבעול )גוטהולד  ,(Gottholdיליד  1921 בהמבורג, | עלה לארץ ב .1938-התחנך במשך שנתיים בבי""ס חקלאי | של הנוער הדתי .התגייס לבריגדה בצבא בריטניה ,שרת 5 | שנים .ב 1945-נשלח ע""י בן גוריון להמבורג לייצג את | היהודים המשרד לחיפוש קרובים ,ניהל את המשרד .מר | גבעול סיפר שבן גוריון אסר עליו ועל צוותו לעסוק | ""בנקמנות"" לזה אמר בן גוריון יש אחרים שדואגים .את | פליטי המלחמה ריכזו בוילה של משפחת ורבורג ע""י | המבורג וילה קסטרברג | .Kösterberg | -ההורים של שמואל גבעול: | הרברט גוטהולד & אלקה לבית ונקלף | Herbert Gotthold &Elke geb .Vankleef | )ונקלף ,משפחת צאצאים למגורשי ספרד ששמם היה | בעבר כליפא( . | -שמואל גבעול נשא לאישה את מריאנה לבית הנשל | .Marianne Henschel | -ההורים של מריאנה גבעול: | מוריץ הנשל & הילדגרד לבית אלכסנדר | Moritz Henschel &Hildegard geb .Alexander | מוריץ היה עו""ד ומונה ב 1943-לנציג האחרון של היהודים | בפני הרייך השלישי .נשלח לטרזין שם היה הממונה על | פעילויות בשעות הפנאי וגם מנהל הדואר .עלה לארץ | ונפטר ב.1946- | -הסבים של מרינה גבעול לבית הנשל מצד האב: | קרל הנשל ,יליד  & 1846 אמה הנשל לבית דויטש | Carl Henschel &Emma Henschel geb .Deutsch | הם גרו בנייסה  Neisseלימים עברו לברסלאו .Breslau | קרל הנשל היה שותף בבית מלאכה לכפתורים ,עסק גם | במתן הלוואות. | -ההורים של אמה :Emma | האב יונס דויטש  Jonas Deutschיליד .1813"		ברנהרד צדיק Bernhard Zadikבעל חנות סידקית	No Image	-יוהאן / יונס דויטש Johann / Jonas Deutschמקבל תעודת					נרשם ב 21 / 22.07.2008-	כרטיס 1 מתוך 7	נילי דוידסון		2008.529		שמואל גבעול ,ראשון לציון	"הסכם תרומה חתום ע""י מר שמואל גבעול נמצא בתיק ""הסכמי תרומה""13.7.08 ,"	5287,5288,5289
G-F-0363-2	G.F. 0363 / 2	הנשל & דויטש		פנקסים ,מחברות ,מכתביות מפוארות						קטגוריות: | .1 כתיבה אישית | .2 אמנות *רקמת גובלן | .3 מנהגים *שירה לרגל נישואין | .4 שירה | .5 כתיבה אישית *סיפוריה של אמה דויטש | .6 המאה ה 19-			No Image	"-מחברת ללא כריכה עליה נכתב"" :אמה הנשל ספר"					נרשם ב 21 / 22.087.2008 -	כרטיס 2 מתוך 7	נילי דוידסון		2008.529		שמואל גבעול ,ראשון לציון		5331,5332
G-F-0363-3	G.F. 0363 / 3	הנשל & דויטש		מכתבים 1839-1893				מקור	Original	"אוסף מכתבים ,מרביתם ארוזים במעטפות המקוריות | והמבוילות. | המכתבים מוינו שמית ותקופתית למעטפות  1-5 ארכיון | ממוספרות ע""י אסנת קובלנץ )מצוות המוזיאון( .תאריכי | נמכתבים נרשמו בעיפרון על המעטפות. | קטגוריות: | .1 המאה ה 19- | .2 התכתבות | .3 מסחר"			No Image	"מקריאת ""דגימה"" במכתבים ע""י קרלה וולף ,התכניםהם"					נרשם ב 22.07.2008-	כרטיס 3 מתוך 7	נילי דוידסון		2008.529		שמואל גבעול ,ראשון לציון		5355,5356
G-F-0363-4	G.F. 0363 / 4	הנשל & דויטש		מכתבים 1867-1924				מקור	Original	"אוסף מכתבים ,מרביתם ארוזים במעטפות המקוריות | והמבוילות. | המכתבים מוינו שמית ותקופתית למעטפות  1-6 ארכיון | ממוספרות ע""י אסנת קובלנץ )מצוות המוזיאון( ,על כל | מעטפה נרשם בעיפרון תאריך המכתב. | קטגוריות: | .1 המאה ה 19- | .2 התכתבות | .3 מסחר"			No Image	מעטפה מס : 1 .מכתבים אל קרל הנשל Carl Henschel					נרשם ב 22.07.2008-	כרטיס 4 מתוך 7	נילי דוידסון		2008.529		שמואל גבעול ,ראשון לציון		5357,5358
G-F-0363-5	G.F. 0363 / 5	הנשל & דויטש		מסמכים של רוברט הנקה & Robert Hanckeאחרים				מקור	Original	לא ברור מה הקשר של רוברט יליד 1901 בברסלאו & | אלזה הנקה  Robert &Else Hanckeלמשפחת הנשל | ודויטש. | קטגוריות: | .1 פלשתינה *מסמכים רוברט הנקה | .2 עליית הנוער *מכתבים על ליל & מראו | .3 חינוך *מכתבו של .B.W | .4 המאה ה* 19-מברק עיתונאי  /פרידריך ה 3- | .5 מוזיקה *תכניית אופרה			No Image	מסמכים רוברט הנקה:					נרשם ב 27.07.2008-	כרטיס 5 מתוך 7	נילי דוידסון		2008.529		שמואל גבעול ,ראשון לציון		5359,5360
G-F-0363-6	G.F. 0363 / 6	הנשל & דויטש		קופסה עם רקמה				מקור	Original				No Image	-קופסת עץ מקושטת בריקמת גובלן יפה ,שבאמצע					נרשם ב 27.07.2008-	כרטיס 6 מתוך 7	נילי דוידסון		2008.529		שמואל גבעול ,ראשון לציון		5361,5362
G-F-0363-7	G.F. 0363 / 7	הנשל & דויטש		מכתבים מהמאה ה 19-וה 20-עם סיכום בעברית ,מחזה				מקור ,תרגום לעברית	Original, Translation to Hebrew	קטגוריותף | .1 התכתבות | .2 מנהגים | .3 כתיבה אישית *מחזה Wandlung			No Image	8 -מכתבים בגרמנית אל אנשים שונים ומאת אנשים					נרשם ב 28.09.2008-	כרטיס 7 מתוך 7	נילי דוידסון		2008.529		שמואל גבעול ,ראשון לציון	"הסכם תרומה חתום ע""י מר שמואל גבעול נמצא בתיק ""הסכמי תרומה"""	5435,5436
G-F-0364	G.F.0364	פייזר ארנסט & אליאסף יהודה		תעודות אישיות				מקור ,העתק	Original, Copy	גב' חוה )שם בלידה :אוה( פייזר הפקידה מסמכים | מעיזבון: | .1 הוריה ארנסט פייזר  & Ernst Peiserקתה )קתרינה( | לבית ליב Käthe)Katharina (geb .Loew | .2 בעלה דר' יהודה אליאסף .Jehuda Eliassaf | -יהודה אליאסף יליד  1926 נולד כ :-הנס אליאסוב Hans | Eliassowבפרנקפורט על נהר המיין. | הוריו :האב ,דר' ולטר ,רופא  & Walter Eliassowהאם, | מתילדה לבית אשר  .Mathilda geb .Ascherדר' ולטר | אליאסוב עלה לארץ ב ,1935 -רעיתו והבן ,יהודה ,עלו ב- | .1936 | קטגוריות: | .1 תעודות אישיות | .2 תמונות			No Image	עיזבון של משפחת פייזר :Peiser					נרשם ב 01.06.2008-	כרטיס 1 מתוך 1	נילי דוידסון		2008.524		חוה אליאסף לבית פייזר ,חיפה		5198,5199,5200
G-F-0365	G.F.0365	כהן / קאהן & לוי		ספר						ספר בעברית מאת זאב כהן / קאהן ,שכתב עבור משפחתו | על תולדות משפחתו. | קטגוריות: | .1 תולדות משפחה	58	2008	No Image	זאב כהן ,יליד חיפה ,1939 כתב עבור ילדיו ונכדיו את				גרמניה	נרשם ב 13.07.2008-	כרטיס 1 מתוך 1	נילי דוידסון		2008.530		יהודית כהן ,רעייתו ,עשרת		5290
G-F-0366	G.F.0366	ברנהיימר פרנץ	Bernheimer Franz	הנצחה לאמן פרנץ ברנהיימר						"גב' ברנהיימר ,אלמנתו של האמן ,פרנץ ברנהיימר, | הפקידה מאט חומר להנצחת בעלה ז""ל .פרנץ ברנהיימר | היה מורה לאמנות בבצלאל. | קטגוריות: | .1 אמנות"			No Image	-שני ברושורים משתי תערוכות אחת בארץ באנגלית שניה					נרשם ב 31.07.2008-	כרטיס 1 מתוך 1	נילי דוידסון		2008.534		גב' ברנהיימר ,הרעיה ,טבעון	בשנת 2000 הפקידה גב' ברנהיימר קלטת וידאו בגרמנית על דמויות של יהודים חשובים ממינכן ,גם פרנץ ברנהיימר מתועד .קלטת מס ,22 .ראה ספריית הקלטות.	5363,5364
G-F-0367	G.F.0367	וייל זאב ולטר	Weil Zeev Walter	חוברת ביוגרפית				העתק ,הדפסה	Copy, Printing	"חוברת בעברית עם הכותרת ""פישבורן"" | Fischborn | קטגוריות: | .1 ביוגרפיה *בגרמניה | .2 תולדות משפחה"			No Image	זאב וייל יליד 1918 גדל אצל סבו וסבתו בכפר פישבורן.					נרשם ב 12.10.2008-	כרטיס 1 מתוך 1	נילי דוידסון		2008.555 & 2008.541		זאב ולטר וייל ,מעין צבי	"הנ""ל הפקיד גם חוברת 237 ,עמודים ,על ההכשרה באהרנסדורף .ראה כרטיס | נמצא בספריה ,מדור חינוך נוער וספורט | האות ' , 'Hקטלוג ממוחשב כרטיסG.B.3901 : | הסכם תרומה נחתם ב 15.04.2013-"	5484,5485
G-F-0368	G.F.0368	רטנר אורה	Retner Ora	אורה )פלורה( רטנר לבית וייל 1907-2004						חוברת ביוגרפית בעברית של / על אלמנת האדריכל פרופ' | יוחנן רטנר ,אורה רטנר. | קטגוריות: | .1 הגירה | .2 אירגונים | .3 כתיבה אישית | .4 פלשתינה | .5 ישראל | .6 תולדות משפחה | .7 ביוגרפיה			No Image	החוברת יצאה לאור בהוצאה פרטית אחרי פטירתה של					נרשם ב 20.10.2008-	כרטיס 1 מתוך 1	נילי דוידסון		2008.543		חיה צימבליסטה ,חיפה		5488,5489
G-F-0369	G.F.0369	פינצ'ובר דניאל	Pinczower Daniel	"חוברת בעברית דניאל פינצ'ובר תרס""א -תשנ""ג -1891"	1993					"החוברת הופקדה ע""י אסתר יפתח-אל .מתוך פתק כתוב | עברית שנמצא בתוך החוברת מסתבר ,ששושנה לנגרמן, | נכדתו של דניאל פינצ'ובר ,שלחה חוברת זאת אל אסתר | יפתח-אל לפני מספר שנים. | קטגוריות: | .1 קורות משפחה | .2 אילן יוחסין | .3 מנהגים | .4 הגירה | .5 פלשתינה | .6 ספורט"			No Image	"-החוברת כתובה ומודפסת בעברית נכתבה ע""י הנכדה"					נרשם ב 29.10.2008-	כרטיס 1 מתוך 1	נילי דוידסון		2008.547		אסתר יפתח-אל ,מצובה		5504,5505
G-F-0370	G.F.0370	דרזל אריך & גרטרוד		אלבום איחולים לאירועים משפחתיים				מקור	Original	"מירה סובר ,בתם של אריך דרזל ,רופא ,וגרטרוד לבית | האזה ,בתו של הוגו האזה .הוגו האזה ,1863-1919 ,אביה | של גרטרוד,עו""ד ,סוציאלדמוקרט ,נורה/נרצח ב.1919- | קטגוריות: | .1 ציונות *מברקים ציונים ,קק""ל. | .2 מנהגים"			No Image	האלבום מכיל אוסף איחולים וברכות לאריך וגרטרוד					נרשם ב 11.11.2008-	כרטיס 1 מתוך 1	נילי דוידסון		2008.551		מירה סובר ,הבת ,מעין צבי	* ראה גם תיק G.F.0192 | * ראה גם תיק G.F. 0104 /15	5509,5510
G-F-0371-1	G.F. 0371 / 1	אבנון )שטיין( אליעזר & בילשובסקי		ארנסט / אליעזר שטיין / אבנון				מקור ,העתק	Original, Copy	"אליעזר )ארנסט (Ernstאבנון )שטיין ,(Steinיליד -1901 | 1953 בקניגסברג  ,Königsbergמהנדס בנין .עלה לארץ ב- | .1924 | אליעזר/ארנסט נשא לאישה את שרה )סוניה  (Soniaלבית | ינלובה  ,Yenelovaילידת  1908 ארני  Aranyבליטא. | הנישואין נערכו ב 1931-בירושלים. | ההורים של ארנסט: | האב ,ולתר  Waltherבנימין שטיין ,האם ,הלנה שטיין | לבית בילשובסקי ,ילידת .1877 | עלו לפלשתינה ב .1936-ולטר בנימין שטיין היה רופא | א.א.ג. | אחד מאבות אבותיהם של משפחת שטיין הוא משה | שטיין  , Moses Steinשרת בצבא הפרוסי .1814 | קטגוריות: | .1 תעודות אישיות *בי""ס *נישואין | .2 ילדים *יומן התפתחות לילד ארנסט | .3 תמונות *משפחתיות | .4 מסורת *טלית לילד, | .5 פלשתינה *פנקס חובת שרות עבודה 1948 | .6 ישראל *פנקס שירות חובת עבודה 1948"			No Image	-תעודת בגרות של ארנסט שטיין )אליעזר אבנון(,					נרשם ב 23.11.2008 & 17.11.2008-	כרטיס 1 מתוך 4	נילי דוידסון		2008.554		תמר רונן ,הנכדה ,חיפה	"ולתר = Walther | הסכם תרומה חתום ע""י תמר רונן מ 08.12.2008-"	5516,5517,5518
G-F-0371-2	G.F. 0371 / 2	אבנון )שטיין( אליעזר & בילשובסקי		ולתר & הלנה שטיין				מקור ,העתק ,תרגום לעברית	Original, Copy, Translation to Hebrew	"ראה פירוט משפחתי בG.F.0371 / 1- | קטגוריות: | .1 מנהגים *עלונים לחתונה | .2 מדעים *עבודת הדוקטור של ולתר שטיין | .3 ביוגרפיה  /קורות משפחה *זיכרונות הלנה שטיין | .4 מלח""ע * Iזיכרונות הלנה שטיין | .5 קהילות *זיכרונות הלנה שטיין | .6 המאה ה* 19-זיכרונות הלנה שטיין | .7 פעילות תרבותית *מחזה לחתונה | .8 ציונות *מכתבים אל דוד וולפסון * עיתון הסטודנטים | היהודים בקניגסברג."			No Image	-תמונה של הלנה וולתר שטיין ,ההורים של ארנסט,					נרשם ב 23.11.2008 7 17.11.2008-	כרטיס 2 מתוך 4	נילי דוידסון		2008.554		תמר רונן ,הנכדה ,חיפה		5528,5529
G-F-0371-3	G.F. 0371 / 3	אבנון )שטיין( אליעזר & בילשובסקי		משפחת בילושובסקי ,Bieloschowskyהנס שטיין &				מקור ,העתק	Original, Copy	משפחת בילושובסקי ,משפחתה של הלנה שטיין ,אמו של | ארנסט שטיין )אליעזר אבנון(. | אביה של הלנה ,בנו  Bennoבילושובסקי ,האם מתה Meta | לבית הולנדר  .Holaenderלזוג  3 בנות :הלנה ,תקלה | , Theklaאליזבת  Elisabethשטיין )נישאה להנס ,האח של | ולתר שטיין(. | בנו בילושובסקי היה בעליה של טחנות קמח ברוסטוק | Rostockוברסלאו Breslau | ההורים של בנו בילשובסקי :האב זליג ,האם רוזליה. | קטגוריות: | .1 משפט *צוואה | .2 מנהגים *עלונים לחתונה | .3 מדעים *פטנט של בנו בילשובסקי* ,פילוסופיה | Sein und All | .4 תעודות אישיות *דרכונים | .5 תמונות | .6 המאה ה* 19-תמונה משפחתית			No Image	-הצוואה של בנו בילשובסקי .Benno Bielschowsky					נרשם ב 23.11.2008 & 18.11.2008-	כרטיס 3 מתוך 4	נילי דוידסון		2008.554		תמר רונן ,הנכדה ,חיפה		5513,5514,5515
G-F-0371-4	G.F. 0371 / 4	אבנון )שטיין( אליעזר & בילשובסקי		תרבות				מקור	Original	"קטגוריות: | .1 כתיבה אישית | .2 שירה | .3 הומור *סיפור/פרודיה *""ידיעות מקומיות"" ועוד. | .4 פעילות תרבותית *כרזה למחזה ""סלומה"" | .5 פרסומים"			No Image	-שירים בגרמנית שנכתבו לאירועים משפחתיים					נרשם ב 23.11.2008-	כרטיס 4 מתוך 4	נילי דוידסון		2008.554		תמר רונן ,הנכדה ,חיפה		5525,5526,5527
G-F-0372-1	G.F. 0372 / 1	אברמוב-דוידסון באטה	Avramoff-Davidson Beate	תמונות				מקור	Original	"דר' באטה לבית ליפשטיין ,ילידת ,1912 פרנקפורט על | המיין .רופאת נשים .עלתה לארץ ב 1939-עם בעלה | הראשון ,דר' פטר דוידסון ,1911-1987 ,רופא שיניים. | בשנות ה 70-נישאה בשנית לדר' אברהם אברמוב ,כימאי. | את מרבית שנותיה חיה בנהריה ,משנת .1947 | בשנת  2008 החליטה לעבור לבית אבות בשבי ציון. | אחרי עבודות שונות ,לא ברפואה ,הצליחה להתקבל | לעבודת התמחות ברפואת נשים בבי""ח העמק. | קטגוריות: | .1 תמונות *פלשתינה/ישראל *רפואה"			No Image	"-אלבום עם תמונות מביה""ח העמק אותו קבלה באטה"					נרשם ב 30.11.2008-	כרטיס 1 מתוך 4	נילי דוידסון		2008.558		דר' באטה אברמוב-דוידסון .נהריה	במיכל התיקים מצוי פריט :קופסה / כספת קטנה עם מפתח ,בתוכה 2 קומות מרופדות בקטיפה כחולה ,קופסת תכשיטים.	5075,5076
G-F-0372-2	G.F. 0372 / 2	אברמוב-דוידסון באטה	Avramoff-Davidson Beate	מכתבים & תעודות אישיות				מקור	Original	"לבאטה היה חוג חברים רחב מאד ,בארץ ובחו""ל .קשר | מיוחד היה לה עם חנה & ברנרד פיטרס ,דנמרק .חנה היא | בתו של הצייר אפרים משה ליליין .ועם החברה מתקופת | הלימודים באוניברסיטה של פרנקפורט ,ליסה סמואל | לבית איינשטיין. | קטגוריות: | .1 מכתבים | .2 תעודות אישיות"			No Image	-מכתבים אל באטה בגרמנית ואנגלית מאת חנה & ברנרד					נרשם ב 30.11.2008-	כרטיס 2 מתוך 4	נילי דוידסון		2008.558		דר' באטה אברמוב-דוידסון .נהריה	במיכל התיקים מצוי פריט :קופסה / כספת קטנה עם מפתח ,בתוכה 2 קומות מרופדות בקטיפה כחולה ,קופסת תכשיטים.	5537,5538
G-F-0372-3	G.F. 0372 / 3	אברמוב-דוידסון באטה	Avramoff-Davidson Beate	תעודות הערכה				מקור	Original	"דר' באטה אברמוב-דוידסון ,לצד עבודתה כרופאה בקופת | חולים ,עסקה כל חייה בעזרה לניצרכים ,אירגנה חוג | תורמי כסף מבין מכריה ,עשתה ביקורי בית אצל ניצרכים. | העשייה היתה בענווה וסודיות .היא יזמה והקימה את י.ע.ל | בבי""ח נהריה .היתה חברה באירגון הבינלאומי | ""סוראופטימיסט"" .הפרויקט הראשון והאהוב עליה במיוחד | היתה ההרתמות לנושא ""תיכנון המשפחה"" ,היתה נציגת | ישראל בכנסים בארץ ובחו""ל. | קטגוריות: | .1 הנצחה"			No Image	-תעודות תודה והוקרה ,שנתנו לבאטה ממוסדות שונים					נרשם ב 30.11.2008-	כרטיס 3 מתוך 4	נילי דוידסון		2008.558		דר' באטה אברמוב-דוידסון .נהריה	במיכל התיקים מצוי פריט :קופסה / כספת קטנה עם מפתח ,בתוכה 2 קומות מרופדות בקטיפה כחולה ,קופסת תכשיטים.	5539,5540
G-F-0372-4	G.F. 0372 / 4	אברמוב-דוידסון באטה	Avramoff-Davidson Beate	תעודת גמר לימודי רפואה				מקור	Original	באטה התחילה את לימודיה ב 1935-אחרי 2 סמסטרים | נאלצה לעזוב .הגיע בגפה לרומא להמשך הלימודים. | לימודיה בפרנקפורט לא הוכרו במלואם ,נאלצה ללמוד | חלק מחומר שוב. | קטגוריות: | .1 תעודות אישיות			No Image	תעודה מפוארת לסיום לימודי הרפואה ,ניתנה לבאטה					נרשם ב 30.11.2008-	כרטיס 4 מתוך 4	נילי דוידסון		2008.558		דר' באטה אברמוב-דוידסון .נהריה		5541,5542
G-F-0373	G.F.0373	פיטרס & מתיאס & ליליין & מגנוס & יזלר		עבודת שורשים בשלושה חלקים				העתק ,הדפסה	Copy, Printing	"העבודה נעשתה ע""י תום פיטרס ,ארה""ב היום בשוייץ .תום | הוא הנכד של אפרים משה ליליין. | העבודה נשלחה לשלוחות המשפחה ,משפחת דוידסון | וזאת הפקידה את החומר בארכיון. | קטגוריות: | .1 קורות משפחה *חקר משפחה ,אילן יוחסין"			No Image	"תום פיטרס במחקרו הגיע עד ""לדוד המלך""."					נרשם ב 30.11.2008-	כרטיס 1 מתוך 1	נילי דוידסון				יורם & נילי דוידסון ,נהריה	יש רלוונטיות לתיק G.F.0267	5543,5544
G-F-0374	G.F.0374	פינצ'ובר & אש		ספר / קורות משפחה						"מרים צורי כתבה את הספר "" זה מה שהיה""... | קורות משפחת פינצ'ובר ומשפחת אש והענפים | המסתעפים של שתי המשפחות."			No Image						נרשם ב 01.12.2008-	כרטיס 1 מתוך 1	נילי דוידסון		2008.559		מרים צורי ,בוסתן הגליל	הספר נרשם גם בקטלוג הספרים של המוזיאון	5545
G-F-0375	G.F.0375	יעקבסון ביטצה	Jacobsohn Bitza	ספר תפילה				מקור	Original	יעקבסון ביטצה בת 1860-1931 למשפחה אמידה | מבוקרשט ,רומניה .הייתה נשואה למורה סלומון יעקבסון. | אחותה חנה היתה נשואה לרבה הראשי של בוקרשט רבי | מאיר מוריץ בק .פרטים נוספים ראה צילום מכתב הנכדה, | דניאלה דוידסון ,בתיק. | קטגוריות: | .1 יהדות | .2 מנהגים | .3 המאה ה 19-			No Image	ספר תפילה מפואר .כריכת הספר מצופה בשנהב ,בצד					נרשם ב 03.12.2008-	כרטיס 1 מתוך 1	נילי דוידסון		2008.550		דניאלה דוידסון ,תל אביב	15.02.2009 דניאלה דוידסון מסרה טלפונית עוד פרטים על סבתה ,נרשמו.	5554,5555
G-F-0376	G.F.0376	בלומנטל-בנטל	Blumenthal-Bental	ספר	Die Geschichte der Familie Blumenthal-Bental					"ספר ,קורות משפחה ייקית בפלשתינה / ישראל. | המשפחה ,משפחת רופאים ,חיה בחיפה ,ייסדה ונהלה | בי""ח בחיפה."	83	2008	No Image		Moses Mendelsshon Gesselschaft				נרשם ב 24.12.2008-	כרטיס 1 מתוך 1	נילי דוידסון		2008.552		דר' אפרים בנטל ,חיפה	"בספריית המוזיאון מצוי גם הספר :בי""ח בלומנטל בחיפה ,נוסד ע""י המשפחה."	5610
G-F-0377	G.F.0377	בלומנטל )הסן(	)Blumenthal (Hessen	"חוברת ""תולדות הבלומנטלים מהסן"" ,עברית"						"החוברת נשלחה ע""י בת המשפחה ,חנה טל )בלומנטל(. | ראה צילום מכתב מצורף. | ""הסן""  , Heessenהכוונה לישוב קטן ע""י העיר הם Hamm | ולא למדינת הסן שעיר בירתה היא פרנקפורט על נהר | המיין. | קטגוריות: | .1 תולדות משפחה | .2 הרייך השלישי | .3 שואה | .4 היסטוריה יהודית"	65	2008	No Image						נרשם ב 14.01.2009-	כרטיס 1 מתוך 1	נילי דוידסון		2009.555		חנה טל ,חיפה		5644
G-F-0378	G.F.0378	פדן )פוביצר( זאב	Padan (Pubitzer) Zeev	"חוברת & DVDסיפור ביוגרפי ""טוב מאוחר"""						".1 החוברת הוצאה לאור ע""י המשפחה 50 ,עמודים ומספר | תמונות משפחתיות .כתובה בעברית. | DVD .2 כ 15-דקות .עברית ,אנגלית וגרמנית בגוף הסרט. | הסרט צולם ע""י הבן ,תומר פדן. | קטגוריות: | .1 קורות משפחה | .2 ביוגרפיות | .3 הרייך השלישי | .4 משפט"			No Image	סיפורו הביוגרפי ויוצא הדופן של ,זאב פדן ,ילד לאם					נרשם ב 01.02.2009-	כרטיס 1 מתוך 1	נילי דוידסון		2009.555		זאב פדן ,ירושלים	תומר פדן ,לומד קולנוע ,מתעתד להשתמש בחומר להכנת סרט תיעודי / מקצועי	5649,5650
G-F-0379	G.F.0379	אויפהויזר-שפליך רבקה		תמונות				מקור	Original	התורמת מצאה בעיזבון אמה ,רבקה אויפהאוזן לבית | שפליך ,את התמונות ואין לה שום מידע נוסף בקשר | אליהן.			No Image	"6 תמונות גדולות ממדים ,שצולמו ע""י צלם מקצועי במינכן"					נרשם ב 04.02.2009-	כרטיס 1 מתוך 1	נילי דוידסון		2009.556		מיכל אנדורן ,הבת ,חולון	בשיחת טלפון מיום 03.02.2009 עם התורמת ,היא הבטיחה לאסוף יותר מידע על התמונות .קבלה הסבר לנושא התמונות ,אין לה שום ידע בנושא.	5652,5653
G-F-0380	G.F.0380	קמניצר קורט & שרלוטה		ספרי ילדים ,ספרים ,נעלי ילדים ,מסמכים				מקור ,העתק	Original, Copy	"דר' קורט קמניצר ,1896-1973 רופא שיניים ,נולד בכפר ע""י | חמניץ  ,Chemnitzעלה לארץ עם רעיתו ושתי בנותיו ב- | 1936 התיישב בראשון לציון .עוד בהיותו בגרמניה דאג | למצוא מרפאת שיניים ,אותה מצא בראשון לציון. | רעיתו שרלוטה לבית ראבה 1898-1975 | Charlotte Camnitzer geb .Rabeילידת ברלין. | קטגוריות: | .1 ילדים *ספרי ילדים | .2 פריטים *נעלי ילדים בנות  109 שנים *כולבים לבגדי | ילדים *ערכה לשולחן משרדי | *תפסני מפית אוכל לילדים. | .3 תעודות אישיות | .4 מסורת *מגילת אסתר *ברכת המזון *ועוד | .5 מנהגים *פנקס לרישום מופעים | .6 ספורט *פנקסי חברות במכב""י"			No Image	-תשעה ספרי ילדים בגרמנית:					נרשם ה 14.04.2009-	כרטיס 1 מתוך 1	נילי דוידסון		2009.561		אסתר שיפריס ,פתח תקוה	"נחתם הסכם תרומה ,שמור בתיק ""הסכמי תרומה""3.5.2009 ."	5757,5758,5759
G-F-0381	G.F.0381	לדרברגר ארנו	Lederberger Arno	מכתבים / מכבי הצעיר				העתק ,הדפסה	Copy, Printing	"לדרברגר ארנו Lederberger Arnoלימים לדור אהוד -1916 | ) 2005 אביו של משה לדור מפרקליטי המדינה( יליד | לייפציג ,הקים ,אירגן וניהל את אגודת ה""דישונים"" של | מכבי הצעיר בלייפציג .לימים עבר לברלין משם המשיך | לתמוך ולייעץ לאגודה בלייפציג .בברלין עבד בבית הספר | הגבוהה למדעי היהדות וגם בהנהלה הארצית של ארגון | הצופים היהודים מכב""י הצעיר ,ברית הצופים ,בגרמנית: | Jüdischer Pfandfinderbund Makkabi Hazair Brith Hazofim | פעיל במחלקת התרבות בכלל ובסניף הקולנע בפרט, | של משרד זה. | עלה לארץ ב ,1939-הצטרף לקבוצת ""כנרות"" שייסדה את | מצובה. | 1946-1949 שליח ציוני באוסטרליה. | 1950-1966 עבד בגן הירק במצובה וגם שימש .שנתיים | כגזבר הקיבוץ. | 1967-1969 שליח בארה""ב. | 1970 חזר לתקופה קצרה למצובה. | בהמשך פעיל במשרד החוץ. | העתקים מקוריים )העתק ממכונת הכתיבה( ממכתבים | בגרמנית אל פעילי מכבי הצעיר בשנים .1936-1938 | החומר הועבר מארכיון קיבוץ מצובה. | קטגוריות: | .1 תנועות נוער | .2 הכשרה | .3 עליית נוער | .4 ציונות | .5 פלשתינה | .6 חינוך"			No Image	ארנו לדרברגר ) Arno Lederbergerאהוד לדור( כותב					נרשם ב 14.04.2009-	כרטיס 1 מתוך 1	נילי דוידסון		2009.381		אסתר יפתח-אל ,מצובה	חלק מהמידע על פעילותו של אהוד לדור בארץ התקבל מאסתר יפתח-אל.	5767,5768,5769
G-F-0382	G.F.0382	להמן אריך	Lehmann Erich	פירסומים						אריך להמן,1912-1986 ,ורעיתו ורה Veraהיו ממייסדיה | של נהריה .הקימו ועבדו יחד במספרה הראשונה של | נהריה .לימים עסק אריך להמן בכתיבה ובעיתונאות .לזוג | 2 ילדים :רותי גרטנר לבית להמן וגדעון להמן. | קטגוריות: | .1 ארץ ישראל | .2 קהילות | .3 מנהגים | .4 מסורת | .5 ילדים *ארבעת המכתבים של האם לבנה | .6 משפחה *ארבעת המכתבים של האם לבנה | .7 הגירה *ארבעת המכתבים של האם לבנה | .8 ביוגרפיה | .9 מקצועות חופשים *עיתונאות			No Image	-ספר ,שכתב אריך להמן בגרמנית עם הכותרת					נרשם ב 23.09.2012 & 11.07.2009-	כרטיס 1 מתוך 1	נילי דוידסון		2012.752		גדעון להמן ,הבן ,כפר ורדים		5935,5936
G-F-0383-1	G.F. 0383 / 1	אורני אפרים	Orni Efraim	עליה ושואה				מקור ,העתק	Original, Copy	"מידע שנמסר ע""י מפקיד העזבון ,פרופ' מיכה לוי: | אפרים אורני  1915-1998 לשעבר פריץ שוורצבאום Fritz | , Schwarzbaumנולד בברסלאו .עלה לארץ  1938 אחרי | ליל הבדולח .אביו נלקח בליל הבדולח לבוכנוולד ,שם | מת. | ב-     האם נעצרה ב 21.11.1941-ושמה קץ לחייה | 25.11.1941 במקום האיסוף למשלוח מברסלאו למחנה | בריגה .את רעייתו ריטה לבית באנר  Bannerהכיר בארץ, | חיו בירושלים .היה גיאוגרף ,עבד בקק""ל. | קטגוריות: | .1 שירה | .2 כתיבה אישית *ראה כתיבה זיגמונד וייס | .3 תולדות משפחה *ראה כתיבה זיגמונד וייס | .4 קהילה *ראה כתיבה זיגמונד וייס | .5 מנהגים *Poesiebuch | .6 תעודות אישיות | .7 משפחה *ראה מכתבי האם לבנה | .8 ילדים | .9 הגירה"			No Image	-חוברת 67 ,דפים .עם שירים בגרמנית ,שכתב אפרים					נרשם ב 17.06.2009-	כרטיס 1 מתוך 2	נילי דוידסון		2009.564		פרופ' דר' מיכה לוי ,בן דוד ,קיסריה		5940,5941,5942
G-F-0383-2	G.F. 0383 / 2	אורני אפרים	Orni Efraim	אלבום תמונות				מקור	Original	אלבום תמונות של משפחת הוגו & חנה שוורצבאום Hugo | &  , Hanna Schwarzbaumההורים של פריץ )אפרים אורני(, | ברסלאו.			No Image	אלבום תמונות של משפחת הוגו & חנה שוורצבאום Hugo					נרשם ב 17.06.2009-	כרטיס 2 מתוך 2	נילי דוידסון		2009.564		פרופ' דר' מיכה לוי ,בן דוד ,קיסריה		5943,5944
G-F-0384	G.F.0384	לובנטל אורי	Lowental Uri	"ספר אוטוביוגרפי"" :המראות והשקיעות"""						קטגוריות: | .1 מנהגים *תיאור הבית והסבים הייקים ברמות השבים | .2 צבא *טייס  -תיאורים | .3 רפואה *רופא  /פסיכיאטר  -תיאורים	120	2009	No Image										2009.583		"ד""ר אורי לובנטל"		6119
G-F-0385	G.F.0385	גצוב עמירה	Getzuv Amira	ספר						"עמירה גצוב לבית זיזל ילדת ,1929 חברת מצובה ,כתבה | את זכרונותיה .עברית .2009 ,שם הספר"" :זכרונות"". | קטגוריות: | .1 ביוגרפיה | .2 תולדות משפחה & משפחה | .3 קהילה *נישואים בין יהודים דתיים ולא דתיים. | .4 מלח""ע * IIשהייה במרתפים ומחבואים אחרים | .5 הרייך השלישי | .6 שואה | .7 אנטישמיות | .8 ילדים | .9 נוער | .10 תנועות נוער *השומר הצעיר ,גורדוניה | .11 מחנות מעצר *גירוש יהודים למחנות בדרום צרפת | .12 הגירה | . 13 התיישבות | *ניתוק הגליל המערבי במלחמת         .14 מלחמות ישראל | השחרור | .15 מקצועות חפשיים *מכבסה בגרמניה"			No Image	עמירה גצוב מיטיבה לספר בספר על עצמה ,משפחתה					נרשם ב 30.06.2009-		נילי דוידסון		2009.568		עמירה גצוב ,מצובה		5951,5952
G-F-0386	G.F.0386	מאייר-בלום דינה		"ספר בעברית"" ,על אם הדרך ,דינה מאייר-בלום"""						"הספר נכתב ע""י הנכדה ,מירה חן ,והוקדש לאמא שלה | דבורה חרמון ,שהייתה בתם של | דינה בלום לבית מאייר והאמן ,צייר ,לודויג בלום .בספר | תמונות משפחה ותמונות אחרות. | קטגוריות: | .1 חינוך | .2 פלשתינה | .3 ארץ ישראל | .4 הגירה | .5 תולדות משפחה"			No Image	מפעל העשייה של דינה מאייר-בלום ,שמוכרת כאחת					נרשם ב 11.08.2009-		נילי דוידסון		2009.573		מירה חן ,הנכדה ,הר אדר		5993,5994
G-F-0387	G.F.0387	בריש גרהרד גרשון	Berisch Gerhard Gerschon	"כובע צבאי ממלחמ""ע I"				מקור	Original	"יהודית טלר הביאה את הכובע למוזיאון וספרה ,שמצאה | אותו בעיזבון אמה ,ברכה מור לבית בריש ילידת .1904 | מקרובת משפחה נודע לה שהכובע היה שייך לדוד, | גרהרד גרשון בריש יליד  ,1898 אח אמה .כמו כן נודע לה | לראשונה שהדוד שלחם במלחמ""ע  Iלא חזר מהקרב. | הכובע הובא לאימו ,רוזה בריש ,שנה לאחר היעדרו .אין | יודעים מה קרה לדוד ולא היכן הוא קבור."			No Image	כובע צבעי ,טקסטיל / לבד אפור כהה ועור שחור ,ללא				צבא	נרשם ב 12.08.2009-		נילי דוידסון		2009.574		יהודית טלר ,אחיינית ,כפר בצרה	"הכובע בתצוגת המוזיאון ,שולחן תצוגה: | חיילים יהודים בצבא ובמלחמה"""	5998
G-F-0388	G.F.0388	אוסאיבל ברוך בן קלמן	Ausubel Baruch Ben Kalman	ספר בעברית ,שעון כיס ,לוח שנה עברי				מקור ,העתק	Original, Copy	"ברוך אוסאיבל ,1905-1985 יליד שטוטגרט ,עלה לארץ | בגפו ב 1935-במסגרת בח""ד )ברית חלוצים דתיים( .בארץ | עסק במסחר. | הנ""ל נהג לפתור את התשבצים של העיתון היהודי ,שיצא"			No Image	דר' דן אלדר מצא בעיזבון אביו ,ברוך בן קלמן אוסאיבל					נרשם ב 15.05.2011 & 18.08.2009-		נילי דוידסון		2011.684 & 2009.576		דר' דן אלדר ,הבן ,הרצליה	"נחתם 'הסכם תרומה' ב ,22.05.2011-שמור בתיק ""הסכמי תרומה"". | שעון הכיס מכסף מוצג בתצוגת המוזיאון מחודש מאי .2011"	6023,6024
G-F-0389	G.F.0389	מאייר אנדראס פרידריך אשר	Meyer Andreas Friedrich Ascher					העתק	Copy	השם של המחבר נכתב באופנים שונים ,לעיתים ארוכים | )בתוספת גם השם אנדרה  (Andreולעיתים בקיצור רב | )אנדרה מאייר או אנדראס מאייר( | קטגוריות: | .1 פילוסופיה )של האמנות( | .2 ספרים | .3 ספרות | .4 מחזות			No Image	"-ספר בגרמנית שהנ""ל כתב והבת ,חנה קפלון-קוגן,"					נרשם ב 19.08.2009-		נילי דוידסון		2009.577		"חנה קפלון-קוגן ,הבת ,חיפה )החומר נאסף ע""י רותי אופק("		5705,5706
G-F-0390-1	G.F. 0390 / 1	גרוסמן הדויג & להמן רודולף )רודי(		רודי להמן חומרים ביוגרפיים & רודי להמן מסמכים,				מקור ,העתק	Original, Copy	"גב' הלגה קלר מנהלת עיזבונם של רודי להמן והדויג | גרוסמן ,מיינה את העיזבון לנושאים ולמעטפות עם | כתוביות .כמו כן רשמה קטלוג ,אנגלית ,לכל החומר. | המעטפות הריקות עם הכתוביות צורפו לתיקי הארכיון | התואמים. | רודי להמן  ,1903-1977 יליד ברלין .את זוגתו ,הדויג | גרוסמן ,הכיר בשנות ה 20-למאה ה 20-בעת לימודיו | בביה""ס העירוני לאמנות בברלין. | ב 1933-עלו יחד לשראל. | קטגוריות: | .1 אמנות *רשימת עבודות רודי להמן | .2 קורות חיים *רודי להמן | .3 מנהגים *הורוסקופ רודי להמן | .4 תעודות אישיות * ת .לידה *אישור אימוץ"		-תעודת סיום מפוארת לשוליה רודי על לימודיו	No Image	מעטפה ,1Rמצורפת ב מעל המסמכים.					נרשם ב 08.11.2009 & 30.08.2009-	כרטיס 1 מתוך 33	נילי דוידסון		2009.578		הלגה קלר ,הרצליה ,ממונה על עיזבון האמנים ,כתבה:	"תכני המעטפות 1 R +2 R +3Rכפי שמויינו ע""י הלגה קלר | עפ""י הקטלוג של הלגה קלר החומר בתיק: | 1R 1 -1R3 | 2R 1 -2R3 | 3R1"	6034,6035,6036,6037,6038,6039
G-F-0390-10	G.F. 0390 / 10	גרוסמן הדויג & להמן רודולף )רודי(		סקיצות ותכניות של רודי להמן 24R1 +24R 3 +24R4				מקור	Original	קטגוריות: | .1 אמנות *פיסול			No Image	-תכניות ועיצובים עבור ועדת הפסלים					נרשם ב 24.02.2010-	כרטיס 10 מתוך 33	נילי דוידסון		2009.578		הלגה קלר ,הרצליה ,ממונה על עיזבון האמנים ,כתבה:	"עפ""י הקטלוג של הלגה קלר התיק מכיל את החומר 24R1 +24R 3 +24R4 :"	6439
G-F-0390-11	G.F. 0390 / 11	גרוסמן הדויג & להמן רודולף )רודי(		עיצובים גיאומטריים לפסלים 24R2				מקור	Original	קטגוריות: | .1 אמנות *פיסול			No Image	עיצובים גאומטריים לפסלים.					נרשם ב 24.02.2010-	כרטיס 11 מתוך 33	נילי דוידסון		2009.578		הלגה קלר ,הרצליה ,ממונה על עיזבון האמנים ,כתבה:	"עפ""י הקטלוג של הלגה קלר התיק מכיל את החומר 24R2 :"	6440
G-F-0390-12	G.F. 0390 / 12	גרוסמן הדויג & להמן רודולף )רודי(		רישומים קטנים של רודי להמן				מקור	Original	קטגוריות: | .1 אמנות *ציור  /רישום			No Image	רישומים קטנים של רודי להמן.					נרשםב 24.02.2010-	כרטיס 12 מתוך 33	נילי דוידסון		2009.578		הלגה קלר ,הרצליה ,ממונה על עיזבון האמנים ,כתבה:	לתיק זה אין קטלוג מספרי בקטלוג של הלגה קלר	6441
G-F-0390-13	G.F. 0390 / 13	גרוסמן הדויג & להמן רודולף )רודי(		הדויג גרוסמן -חומר אוטוביוגרפי 1H				מקור ,העתק	Original, Copy	קטגוריות: | .1 ביוגרפיה | .2 עזרה הדדית *עבודה בבתי חולים עם פצועים ועיוורים			No Image	-אישור מעיריית גבעתיים על היותו של רודי להמן מנהל					נרשם ב 07.03.2010-	כרטיס 13 מתוך 33	נילי דוידסון		2009.578		הלגה קלר ,הרצליה ,ממונה על עיזבון האמנים ,כתבה:	"עפ""י הקטלוג של הלגה קלר התיק מכיל את החומר 1H1 -1H4 :"	6447,6448
G-F-0390-14	G.F. 0390 / 14	גרוסמן הדויג & להמן רודולף )רודי(		הדויג גרוסמן -מסמכים 2H 1921-1933 -				מקור ,העתק	Original, Copy	בתיק הרבה מסמכים ,שמתייחסים לאישיותה ועבודתה | של האמנית הדויג גרוסמן .הרבה שבחים על עבודתה עם | ילדים ונוער בעלי התנהגות חריגה על כך שהצליחה | לרתום אותם לעבודת הקדרות ,שהשפיע עליהם לטובה | במישורים כמו :מיומנות ידיים ,פיתוח טעם טוב ,כושר | ריכוז ,התמדה והתקדמות לקראת המטרה הסופית .אם | לסכם לעבודת הילדים עם הדויג בקדרות היתה השפעה | פיזית ונפשית טובה. | קטגוריות: | .1 תעודות אישיות *מבית הספר פסטלוצי | .2 ביוגרפיה | .3 חינוך *כיתות מונטסורי ,מכתבי הערכה והמלצה להדויג | .4 תעודות אישיות *בתי ספר * אזרחות			No Image	2 -העתקים ,תעודת הלידה של הדויג ילידת 1902 בברלין					נרשם ב 10 / 11.03.2010-	כרטיס 14 מתוך 33	נילי דוידסון		2009.578		הלגה קלר ,הרצליה ,ממונה על עיזבון האמנים ,כתבה:	"עפ""י הקטלוג של הלגה קלר התיק מכיל את החומר 2H1-2H21 :"	6449,6450,6451,6452
G-F-0390-15	G.F. 0390 / 15	גרוסמן הדויג & להמן רודולף )רודי(		הדויג גרוסמן ,כתיבה 3H 1918-1927 ,				מקור	Original	קטגוריות: | .1 אירגונים | .2 נוער | .3 ספורט | .4 חינוך			No Image	-יומן )חלקי( שכתבה הדויג גרוסמן ב ,1918-גרמנית					נרשם ב 22.04.2010-	כרטיס 15 מתוך 33	נילי דוידסון		2009.578		הלגה קלר ,הרצליה ,ממונה על עיזבון האמנים ,כתבה:	"עפ""י הקטלוג של הלגה קלר התיק מכיל את החומר 3H1-3H5 :"	6528,6529
G-F-0390-16	G.F. 0390 / 16	גרוסמן הדויג & להמן רודולף )רודי(		הדויג גרוסמן מתכוננת לעליה 4H 1933-1934				מקור	Original	קטגוריות: | .1 מכתבים | .2 תעשיה *קדרות בפלשתינה | .3 תעודות אישיות | .4 מכתבים			No Image	-מחברת עותקי המכתבים ,שהדויג כתבה לליזה					נרשם ב 02.05.2010 & 25.04.2010-	כרטיס 16 מתוך 33	נילי דוידסון		2009.578		הלגה קלר ,הרצליה ,ממונה על עיזבון האמנים ,כתבה:	"עפ""י הקטלוג של הלגה קלר התיק מכיל את החומר 4H1-4H10 :"	6530,6531,6532
G-F-0390-17	G.F. 0390 / 17	גרוסמן הדויג & להמן רודולף )רודי(		הדויג גרוסמן -חיפה 5H 1933-1935				מקור ,העתק	Original, Copy	"קטגוריות: | .1 תעודות אישיות | .2 תעשיה *פנקס עם רישומים ל""היוצר"" משק יגור * | בדיקת החול והחמר למטרות תעשיתיות."			No Image	-צילום של מאמר לזכרו של רודי להמן ,שהדויג כתבה					נרשם ב 02.05.2010-	כרטיס 17 מתוך 33	נילי דוידסון		2009.578		הלגה קלר ,הרצליה ,ממונה על עיזבון האמנים ,כתבה:	"עפ""י הקטלוג של הלגה קלר התיק מכיל את החומר 5H1-5H8 :"	6534,6535
G-F-0390-18	G.F. 0390 / 18	גרוסמן הדויג & להמן רודולף )רודי(		בית החרושת לעציצים ביגור 6Ha 1935-1937						קטגוריות: | .1 תעשייה *בית חרושת לעציצים | .2 התיישבות *האוירה העגומה בחדר האוכל ביגור			No Image	שתי מחברות / יומנים בהם תיעדה הדויג את העבודה					נרשם ב 02.05.2010-	כרטיס 18 מתוך 33	נילי דוידסון		2009.578		הלגה קלר ,הרצליה ,ממונה על עיזבון האמנים ,כתבה:	"עפ""י הקטלוג של הלגה קלר התיק מכיל את החומר 6H1-6H4 :"	6536,6537
G-F-0390-19	G.F. 0390 / 19	גרוסמן הדויג & להמן רודולף )רודי(		ארכיון יגור -רשימת מסמכים 6Hb				מקור ,העתק	Original, Copy	"קטגוריות: | .1 התכתבות | .2 תעשיה *""היוצר"" בית חרושת לעציצים ביגור"			No Image	-רשימות על הוצאות והכנסות המפעל ביגור.					נרשם ב 20.06.2010-	כרטיס 19 מתוך 33	נילי דוידסון		2009.578		הלגה קלר ,הרצליה ,ממונה על עיזבון האמנים ,כתבה:	"עפ""י הקטלוג של הלגה קלר התיק מכיל את החומר 6H5 :"	6538,6539,6540
G-F-0390-2	G.F. 0390 / 2	גרוסמן הדויג & להמן רודולף )רודי(		רודי להמן גבעיים (9R) 1947-1977				מקור ,העתק	Original, Copy	"הלגה קלר נתנה לאוסף / תיק מסמכים זה את הכותרת: | Rudi Lehmann - Givataim1947-77 | המסמכים הוצאו מתוך מעטפות הניילון והוכנסו למעטפות | נייר תוך ציון המספר האוטנטי והמתייחס לרישום בקטלוג. | המסמכים סוכמו בעברית )ע""י קרלה וולף( וצורפו | למסמכים שבמעטפות. | קטגוריות: | .1 אמנות *ביקורות של רודי"			No Image	-בקטלוג : 9R1 שנת 1947 מאלונים אל הדויג ומהדויג					נרשם ב 09.12.2009-	כרטיס 2 מתוך 33	נילי דוידסון		2009.578		הלגה קלר ,הרצליה ,ממונה על עיזבון האמנים ,כתבה:	"תוכן המעטפה 9Rכפי שמויינה ע""י הלגה קלר | עפ""י הקטלוג של הלגה קלר התיק מכיל את: | 9R 1 -9R17"	5932,5933,5934
G-F-0390-20	G.F. 0390 / 20	גרוסמן הדויג & להמן רודולף )רודי(		חלק א' רישומים קטנים של הדוויג גרוסמן				מקור	Original	האוסף בתיק זה לא צוין בקטלוג של הלגה קלר .החומר | מוין והוכנס למעטפות ממוספרות | מ 1-עד .13 | קטגוריות: | .1 אמנות *קדרות ,פיסול ,רישום			No Image	.1 תמונות ותצלומים של יצירות הדויג ומספר עמודים					נרשם ב 04.03.2010-	כרטיס 20 מתוך 33	נילי דוידסון		2009.578		הלגה קלר ,הרצליה ,ממונה על עיזבון האמנים ,כתבה:	לאוסף בתיק זה אין מספר בקטלוג של הלגה קלר	6443,6444
G-F-0390-21	G.F. 0390 / 21	גרוסמן הדויג & להמן רודולף )רודי(		חלק ב' רישומים קטנים של הדוויג גרוסמן				מקור	Original	האוסף בתיק זה לא צוין בקטלוג של הלגה קלר .החומר | מוין והוכנס למעטפות ממוספרות | מ 1-עד 13 | קטגוריות: | .1 אמנות *קדרות ,פיסול ,רישום			No Image	.1 מספר סקיצות של דמויות יושבות ,על ניר פרגפנט					נרשם ב 07.03.2010-	כרטיס 21 מתוך 33	נילי דוידסון		2009.578		הלגה קלר ,הרצליה ,ממונה על עיזבון האמנים ,כתבה:	לאוסף בתיק זה אין מספר בקטלוג של הלגה קלר	6445,6446
G-F-0390-22	G.F. 0390 / 22	גרוסמן הדויג & להמן רודולף )רודי(		הדויג גרוסמן :מסמכים -השנים בירושלים 7H 1937-49				מקור ,העתק	Original, Copy	קטגוריות: | .1 תעודות אישיות | .2 רפואה *עיסוק בריפוי עם פצועים ,נכים. | .3 תעשיה *תכניות לתעשית קדרות וקרמיקה			No Image	"המסמכים מסודרים בתיק ב""אוספים"" 11- 1"					נרשם ב 22.06.2010 & .20.06-	כרטיס 22 מתוך 33	נילי דוידסון		2009.578		הלגה קלר ,הרצליה ,ממונה על עיזבון האמנים ,כתבה:	"עפ""י הקטלוג של הלגה קלר התיק מכיל את החומר 7H1-7H16 :"	6630,6631,6632
G-F-0390-23	G.F. 0390 / 23	גרוסמן הדויג & להמן רודולף )רודי(		הדויג גרוסמן / רודי להמן -התכתבות 8H / A 1937-57				מקור ,העתק	Original, Copy	קטגוריות: | .1 התכתבות | .2 פלשתינה *הניסיונות לתפוס רגל בארץ | .3 עליה *קשיי ההתאקלמות			No Image	5 -עמודים עם תקצירים של המכתבים ,1937-1957					נרשם ב 22.06.2010-	כרטיס 23 מתוך 33	נילי דוידסון		2009.578		ההלגה קלר ,הרצליה ,ממונה על עיזבון האמנים ,כתבה:	"עפ""י הקטלוג של הלגה קלר התיק מכיל את החומר 8H 1 -8H22 :"	6645,6646
G-F-0390-24	G.F. 0390 / 24	גרוסמן הדויג & להמן רודולף )רודי(		התכתבות בין רודי להדויג 8H / B 1942						"ב 1942-נעצר רודי להמן ,שהחזיק בדרכון גרמני לא תקף, | ע""י הבריטים ונשלח ללטרון ומאוחר יותר לכלא עכו. | קטגוריות: | .1 התכתבות | .2 מחנות מעצר *כלא עכו"			No Image	בתיק מצורפים מספר תרגומים לעברית ,שכתבה קרלה					נרשם ב 22.06.2010-	כרטיס 24 מתוך 33	נילי דוידסון		2009.578		הלגה קלר ,הרצליה ,ממונה על עיזבון האמנים ,כתבה:	"עפ""י הקטלוג של הלגה קלר התיק מכיל את החומר 8H6 B -8H7B :"	6647,6648
G-F-0390-25	G.F. 0390 / 25	גרוסמן הדויג & להמן רודולף )רודי(		10H / A הדויג גרוסמן -כתיבה אישית				מקור ,העתק	Original, Copy	אוסף מכתבים / כתבים )נראה שבחלקם לא נשלחו אל | הנמען( וכתיבה אישית על יצרים ,מחשבות פילוסופיות על | יחסים בין בני אדם ,געגועים רומנטים ,ביקורת עצמית. | קטגוריות: | .1 התכתבות | .2 כתיבה אישית *פילוסופית ,רומנטית ,כועסת			No Image	-אוסף כתבים ,מקור והעתק ,שהדויג כותבת אל שלום					נרשם ב 23.06.2010-	כרטיס 25 מתוך 33	נילי דוידסון		2009.578		הלגה קלר ,הרצליה ,ממונה על עיזבון האמנים ,כתבה:	"עפ""י הקטלוג של הלגה קלר התיק מכיל את החומר 10H 1 -10H4 :"	6649,6650
G-F-0390-26	G.F. 0390 / 26	גרוסמן הדויג & להמן רודולף )רודי(		כתיבה אישית & התכתבות עם Dr .Robert Small				מקור ,העתק	Original, Copy	קטגוריות: | .1 כתיבה אישית *פילוסופית ,רומנטית | .2 התכתבות			No Image	"-התכתבות עניפה של הדויג ,גבעתיים ,עם ד""ר רוברט"					נרשם ב 23.06.2010-	כרטיס 26 מתוך 33	נילי דוידסון		2009.578		הלגה קלר ,הרצליה ,ממונה על עיזבון האמנים ,כתבה:	"עפ""י הקטלוג של הלגה קלר התיק מכיל את החומר 10H5 :"	6651,6652
G-F-0390-27	G.F. 0390 / 27	גרוסמן הדויג & להמן רודולף )רודי(		הדויג גרוסמן מסמכים וכתיבה על העבודה 1933-1973	12H			מקור ,העתק	Original, Copy	קטגוריות: | .1 חינוך *באמצעות קדרות | .2 תעשיה *קרמיקה ברמלה			No Image	-הדויג כותבת על עבודתה עם ילדים ,צילום של תמונות					נרשם ב 01.07.2010 & 30.06.2010-	כרטיס 27 מתוך 33	נילי דוידסון		2009.578		הלגה קלר ,הרצליה ,ממונה על עיזבון האמנים ,כתבה:	"עפ""י הקטלוג של הלגה קלר התיק מכיל את החומר 12H 1 -12H15 :"	6678,6679,6680
G-F-0390-28	G.F. 0390 / 28	גרוסמן הדויג & להמן רודולף )רודי(		הדויג גרוסמן -ספר התמונות 13H				מקור ,העתק	Original, Copy	"קטגוריות: | .1 שירה *שיר של הדויג | .2 אמנות *ציורים של הדויג & ניתוח אמנות הציור של | הדויג ע""י זכרי שוורץ."			No Image	"-שיר ,שהדויג כתבה בהשראת אישפוזו של רודי בביה""ח."					נרשם ב 07.07.2010-	כרטיס 28 מתוך 33	נילי דוידסון		2009.578		הלגה קלר ,הרצליה ,ממונה על עיזבון האמנים ,כתבה:	"עפ""י הקטלוג של הלגה קלר התיק מכיל את החומר 13H 1 -13H4 :"	6707,6708
G-F-0390-29	G.F. 0390 / 29	גרוסמן הדויג & להמן רודולף )רודי(		מסמכים שקשורים עם אחיה של הדויג גרוסמן 17H						וילי אליהו ,יליד 1905 בברלין ,אחיה של הדויג עלה לארץ | וב 1925-התיישב כחלוץ ,נפטר ממלריה ב.1928-			No Image	-תכנית מפורטת לפרויקט פיתוח שפלת הקישון עם						כרטיס 29 מתוך 33			2009.578		הלגה קלר ,הרצליה ,ממונה על עיזבון האמנים ,כתבה:	"עפ""י הקטלוג של הלגה קלר התיק מכיל את החומר 17H 1 -17H3 :"	6718,6719
G-F-0390-3	G.F. 0390 / 3	גרוסמן הדויג & להמן רודולף )רודי(		רודי להמן -כתיבה על עבודה ותהליך עבודה 11R / A						"הלגה קלר נתנה לאוסף / תיק מסמכים זה את הכותרת: | Rudi Lehmann - writings about work &work processes | המסמכים הוצאו מתוך מעטפות הניילון והוכנסו למעטפות | נייר תוך ציון המספר האוטנטי והמתייחס לרישום בקטלוג. | המסמכים סוכמו בעברית )ע""י קרלה וולף( וצורפו | למסמכים שבמעטפות. | קטגוריות: | .1 אמנות *ביקורת ,פיסול ,רישום ,גילוף בעץ ,יגאל | תומרקין על רודי להמן"			No Image	-בקטלוג : 11R1 שירבוטים של צורות גיאומטריות					נרשם ב 09.12.2009-	כרטיס 3 מתוך 33	נילי דוידסון		2009.578		הלגה קלר ,הרצליה ,ממונה על עיזבון האמנים ,כתבה:	"תוכן המעטפה 11R / Aכפי שמויינה ע""י הלגה קלר | עפ""י הקטלוג של הלגה קלר התיק מכיל את: | 11R 1 -11R9"	6257,6258
G-F-0390-30	G.F. 0390 / 30	גרוסמן הדויג & להמן רודולף )רודי(		הדויג :ציורים אחרונים 22H 1980-1991				מקור	Original	קטגוריות: | .1 אמנות *ציור			No Image						נרשם ב 19.07.2010-	כרטיס 30 מתוך 33	נילי דוידסון		2009.578		הלגה קלר ,הרצליה ,ממונה על עיזבון האמנים ,כתבה:	"עפ""י הקטלוג של הלגה קלר התיק מכיל את החומר 22H :"	6720
G-F-0390-31	G.F. 0390 / 31	גרוסמן הדויג & להמן רודולף )רודי(		מסמכים לנושא בריאותה ומותה של הדויג גרוסמן & 1980				מקור ,העתק	Original, Copy	קטגוריות: | .1 ביוגרפיה *רודי להמן | .2 מנהגים *צוואה של הדויג לחלוקת יצירותיה בין חבריה.			No Image	-הדויג כותבת על תערוכות היחיד של רודי ושלה ועל					נרשם ב 25.07.2010-	כרטיס 31 מתוך 33	נילי דוידסון		2009.578		הלגה קלר ,הרצליה ,ממונה על עיזבון האמנים ,כתבה:	"עפ""י הקטלוג של הלגה קלר התיק מכיל את החומר 23H :"	6721,6722
G-F-0390-32	G.F. 0390 / 32	גרוסמן הדויג & להמן רודולף )רודי(		רודולף להמן -הדויג גרוסמן היסטוריה מוקדמת -1902	1933			העתק	Copy	קטגוריות: | .1 ביוגרפיות | .2 אמנות			No Image	45 עמודים ,אנגלית הדפסה ,עם ההיסטוריה המוקדמת					נרשם ב 11.07.2010-	כרטיס 32 מתוך 33	נילי דוידסון		2009.578		הלגה קלר ,הרצליה ,ממונה על עיזבון האמנים ,כתבה:	"חומר שנמסר לארכיון ע""י הלגה קלר ,לפני הפקדת העיזבון של שני האמנים .ללא רישום קטלוגי ."	6723
G-F-0390-33	G.F. 0390 / 33	גרוסמן הדויג & להמן רודולף )רודי(		קטלוג של הלגה קלר לעיזבון הדויג גרוסמן & רודי להמן						"בקטלוג מצורפת רשימה עם רישום סינכרוני של סימון | הקטלוג לסימון בתכנת המחשב ,נערכה ע""י נילי דוידסון."			No Image						נרשם ב 25.07.2010-	כרטיס 33 מתוך 33	נילי דוידסון						6756
G-F-0390-4	G.F. 0390 / 4	גרוסמן הדויג & להמן רודולף )רודי(		רודי להמן -כתיבה על עבודה ותהליך עבודה						"מסמכים אלה שנרשמו בקטלוג תחת הכותרת | Rudi Lehmann - writings about work &work | ,processesנמצאו במעטפה ,שסומנה בR11/B- | קטגוריות: | .1 אמנות *פילוסופיה של האמנות עפ""י רודי להמן."			No Image	-בקטלוג : 11R10 כתיבה פילוסופית של רודי להמן					נרשם ב 17.12.2009-	כרטיס 4 מתוך	נילי דוידסון		2009.578		הלגה קלר ,הרצליה ,ממונה על עיזבון האמנים ,כתבה:	"תוכן המעטפה 11R / Bכפי שמויינה ע""י הלגה קלר | עפ""י הקטלוג של הלגה קלר התיק מכיל את: | 11R 10 -11R11"	6261,6262
G-F-0390-5	G.F. 0390 / 5	גרוסמן הדויג & להמן רודולף )רודי(		תלמידים כותבים על רודי להמן R 14A+B						קטגוריות: | .1 אמנות | .2 חינוך | .3 הנצחה			No Image	תלמידיו של רודי להמן כותבים ,עברית & אנגלית ,על					נרשם ב 18.02.2010-	כרטיס 5 מתוך	נילי דוידסון		2009.578		הלגה קלר ,הרצליה ,ממונה על עיזבון האמנים ,כתבה:	"עפ""י הקטלוג של הלגה קלר התיק מכיל את: | R14 A +R14B"	6428,6429
G-F-0390-6	G.F. 0390 / 6	גרוסמן הדויג & להמן רודולף )רודי(		מכתבים ומסמכים שמתייחסים למותו של רודי להמן ב-	21R 1977			מקור ,העתק	Original, Copy	קטגוריות: | .1 הנצחה | .2 אמנות | .3 תעודות אישיות			No Image	החומרים:					נרשם ב 18.02.2010-	כרטיס 6 מתוך	נילי דוידסון		2009.578		הלגה קלר ,הרצליה ,ממונה על עיזבון האמנים ,כתבה:	"עפ""י הקטלוג של הלגה קלר התיק מכיל את החומר 21R :"	6430,6431
G-F-0390-7	G.F. 0390 / 7	גרוסמן הדויג & להמן רודולף )רודי(		התכתבות עם עיריית גבעתיים בנושא המכון לאמנות						קטגוריות: | .1 חינוך | .2 אמנות | .3 פעילות תרבותית			No Image	התכתבות ענפה עם עיריית גבעתיים ומוסדות אחרים					נרשם ב 18.02.2010-	כרטיס 7 מתוך	נילי דוידסון		2009.578		הלגה קלר ,הרצליה ,ממונה על עיזבון האמנים ,כתבה:	"עפ""י הקטלוג של הלגה קלר התיק מכיל את החומר 15 RH +15RH1 :"	6434,6435
G-F-0390-8	G.F. 0390 / 8	גרוסמן הדויג & להמן רודולף )רודי(		מכתבים אל רודי והדויג מחברים ,ואחר RH16				מקור	Original	קטגוריות: | .1 התכתבות | .2 מנהגים *הספד להדויג גרוסמן | .3 מחזות			No Image	מכתבים:									2009.578		הלגה קלר ,הרצליה ,ממונה על עיזבון האמנים ,כתבה:	"עפ""י הקטלוג של הלגה קלר התיק מכיל את החומרRH16 :"	6436,6437,6438
G-F-0390-9	G.F. 0390 / 9	גרוסמן הדויג & להמן רודולף )רודי(		כתיבה על עבודתם האמנותית של רודי להמן והדויג				מקור ,העתק	Original, Copy	קטגוריות: | .1 אמנות | .2 עזרה הדדית *סדנה של הדויג לחולים			No Image	כתיבה בעברית ,גרמנית ואנגלית ,שמתייחסת לחווית					נרשם ב 18.02.2010-	כרטיס 9 מתוך	נילי דוידסון		2009.578		הלגה קלר ,הרצליה ,ממונה על עיזבון האמנים ,כתבה:	"עפ""י הקטלוג של הלגה קלר התיק מכיל את החומר 18R 1 +19H1 :"	6432,6433
G-F-0391-1	G.F. 0391 / 1	שטיינהרדט מיני & יעקב		עזבון מיני שטיינהרדט				מקור ,העתק ,הדפסה ,תרגום לעברית	Original, Copy, Translation to Hebrew	"החומר הארכיוני נאסף מביתה של הבת ,יוספה בראון | לבית שטיינהרדט ילידת ברלין ,1923 ,אשר מסרה בע""פ | מידע נוסף על המשפחה. | מיני שטיינהרדט  Minni Steinhardt ,1895-1977 לבית | גומפרט  Gumpertילידת ברלין ,רעיתו של האמן יעקב | שטיינהרדט. | הוריה :האב דר' עלי אליאס גומפרט ,רופא כללי .האם | אליזה  Eliseגומפרט לבית אברהם. | האח הצעיר )לימים רופא( מרטין גומפרט ,1897-1947 ,ב- | 1937 הגר לארה""ב. | מיני היתה אחות במלח""ע  .Iבצעירותה למדה שירה ונהגה | לשיר במקהלות בתי כנסת וכנסיות .בארץ המשיכה | בלימוד השירה בין היתר אצל יוסף טל ,ידיד המשפחה. | יעקב ומיני שטיינהרדט עלו לארץ יחד עם בתם יוספה ב- | .1933 יעקב שטיינהרדט נעצר בגרמניה בפברואר 1933 | ע""י הגסטפו בחשד לפעילות קומוניסטית .האמן המוכר | והמוערך שוחרר באותו יום בידי פקיד גסטפו שהכירו וידע | שאין שחר להאשמתו בקומוניזם .אחרי  5 ימים עזבה | המשפחה את גרמניה ,דרך יוגוסלביה לארץ ישראל. | שורשי משפחת שטיינהרדט בעיירה צרקוב  Zerkowבאיזור | פוזן .בארץ התגוררה המשפחה ראשית אצל משפ .היינריך | קון בתל אביב ,מאוחר יותר שכרו את ביתו של בוריס שץ | בירושלים. | ב 1945-בנו בית קיץ בנהריה )היום נקרא הרחוב רח' | שטיינהרט( ,שם גרו בעת ביקורם בנהריה .מקום המגורים | הקבוע היה בירושלים .אחרי מותו של יעקב ב,1968- | עברה מיני לצמיתות לנהריה. | יעקב שטיינהרדט ,עם עלייתו לארץ ,היה אמור להיות | מנהלה של בצלאל אך יעקב בודקו קיבל את המשרה .רק | בשנות ה 50-קיבל יעקב שטיינהרדט את הנהלת בצלאל. | ,1924-2008         יוספה נישאה לעלי בראון )לדיסלאב( | יליד ברטיסלבה ,סלובקיה ,עלה לארץ ב.1941- | קטגוריות: | .1 כתיבה אישית * יומנים * זכרונות"			No Image	מיני שטיינהרדט כתבה יום יום ביומנה .היא כתבה					נרשם ב 05.07.2009-	כרטיס 1 מתוך 13	נילי דוידסון		2009.581 & 2009.565		יוספה בראון ,הבת ,נהריה	"בתיק G.F.0056 ניתן לראות חומר מעיזבון ד""ר מרטין גומפרט .Dr .Martin Gumpert | בבית ליברמן מצוי עיזבונו של עלי בראון שהיה ארכיאולוג חובב ואספן בעיקר חומרים על ישראל בכלל ונהריה והגליל בפרט."	5945,5946,5947,5948
G-F-0391-10	G.F. 0391 / 10	שטיינהרדט מיני & יעקב		מעיזבון מיני שטיינהרדט				מקור ,העתק	Original, Copy	בתיק אוסף ,לא מושלם וללא תאריכים ,מכתיבתה של | מיני שטיינהרדט לבית גומפרט ,כפי שציינה יוספה הבת. | החומרים ,תחילתם בגרמניה לפני נישואיה ליעקב | שטיינהרדט והמשכם אחרי נישואיה ,אחרי עליית הזוג | לפלשתינה .בכתיבתה מיני מתעדת אירועים ומצבים בהם | נטלה חלק או שדווחו לה .חלק מהחומרים הם פרי יצירתה | דהיינו ,סיפורים .הכתיבה בגרמנית ,הדפסה. | קטגוריות: | .1 ביוגרפיה *זכרונות | .2 כתיבה אישית *סיפורים והתייחסות לאירועים | בהיסטוריה | .3			No Image	-מאמר ,שכתבה אנדראה ויילבכר Andrea Weilbacher					נרשם ב 04.09.2011-	כרטיס 10 מתוך 13	נילי דוידסון		2011.700		יוספה בראון ,הבת ,נהריה	"יתכן ומרבית החומר / כתיבה בתיק זה שייך למנוסקריפט אחד .בגלל אי הסדר בדפים ,חוסר מיספור ותארוך ,כתיבה על נייר שונה ומשתנה ,חילקתי את החומר עפ""י נושאים."	7051,7052,7053
G-F-0391-11	G.F. 0391 / 11	שטיינהרדט מיני & יעקב		כתיבה על יעקב שטיינהרדט				מקור ,העתק	Original, Copy	"על החומרים ציינה יוספה ,בתו של יעקב שטיינהרדט, | שהחומרים הם של אביה .לא ידוע אם הוא כתב אותם | אישית או נכתבו ע""י אדם אחר. | קטגוריות: | .1 ביוגרפיה | .2 תולדות משפחה | .3 אמנות *ציור | .4 מלח""ע I | .5 צבא | .6 פלשתינה | .7 ארץ ישראל"			No Image	8 -עמודים ,כתיבה על יעקב שטיינהרדט ,גרמנית					נרשם ב 04.09.2011-	כרטיס 11 מתוך 13	נילי דוידסון		2011.700		יוספה בראון ,הבת ,נהריה		7054,7055
G-F-0391-12	G.F. 0391 / 12	שטיינהרדט מיני & יעקב		תעודות אישיות יעקב & מיני שטיינהרדט יוספה & עלי בר-						אוסף דרכונים ,פנקסי חבר ,רישיונות נהיגה ,פנקסים | צבאיים ועוד. | קטגוריות: | .1 תעודות אישיות			No Image	התעודות שמורות ב 3-מעטפות:					נרשם ב 04.09.2011-	כרטיס 12 מתוך 13	נילי דוידסון		2011.700		יוספה בראון ,הבת ,נהריה		7056,7057
G-F-0391-13	G.F. 0391 / 13	שטיינהרדט מיני & יעקב		מעיזבון יעקב שטיינהרדט				מקור ,העתק	Original, Copy	קטגוריות: | .1 אמנות | .2 ביוגרפיה | .3 כתיבה אישית *מתוך יומני מיני שטיינהרדט | .4 הנצחה *רחוב על שם יעקב שטיינהרדט			No Image	"-דפים בודדים מתוך הירחון לאמנות ""גזית"" ,ספטמבר"					נרשם ב 31.10.2012-	כרטיס 13 מתוך 13	נילי דוידסון		2012.755		יוספה בראון ,הבת ,נהריה		7330,7331,7332
G-F-0391-2	G.F. 0391 / 2	שטיינהרדט מיני & יעקב		אוסף כתיבה פילוסופית של עלי גומפרט Ali Gumpert				מקור	Original	"אוגדן גדול עם אוסף חיבורים פילוסופיים ,סה""כ ,11 שכתב | עלי גומפרט ) Ali Gumpertאביה של מיני שטיינהרדט( | בנושאים שונים .הדפים כתובים גרמנית מודפסת על | מכונת כתיבה וערוכים בכריכה קשה .בהקדמה ,ניתן | להבין שהאוגדן יצא לאור לאחר מותו של עלי גומפרט | בהוקרה והערכה לפעילותו ב ""בונים החופשים"". | קטגוריות: | .1 פילוסופיה | .2 שירה | .3 מוסיקה *וגנר & ליסט | .4 ספרות *איבסן & גתה | .5 אירגונים *הבונים החופשים | .6 פוליטיקה"			No Image	נושאי הכתיבה לפי הפרקים:					נרשם ב 30.08.2009-	כרטיס 2 מתוך 13	נילי דוידסון		2009.581 & 2009.565		יוספה בראון ,הבת ,נהריה		6046,6047
G-F-0391-3	G.F. 0391 / 3	שטיינהרדט מיני & יעקב		מכתבים אל ומאת מיני ויעקב שטיינהרדט				מקור ,העתק	Original, Copy	"קטגוריות: | .1 התכתבות *מכתבו של ד""ר קוגלמן מעניין מאד | מבחינה יהודית-היסטורית | .2 הרייך השלישי | .3 ישראל | .4 שירה *ראה שיר מאת אלברט פופר ליעקב שטיינהרדט"			No Image	-קבלות על תשלום לטיפול בקברי ההורים של מיני ,אליזה					נרשם ב 14.10.2009 & 22.09.2009-	כרטיס 3 מתוך 13	נילי דוידסון		2009.581 & 2009.565		יוספה בראון ,הבת ,נהריה		6076,6077,6078,6079,6080,6081
G-F-0391-4	G.F. 0391 / 4	שטיינהרדט מיני & יעקב		מכתבים אל / מאת יוספה ומיני						יוספה בראון לבית שטיינהרדט ,בתם של מיני ויעקב | שטיינהרדט ,תושבת נהריה. | קטגוריות: | .1 התכתבות | .2 מנהגים *מכתבי תנחומים			No Image	-מכתבים מאת , Hella &Walter Zechגרמנית ; 1976 / 77					18.10.2009	כרטיס 4 מתוך 13	נילי דוידסון		2009.581 & 2009.565		יוספה בראון ,הבת ,נהריה		6130,6131,6132
G-F-0391-5	G.F. 0391 / 5	שטיינהרדט מיני & יעקב		תמונות ,זיכרונות				מקור	Original	קטגוריות: | .1 תמונות *תמונות משפחתיות קטנות ממוסגרות *אלבום | תמונות | .2 מנהגים *ספר זיכרונות			No Image	5 תמונות קטנות ממוסגרות על גב התמונה רשומים שמות	.1				נרשם ב 18.10.2009-	כרטיס 5 מתוך 13	נילי דוידסון		2009.581 & 2009.565		יוספה בראון ,הבת ,נהריה		6133,6134
G-F-0391-6	G.F. 0391 / 6	שטיינהרדט מיני & יעקב		מכתבים מאת ועל שרלוטה )לוטה( ז'מואה Charlotte	Jamois			מקור	Original	שרלוטה ז'מואה לבית בוד | פירוט לקשרים המשפחתיים: | זיגמונד בוד  Siegmund Budנשא לאישה את רוזה לבית | גומפרט  ,Rosa geb .Gumpertהאחות של עלי גומפרט. | לזוג  2 בנות: | שרלוטה בוד  Charlotte)Lotte (Budילידת  1899 נישאה | לצייר בלגי  Edmond Jamoisיליד  1976 וארנה ,Erna | שנספתה בשואה. | האחיות ארנה ושרלוטה עסקו באמנות הכיור בחימר | 10 והציור. | קטגוריות: | .1 תמונות *משפחת בוד Bud | .2 התכתבות | .3 תעודות אישיות *פנקס משפחה | .4 שואה *התכתבות עם שילטונות צרפת 1945			No Image	-תמונות משפחתיות ,משפחת בוד .Bud					נרשם ב 20.10.2009 & 19.10-	כרטיס 6 מתוך 13	נילי דוידסון		2009.581 & 2009.565		יוספה בראון ,הבת ,נהריה		6135,6136,6137
G-F-0391-7	G.F. 0391 / 7	שטיינהרדט מיני & יעקב		"מכתבים מאת ואל קרל-לודויג Karl-Ludwigגומפרט & ד""ר"				מקור	Original	"פירוט לקשרים משפחתיים: | קרל-לודויג היה הבן של גוסטב  Gustavגומפרט ,אחיו של | עלי גומפרט )הסבא של יוספה( ואמו לוסי  ,Luciבן דוד | של מיני שטיינהרדט .קרל-לודויג נשא לאישה את ליזל | .Lieselהוא חי בארה""ב ,לימים אימץ את השם צ'רלס | Charlesאת מכתביו הוא חותם בקרל-לודויג. | ד""ר מרגרטה שפיגל  Dr .Margarete/Grete Spiegelהיתה | בת האחות של אליזה גומפרט לבית אברהם ,היתה בת | הדודה של מיני .היא לא נשאה ,מ , 1933-אחרי שפוטרה | מעבודתה בגרמניה ,בילתה שנים רבות באשרם של גנדי | בהודו ,נפטרה ב 1968-בכלכותה .ידעה הרבה שפות | הודיות עתיקות. | קטגוריות: | .1 התכתבות | .2 הגירה *התפזרות המשפחה אחרי עליית היטלר | לשלטון. | .3 קורות משפחה | .4 ישראל *כפי שרואים אותה יהודי הגולה | .5 פעילות תרבותית *הצטרפותה של גרטה שפיגל לגנדי | בהודו. | .3"			No Image	המכתבים של קרל-לודויג גומפרט בגרמנית הדפסה,					נרשם ב 25.10.2009 -	כרטיס 7 מתוך 13	נילי דוידסון		2009.581 & 2009.565		יוספה בראון ,הבת ,נהריה		6138,6139,6140
G-F-0391-8	G.F. 0391 / 8	שטיינהרדט מיני & יעקב		התכתבות עם מוסדות לאמנות				מקור	Original	"מכתבים ממוזיאונים ,גלריות ,ארכיונים ,מהארץ ומחו""ל. | מעט טיוטות מכתבים שהאמן או רעיתו כותבים אל | הגורמים הנ""ל. | התכנים :תערוכות ,קטלוגים ,יצירות האמן. | .1 אמנות | .2 הנצחה"			No Image	בין היתר:					נרשם ב 28.10.2009-	כרטיס 8 מתוך 13	נילי דוידסון		2009.581 & 2009.565		יוספה בראון ,הבת ,נהריה		6141,6142
G-F-0391-9	G.F. 0391 / 9	שטיינהרדט מיני & יעקב		מעיזבון מיני שטיינהרדט				מקור ,העתק	Original, Copy	קטגוריות: | .1 תעודות אישיות | .2 פלשתינה *אזרחים עובדים בצבא הבריטי | .3 כתיבה אישית *של מיני שטיינהרדט לבית גומפרט.			No Image	"-תעודת ציונים מביה""ס למיני גומפרט 1911 ,"					נרשם ב 20.07.2011-	כרטיס 9 מתוך 13	נילי דוידסון		2011.700		יוספה בראון ,הבת ,נהריה		7012,7013
G-F-0392	G.F.0392	הילדסהיים משה	Hildesheim Moshe	חייל יהודי המלחמת עולם I				מקור ,העתק	Original, Copy	"משה הילדסהיים 1896-1916 נולד בהמבורג .ב 1914-עם | פרוץ מלח""ע  ,Iהתנדב לצבא והוא בן  ,18 אך נדחה בגלל | צעירותו .עד להתחיילותו ההתנדבותית הסופית ביוני 1916 | התנדב לעבודות סוציאליות למיניהן במגזר האזרחי .אחיו | של משה ,דוד ,קרה לבנו משה )ראה תורם העיזבון( ע""ש | אחיו שנפל באוקטובר .1916 | מתוך חומרי העיזבון ניתן ללמוד שמשה הילדסהיים היה | פטריוט גרמני ,איש ערכים ואידיאלים ,שראה את עצמו | מחויב למולדתו ,לקיסר ולעמו )גרמניה( .בשנת התחיילותו | 1916 נפצע בשדה הקרב בראשו מירי של צלף ומת יומיים | לאחר מכן .בן האח מציין בכתב שדודו למד 1-2 | סמסטרים בסמינר לרבנים בברלין. | קטגוריות: | .1 מלח""ע I | .2 צבא | .3 הנצחה *הספדים | .4 מכתבים | .5 תמונות | .6 תעודות אישיות"			No Image	התורם ,משה הילדסהיים ,בן אחיו,דוד ,של החייל משה					נרשם ב 01.11.2009-		נילי דוידסון		2009.584		משה הילדסהיים ,ראשון לציון		6122,6123,6124,6125
G-F-0393	G.F.0393	גלזר מרטה & לאו		ספרי בישול						אביבה גלזר הפקידה 5 ספרי בישול של חמותה מרטה | גלזר לבית הלר .מרטה גלזר פרנסה את משפחתה | בבישול דהיינו ,ארוחות שהכינה והגישה בביתה ללקוחות. | לאו ,בעלה עזר בקניות. | הספרים במצב גרוע ,שמורים במעטפות נפרדות. | קטגוריות: | .1 משפחה | .2 מקצועות חפשיים *בישול | .3 תמונות *של מרטה ולאו גלזר			No Image	-צילום מכתבה של אביבה גלזר עם הסברים על					נרשם ב 04.10.2009 -		נילי דוידסון		2009.587		אביבה גלזר ,כלה ,הרצליה		6128,6129
G-F-0394	G.F.0394	אפנשטיין -נייסר	Eppenstein - Neisser	"ספר ""תולדות משפחת אפשטיין - -נייסר"""						בספר תצלומי תמונות משפחתיות ומסמכים. | קטגוריות: | .1 תולדות משפחה	89	2009	No Image						נרשם ב 18.11.2009-		נילי דוידסון		2009.590		"ד""ר שולמית בר-שני לבית אפנשטיין ,סביון"		6206
G-F-0395	G.F.0395	הרליץ גאורג	Herlitz Georg	מניה -קופת מלוה של עולי גרמניה.				מקור	Original	"ד""ר גאורג הרליץ 1885-1968 נולד ב Oppeln-נפטר | בירושלים .למד פילוסופיה והיסטוריה ,ציוני 1911 .התמנה | למנהל הארכיון הכללי של יהודי גרמניה 1919 .הגה וניהל | את הארכיון הציוני של יהודי גרמניה 1933 .עלה לארץ יחד | עם כל הארכיון הציוני של יהודי גרמניה. | 1933-1955 היה מנהלו של הארכיון הציוני בירושלים."			No Image	תעודת מניה מס 006 .של קופת מלוה של עולי גרמניה.					נרשם ב 20.12.2009-		נילי דוידסון		2009.596		אסתר הרליץ ,הבת ,תל אביב	התעודה הועברה למוזיאון מגב' אסתר הרליץ באמצעות מר יהושע שפיר ,פעיל בארגון יוצאי מרכז אירופה.	6263
G-F-0396	G.F.0396	רנדי סימון & לוטר נוירט & הרב יצחק נויפלד		מקבת מכסף				מקור ,העתק	Original, Copy	"הרב ד""ר יצחק זיגברט Siegbertנויפלד ,אביה של אסתר | נוירט לבית נויפלד. | לוטר נוירט אחיין של סימון רנדי )ראה הסבר בתוך התיק(. | מקבת מכסף ודברי הסבר לפריט זה. | קטגוריות: | .1 פריטים | .2 ארגונים | .3 מנהגים *הכנסת ספר תורה | .4 העפלה *סיפור האנייה ""ליזל"""			No Image	מקבת מכסף ,שניתנה ב 1930-לנשיא לשכת בני ברית					נרשם ב 23.12.2009-		נילי דוידסון	$ 3,000	2010.624.625 & 2009.597	25.05.2010 & 22.04.2010 & 08.12.2009	מיקי נוה ,חיפה בשם :אסתר נוירט & עליזה זיסקינד ,חיפה		6292,6293
G-F-0397	G.F.0397	בג פרידל	Bagg Friedel	תצלומי תמונות				העתק	Copy	"שלשה תצלומי תמונות עם הסברים לתמונות. | קטגוריות: | .1 תמונות | .2 חינוך *בי""ס דתי אורתודוכסי | .3 תנועות נוער *קדימה | .4 הרייך השלישי"			No Image	-שלושה תצלומי תמונות של ילדים / תלמידים יהודים					נרשם ב 03.01.2010-		נילי דוידסון		2010.602		פרידל בג ,תל אביב )באמצעות בלה גלעדי(		6302,6303
G-F-0398	G.F.0398	יחזקאלי שלמה	Yechezkely Shlomo	גלי חיים				תקליטור DVD		"תקליטור DVDעם הכותרת ""גלי חיים"" בו מונצחת | ומתועדת פעילותו של שלמה יחזקאלי כיקה ,כאיש צבא, | מוסד ומבצעים לאומיים חשאיים. | שלמה יחזקאלי  ,1923-1993 נולד בוינה ,עלה לארץ ב- | .1938 | קטגוריות: | .1 צבא | .2 מלחמות ישראל | .3 עלייה *העלאת יהודי מרוקו | .4 ביוגרפיה | .5 הנצחה"			No Image	בסרטון שאורכו כ 32-דקות מספרים רעייתו ,בנו ועמיתים					נרשם ב 10.01.2010-		נילי דוידסון		2010.603		יהודית יחזקאלי ,הרעיה ,חיפה	אורך הסרט כ 32-דקות	6334,6335
G-F-0399	G.F.0399	לנדאו לולה	Landau Lola	העתק						לולה )לאונורה( לנדאו - Lola)Leonora ( Landau1892 | ,1990 היתה נשואה בנישואים השניים לזיגפריד מרק | ,Siegfried Marckמנישואים אלה נולדו  2 בנים אנדריאס | ואלף .המפקיד :אילן מרק הוא הבן של אנדריאס מרק. | לולה לנדאו היתה משוררת וסופרת ,מצורף דף אינטרנט | עם מידע בגרמנית. | קטגוריות: | .1 ביוגרפיות | .2 קורות משפחה | .3 ספרות | .4 שירה | .5 פלשתינה			No Image	-דפי מידע על לולה לנדאו בגרמנית מאתר אינטרנט.									2000.043		אילן מרק ,הנכד ,מולדת	"החומר נמצא בין הספרים מספריית אנדריאס מרק ,אביו של אילן ,שהפקיד בשנת 2000 ספרים במוזיאון .כמו כן הופקדו 2 סרטי וידאו ,רשומים בקטלוג / ספריית הוידאו"" מס 28 .ו.29-"	6379,6380
G-F-0400	G.F.0400	שטראוס יונתן	Strauss Jonathan	"ספר ""יונתן"""						חנה שטראוס ,רעייתו של יונתן שטראוס הוציאה לאור את | הספר במקום מגוריהם ,גבעת ברנר. | קטגוריות: | .1 ביוגרפיות | .2 קורות משפחה | .3 עלית הנוער | .4 נוער | .5 פלשתינה *המנדט הבריטי | .6 צבא | .7 מלחמות ישראל | .8 פרעות בישוב בארץ | .9 התיישבות *קיבוץ איילת החר & גבעת ברנר | .10 תעשייה *מפעל רימון *תינוקיו			No Image	הספר מבוסס על מכתבים מסוף שנות ה 30-ושנות ה 40-					נרשם ב 03.02.2010-		נילי דוידסון		2010.609		חנה שטראוס ,רעיתו של יוחנן שטראוס ,גבעת ברנר		6381,6382
G-F-0401	G.F.0401	הירש אנגה רות	Hirsch Inge Ruth	אלבום תמונות משפחתיות						"אורה הירש ,הבת ,סיפרה שאלבום תמונות זה היה יקר | מכל עבור אמה ,אנגה רות הירש לבית יעקובי .1921-2010 | היא עצמה התלבטה רבות לפני שנפרדה ממנו לטובת | ההפקדה במוזיאון כאן .אנגה ובעלה זיגפריד שמואל הירש | עלו לארץ ב 1940-באנית המעפילים ""הילדה"". | קטגוריות: | .1 תמונות *משפחה"			No Image	-צילום המכתב ,מרץ ,2010 של אורה הירש ,שליווה את					נרשם ב 08.05.2011 & 24.03.2010-		נילי דוידסון		2011.682 & 2010.614		אורה הירש ,הבת ,רמת גן		6506,6507
G-F-0402-1	G.F. 0402 / 1	עבודות ומאמרים		עבודות אקדמיות ואחרות ומאמרים ,שנמסרו למוזיאון				העתק	Copy	עבודות ומאמרים ,שנכתבו בעברית | קטגוריות: | .1 ביוגרפיות | .2 תעשיה *תעופה ומטראולוגיה | .3 מדעים *מוזואולוגיה  -אסתר סלמונוביץ			No Image	"-עבודת בית ""העליה מגרמניה"" ,כתב נחום בן יעקב,"					נרשם ב 10.02.2010-	כרטיס 1 מתוך 2	נילי דוידסון						6424,6425
G-F-0402-2	G.F. 0402 / 2	עבודות ומאמרים		עבודות אקדמיות ואחרות ומאמרים ,שנמסרו למוזיאו						עבודות ומאמרים ,שנכתבו בגרמנית ואנגלית. | קטגוריות: | .1 ספרות *ביבליוגרפיה פרופ' הנרי וסרמן | .2 תולדות משפחה *משפחת פאלם ,משפחת הולנד | .3 ביוגרפיות *מקס & לואיזה פאלם | .4 מדעים *ביולוגיה & אוציאנוגרפיה ,היינץ שטייניץ | .5 היסטוריה יהודית *הרצאותיו של הרטמוט הוזנפלד. | .6 שואה *ראה ברנהרד בן-ציון טייטלבאום			No Image	"-הגרמניות בארץ ישראל "", ""Das Deutsche in Erez Israel"					נרשם ב 10.02.2010-	כרטיס 2 מתוך 2	נילי דוידסון						6426,6427
G-F-0403	G.F.0403	מגן מנחם	Magen Menachem	"ספר ביוגרפי בעברית"" :בדרך ארוכה הביתה ,זיכרונות"""						"בספר כותב מנחם מגן את זיכרונותיו עד עלייתו לארץ | ישראל. | קטגוריות: | .1 ביוגרפיה | .2 תולדות משפחה | .3 היסטוריה יהודית | .4 ילדים | .5 תנועות נוער *השומר הצעיר | .6 מלח""ע II | .7 שואה | .8 הגירה | .9 מחנות מעצר *בוכנוולד ,קפריסין | .10 התיישבות *ראיון עם התייחסות לקיבוץ"			No Image	ספר זיכרונות / אוטוביוגרפיה של מנחם מגן ,שבעת לידתו					נרשם ב 11.04.2010-		נילי דוידסון		2010.617		מנחם מגן ,הכותב ,קיבוץ המעפיל		6513,6514
G-F-0404	G.F.0404	שצמן הוגו-צבי	Schatzmann Hugo-Zwi	תולדות משפחה				העתק	Copy	"החומר נשלח באמצעות דוא""ל | קטגוריות: | .1 תולדות משפחה | .2 עלייה | .3 ארץ ישראל *נהריה | .4 שואה"			No Image	-גיטה יפה לבית שצמן כתבה את תולדות משפחות	אוסטריה				נרשם ב 06.05.2010-		נילי דוידסון		2010.620		גיטה יפה ,הבת ,תל אביב	בתיק זה שמורות תמונות שצולמו באוקטובר ,2010 פנים הצריף לפני פירוקו והעברתו למוזיאון הפתוח.	6544,6545
G-F-0405	G.F.0405	ברונר אדולף )דולפי(	)Brunner Adolf (Dolfi	זיכרונות				מקור ,העתק	Original, Copy	"קטגוריות: | .1 תנועות נוער *מכבי הצעיר | .2 הכשרה | .3 הגירה *בספר ""דולפי תעשה משהו"" | .4 עליה *בספר ""דולפי תעשה משהו"" | .5 רפואה *ד""ר אדולף ברונר | .6 פלשתינה"			No Image	"-ספר בעברית ""דולפי ,תעשה משהו"" -סיפורי חיים של"	אוסטריה				נרשם ב 13.06.2010-		נילי דוידסון		2010.622		יואב בר-נר ,הבן ,הרצליה ,באמצעות ארגון יוצאי מרכז		6552,6553,6554
G-F-0406	G.F.0406	גליקזליג אלפרד		תמונות & יומנים				מקור	Original	"מסמכים / גלויות שהתורמת מצאה בעזבון בעלה אברהם | גליקזליג  ,1928-2002 יליד אוסטריה. | ההורים של אברהם :מרים ואהרון גליקזליג ,האב | מאוסטריה ,האם מצ'כיה. | אני )התורמת( ילידת  1929 ילידת אוסטריה. | אני הכירה את בעלה אברהם בתנועת הנוער ""מזרחי"" | בוינה .אני ובעלה היו על האנייה אטלנטיק ושניהם הגיעו ב- | 1940 לאי מאוריציוס .ב 1945-הגיעו לארץ. | הנ""ל גם העבירה  2 מחברות כתובות גרמנית ,כתב יד, | שמתעדות את ההעפלה לחופי הארץ באניית ""אטלנטיק"" | ואת הגירוש לאי מאוריציוס. | לתורמת לא ידוע מי כתבה את היומנים ,היא מצאה אותם | בעיזבון בעלה. | קטגוריות: | .1 גלויות | .2 תמונות | .3 מלח""ע I | .4 צבא | .5 העפלה *גירוש למאוריציוס | .6 מלחמות ישראל *השיירה ליחיעם"			No Image	-צילום מסמך מהארכיון הצבאי וינה ,אוסטריה .בין היתר	אוסטריה				נכתב ב 30.05.2010 & 26.05-		נילי דוידסון		2010.626		אני גליקזליג ,הכלה ,קרית ביאליק	"נחתם הסכם תרומה ,שמור בתיק ""הסכמי תרומה"" 27.6.2010"	6583,6584,6585
G-F-0407	G.F.0407	שפי גיורא	Shefi George	ספר אוטוביוגרפי						"הספר נכתב ע""י ג'ורג' / גיורא שפי ,תרגמה לעברית רעייתו, | יעל .אחרי שנים באנגליה וארה""ב עלה לארץ ב.1949- | התגורר במשמר הירדן ,משמר העמק .היה בנח""ל ,צהל | בחיל הים .השתתף במבצע סיני ,מלחמת שש הימים | ומלחמת יום כיפור. | קטגוריות: | .1 תולדות משפחה *היכרות מחדש עם האבא אחרי כ 30- | שנה | .2 ילדים *בברלין ואנגליה | .3 הגירה *לאנגליה ,ארה""ב ,ישראל | .4 מלה""ע * IIהפצצות על אנגליה ,נזקים בעורף | .5 צבא *צהל  -חיל הים | .6 מלחמות ישראל"	229	2004	No Image	"-עותק בעברית עם הכותרת"" :דרכו של גורל"""					נרשם ב 06.06.2010-		נילי דוידסון		2010.629		גירא שפי ,המחבר ,גבעת זאב		6591,6592
G-F-0408	G.F.0408	אלטמן אדולף	Altmann Adolf	"אות גבורה ""צלב הזהב"""				מקור	Original	"הרב ד""ר אדולף אלטמן ,שירת כרב בצבא אוסטריה | במלה""ע ה .I-צוין לשבח ע""י קיסר אוסטריה ע""י הענקת | אות הגבורה ""צלב הזהב"" | קטגוריות: | .1 פריטים *מדליית ""צלב הזהב"" | .2 מלה""ע * Iשירת כרב בצבא אוסטריה | .3 מנהגים *ציון לשבח | Rabbiner Dr. Adolf Altmann"			No Image	-מדליה בצורת צלב ממתכת ואמייל ,שבצבא האוסטרי					נרשם ב 06.07.2010-		נילי דוידסון		2010.636		איב )הנכדה של הרב( & יגאל ירדני ,רמת השרון	"צלב הזהב מיועד לתצוגה במוזיאון. | נחתם ""הסכם תרומה"" שמור בתיק הסכמי תרומה 5.7.2010 ."	6682,6683
G-F-0409	G.F.0409	ורטהאם המשפחה	Wertham Family	ספר ,תולדות משפחת ורטהאן ,Werthanאנגלית				מקור	Original	אלן סטפק ,בת המשפחה ,כתבה את קורות המשפחה | באנגלית. | משפחת ורטהאן מגרמניה מהערים: | מרוטנבורג על הפולדה Rotenburg an der Fulda | הסה  ; Hesseקאסל Kassel | קטגוריות: | .1 ביוגרפיות | .2 קורות משפחה | .3 היסטוריה יהודית			No Image						נרשם ב 06.07.2010-		נילי דוידסון		2010.635		אלן סטפק ,בת למשפחת ורטהאן ,רמת גן		6684
G-F-0410	G.F.0410	למברג-שק-אופק	Lamberg-Scheck-Ofek	"חוברת בעברית ""זיכרון מתוק מארץ המלח"" עם קורות"				מקור	Original	רותי אופק לבית למברג ,Lambergילידת זלצבורג,1950 , | כתבה את קורות/תולדות המשפחה עבור ילדיה לרגל טיול | שורשים בזאלצקמרגוט ,אוסטריה. | ההורים של רותי פאול למברג ופאולה/פאולי לבית שק.			No Image						נרשם ב 11.08.2010-	כרטיס 1 מתוך 1	נילי דוידסון		2010.640		רותי אופק לבית למברג ,מנהלת המוזיאון ,יובלים		6757,6758
G-F-0411	G.F.0411	זינגר מרגוט	Singer Margot	"DVDסרט"" :בקיבוץ הצטרכתי להיות חזקה"""				העתק	Copy	"סרט שהופק ע""י הטלויזיה הגרמנית ב 2001-על חייה של | מרגוט זינגר ,ילידת קלן ,1915-2007 ,שעלתה לארץ ב- | 1936 וחיה כל חייה בקיבוץ עין גב. | קטגוריות: | .1 עליה | .2 התיישבות | .3 ילדים *ילדים בקיבוץ | .4 פרעות בישוב | .5 מלחמות ישראל *בן נהרג ב 1969-בגבול מצרים"			No Image	הסרט הופק בצורת ראיון עם מרגוט זינגר ועם שיבוצם של					נרשם ב 12.08.2010-	כרטיס 1 מתוך 1	נילי דוידסון		2010.641		דינה אשכנזי ,הבת ,מודיעין	ה DVD-רשום בספריית ה DVD-תחת המספר .43	6762,6763
G-F-0412	G.F.0412	אטרמן יונה	Attermann Jona	ספר / קורות חיים בעברית						"יונה אטרמן יליד ברלין ,1923 עלה לארץ ב .1938-תחילה | חי בגבעת ברנר אך את מרבית חייו בקיבוץ גשר .הנ""ל | מתאר בספרו את משפחתו ,משפחת רעייתו ,משפ. | פלנצגרבן מוינה .חלקו הגדול של הספר מספר את | הסיפור בארץ ישראל. | בספר הרבה תמונות משפחה מחו""ל ומהארץ. | הוריו ,משפ .אטרמן היגרו מגרמניה לשנחאי והגיעו ב- | 1950 לישראל."	70	2010	No Image		הוצאה לאור -אלבום פלוס			ביוגרפיות	נרשם ב 20.10.2010-		נילי דוידסון		2010.652		יונה אטרמן ,קיבוץ גשר		6799,6800
G-F-0413-1	G.F. 0413 / 1	פיסקר יוסף & מריה		מכתבים על יוסף & מריה פיסקר מאת קונרד דומיאן &				מקור	Original	"משפחת פאול פיסקר היתה הבעלים האחרונים של | השטח והצריף בפינה הדרום מערבית של רחוב חניתה | ורחוב ויצמן בנהריה .בהסכמת רוני פיסקר ,הועבר הצריף | ""האחרון"" בנהריה לשימור במוזיאון בתפן .בעת פירוק | הצריף ע""י מומחי שימור אתרים נכחה גם רחל לזר ,רשמת | המוזיאון .רחל הצילה את העיזבון אותו מצאה בצריף | והביאה אותו למוזיאון. | פאול פיסקר ,רעייתו יעל/ליזל לבית שילר  , Schülerבנו | רוני )מתגורר במרכז הארץ(. | אחותו של פאול פיסקר ,גרטרוד/טרודה ,ספרית | במקצועה ,היתה נשואה  3 פעמים .בנישואיה הראשונים | היה שמה הירש ,מנישואים אלה יש לה בן ,הרי הירש ,גר | בנהריה .בנישואיה השניים היה שמה רדליך ,אין ילדים. | בנישואיה האחרונים היה שמה ארלנגן ,אין ילדים. | ההורים של פאול פיסקר ,וטרודה ארלנגן: | האב יוסף פיסקר נפטר ב ,1956-האם מרים/מריה נפטרה | ב.1969- | מקורה של משפחת פיסקר מאוסטריה מהעיירה | קניטלפלד  .Kniettelfeldיוסף פיסקר היה בעל בית מסחר | לטקסטיל בקיטלפלד. | קטגוריות: | .1 התכתבות | .2 תמונות"			No Image	-מכתבים אל יוסף פיסקר Josef Piskerמאת קונרד					נרשם ב 25.10.2010-	כרטיס 1 מתוך 2	נילי דוידסון		2010.652		רחל לזר ,רשמת המוזיאון ,מהצריף בנהריה שהועבר לתפן		6801,6802
G-F-0413-2	G.F. 0413 / 2	פיסקר יוסף & מריה		מכתבים & מכתבי תנחומים				מקור	Original	מריה פיסקר נפטרה ב .1969-למריה אחות ,רוזה Rosa | ,Cohnשחיה בוינה .הבן של רוזה ,קורט כהן ,Kurt Cohn | חוקר ומרצה באוניברסיטה של ציריך בנושא ספרות | יהודית.			No Image	-מכתבי תנחומים אל טרודה ארלנגן מאת:					נרשם ב 25.10.2010-	כרטיס 2 מתוך 2	נילי דוידסון		2010.652		רחל לזר ,רשמת המוזיאון ,מהצריף בנהריה שהועבר לתפן		6803,6804
G-F-0414	G.F.0414	פופר אלפרד & הלנה		שחזור המשפחה על פי מסמכי העיזבון						"משפחת אלפרד & הלנה פופר Popperמקורה באוסטריה. | הם גרו בבת גלים ,חיפה. | השניים הגיעו לארץ ב ,1940-שניהם ניצולים של האוניה | ""פטריה"" ,היו עצורים בעתלית. | לאלפרד והלנה לא היו ילדים. | קטגוריות: | .1 קורות משפחה"			No Image	*אלפרד פופר Alfred Popperיליד .1889 אלפרד היה					נרשם ב 25.10.2010-	כרטיס 1 מתוך 4	נילי דוידסון		2010.653		רחל לזר ,רשמת המוזיאון ,מהצריף בנהריה שהועבר לתפן	העיזבון נמצא בצריף של משפחת פיסקר מאחר ויעל / ליזל פיסקר )רעייתו של פאול פיסקר( היתה האחיינית של הלנה פופר לבית שילר .לאלפרד & הלנה פופר לא היו ילדים והם רשמו | בצוואתם את האחייניות יעל ועדה לבית שילר. | יעל לימים פיסקר העבירה ככל הנראה את העיזבון שלהם לביתה בנהריה.	6805,6806
G-F-0414-1	G.F. 0414 / 1	פופר אלפרד & הלנה		"מלח""ע ,IIעליה ,שואה"				מקור ,הדפסה	Original, Printing	"רשימה של ההקשרים המשפחתיים"" ,שחזור משפחה"", | ראה גם כרטיס G.F.0414 | קטגוריות: | .1 התכתבות *עם סיום מל""ע II | .2 עליה *על האוניה ""פטריה"" | .3 פלשתינה | .4 שואה *מחפשים קרובי משפחה | .5 הגירה *אוטו מיסלפ מפראג לדרא""פ | .6 מלחמות ישראל *מלחמת השחרור"			No Image	-התכתבות בין אלפרד והלנה פופר ,חיפה ,לבין אוטו					נרשם ב 31.10.2010 & 2010 .27.10-	כרטיס 2 מתוך 4	נילי דוידסון		2010.653		רחל לזר ,רשמת המוזיאון ,מהצריף בנהריה שהועבר לתפן		6807,6808,6809,6810
G-F-0414-2	G.F. 0414 / 2	פופר אלפרד & הלנה		מסמכים ויקטור פופר ,אחיו של אלפרד פופר				מקור ,העתק	Original, Copy	"ויקטור פופר .1888-1962 בשנים 1933-1938 היה מוזיקאי, | מורה לפסנתר וחבר באיגוד המוזיקה של וינה .הגר | לארה""ב שם חי עד מותו. | קטגוריות: | .1 תעודות אישיות *ויקטור פופר"			No Image	חומרים מעיזבון ויקטור פופר :Viktor Popper					נרשם ב 31.10.2010-	כרטיס 3 מתוך 4	נילי דוידסון		2010.653		רחל לזר ,רשמת המוזיאון ,מהצריף בנהריה שהועבר לתפן		6813,6814
G-F-0414-3	G.F. 0414 / 3	פופר אלפרד & הלנה		התכתבות להחזר רכוש ,שילומים ופנסיה				מקור ,העתק	Original, Copy	"קטגוריות: | .1 אנטישמיות | .2 שואה | .3 מלח""ע II"			No Image	מסוף שנות ה 40-ועד שנות ה 70-למאה ה 20-מנהלת					נרשם ב 31.10.2010-	כרטיס 4 מתוך 4	נילי דוידסון		2010.653		רחל לזר ,רשמת המוזיאון ,מהצריף בנהריה שהועבר לתפן		6815,6816
G-F-0415	G.F.0415	רוטמן אריה	Rothmann Arie	ביוגרפיה				מקור ,העתק	Original, Copy	אריה רוטמן ,יליד וינה ,1921-2006 ,בן למשפחה דתית | עניה מאד 0 האב ניסה לסחור בנוצות( .אריה היה צייר, | תחריטאי ומורה לציור. | קטגוריות: | .1 אמנות *תחריט וציור | .2 ביוגרפיה | .3 התכתבות *עם תרגום לעברית			No Image	-תקליטור עם יצירות האמן					נרשם ב 21.11.2010 &.17.11-	כרטיס 1 מתוך 1	נילי דוידסון		2010.658		יונת רוטמן ,הבת ,קיבוץ עין המפרץ	בעת ההפקדה נחתם הסכם תרומה עם הבת | גב' יונת רוטמן 17.11.2010. | הבת הפקידה בנוכחות רותי אופק את עיזבונו האמנותי של אריה רוטמן  -החומר הועבר לרחל לזר לטיפול ולאיכסון	6845,6846
G-F-0416	G.F.0416	רגב יצחק	Isac Regev	טמפלרים המאה ה 19 / 20-						"יצחק רגב הפקיד את החומר ,שמצא מעיזבון משפחתו. | הנ""ל לא יודע לפרט מה הקשר של החומר למשפחתו. | במכתב שליווה את החומר נמסר מידע ,שאין לו סימוכין | החומר. | ,20.05.2012 התקבל מהמפקיד מעט מידע נוסף על | ההקשרים של החומר למשפחתו  -ראה ""נושא מורחב"". | קטגוריות: | .1 פלשתינה *מאמר של אישה לקהילת הטמפלרים | בחיפה. | .2 יחסי יהודים גרמנים *דוח פעילות הבונד ברייך השלישי"			No Image	-דוח / מאמר ,שכתבה בת למשפחת טמפלרים ,ילידת					נרשם ב 28.04.2012-		נילי דוידסון		2012.732		יצחק רגב ,חיפה	"העיזבון קיבל את שם המפקיד :יצחק רגב )הרצפלד( -לקט של מסמכים שלא נמסר בברור מה מקורם. | להמצאותם של מסמכי ""טמפלרים"" בתיק  -אין מידע."	7212,7213
G-F-0417	G.F.0417	מאייר פרידריך אנדריאס	Meyer Friedrich Andreas	מסכת גבס				מקור	Original	"המידע נמסר ,טלפונית ,ע""י המפקידה ,גב' חנה קפלון- | כוגן: | מסכת המוות מגבס ,של המשוררת אלזה לסקר-שילר. | המסכה נעשתה ע""י אמנית ,המפקידה לא יכולה להזכר | בשמה של האמנית. | על המסכה חרוט שם בעברית :י .לב ובגרמנית J.Löw | קטגוריות: | .1 אמנות *פיסול | .2 הנצחה | .3 מנהגים"			No Image	"המידע נמסר ,טלפונית ,ע""י המפקידה ,גב' חנה קפלון-"					נרשם ב 02.12.2010-		נילי דוידסון		2010.662		חנה קפלון-כוגן ,חיפה )באמצעות האחיין ,עודד מאיר,		6858,6859
G-F-0418	G.F.0418	גץ אלברט	Goetz Albert	יומן נסיעה לפלשתינה						הנכדים של אלברט גץ ,אורי וראובן ,תרגמו את היומן | לעברית. | קטגוריות: | .1 כתיבה אישית | .2 פלשתינה | .3 התיישבות			No Image	-יומן כרוך ,מודפס בגרמנית עם תמונות משפחתיות					נרשם ב 28.12.2010-		נילי דוידסון		2010.664		אורי & ראובן גץ ,אבן יהודה		6872,6873
G-F-0419	G.F.0419	קלוגר אלכסנדר	Kluger Alexander	ספר Alexander Kluger Foundryman						הספר / אלבום מתעד בעיקר בתמונות את אלכסנדר קלוגר | מחלוצי תעשיות הפלדה בארץ ,את משפחתו ואת פועלו. | קטגוריות: | .1 ביוגרפיה | .2 תולדות משפחה | .3 תעשייה	32	2007	No Image						נרשם ב 08.02.2011-		נילי דוידסון		2011.666		אלכסנדר קלוגר ,חיפה		6894,6895
G-F-0420	G.F.0420	סלע מרים	Sela Mirjam	ספר & תקליטורים				העתק	Copy	מרים סלע ילידת 1935 בקיבוץ גבעת חיים ,בתם של זאב | זיילר  ,Seilerברלין ,וחנה לבית ביהם  ,Böhmולדנבורג | .Waldenburg			No Image	"-ספר מתכונים בעברית ,יצא לאור "" ,2010 העוגות של"					נרשם ב 08.02.2011-		נילי דוידסון		2011.667		מרים סלע ,עשרת		6896
G-F-0421	G.F.0421	מוזס שמעון ולטר	Moses Shimon Walter	ספר ביוגרפי באנגלית						"פרופ' שמעון ולטר מוזס ,פרופ' לרפואה ,מיסד חטיבת | הילדים בביה""ח סורוקה ,דיקן בביה""ס לרפואה | באוניברסיטת בן גוריון .ספר אוטוביוגרפי שכתב באנגלית, | יצא לאור ב.2010- | קטגוריות: | .1 הגירה | .2 פלשתינה | .3 תנועות נוער | .4 מלחמ""ע II | .5 צבא *הבריגדה היהודית | .6 רפואה | .7 קורות משפחה"			No Image						נרשם בפברואר 2011		נילי דוידסון		2011.675		פרופ' רבקה שוורץ ,אוניברסיטת בן גוריון		6946,6947
G-F-0422-1	G.F. 0422 / 1	ברלינגר שמעון	Berlinger Simon	תולדות משפחה & ארץ ישראל				מקור ,העתק	Original, Copy	"שמעון ברלינגר ,1914-2010 יליד ברליכינגן ,Berlichingen | דרום גרמניה ,עלה לארץ ב ,1939-התנדב לבריגדה | היהודית בצבא הבריטי ושרת כחובש .בארץ נשא לאישה | את אוה /אביבה לבית לסר , Eva Lesser1920-1976 | שעלתה מהולנד )ילידת ברסלאו( ב .1946-השניים הכירו | בהולנד כאשר שמעון הגיע עם צבא השיחרור לשם ב- | .1945 כל משפחתה של אוה לסר שהיתה במחנה | בוכנוולד ,ניצלה בזכות הדרכונים הפרוינים הקנויים | שלהם .הם הוחלפו בשבויים גרמנים בחסות מדינות דרום | אמריקה ועלו לארץ ישראל  -המידע נמסר ע""י עדנה | בודן. | אביו של שמעון התפרנס מבית דפוס בברליכינגן. | קטגוריות: | .1 ביוגרפיות *אוטוביוגרפיה ,בטי ברלינגר | .2 קורות משפחה | .3 התכתבות | .4 עליה * התכתבות אוה עם שמעון | .5 צבא *החייל החובש שמעון ברלינגר בצבא הבריטי | .6 מנהגים *דקלומי יום הולדת *נטיעת עצים לכבוד"			No Image	-התכתבות בין אוה ושמעון אחרי היכרותם בהולנד .אוה					נרשם ב 27.03.2011-	כרטיס 1 מתוך 4	נילי דוידסון		2011.674		עדנה בודן ,הבת ,חיפה		6941,6942,6943
G-F-0422-2	G.F. 0422 / 2	ברלינגר שמעון	Berlinger Simon	מאמרים & כתיבה אישית שמעון ברלינגר				העתק	Copy	קטגוריות: | .1 כתיבה אישית | .2 היסטוריה יהודית | .3 ציונות | .4 יחסי יהודים וגרמנים אחרי השואה			No Image	טיוטת מאמר עם הכותרת :ציונות ,אורתודוקסיה,					נרשם ב 27.03.2011-	כרטיס 2 מתוך 4	נילי דוידסון		2011.674		עדנה בודן ,הבת ,חיפה		6958,6959
G-F-0422-3	G.F. 0422 / 3	ברלינגר שמעון	Berlinger Simon	פירסומים בנושא יהודים וגרמנים						קטגוריות: | .1 פירסומים | .2 יחסים בין יהודים וגרמנים אחרי השואה			No Image	-פרסומים בגרמנית שניתנו לשמעון ברלינגר בנסיעותיו					נרשם ב 27.03.2011-	כרטיס 3 מתוך 4	נילי דוידסון		2011.674		עדנה בודן ,הבת ,חיפה		6960
G-F-0422-4	G.F. 0422 / 4	ברלינגר שמעון	Berlinger Simon							קטגוריות: | .1 הרייך השלישי *שאלותיה של אילזה ונדנגל			No Image	-מכתבים מאלן Ellenאל בעלה )אין שם פרטי ולא שם					נרשם ב 08.05.2011-	כרטיס 4 מתוך 4	נילי דוידסון		2011.674		עדנה בודן ,הבת ,חיפה		6972,6973
G-F-0423-1	G.F. 0423 / 1	קלמוס ארנסט אליקים	Kalmus Ernst Eljakim	ביוגרפיות ,מנהגים				מקור ,העתק	Original, Copy	"בן ד""ר אליקים קלמוס 1959 -1874 ילידברלין. | למשפחה יהודית מסורתית ,רופא פסיכיאטר ,ציוני, | השתתף בקונגרסים הציוניים .עלה עם משפחתו לארץ | ישראל ב.1933- | ההורים של אליקים קלמוס: | ב 1870-         האב יוליוס קלמוס  ,Julius Kalmusמתחתן | עם פני  Fannyלבית גוטשאלק  . Gottschalkאביה של פני: | משה גוטשאלק מאזור מרקיש פרידלנד Märkisch | .Friedland | ארנסט אליקים מתחתן עם אגנס  Agnesלבית פדרליין | , Federleinאחיה אוטו  Ottoפדרליין ,אמה אמה Emma | פדרליין. | לארנסט ואגנס קלמוס  2 בנות :רות ) 1911-2007 אחרי | גירושיה מבעלה ,חזרה לשם קלמוס( ומרים אשר-קלמוס, | ילידת  ,1914 הים בת .97 | תמרה גלס ,מפקידת העיזבון ,היא הבת של רות. | קטגוריות: | .1 תולדות משפחה | .2 קהילות/מנהגים *הענקת תואר ""חבר"" | .3 המאה ה 19-"			No Image	"3 -דפים כתובים עברית ,כתב יד ,עם הכותרת"" :תולדות"					נרשם ב 11.07.2011-	כרטיס 1 מתוך 5	נילי דוידסון		2011.678		תמרה גלס ,נכדה ,קבוצת יבנה	הסכם תרומה חתום 20 ,ספטמבר 2011	6965,6966
G-F-0423-2	G.F. 0423 / 2	קלמוס ארנסט אליקים	Kalmus Ernst Eljakim	התכתבות				מקור	Original	התכתבות בין המשפחות קלמוס ופדרליין. | קטגוריות: | .1 מכתבים | .2 גלויות			No Image	-התכתבות ,גלויות ומכתבים ,בין משפחות קלמוס בברלין					נרשם ב 11.07.2011-	כרטיס 2 מתוך 5	נילי דוידסון		2011.678		תמרה גלס ,נכדה ,קבוצת יבנה		7010,7011
G-F-0423-3	G.F. 0423 / 3	קלמוס ארנסט אליקים	Kalmus Ernst Eljakim	"עיזבון מקצועי של ד""ר ארנסט אליקים קלמוס"				מקור ,העתק	Original, Copy	קטגוריות: | .1 עיתונות | .2 פרסומים | .3 יהדות | .4 מנהגים | .5 רפואה *גמגום *מצמוץ עפעפיים/עיניים *חולי נפש | .6 ביוגרפיה *מקצועית			No Image	-שני דפים מעיתון ,MBאפריל ,1959 גרמנית.					נרשם ב 06.09.2011-	כרטיס 3 מתוך 5	נילי דוידסון		2011.678		תמרה גלס ,נכדה ,קבוצת יבנה		7059,7060,7061
G-F-0423-4	G.F. 0423 / 4	קלמוס ארנסט אליקים	Kalmus Ernst Eljakim	מכתבים				מקור	Original	"אוסף מכתבים ,שנכתבו אל הזוג ד""ר ארנסט ואגנס | קלמוס ,בהיותם בפלשתינה. | המכתבים נכתבו בין השנים  ,1935-1939 ע""י קרובי | משפחה ,חברים ומכרים ,יהודים ולא יהודים ,שחיים | בגרמניה ,בארץ ,במצרים ,בארה""ב ,בשוייץ. | תכני המכתבים שנכתבים בגרמניה מלמדים על הדכאון | וחוסר הודאות שם. | תכני המכבים שנכתבים בארץ ובמצרים מכילים בין היתר | השגות פוליטיות סביב נושא חלוקת הארץ. | קטגוריות: | .1 התכתבות | .2 גלויות )ללא תמונה( | .3 פלשתינה *תנאי מחיה | .4 פוליטיקה *הבריטים *תכנית החלוקה | .5 הרייך השלישי | .6 ציונות *ד""ר קלמוס בקונגרס הציוני בציריך 1937"			No Image	-מכתב אל ארנסט קלמוס מאת אויגן ריכטר Eugen					נרשם ב 11.09.2011 & 07.09.2011-	כרטיס 4 מתוך 5	נילי דוידסון		2011.678		תמרה גלס ,נכדה ,קבוצת יבנה		7062,7063,7064,7065,7066,7067,7068
G-F-0423-5	G.F. 0423 / 5	קלמוס ארנסט אליקים	Kalmus Ernst Eljakim	התכתבות בין יוליוס קלמוס לפני גוטשלק )לימים פני				מקור ,הדפסה ,תרגום לעברית	Original, Printing, Transletion to Hebrew	פני ,בתו של משה גוטשלק ,מתארסת ב 1868-עם יוליוס | קלמוס .השניים נישאים ככל הנראה ב.1869- | המכתבים נשלחים אל פני מאת יוליוס ,חלקם בתקופת | האירוסין ומרביתם בשנה/שנתיים אחרי נישואיהם ואחרי | הולדת בתם .רב מכתביו של יוליוס משנת  1870 נכתבו | בחודש יוני עת הבריא במקומות הבראה שונים בגרמנה | ושוייץ כאשר רעייתו הטופלת בתינוקת שוהה אצל הוריה. | הוא מרבה להחמיא לה אך יחד עם זאת מרבה לדרוש | ממנה התנהגות ועשייה על פי הוראותיו .באחד המכתבים | הוא מזכיר שהוא מבוגר ממנה ב 9-שנים. | קטגוריות: | .1 התכתבבות | .2 מנהגים *ברכות לשנה חדשה 11.10.1868 / | .3 חיי משפחה *דרישת יוליוס מפני לפתח את אישיותה | ומיומנותה *אירוסין *חתונה *הוראות התנהגות בתקופת | הנקה מיום .22.5.1870 | .4 המאה ה 19- | .5 קהילה *חגים | .6			No Image	-יוליוס קלמוס ,Julius Kalmusברלין ,מבקש מפני					נרשם ב 15.09.2011 & 14.09-	כרטיס 5 מתוך 5	נילי דוידסון		2011.678		תמרה גלס ,נכדה ,קבוצת יבנה	ממכתבי יוליוס אל פני ארוסתו / רעייתו מבינים ,שיוליוס היה מבוגר ומנוסה הרבה יותר מרעייתו .הוא נותן לה הוראות והכוונות ומצפה שהיא תתנהל על פיהם .נראה שאינו סומך על | תושייתה. | -המכתבים מגלים שפני נמצאת עם התינוקת שלה אצל הוריה בעוד שיוליוס נוסע להבראה במעיינות מרגוע בגרמניה ושוייץ.	7071,7072,7073,7074,7075
G-F-0424	G.F.0424	אולמן סופי & נתן		ספר בעברית						רעיה אגם ,נצר למשפחת אולמן מדורנדורף ,Dorndorf | גרמניה ,יחד עם בני משפחה נוספים ,ערכו והוציאו לאור | את ספר המשפחה. | קטגוריות: | .1 קורות משפחה | .2 פלשתינה | .3 חנוך *מוסד אהבה			No Image						נרשם ב 17.03.2011-		נילי דוידסון		2011.676		רעיה אגם ,בת המשפחה ,כרמי יוסף	הספר נרשם גם בקטלוג הספריה	6954,6955
G-F-0425	G.F.0425	ויט אריה הנס	Witt Arie Hans	מחברת ללימוד עברית				מקור	Original	"אריה הנס ויט הוא אביו של המפקיד ,ערן ויט. | אריה הנס ,1908-1987 ,אדריכל ,עלה לארץ עם רעייתו | לילי  1908-1969 לבית ברנס ,מברלין ב.1934- | קטגוריות: | .1 פלשתינה | .2 צבא *טרום צ.ה.ל | .3 חינוך | .4 פוליטיקה *היחסים בין רוסיה לגרמניה אחרי מלה""ע I"			No Image	מחברת קטנה ,ששמשה את אריה הנס ויט ללימוד השפה					נרשם ב 28.06.2011-		נילי דוידסון		2011.696		ערן ויט ,הנכד ,קיבוץ בית העמק	הסכם תרומה נחתם ב 14.04.2013-	6998,6999
G-F-0426	G.F.0426	כצנשטיין סימון	Katzenstein Simon	אלבום זיכרונות & תמונות משפחתיות				מקור	Original	"מידע ,שנמסר בכתב ע""י עירית בדולח: | סימון כצנשטיין  Simon Katzenstein1868-1945 נולד | בעיר גיסן  Giessenלמשפחת תעשייני עץ אמידה .למד | במספר אוניברסיטות :היסטוריה ,פילולוגיה ,משפט | וכלכלה .היה ציר בסנט של ברלין מטעם המפלגה | הסוציאל-דמוקרטית. | עם עליית היטלר לשלטון כאשר סולק מכל תפקידיו ,הגר | לשבדיה ,שם חי עד פטירתו .לסימון ונטע רעייתו היו שני | בנים ובת :גרשם )אבי המפקידה( והנס שנהרג בקרב | ב'תל עזזיאת' במלחמת השחרור והבת אנה  /אנסופי. | ראה צילום מכתב עם מידע משפחתי ,מצורף בתיק | הארכיון. | קטגוריות: | .1 תולדות משפחה | .2 ביוגרפיה | .3 הרייך השלישי | .4 אנטישמיות | .5 התיישבות *קיבוץ דורות"			No Image	-אלבום Poesieלכתיבת זיכרונות ,של אנסופי כצנשטיין,					נרשם ב 06.11.2011 & 22.05.2011-		נילי דוידסון		2011.687		עירית בדולח ,הנכדה ,דורות	אביה של עירית ,מפקידת העזבון ,שינה את שם משפחתו מכצנשטיין לנבו.	6980,6981
G-F-0427	G.F.0427	רוזן עמיקם	Rosen Amikam	"ספר עם הכותרת"" :חלוץ מברלין וחלוצה מצנעה"""				הדפסה	Printing	"עמיקם רוזן חקר וכתב את קורות הוריו ומשפחותיהם .דפי | הספר נשלחו אל המוזיאון באמצעות דוא""ל .בספר | תצלומים של תמונות משפחתיות ומסמכים. | קטגוריות: | .1 קורות משפחה | .2 ביוגרפיה | .3 ארץ ישראל | .4 התיישבות | .5 תנועות נוער"	121	2011	No Image	הוריו של עמיקם רוזן הכירו ונישאו בארץ ישראל.					נרשם ב 11.06.2011-		נילי דוידסון		2011.690		עמיקם רוזן		6982,6983
G-F-0428	G.F.0428	איינשטיין אלברט	Einstein Albert	מכתב				העתק	Copy	סריקה של מכתב בגרמנית ,כתב יד ,שאלברט איינשטיין | כתב אל אדלהייד לוי ב.26.11.1932- | קטגוריות : | .1 מכתבים			No Image	איינשטיין כותב בחרוזים ובהומור אל העלמה אדלהייד לוי.					נרשם ב 13.06.2011-		נילי דוידסון		2011.693		Hans Hartwig ,London	סריקת המכתב נשלחה בדואר אל המוזיאון.	6992
G-F-0429	G.F.0429	בראור חנה		ספר +חוברת						ספר / להיות גדולה ,מילדות לבגרות ,עם הרבה תמונות | משפחתיות ואילן יוחסין | חוברת  /תולדות הורי בארץ לרגל יובל ה 75-לעלייתנו | ארצה ,עם תמונות .המשפחה עלתה לארץ ב 1933- | קטגוריות: | .1 קהילות | .2 הגירה | .3 התיישבות | .4 פלשתינה | .5 ארץ ישראל | .6 חינוך | .7 נוער | .8 קורות משפחה | .9 ביוגרפיות			No Image	חנה בראור מספרת על הוריה ועל קורותיה היא בגרמניה,					נרשם ב 26.06.2011-		נילי דוידסון		2011.695		חנה בראור ,מחברת הספר ,חיפה		6996,6997
G-F-0430	G.F.0430	הלינגר רלף	Hellinger Ralf	מאמרים & מכתבים				העתק	Copy	"רלף הלינגר ,יליד ,1923 מעיד על עצמו שהוא חולה | פרקינסון ,מהנדס אלקטרוניקה וחובב של לטאות למיניהן. | אביו של רלף ,הנס הלינגר 1888-1948 היה מהנדס | מכונות .המשפחה עזבה את גרמניה לצרפת ב 1933- | ובשנת  1936 עלתה לארץ .האב הקים מעבדה לתיקוני | מקלטי רדיו ,קרה לה ""דוקטור רדיו"" ומשם מצא דרכו | להקלטות עבור ערוצי רדיו ,תחילה עבור תחנות ערביות | כמו ""קול דמשק"" ומאוחר יותר עבור קול ישראל ,שהאב , | הנס ,ובנו ,רלף ,היו בין מייסדיו. | קטגוריות: | .1 הנצחה *בקשה להנציח את אביו ,הנס הלינגר. | .2 מנהגים *הובי הלטאות"			No Image	-עמוד עם קיצור תולדות החיים והפעילויות של רלף					נרשם ב 11.07.2011-		נילי דוידסון		2011.699		רלף הלינגר ,תל אביב		7008,7009
G-F-0431-1	G.F. 0431 / 1	פלאוט חוה	Plaut Chava	פריטים				מקור	Original	"חוה פלאוט ,ילידת ,1922 ספרה: | הורי בעלה ,הנס פלאוט  ,1915-1994 האב אדמונד פלאוט | ,1871-1951 האם פאולה לבית שפיר Spier1883-1946 | עלו לארץ ב 1938-והתיישבו בנהריה ע""י בנם החקלאי | בנהריה ,עלה לארץ ב.1936- | חוה פלאוט עוזבת את ביתה ועוברת לבית אבות בנהריה. | היא הזמינה את צות המוזיאון לבחור מביתה פריטים עבור | ""הצריף"" ,המוזיאון ,הארכיון. | קטגוריות: | .1 פריטים *רהיט * תמונות *פריטי מטבח | .2 אמנות *ציור"			No Image	2 -תמונות שמן קטנות -מוצגות בצריף					נרשם ב 02.07.2011-		נילי דוידסון		2011.697		חוה פלאוט ,נהריה	"הפריטים נבחרו ונאספו מביתה ע""י נילי | מחודש יוני  2011 מוצגים ב'צריף' הפריטים: | שולחן הלילה ,שתי תמונות שמן קטנות ,קומקום נחושת ,מטחנת אגוזים."	7000,7001
G-F-0431-2	G.F. 0431 / 2	פלאוט חוה	Plaut Chava	תמונת שמן				מקור	Original	תמונת שמן .דיוקן של גבר מאבות המשפחה ,המפקידה | לא ידעה לתת יותר מידע. | קטגוריות: | .1 אמנות *ציור			No Image						נרשם ב 02.07.2011-		נילי דוידסון		2011.697		חוה פלאוט ,נהריה		7002
G-F-0432-1	G.F. 0432 / 1	דורה פרדי	Durra Fredi	פרטי ביוגרפיה						מנפרד / פרדי דורה 1922-2006 נולד בברסלאו ,עלה | לארץ ב .1939-בשנות ה 50-למאה ה 20-התיישב עם | משפחתו בנהריה. | קטגוריות: | .1 ביוגרפיה | .2 מנהגים *הענקת צלב הכבוד הגרמני			No Image	-עמוד כתוב בעברית ,כתב יד ,לקורות חייו של פרדי דורה					נרשם ב 27.08.2011-	כרטיס 1 מתוך 8	נילי דוידסון		2011.705		מוניקה גרבר ,הבת ,נהריה	"החומר נאסף מבית המפקידה ע""י רותי אופק וגלית ויצמן"	7039,7040
G-F-0432-2	G.F. 0432 / 2	דורה פרדי	Durra Fredi	תמונות				מקור	Original	קטגוריות: | .1 תמונות *דיוקן פרדי דורה ,האיש והאמן			No Image	"-מספר רב של תמונות ""ראווה"" של פרדי דורה .מספר"					נרשם ב 27.08.2011-	כרטיס 2 מתוך 8	נילי דוידסון		2011.705		מוניקה גרבר ,הבת ,נהריה	"החומר נאסף מבית המפקידה ע""י רותי אופק וגלית ויצמן"	7041
G-F-0432-3	G.F. 0432 / 3	דורה פרדי	Durra Fredi	כתיבה הומוריסטית בעברית				מקור ,העתק	Original, Copy	קטגוריות: | .1 כתיבה אישית *בדיחות ,סיפורים ,סקטשים			No Image	מרבית החומר ,טיוטות שכתב פרדי דורה להופעותיו.					נרשם ב 27.08.2011-	כרטיס 3 מתוך 8	נלי דוידסון		2011.705		מוניקה גרבר ,הבת ,נהריה	"החומר נאסף מבית המפקידה ע""י רותי אופק וגלית ויצמן"	7042,7043
G-F-0432-4	G.F. 0432 / 4	דורה פרדי	Durra Fredi	מאמרים				העתק	Copy	קטגוראיות: | .1 עיתונות *מאמרים על פרדי דורה בעיתונות ישראלית.			No Image						נרשם ב 27.08.2011-	כרטיס 4 מתוך 8	נילי דוידסון		2011.705		מוניקה גרבר ,הבת ,נהריה	"החומר נאסף מבית המפקידה ע""י רותי אופק וגלית ויצמן"	7044
G-F-0432-5	G.F. 0432 / 5	דורה פרדי	Durra Fredi	קריקטורות				העתק	Copy	קטגוריותף | .1 אמנות *קריקטורות			No Image	-צילומים ,אוסף קריקטורות חלקן עם טקסטים קצרים					נרשם ב 27.08.2011-	כרטיס 5 מתוך 8	נילי דוידסון		2011.705		מוניקה גרבר ,הבת ,נהריה	"החומר נאסף מבית המפקידה ע""י רותי אופק וגלית ויצמן"	7045
G-F-0432-6	G.F. 0432 / 6	דורה פרדי	Durra Fredi	הופעות של פרדי דורה				מקור ,העתק	Original, Copy	קטגוריות: | -מנהגים *הודעות על הופעותיו של פרדי דורה			No Image						נרשם ב 27.08.2011-	כרטיס 6 מתוך 8	נילי דוידסון		2011.705		מוניקה גרבר ,הבת ,נהריה	"החומר נאסף מבית המפקידה ע""י רותי אופק וגלית ויצמן"	7046
G-F-0432-7	G.F. 0432 / 7	דורה פרדי	Durra Fredi	כתיבה הומוריסטית בגרמנית						קטגוריות: | .1 כתיבה אישית *בדיחות ,סיפורים ,סקטשים			No Image	מרבית החומר ,טיוטות שכתב פרדי דורה להופעותיו					נרשם ב 27.08.2011-	כרטיס 7 מתוך 8	נילי דוידסון		2011.705		מוניקה גרבר ,הבת ,נהריה	"החומר נאסף מבית המפקידה ע""י רותי אופק וגלית ויצמן"	7047,7048
G-F-0432-8	G.F. 0432 / 8	דורה פרדי	Durra Fredi	תקליטים				מקור	Original	קטגוריות: | .1 שירה *תקליטים )קטנים( לפטיפון			No Image	-אוסף של תקליטים קטנים בלועזית ועברית					נרשם ב 04.09.2011-	כרטיס 8 מתוך 8	נילי דוידסון		2011.705		מוניקה גרבר ,הבת ,נהריה		7058
G-F-0433	G.F.0433	פפנהיימר איזידור	Pappenheimer Isidor	מסמכים צבאיים ,מכתבים באמצעות הצלב האדום				מקור	Original	"איזידור פפנהיימר יליד 1892 בדורנהיים , Dornheimהסן | ,Hessenשרת בצבא גרמניה במלח""ע  ,Iקיבל את עיטור | צלב הברזל. | קטגוריות: | .1 צבא | .2 מלח""ע I | .3 פריטים *שני עיטורים צלב הברזל *דיסקית חייל | במלח""ע I | .4 מכתבים *באמצעות הצלב האדום"			No Image	"החומרים הועברו לארכיון ע""י רותי אופק ,שקבלה מרני בן"					נרשם ב 02.08.2011-		נילי דוידסון		2011.702		שושנה מלר באמצעות רני בן שחר ,עובד ישקר ,באמצעות		7030,7031
G-F-0434	G.F.0434	פרוינד אלפרידה	Freund Elfrida	חומרי ילדות				מקור	Original	"אלפרידה פרוינד ,1909-2002 נולדה בעיר האם ,וסטפליה, | גרמניה .עלתה לארץ בגפה ב .1933 -בירושלים פגשה את | בעלה לעתיד ,אדולף ריגלר .מיכה נולד ב.1938- | קטגוריות: | .1 ספרים *ספרי ילדים | .2 חינוך *תעודות בי""ס"			No Image	"-מחברת ציונים של אלפרידה פרוינד ,1915 ,מבי""ס בעיר"					נרשם ב 30.08.2011-		נילי דוידסון		2011.706		מיכה לימור ,הבן ,באמצעות רותי אופק		7049,7050
G-F-0435	G.F.0435	קולנשר מקס	Kolnescher Max	חוברת עם סיכום פעילותו				העתק	Copy	"ד""ר אלדד קולנשר ,נכדו של ד""ר מקס קולנשר -1875 | ,1937 הפקיד את החוברת עם הכותרת"" :ד""ר מקס | קולנשר מנהיג ציוני ,משפטן ובנקאי .סיכום פעילותו | במלאת  75 שנה לפטירתו"" .בעריכת החוברת השתתף גם | ד""ר מיכה קולנשר ,שנפטר | קטגוריות: | .1 פלשתינה  /ארץ ישראל"			No Image	בחוברת:					נרשם ב 14.09.2011-		נילי דוידסון		2011.707		"ד""ר אלדד קולנשר ,הנכד ,הרצליה"		7069,7070
G-F-0436	G.F.0436	קלמפרר עמנואל	Klemperer Emanuel	"ביוגרפיה +עו""ד ברייך השלישי"				מקור ,העתק	Original, Copy	"עמנואל קלמפרר 1926-2005 ,היה רב חובל בכיר בצי | הישראלי. | דודו הלמוט קלמפרר ,אח אביו יוסף רופא ,היה עו""ד | כאשר היטלר עלה לשלטון והוא סולק מלשכת עורכי | הדין בגלל יהדותו. | קטגוריות: | .1 מקצועות חופשיים *עריכת דין *רב חובלות | .2 רפואה *יוסף קלמפרר | .3 ביוגרפיה | .4 הרייך השלישי | .5 אנטישמיות"			No Image	"-צילום ,אישור שד""ר יוסף קלמפרר ,יליד 1899 בדרזדן,"					נרשם ב 27.09.2011-		נילי דוידסון		2011.709		תירזה קמפרר ,הרעיה ,חיפה		7082,7083
G-F-0437	G.F.0437	אורתר יוחנן	Orter Jochanan	חוברת קורות חיים						"יוחנן אורתר )לשעבר אויסטרייכר( 1909-1992 עו""ד | במקצועו. | קטגוריות: | .1 ביוגרפיה | .2 תולדות משפחה | .3 ציונות | .4 תנועות נוער *בלאו-וייס | .5 הרייך השלישי | .6 פלשתינה | .7 מקצועות חופשיים *עריכת דין"			No Image	בחוברת:					נרשם ב 24.10.2011-		נילי דוידסון		2011.711		דפנה מרוז ,הבת ,הרצליה		7096,7097
G-F-0438	G.F.0438	פבזנר רות	Pewzner Ruth	חוברת עם הכותרת :פרקי חיים						קטגוריות: | .1 ביוגרפיה | .2 תולדות משפחה | .3 קהילות | .4 הרייך השלישי | .5 הגירה | .6 התיישבות | .7 ארץ ישראל | .8 מקצועות חופשיים *גננת			No Image	החוברת יצאה לאור ב 2004-					נרשם ב 07.11.2011-		נילי דוידסון		2011.714		רות פבזנר ,הכותבת ,בת ים		7103,7104
G-F-0439	G.F.0439	נוימן נתן	Neumann Nathan	כובע צילינדר				מקור	Original	עמוס מדזיני הפקיד למוזיאון את כובע הצילינדר של סבא- | רבא שלו ,נתן נוימן. | קטגוריות: | .1 מנהגים | .2 חברה			No Image	כובע צילינדר שחור במצב מצוין ,מאוחסן בקופסה					נרשם ב 09.10.2011-		נילי דוידסון		2011.710		עמוס מדזיני ,הנין ,חיפה	הסכם תרומה נחתם ב 13.10.2011 - | פריט הכובע שמור בקופסה המקורית אשר שמורה במיכל ארכיון.	7087,7088
G-F-0440-1	G.F. 0440 / 1	הרמן ארנסט שמואל	Hermann Ernst	מאמרים ודוחות לנושא יישוב פלשתינה				מקור ,העתק	Original, Copy	"ארנסט הרמן ,1879-1947 נולד בברלין. | הכהן-      ב 1909-נשא לאישה את אמנדה לבית | איצקוביץ .1879-1951 ,השניים עלו לארץ ב .1910 -בארץ | נולדו לזוג  3 ילדים .הזוג חי בארץ עד  1916 כאשר ארנסט | החליט לחזור לגרמניה ולהתגייס ,מלח""ע  .Iאחרי | המלחמה חיה המשפחה במסינגוורק  Messingwerkשם | עבד ארנסט בהנהלת חשבונות .ב 1925-חזרה המשפחה | לארץ וארנסט הצטרף לעבודה במפעל לביטון ומרצפות | שהקימה משפחתו המורחבת בחיפה .מידע מורחב על | המשפחה כתבו הנכדות נועה ויעל ,ראה מצורף לתיק. | קטגוריות: | .1 אירגונים *אגודת עזרא להתיישבות *נחלת גורל | .2 כלכלה *תיירות *ספנות *יזמות הסעות | .3 תעשיה *פרוות ועורות *שימורי פירות * יקב *שטיחים | .4 התיישבות *חברת בנייה בבטון מושפרץ | .5 חינוך *לתעשיה | .6 חקלאות *יעור *משתלות | .7 ציונות *המדיניות של ציונות תיאורתית לעומת ציונות | של עשייה *העלאת יהודים ספרדיים ותימנים לפלשתינה | .8 הנושא הערבי *תגובה למאמר ""היוזמה האישית והבעיה | הערבית"". | .9 היסטוריה יהודית *של יהודי תימן"			No Image	2 -עמודים עם מידע על משפחת הרמן המורחבת ,נשלח	* מפעל לשימורי פירות				נרשם ב 27.11.2011 & 26.11.2011-	כרטיס 1 מתוך 2	נילי דוידסון		2011.712		נועה הרמן & יעל בן יוסף ,נכדות ,איילת השחר	"ב .30.11.2011-הטופס בתיק ""הסכמי תרומה"". הסכם תרומה חתום נחתם ע""י המפקיד"	7105,7106,7107,7108,7109
G-F-0440-2	G.F. 0440 / 2	הרמן ארנסט שמואל	Hermann Ernst	טיוטות למאמרים				מקור	Original	אוסף מאמרים תרום הדפסה ,שכתב ארנסט הרמן. | קטגוריות: | .1 התיישבות | .2 חקלאות | .3 פוליטיקה | .4 ציונות | .5 מלחמות ישראל | .6 יחסי יהודים ערבים | .7 מפלגות			No Image	הכתיבה בגרמנית ,עפרון.					נרשם ב 27.11.2011-	כרטיס 2 מתוך 2	נילי דוידסון		2011.712		נועה הרמן & יעל בן יוסף ,הנכדות ,איילת השחר	"ב .30.1.2011-הטופס בתיק ""הסכצי תרומה"". הסכם תרומה חתום נחתם ע""י המפקיד"	7116,7117
G-F-0440-3	G.F. 0440 / 3	הרמן ארנסט שמואל	Hermann Ernst	מכתבי רודולף זונדרמן אל ארנסט הרמן				מקור	Original	"רודולף זונדרמן Rudolf Sundermannיליד 1879 שרת | בצבא הגרמני כטבח בפלשתינה במלח""ע  Iיחד עם החייל | היהודי ארנסט הרמן .החברות בין השניים נמשכה לתוך | שנות ה 20-למאה ה 20-בגרמניה וגם אחרי עזיבתו של | ארנסט ,1923 ,לפלשתינה .רודולף היה סוציליסט | בינלאומי בדעותיו והרגיש קרבה אינטלקטואלית וחברית | אל ארנסט הציוני .באפריל  1923 נעצר רודולף בגרמניה | באשמת בגידה במדינה ,ישב בבית מעצר ברוסטוק | Rostockמשם המשיך להתכתב עם ארנסט. | קטגוריות: | .1 מלח""ע I | .2 צבא | .3 פלשתינה | .4 פוליטיקה *גרמניה הרפובליקה הוויימארית | .5 חברה *בבית המעצר ברוסטוק ,גרמניה | .6 משפחה *בעיות זוגיות"		לקנות או להשאיל אותם וגם מצא שם סרטים	No Image	מכתבים שרודולף זודרמן כותב אל ארנסט הרמן:						כרטיס 3 מתוך 3			2011.712		נועה הרמן & יעל בן יוסף ,נכדות ,איילת השחר	"ב .30.1.2011-הטופס בתיק ""הסכצי תרומה"". הסכם תרומה חתום נחתם ע""י המפקיד | -ראה תיק ארכיון מס G.F.0007 .עם מעט חומר מודפס )לא מקור( על ""אוסקר כהן"" ."	7267,7268,7269,7270,7271,7272,7273
G-F-0441	G.F.0441	גויטיין ארנסט	Goitein Ernst	תיק צבאי אישי				העתק	Copy	"צילום של התיק הצבאי האישי של ארנסט גויטיין שלחם | בשורות הצבא הגרמני במלחמת עולם  Iונפל בקרב. | קטגוריות: | .1 מלח""ע I"			No Image						נרשם ב 14.11.2011-	כרטיס 1 מתוך 1	נילי דוידסון		2011.715		יעל אפרת ,בית זרע		7110
G-F-0442	G.F.0442	לונטל מניה	Lonthal Manja	ספר / ביוגרפיה כפי שנשקפת מהמכתבים				מקור	Original	"עמוס לויטל הוציא לאור ספר בעברית עם הכותרת ""מניה | לונטל לבית בורנשטיין ,מכתבים  .""1936-1946 מניה | לונטל ,אמו ,1913-2000 ,פולין .בילדותה הגרה עם הוריה | לברלין .בשלטון הנאצי ,עלתה מניה לארץ ,הוריה גורשו | חזרה לפולין. | קטגוריות: | .1 ביוגרפיה | .2 תולדות משפחה | .3 ציונות | .4 הגירה | .5 התיישבות | .6 מלח""ע II | .7 פוליטיקה *קומוניזם *סוציאליזם *מלחמת האזרחים | בספרד | .8 מכתבים"			No Image	"הספר עם הכותרת"" :מניה לומטל לבית בורנשטיין,"					נרשם ב 01.12.2011-	כרטיס 1 מתוך 1	נילי דוידסון		2011.717		עמוס לויטל ,הבן ,מעוז חיים		7124,7125
G-F-0443	G.F.0443	פרייס היינץ	Preiss Heinz	תמונות ,תעודות אישיות				מקור ,העתק	Original, Copy	"היינץ פרייס ,1913-1999 נולד בהינדנבורג ,שלזיה העילית. | ב 1939-עלה לארץ בעלייה ב' על האניה ""אגיוס | ניקולאוס"" .פרייס התיישב בחיפה והיה מחלוצי הצלמים | בה .חומר מפורט על היינץ ומשפחת פרייס מצורף בתיק. | קטגוריות: | .1 תמונות | .2 העפלה *עליה ב' באגיוס ניקולאוס )הילדה( | .3 עליה | .4 כתיבה אישית *יומנו האישי של שלמה ארבל שהעפיל | על האניה 'הילדה' ,יחד עם היינץ פאייס."			No Image	-הדפסה של קורות חיים של היינץ פרייס ומשפחתו,					נרשם ב 05.12.2011-		נילי דוידסון		2011.719		יוסי פרייס ,הבן ,יבנה	"הסכם תרומה חתום ,13.12.2011 ,בתיק ""הסכמי תרומה"". | חומרים סרוקים שנשלחו בדוא""ל ניתן לראות במחשב זה ב Mycrosoft Outlook :-תיק ארכיון ,תיקייה על שם יוסי פרייס."	7126,7127,7128,7129
G-F-0444-1	G.F. 0444 / 1	מנהיימר הנס חנן	Mannheimer Hans Chanan	תולדות משפחת מנהיימר & העיר וורמס				מקור ,העתק ,הדפסה ,תרגום לעברית	Original, Copy, Translation to Hebrew	"הנס חנן מנהיימר יליד 1912 בוורמס ,Wormsצאצא | למשפחה יהודית שחיה בוורמס מהמאה ה.17- | האב ,ריכרד מנהיימר ,1877-1937 ,חייל במלח""ע  ,Iנולד | ונפטר בוורמס. | האם ,אלה לבית זאאורבך , Ella Sauerbach1889-1941 | נולדה במיינץ ,נספתה בשואה ,בריגה. | ההורים נישאו ב.1911 - | אחותו אילזה  ,Ilseילידת .1919 | האב עבד בבית הדפוס המשפחתי ,שנוסד ב 1852-עד | ליום שהנאצים הלאימו אותו. | הנס מנהיימר עבר הכשרה בגננות לקראת עלייתו לארץ. | בארץ חי כל חייו בגליל ים. | הנס מנהיימר נשא את לידי לבית קצנברג Liddy | Kazenbergלאישה ,בגרמניה. | ב 1943-נשא לאישה את פרידה עליזה לבית דלטוצקה. | קטגוריות: | .1 תעודות אישיות | .2 תולדות משפחה *אילנות יוחסין | .3 קהילה | .4 מנהגים | .5 תמונות"			No Image	מסמכים שתורגמו והודפסו בעברית:					נרשם ב 14.02.2012-	כרטיס 1 מתוך 7	נילי דוידסון		2011.720		נעמי צעירי ,הבת ,קרית ביאליק	חומרים נוספים נמצאים: | .1 במוזיאון קרית ביאליק | .2 בארכיון קיבוץ גליל-ים	7130,7131,7132
G-F-0444-2	G.F. 0444 / 2	מנהיימר הנס חנן	Mannheimer Hans Chanan	מאמרים ,הרצאות ,נאומים				מקור ,העתק ,הדפסה	Original, Copy, Printing	"האסופה בתיק מלמדת על מישורי ההתעניינות והעשיה | של הנס חנן מנהיימר .גישתו חיובית וחיונית כלפי תושבי | וורמס ,הגרמנים של ""היום"" .הוא מבקר בעיר מספר | פעמים ומנצל את ביקוריו להסברה והעברת ידע היסטורי- | יהודי ,ידע והסברה על ישראל ועל בעיותיה .הוא רוכש חוג | ידידים בוורמס איתם הוא מתכתב ,שולח אליהם מאמרים | וכתבות ,שמתייחסים ליחסי נוצרים יהודים ,פילוסופיה, | מדעי הדת ,מצבה של ישראל לאור הטרור היהודי ועוד. | קטגוריות: | .1 כתיבה אישית | .2 היסטוריה *יהודי וורמס | .3 התיישבות *גליל ים | .4 מדעי הרוח *פילוסופיה *דת | .5 תולדות משפחה *משפחת מנהיימר | .6 יחסים יהודים וגרמנים | .7 חברה *ישראל:קבורה של חיילים לא יהודים ,טרור | יהודי ,אילוץ לכשרות."			No Image	-טיוטת נושאים ,שהכין הנס מנהיימר להרצאה בוורמס					נרשם ב 16.02.2012-	כרטיס 2 מתוך 7	נילי דוידסון		2011.720		נעמי צעירי ,הבת ,קרית ביאליק	חומרים נוספים נמצאים: | .1 במוזיאון קרית ביאליק | .2 בארכיון קיבוץ גליל-ים	7169,7170,7171,7172,7173
G-F-0444-3	G.F. 0444 / 3	מנהיימר הנס חנן	Mannheimer Hans Chanan	העיר וורמס ותושביה				מקור ,העתק	Original, Copy	"קטגוריות: | .1 היסטוריה *יהודי וורמס"" | .2 יחסי יהודים גרמנים * סוף המאה ה 20- | .3 התכתבות"			No Image	-מכתב עם הזמנה רשמית מאת עיריית וורמס אל הנס חנן					נרשם ב 06.05.2012-	כרטיס 3 מתוך 7	נילי דוידסון		2011.720		נעמי צעירי ,הבת ,קרית ביאליק	חומרים נוספים נמצאים: | .1 במוזיאון קרית ביאליק | .2 בארכיון קיבוץ גליל-ים	7200,7201,7202
G-F-0444-4	G.F. 0444 / 4	מנהיימר הנס חנן	Mannheimer Hans Chanan	הפרידה מגרמניה והעלייה לארץ				מקור ,העתק	Original, Copy	קטגוריות: | .1 התכתבות | .2 הכשרה *מכתב משרד ארץ ישראל ברלין | .3 תולדות משפחה *מוזס מנהיימר מסיים את ספר | המשפחה | .4 הרייך השלישי | .5 הגירה *רכוש שנעלם | .6 תעשיה/מסחר *בית הדפוס המשפחתי | .4 הגירה *מכתב הסב אל נכדו הנס מנהיימר | .5 התיישבות *עלון גליל-ים			No Image	-מכתב פרידה מהסב יעקב זאוארבך Jacob Sauerbach					נרשם ב 06.05.2012 & 02.04.2012-	כרטיס 4 מתוך 7	נילי דוידסון		2011.720		נעמי צעירי ,הבת ,קרית ביאליק		7203,7204
G-F-0444-5	G.F. 0444 / 5	מנהיימר הנס חנן	Mannheimer Hans Chanan	מכתבים אל הנס ועליזה ,שנות 30-80 למאה ה 20-				מקור	Original	"קטגוריות: | .1 התכתבות | .2 הרייך השלישי | .3 הגירה *לפלשתינה ,לארגנטינה | .4 התיישבות *גליל-ים ,קבוצת בחרות  -שכונת בורוכוב | .5 משפחה *התכתבות חנן & עליזה רעייתו | .6 יחסי יהודים וגרמנים *ביקור רשמי של חנן בוורמס - | התכתבות עם ד""ר שלסר וברג | .7 ארץ ישראל *ההישגים והבעיות עפ""י חנן מנהיימר | .8 מלחמות ישראל *מלחמת לבנון השנייה | .9 פוליטיקה *פנים ישראלית ,במכתבי הנס מנהיימר | .10 חברה *בישראל"		נוישטדט .Neustadtגרמניתהדפסה וכתב יד	No Image	-מכתב אל הנס מאת מקס ונלי לוי ,חיפה .בין היתר:					נרשם ב 06.05.2012-	כרטיס 5 מתוך 7	נילי דוידסון		2011.720		נעמי צעירי ,הבת ,קרית ביאליק		7222,7223,7224,7225,7226,7227
G-F-0444-6	G.F. 0444 / 6	מנהיימר הנס חנן	Mannheimer Hans Chanan	מכתבים אל הנס מנהיימר מהאם אלה				מקור	Original	"אלה מנהיימר 1889-1941 | אחרי מות הבעל ,ריכרד מנהיימר ,ב 1937-ועליית הבן, | הנס ,לפלשתינה ,חודשיים אחרי מות האב ,נשארות האם | אלה והבת אילזה בגרמניה. | המכתבים הם עדות למצוקה האישית ,הנפשית ,החברתית | והכלכלית ,של אלה מנהיימר בין השנים .1937-1941 | אלה מנהיימר מתגלית כאישה חזקה ובעלת תושיה, | שאינה נרתעת מעבודת כפיים קשה .געגועיה לבן ,הנס, | בפלשתינה,רצונה העז להוציא את בתה ,אילזה ,מגרמניה | ותקותה להתאחד עם ילדיה מחדש ,הם נושאים שחוזרים | ונשנים במכתביה הארוכים והמפורטים .אלה מנהיימר | זכתה לראות את יציאת הבת לפלשתינה אך היא עצמה | לא הצליחה לצאת את גרמניה ,ניספתה במחנה בריגה, | .1941 | קטגוריות: | .1 הרייך השלישי | .2 מלח""ע II | .3 משפחה | .4 קהילה *וורמס | .5 הגירה | .6 חברה *מוזיקה"			No Image	אוסף מכתבים גדול ,שהנס חנן ,פלשתינה ,מקבל מאמו,					נרשם ב 21.10-29.10.2012-	כרטיס 6 מתוך 7	נילי דוידסון		2011.720		נעמי צעירי ,הבת ,קרית ביאליק		7236,7237,7238,7239,7240,7241,7242,7243,7244,7245,7246,7247,7248,7249,7250,7251
G-F-0444-7	G.F. 0444 / 7	מנהיימר הנס חנן	Mannheimer Hans Chanan	מכתבים אל הנס מהאחות אילזה ומהמשפחה בדרום						לאלה מנהיימר לבית זאוארבך יש אחות ,מרי .Maryב- | 1937 חיים מרי ,בעלה אדולף ושתי הבנות ,הילדה וליזלי | ביוהנסבורג ,דרום אפריקה .הוריה של אלה ומרי ,הסבים | של הנס מנהיימר ,מהגרים ב 1940-לדרום אפריקה | ומצטרפים אל בתם ,מרי ,ומשפחתה. | קטגוריות: | .1 משפחה | .2 הגירה *דרום אפריקה | .3 הרייך השלישי			No Image	מכתבים אל הנס מאת אחותו אילזה :1938-1945					נרשם ב 08.07.2012-	כרטיס 7 מתוף 7	נילי דוידסון		2011.720		נעמי צעירי ,הבת ,קרית ביאליק		7252,7253,7254
G-F-0445	G.F.0445	בלום הארי	Blum Harry	"ספר / חוברת ""המכתבים של משפחת בלום מווינה בזמן"				מקור	Original	גברת יהודית גופר יזמה את תרגומם של המכתבים | מעיזבון הסבא ,הארי בלום ,לעברית ,ערכה תחקירים | בגרמניה ובעזרתם של מתנדבים ערכה והוציאה לאור את | הספר. | מקור משפחת בלום באוסטריה. | ידע נוסף ראה בנושא מורחב. | קטגוריות: | .1 תולדות משפחה *בלום *רוזנפלד *קורניצר | .2 שואה *ילדי לה-גט | .3 מחנות מעצר *בצרפת | .4 אילן יוחסין בתחילת הספר | .5 עליית הנוער *בית ביי בשוייץ | .6 עליה			No Image	* הארי בלום גורש מוינה ונכלא בדכאו משם שוחרר					נרשם ב 18.12.2011-		נילי דוידסון		2011.721		יהודית גופר ,הנכדה ,נס ציונה.		7148,7149
G-F-0446	G.F.0446	פירסט רות & ולטר		"ספר "" רות וולטר פירסט -סיפור חיים"""						קטגוריות: | .1 תולדות משפחה | .2 הגירה *משפחת וייל ביוגוסלביה ואיטליה | .3 עליה | .4 הכשרה | .5 התיישבות *מולדת ,חומה ומגדל * שדמות דבורה.	62	2010	No Image	בספר מסופרים זיכרונותיו של ולטר פירסט ,יליד ,1911	הוצאה לאור אלבום פלוס				נרשם ב 29.02.2012-		נילי דוידסון		2012.723		אביבה פירסט-בריט ,הבת ,חיפה		7174,7175
G-F-0447	G.F.0447	ברנר אנדריאס	Brener Andreas	תחריט עץ						קטגוריות: | .1 אמנות			No Image	תחריט של האמן אנדריאס ברנר ,גרמניה.					נרשם ב 27.03.2012-		נילי דוידסון		2012.727		נעמי רוזן ,הוד השרון		7188,7189
G-F-0448	G.F.0448	קסל אריך	Kessel Erich	זיכרונות שכתב אריך קסל				העתק ,תרגום לעברית	Copy, Translation to Hebrew	"גיורא וציפור רוזנטל הפקידו ""זיכרונות"" )הדפסת מקור | בגרמנית & תרגום לעברית( שכתב אריך קסל 1884-1968 , | ,Erich Kesselהדוד של גיורא מצד אמו .אריך קסל ,יהודי | נשוי לגרמניה ,עבר את השואה בברלין ,בה חי עד סוף | ימיו. | קטגוריות: | .1 תולדות משפחה | .2 משפחה *הנישואין לגרמניה הצילו אותו בשואה | .3 שואה *התחקה אחרי בני משפתו שניספו בשואה | .4 צבא *גויס ב 1904- | .5 מלח""ע I | .6 קהילה | .7 מקצועות חופשיים *אופנת נשים ,קצרנות ,צילום"			No Image	אריך קסל מסיים את כתיבת זיכרונותיו ב ,1968-השנה בה					נרשם ב 29.03.2012-		נילי דוידסון		2012.730		ציפור & גיורא רוזנטל ,נס ציונה		7190,7191
G-F-0449	G.F.0449	יוגב מרים	Jogev Miriam	"ספר ""מכתבים מעליית הנוער ""1939-1940"				מקור	Original	מרים יוגב לבית פייבלמן ,ילידת 1922 בברלין .עלתה | לארץ עם עליית הנוער ב .1939-המכתבים שכתבה | להוריה בגרמניה נשמרו אצל ההורים וחזרו אליה ברבות | השנים .מרים תרגמה אותם לעברית וערכה אותם לספר | בליווי תמונות משפחתיות מגרמניה ומפלשתינה. | קטגוריות: | .1 הרייך השלישי | .2 עליית הנוער | .3 הכשרה | .4 התיישבות | .5 נוער | .6 משפחה | .7 חינוך | .8 חקלאות			No Image	"מרים נולדה בברלין ב .1922-למדה בביה""ס היהודי"					נרשם ב 29.03.2012-		נילי דוידסון		2012.729		מרים יוגב ,גדרה		7192,7193
G-F-0450-1	G.F. 0450 / 1	הופמן / פליישר / קניגסברג		תעודות אישיות & תמונות				מקור ,העתק	Original, Copy	"ד""ר עדנה בראון הפקידה חומרים מעיזבון הוריה. | מידע ,שנתקבל מעדנה בראון :האם ,לוטה/לאה הופמן | בנישואים ראשונים ,קניגסברג בנישואים שניים למשה | קניגסברג ב- | .1973 | לוטה/לאה,1922-2002 ,לבית שוורצפלד-פליישר )אמה, | אידה/יהודית,של לאה נישאה בשנית לפליישר( .לאה | עלתה לארץ במסגרת ""נוער מזרחי"" ב 1939-והגיעה | לרודגס .עם עלות הקיבוץ על הקרקע עזבה ב 1940/41- | לתל אביב. | האב ,ולדמר זאב הופמן .1912-1971 ,עלה לארץ ב,1939- | לתל אביב .ההורים של ולדמר זאב חיו בארץ משנת ,1932 | אביו היה מהנדס מעליות ,שנשלח ע""י החברה בגרמניה | לעבוד בפלשתינה. | ללוטה/לאה וולדמר/זאב נולדו  2 בנות :עדנה  1944 ויהודית | .1949 | -זאב ולאה הופמן פתחו בתל אביב חנות לשוקולדים | וממתקים .שם החנות היה ""רוקוקו"" .מאוחר יותר הם מכרו | את השם ""רוקוקו"" לסוכנות לכרטיסי מופעים. | קטגוריות: | .1 תעודות אישיות | .2 תמונות *באלבומים ובתפזורת"			No Image	-צילום ,תעודת הנישואין של הזוג אהרון שוורצפלד עם					נרשם ב 28.11.2012 & 13.03.2012-	כרטיס 1 מתוך 3	נילי דוידסון		2012.759 & 2012.726		"ד""ר עדנה בראון ,הבת ,תל אביב"		7184,7185,7186
G-F-0450-2	G.F. 0450 / 2	הופמן / פליישר / קניגסברג		אלבום ליובל ה 70-של לוטה הופמן-קניגסברג				מקור	Original	לרגל יום הולדתה ה 70-של לוטה הופמן-קניגסברג ,ערכו | הנכדות והנכדים אלבום עם תמונות וכתוביות לסבתם | האהובה. | קטגוריות: | .1 תמונות | .2 ביוגרפיות | .3 תולדות משפחה			No Image	האלבום מתחיל בתיעוד הוריה של לוטה ,של לוטה					נרשם ב 13.03.2012- | נרשם ב 28.11.2012-	כרטיס 2 מתוך 3 | כרטיס 3 מתוך 3	נילי דוידסון		2012.726 | 2012.759		"ד""ר עדנה בראון ,הבת ,תל אביב"		7210,7211,7352
G-F-0451	G.F.0451	כהן יעקב	Cohn Jacob	זיכרונות				מקור ,הדפסה	Original, Printing	"יעקב כהן ,1883-1975 יליד מיינץ ,עלה לארץ ב 1939- | והתיישב בירושלים שם חי עד סוף ימיו .בגרמניה עבד | במסחר סיטונאי לקרטונים ונייר .בארץ עבד כמנהל | חשבונות. | קטגוריות: | .1 תולדות משפחה | .2 נוער *נוער יהודי בגרמניה | .3 עלית הנוער | .4 קהילה *בגרמניה | .5 הרייך השלישי *תיאור מעדות ראשונה של פוגרום ליל | הבדולח | עליה *הדרך הארוכה עד לעליה על האניה ""מרקו-פולו"""			No Image	זיכרונות ,1933-1939 שכתב יעקב כהן בשנת .1970 את					נרשם ב 02.04.2012-		נילי דוידסון		2012.724		צבי כהן ,כפר פינס		7196,7197
G-F-0452	G.F.0452	פרידמן שושנה	Friedmann Shoshana	אלבום תמונות ממוסד אהבה בקריית ביאליק				מקור	Original	שושנה פרידמן לבית דאובר ,ילידת ,1921 עלתה לארץ | מפולניה במסגרת עליית הנוער ב 1935-בגיל  .14 התחנכה | במוסד אהבה בקריית ביאליק שם התחברה עם חנה יונאי | לבית אנגל )האם של מפקידת האלבום( גם היא ילידת | פולניה .1921 ,החברות ארוכת השנים בין השתיים | מתועדת ,בין היתר,באלבום התמונות. | קטגוריות: | .1 תמונות | .2 פלשתינה | .3 ישראל | .4 חינוך *מוסד אהבה | .5 נוער *הוויי במסגרת המוסד | .6 חקלאות *במסגרת המוסד			No Image	-התמונות באלבום אינן מזוהות -אין רישום או כתוביות					נרשם ב 31.05.2012-		נילי דוידסון		2012.737		דבורה יונאי ,הבת של חנה יונאי לבית אנגל	הסכם תרומה חתום מ 13.06.2012-	7257,7258
G-F-0453	G.F.0453	לכמן וולף & ורנר		תעודות אישיות				מקור	Original	"נעמי סמואלוב הפקידה מספר מסמכים מעיזבון סבה וולף | לכמן ואביה ד,ר ורנר לכמן. | קטגוריות: | .1 תעודות אישיות | .2 מלח""ע * Iעיטור צלב הכבוד לורנר לכמן | .3 קהילה *בגרמניה | .4 המאה ה 19- | .5 פריטים *צלב הכבוד"	.Wolff Lachmannהמסמך הונפק ב 1853-בברלין		No Image	"תעודת מעבר וזהות מפוארת ל""סוחר נוסע"" וולף לכמן"					נרשם ב 31.05.2012-		נילי דוידסון		2012.738		נעמי סמואלוב ,הבת / הנכדה ,ירושלים	הסכם תרומה נחתם ב 31.05.2012-	7259,7260
G-F-0454	G.F.0454	אופנהיימר ולטר & רזי		תעודות אישיות				מקור	Original	המפקידה ,תמר רוזנבאום ,כתבה שהזוג היו חברים טובים | של הוריה ,לא היו להם ילדים.			No Image	-ספר המשפחה -Deutsches Einheits-Familien					נרשם ב 03.06.2012-	כרטיס 1 מתוך 1	נילי דוידסון		2012.739		תמר רוזנבאום ,רמת גן	הסכם תרומה חתום מ 06.06.2012-	7261,7262
G-F-0455	G.F.0455	לוין יעל	Levin Yael	"השיר ""חד גדיא"""				העתק	Copy	"קטגוריות: | .1 שירה *מסורת *חד גדיא"""			No Image	יעל לוין שלחה תקליטור עליו הקליטה עצמה שרה					נרשם ב 24.06.2012-		נילי דוידסון		2012.742		יעל לוין ,עין ורד	"יעל הבטיחה לשלוח בכתב את ""התנאים"" בהם הושר השיר הגרמני בפסח במשפחת הדודים שלה."	7265,7266
G-F-0456	G.F.0456	האס פריץ & אדית		תעודות אישיות & תמונות				מקור	Original	מתן נוה ,המפקיד ,סיפר שהמסמכים אותם הפקיד שייכים | לזוג פריץ פרידריך האס,יליד  1877 בגרוס ביבראו Gross | Biberauואדית לבית היינה .לפי דברי המפקיד:הזוג גר | ברח' בן יהודה בתל אביב ,שכנים של הסבים שלו .הוא | זוכר אותם במעורפל ,יודע שלא היו להם ילדים - | המסמכים מוכיחים אחרת ,נולד להם בן ב ,1913-לא ידוע | מה עלה בגורלו. | במסמכים רשומה כתובתם בארץ של הזוג האס ברח' | הירקון  134 בתל אביב. | קטגוריות: | .1 תעודות אישיות | .2 קהילה | .3 פלשתינה | .4 תמונות			No Image	-תעודת לידה של פריץ ,יליד ,1877 הונפקה ב.1888-					נרשם ב 18.07.2012-		נילי דוידסון		2012.744		מתן נוה ,נכד של השכנים של בעלי העיזבון ,רח' בן-		7275,7276
G-F-0457	G.F.0457	וול חוה	Wohl Chava	זכרונות						ספר זכרונות בעברית ,שכתבה חוה וול לבית טפליץ-1919 , | ,2012 נולדה בקיל  Kielלמשפחה יהודית אמידה ומשכילה. | את הספר הפקידה במוזיאון דפנה דור ,לבית הורן ,הבת | של רות הורן ,חברתה הטובה של חוה וול מאז הילדות. | קטגוריות: | .1 ביוגרפיה | .2 חינוך | .3 הרייך השלישי | .4 נוער *ארגון Werkleute | .5 הגירה | .6 התיישבות | .7 צבא *שירות בצבא הבריטי | .8 מוזיקה *אריך טפליץ | .9 מדעים *מתמטיקה			No Image	תמצית לתוכן הספר:					נרשם ב 19.09.2012-		נילי דוידסון		2012.751		דפנה דור ,הבת ,קיבוץ הזורע		7296,7297
G-F-0458	G.F.0458	הרצברג אנה	Herzberg Anne	ספרי בישול				מקור	Original	אנה הרצברג לבית אפשטיין ,Epsteinנולדה בפרנקפורט | על המיין .1896-1947 ,ב 1938-עברה עם בעלה מקס | וילדיה לאנגליה .היא אהבה לבשל ובספרייתה היה אוסף | גדול של ספרי בישול ומחברות רצפטים. | קטגוריות: | .1 פרסומים *ספרי בישול | .2 ילדים *ספר בישול לילדות קטנות			No Image	את ספרים שנותרו מאוספה הגדול ,הפקידה הבת,					נרשם ב 05.04.2012-		נילי דוידסון		2012.731		חנה כהנא ,הבת ,בית העמק	חלק מהספרים במצב לא טוב	7208,7209
G-F-0459-1	G.F. 0459 / 1	נחמני עדי & ז'ני		מכתבים מאת אדי נחמני אל ז'ורז' פפה ,סוף שנות ה 20-				מקור	Original	תוכן המכתבים מתייחס ברובו לעשייה הציונית ובעיותיה | בגרמניה בכלל ובדנציג בפרט  -אגודות ,תנועות נוער, | קבוצות ,הכשרות ,עלייה. | המכתבים כתובים גרמנית .אדי משתמש לעיתים במושגים | וכתיב עברי .כמו כן הוא משתמש בקיצורים )אז נהירים | לכל( של תנועות יהודיות ציוניות ואחרות .רשימת | הקיצורים: | J.J.W. B ;Z.V.f.D | קטגוריות: | .1 ציונות *ורוויזיוניזם | .2 חברה *יקים ואוסיודן | .3 פוליטיקה | .4 נוער | .5 תנועות נוער | .6 הכשרה | .7 ציונות			No Image	26.12.1928 -אדי כותב מדנציג .בין היתר :מדווח על					נרשם ב 09.12.2012-	כרטיס 1 מתוך	נילי דוידסון		2012.753		"רחל נחמני-גליק ,הבת ,ארה""ב"	"על פעילותן של תנועות הנוער הציוני בדנציג ,ראה בספרייה העברית של המוזיאון את הספר ""יהודי דאנציג ""1840-1943 מאת אליהו שטרן .הספר תחת האות 'ש' .בספר מוזכרים ,בין היתר, | ז'ורז' פפה ועדי נחמנסון .הספר יצא לאור ב.1983-"	7353,7354,7355,7356,7357
G-F-0459-10	G.F. 0459 / 10	נחמני עדי & ז'ני		התכתבות בעברית של עדי ואחרים מחברי קיבוץ גדרה				מקור ,העתק	Original, Copy	ההתכתבות בתיק היא גם תיעוד למעבר של הקבוצה | מגדרה לכפר סאלד. | קטגוריות: | .1 הכשרה | .2 ציונות | .3 נוער | .4 ארגוני נוער | .5 ארץ ישראל | .6 פוליטיקה *חלוקת הארץ | .7 הנצחה *מאיר מינץ ,מכתב 16.3.1937			No Image	-צילום ,מכתב 7.8.1933 ורדה ,Verdaעדי כותב לגדעון					נרשם ב 14.04.2013-	כרטיס 10 מתוך	נילי דוידסון		2012.753		"רחל נחמני-גליק ,הבת ,ארה""ב"		7473,7474,7475
G-F-0459-11	G.F. 0459 / 11	נחמני עדי & ז'ני		ז'ורז' פפה						ז'ורז' פפה ,1912-1958 ,יליד דנציג ,נפטר בלונדון .עבד | בארץ למען הסוכנות היהודית ,לשכת ההסברה של | הסוכנות היהודית ,משרד החוץ. | קטגוריות: | .1 התכתבות | .2 התיישבות | .3 ציונות | .4 הכשרה | .5 ארגונים *ארגטני נוער * הבונים | .6 קיבוץ | .7 הנצחה *לז'ורז' פפה			No Image	-דברים שנאמרו באזכרה לז'ורז' ,חודש אחרי פטירתו					נרשם ב 17.04.2013-	כרטיס 11 מתוך	נילי דוידסון		2012.753		"רחל נחמני-גליק ,הבת ,ארה""ב"	השם ז'ורז' מופיע לעיתים קרובות גם בכתיב ג'ורג'. | האיש עצמו חתם תמיד בכתיב ז'ורז'.	7470,7471,7472
G-F-0459-12	G.F. 0459 / 12	נחמני עדי & ז'ני											No Image										2012.753				7476,7477,7478
G-F-0459-2	G.F. 0459 / 2	נחמני עדי & ז'ני		אדי )עדי( כותב אל ז'ורז' בציריך .עברית 1937				מקור	Original	"אדי )אדי נחמנזון / עדי נחמני( ,1911-1992 נולד בדנציג. | סביו הגיעו לדנציג ממזרח אירופה. | עלה לארץ ב.1935- | ז'ורז פפה )פפה-פלטי(  ,1912-1961 יליד דנציג .בן | למשפחה יהודית אמידה ,שמקורה במזרח אירופה .השניים | מכירים מילדותם בדנציג וההיכרות היא גם בין הורי | השניים .שניהם חברים בפלוגת ""שער הנגב"" בגדרה. | אדי כותב את מכתביו מתל יוסף ,שם הוא משתתף | במסלולו לימודים ,סמינריון ,לרכישת השכלה בשאלות: | סוציאליזם ותנועת הפועלים בארץ .ההרצאות ניתנות ע""י | צמרת הישוב ביניהם :לויטה ,ברש ,בן גוריון. | ז'ורז' וגיטה נמצאים בציריך .ז'ורז' מחלים ממחלה קשה | )ככל הנראה מחלת לב( ,גיטה לומדת מוזיקה .במקביל | לשהותם בציריך ,נערך שם הקונגרס הציוני ה.20- | במרכז המכתבים עומדים נהושאים: | * חלוקה הארץ בין יהודים וערבים עפ""י ועדת פיל. | * ליכויים בתפקוד ההסתדרות | * הקונגרס ה 20-בציריך  -ההצבעה בנושא חלוקת הארץ | * קשייהם של המתיישבים ,חוסר עבודה ,רעב ,דיכאון. | קטגוריות: | .1 פלשתינה | .2 התיישבות | .3 ציונות | .4 פוליטיקה *בישוב | .5 חברה *בפלוגות ובקיבוצים | .6 כלכלה *קשיי מחיה בישוב | .7 פילוסופיה *על דרך הציונות וההתיישבות | .8 הנושא הערבי | .9 קונגרס ציוני *ה 20-בציריך"			No Image	-מידע בעברית ,הדפסה ,ששלחה רחל נחמני-גליק,					נרשם ב 13.11.2012 & 08.11.2012-	כרטיס 2 מתוך	נילי דוידסון		2012.753		"רחל נחמני-גליק ,הבת ,ארה""ב"	*בקונגרס הציוני ה ,1937 ,20-ציריך ,נדחתה תכנית החלוקה של ועדת פיל. | *הוריו של אדי/עדי בדנציג | -חומרי ארכיון נוספים שמורים בארכיון של גבעת חיים.	7304,7305,7306,7307,7308
G-F-0459-3	G.F. 0459 / 3	נחמני עדי & ז'ני		התכתבות בעברית בין אדי וז'ורז' ,1938-1954 דוחות				מקור	Original	"קטגוריות: | .1 עזרה הדדית *להוצאת יהודים מגרמניה | .2 התיישבות *דוחות מזכיר הקיבוץ | .3 חקלאות | .4 כלכלה *""התחרות"" על מקומות עבודה | .5 הרייך השלישי *משפחת יהודה דויטש בוינה *הבאת | ההורים לארץ. | .6 חברה *היחסים בפלוגה/קיבוץ | .7 שואה"			No Image	-ללא תאריך ,מכתה מז'ורז' אל אדי .המכתב נכתב מתוך					נרשם ב 22.11.2012 & 14.11.2012 & 13.11.2012-	כרטיס 3 מתוך	נילי דוידסון		2012.753		"רחל נחמני-גליק ,הבת ,ארה""ב"	הסבר לשמות הישובים שמופיעים במכתבים כפי שהתפרסו בעת כתיבת המכתבים: | * קיבוץ )הפלוגה( שער הנגב היה ממוקם מדרום לגדרה. | *  1937 כפר סאלד )סולד( בנגב  -מאוחר יותר חפץ חיים | *  1942 קיבוץ כפר סאלד עלה למקום הקבע בגליל העליון	7337,7338,7339,7340,7341,7342,7343,7344
G-F-0459-4	G.F. 0459 / 4	נחמני עדי & ז'ני		מכתבים אל אדי & ז'ני מאנשים שונים				מקור ,העתק	Original, Copy	קטגוריות: | .1 ציונות *סוציאליסטית ורוויזיוניסטית | .2 התיישבות *קשייהסתגלות לחיים בקיבוץ			No Image	19.2.1938 -מכתב אל אדי מאת זיגא .השניים השתתפו					נרשם ב 27.01.2013 & 26.11.2012-	כרטיס 4 מתוך	נילי דוידסון		2012.753		"רחל נחמני-גליק ,הבת ,ארה""ב"		7349,7350,7351
G-F-0459-5	G.F. 0459 / 5	נחמני עדי & ז'ני		מכתבים שכותב אדי אל ז'ני ,גרמנית 1967-1941 ,				מקור	Original	"ז'ני נחמני לבית גולדברג ,1913-2011 נולדה בהמבורג. | הוריה היגרו מבוצ'אץ' )גליציה-פולין( להמבורג .לז'ני אח | מבוגר ממנה ,מקס ,ואחות לוטי/לאה ,גם היא מבוגרת | ממנה .המשפחה היה מבוססת למדי ,הבית מסורתי | ופשרני. | בגיל  10 הצטרפה ז'ני לתנועת הנוער הציוני ,עברה | הכשרה וב 1934-עלתה לארץ .על עדי כבר שמעה | בגרמניה בגלל פעילותו הציונית .השניים נפגשו בארץ | ב""שער הנגב"" ע""י גדרה. | הוכשרה בארץ כאחות ומיילדת .פרטים נוספים בתיק - | כפי שנכתבו ע""י הבת ,רחל נחמני-גליק. | קטגוריות: | .1 חברה *הבראה בירושלים | .2 ציונות *הקונגרס הציוני בציריך 1937 | .3 פוליטיקה *בריטניה מתירה עלייה לארץ | .4 כתיבה אישית *דקלומים ושירים שנשלחים בין בני הזוג | .5 התיישבות *לדרכו של הקיבוץ | .6 מנהגים *כבוד המת והקבורה"			No Image	-דברים שכתבה רחל נחמני-גליק על אמה ,ז'ני נחמני						כרטיס 5 מתוך			2012.753		"רחל נחמני-גליק ,הבת ,ארה""ב"		7369,7370,7371,7372
G-F-0459-6	G.F. 0459 / 6	נחמני עדי & ז'ני		מקס גולדברג ,אחיה הבכור של ז'ני נחמני ובני המשפחה						"מקס גולדברג,יליד ,1903-1988 בהמבורג. | בעת פרוץ מלחמת העולם השנייה היה סטודנט למשפטים | בצרפת ,גוייס לליגיון הזרים הצרפתי ושרת בלבנון. | לוטי היימן ,אחותה של ז'ני ,נשואה לרודי )רודולף( היימן. | הזוג היימן חי בספרד בעת מלחמת האזרחים ותמך | ברפובליקנים ,דבר שברבות הימים יהיה להם לרואץ - | מצוף דף עם הסבריה של המפקידה ,רחל נחמני-גליק. | קטגוריות: | .1 הגירה | מלח""ע II | .3 צבא *מקס חייל בליגיון הצרפתי ,משרת בבירות | .4 עלייה | .5 משפחה *סכסוך במשפחה בגלל כתיבתו של ספר | )לוטי & בוב (Bob"		.(Robert Kalmהמכתבים נשלחים מליסבון	No Image	-מידע שכתבה רחל לחמני-גליק על דודה ,אח אמה,					31.12.2012 & 27.12.2012	כרטיס 6 מתוך	נילי דוידסון		2012.753		"רחל נחמני-גליק ,הבת ,ארה""ב"		7396,7397,7398
G-F-0459-7	G.F. 0459 / 7	נחמני עדי & ז'ני		ראיונות כתובים עם עדי נחמני				העתק ,הדפסה	Copy, Printing	שני ראיונות כתובים ,עברית ,שנעשו עם עדי נחמני בשנים | .1990 & 1970 | קטגוריות: | .1 היסטוריה יהודית *דנציג ושלוחותיה | .2 היסטוריה כללית *גרמניה ופולין | .3 קורות משפחת נחמנזון מתחילתה ברוסיה | .4 קהילות *פרנסתם של יהודים במאה ה.19- | .5 ציונות | .6 ארגוני נוער | .7 עליה | .8 התיישבות *נדידה מישוב לישוב			No Image	"-ראיון עם עדי נחמני בנושא ""יהדות דנציג"" ,בשנת .1970"					נרשם ב 26.12.2012-	כרטיס 7 מתוך	נילי דוידסון		2012.753		"רחל נחמני-גליק ,הבת ,ארה""ב"		7402,7403
G-F-0459-8	G.F. 0459 / 8	נחמני עדי & ז'ני		"פירסומים ""לזכר חברים"""				מקור ,העתק	Original, Copy	קטגוריות: | .1 הנצחה | .2 כתיבה אישית | .3 ביוגרפיה			No Image	"5 חוברות ""לזכר חברים"":"					נרשם ב 24.01.2013-	כרטיס 8 מתוך	נילי דוידסון		2012.753		"רחל נחמני-גליק ,הבת ,ארה""ב"		7413,7414
G-F-0459-9	G.F. 0459 / 9	נחמני עדי & ז'ני		מכתבים מאת ז'ורז' אל נחמיה ,פוני ,מנחם ויעקב -1933				מקור	Original	קטגוריות: | .1 התכתבות | .2 ציונות | .3 התישבות | .4 ארגונים | .5 נוער | .6 חברה ופנאי *מתחים בין חברי הקיבוץ  -ראה מכתב | * 19.5.1935 הקמת ספרייה *רכישת צ'לו פסנתר ותווים.			No Image	,5.2.1933 -ברלין .ז'ורז' כותב לנחמיה בעינייני כספים					נרשם ב 14.04.2013-	כרטיס 9 מתוך	נילי דוידסון		2012.753		"רחל נחמני-גליק ,הבת ,ארה""ב"		7415,7416,7417,7418
G-F-0460-1	G.F. 0460 / 1	בראון עלי	Baron Eli	מכבי ,בר-כוכבא				מקור ,העתק	Original, Copy	לצי בראון לימים עלי בראון ,היה פעיל בקבוצת השחיה | של בר-כוכבא בעיר הולדתו ברטיסלבה .הוא אירגן והוצי | לפועל מפגש של ותיקי בר-כוכבא בשבי ציון.1999 , | קטגוריות: | .1 ספורט | .2 נוער			No Image	-חוברת בגרמנית עם הכותרתBar Kochba -Die :					נרשם ב 31.10.2012-	כרטיס 1 מתוך 2	נילי דוידסון		2012.755		יוספה בראון ,הרעיה ,נהריה	עלי בראון ,בעלה של יוספה בראון לבית שטיינהרדט ,בתו של הצייר יעקב שטיינהרדט ורעיתו מיני )תיקים הארכיון (G.F.0391	7313,7314
G-F-0460-2	G.F. 0460 / 2	בראון עלי	Baron Eli	פרסומים / עיתונים				מקור	Original	קטגוריות: | .1 עיתונות | .2 פוליטיקה | .תולדות המשפחה | .3 יחסי יהודים ערבים | .4 היסטוריה יהודית			No Image	-חמש חוברות של הפרסום / עיתון קלונימוס Kalonymos					נרשם ב 31.10.2012-	כרטיס 2 מתוך 2	נילי דוידסון		2012.755		יוספה בראון ,הרעיה ,נהריה	עלי בראון ,בעלה של יוספה בראון לבית שטיינהרדט ,בתו של הצייר יעקב שטיינהרדט ורעיתו מיני )תיקים הארכיון (G.F.0391	7328,7329
G-F-0461	G.F.0461	דורקם יואל	Dorkam-Dispeker Joel	"ספר ""בין דבש לעוקץ ,הבזקים בצדי הדרכים"""						קטגוריות: | .1 ביוגרפיה | .2 כתיבה אישית | .3 תולדות המשפחה | .4 משפחה | .5 עלייה | .6 הגירה | .7 תנועות הנוער | .8 העפלה | .9 אנטישמיות | .10 מלחמת העולם הראשונה | .11 מלחמת העולם השנייה | .12 מלחמות ישראל | .13 צבא | .14 עיתונות | .15 יחסי יהודים גרמנים | .16 פעילות תרבותית			No Image	זיכרונות של האב זיגמונד דיספקר ויומנה של האם,					נרשם ב 18.11.2012-		לאה		2012.758		"יואל דרקום ,הבן ,פלמ""ח-צובה"		7346,7347
G-F-0462	G.F.0462	קראפט	Kraft	קורות משפחת קראפט				העתק ,הדפסה ,תרגום לעברית	Copy, Printing, Translation to Hebrew	"החומר התקבל באמצעות הדואר. | תורגם ככל הנראה מגרמנית לעברית סה""כ  15 עמודים. | קטגוריות: | .1 המאה ה 18- | .2 המאה ה 19- | .3 קהילות | .4 תעשייה *תעשיית עץ *תעשיית טקסטיל | .5 מסחר | .6 אילן יוחסין"			No Image	"כותרת החומר הכתוב ""שושלת קראפט משלוכאו""."					נרשם ב 13.12.2012-		נילי דוידסון		2012.765		יונתן איתן		7390,7391,7392
G-F-0463	G.F.0463	בנימין ברנהרד	Benjamin Bernhard	זיכרונות				העתק ,הדפסה	Copy, Printing	"חנה בסטיאן שלחה בדוא""ל את זיכרונות אביה אותם כתב | ב 1975-בעברית. | ברנהרד ,שאול יששכר ,בנימין ,נולד בפרנקפורט-1908 , | ,1981 עלה לארץ ב .1933-בארץ עסק בבנקאות )ראה | פירוט בתיק  -נכתב ע""י המפקידה( | הזיכרונות מהתקופה בגרמניה עד עלייתו לארץ. | קטגוריות: | .1 קהילות *הקהילה החרדית מזרמו של הרב רפאל | הירש ,בפרנקפורט | .2 חינוך *ביה""ס הריאלי חרדי  -זרם רפאל הירש | .3 משפחה | .4 קורות משפחה *פרנקפורט & קלן | .5 מנהגים *התנהלות הקהילה בבית הכנסת ,בחגים | והאירועי משפחה למיניהם .בין היתר מנהג חיתול תורה. | .6 היסטוריה יהודית | .7 כתיבה אישית"			No Image	גדל במשפחה יהודית חרדית בפרנקפורט אשר הזדהתה					נרשם ב 26.12.2012-		נילי דוידסון		2012.766		חנה בסטיאן ,הבת	הסכם תרומה חתום 09.01.2013	7400,7401
G-F-0464	G.F.0464	ברלינר לאה & תמיר ארנון		ביוגרפיה ואמנות						.2 תולדות משפחה | .3 ביוגרפיה | .4 הרייך השלישי | .5 עליה | .6 התיישבות | tjhv			No Image	"""לאה"" חוברת עם רישומים וציורים של לאה ברלינר לבית"					נרשם ב 30.12.2012-		נילי דוידסון		2012.767		חדווה יעקבסון ,הבת של לאה ,כפר ברוך	"שני הספרים הופקדו במסגרת ביקור במוזיאון במסגרת ""מדור לדור יביע אומר"" .הספרים רשומים גם בקטלוג הספריה."	7406,7407,7408,7409,7410
G-F-0465	G.F.0465	פינקלשטיין	Finkelstein	"75 פנה ל""מתכות פינקלשטיין"""				העתק	Copy	DVDסרט שהופק לרגל מלאת 75 שנה למפעל. | שני תקליטורים :עברית ואנגלית.			No Image						נרשם ב 30.01.2013-		נילי דוידסון		2013.770		איתן פינקלשטיין ,הבן) ,באמצעות עובדת המפעל ,ליאת	הסרט לא נצפה עדיין -אין ציוד מתאים לפתיחת DVD-R	7419
G-F-0466	G.F.0466	קרויאנקר גוסטב & אדית		ספר :מגרמניה למולדת חדשה / גוסטב ואדית קוריאנקר -						בספר מתוארת פעילותו העניפה של גוסטב קרויאנקר | 1891-1945 בגרמניה ובארץ ושל רעיתו אדית 1905-1992 | במסגרת עבודתה כשופטת. | קטגוריות: | .1 תולדות משפחה | .2 ביוגרפיה | .3 מסחר *מפעל לנעליים בגרמניה | .4 המאה ה 19- | .5 ציונות | .6 הגירה			No Image	גוסטב קרויאנקר עבד תחילה אחרי לימודיו במפעל					נרשם ב 25.02.2013-		נילי דוידסון		25.02.2013		דוד קרויאנקר ,הבן ,תל אביב		7423,7424
G-F-0467	G.F.0467	פוזן אריך	Voosen Erich	שטרות חרום / כסף לשעת חרום ,גרמניה						הבת ,נעמי אבלס כתבה :אביה אריך פוזן,1904-1977 , | נולד בגלזנקירכן ,עלה לארץ ב ,1933-נפטר בירושלים. | קטגוריות: | .1 כלכלה *אינפלציה דוהרת | .2 אמנות *המוטיבים על השטרות			No Image	-אלבום גדול מימדים )במצב לא טוב( בתוכו מאות					נרשם ב 14.03.2013-		נילי דוידסון		2013.779		נעמי אבלס ,הבת ,ירושלים	חומרים זהים ניתן לראות בעיזבון :תיק G.F.0318	7448,7449
G-F-0468	G.F.0468	כרמי דן	Karmi Dann							"אסתר יפתח-אל שלחה את המסמכים בדואר תוך ציון: | ""מסמכים ממשפחת חברנו דן כרמי )ויינברג("". | קטגוריות: | .1 תעודות אישיות | .2 הרייך השלישי *הוספת השמות שרה & ישראל | .3 ציונות *גלויה של מכבי הצעיר עם כתובית בגרמנית"			No Image	-תעודת יושר להדוויג שרה ויינברג Hedwig Sara					נרשם ב 16.03.2013-		נילי דוידסון		2013.780		אסתר יפתח-אל ,מצובה		7425,7426
G-F-0469	G.F.0469	ברנהרד & אתאי											No Image										2013.769		חנן אתאי ,בן ונכד ,קיבוץ דן		7427
G-F-0470-1	G.F. 0470 / 1	הילזן & נאמן		ארכיאולוגיה במילטוס ,Miletאסיה הקטנה / תורכיה				מקור ,העתק ,תרגום לעברית	Original, Copy, Translation to Hebrew	"פרופ' יוליוס הילזן Julius Hülsen 1873-1931 יליד ברלין, | ארכיטקט וארכאולוג ,סבא של תמי אלכסנדר מצד האם. | הנ""ל היה במשלחת ארכאולוגים ,מטעם הקיסר וילהלם ה- | ,IIהשתתף בחפירות מילטוס  ,Miletבאסיה | הקטנה/תורכיה יחד עם הארכאולוג הגרמני פרופ' תאודור | ויגנד  .Theodor Wiegand 1864-1936 פרופ' הילזן חפר | .1901-1903 בין השנים 1903-1910 שחזר           במילטוס | בספר את הנימפאון של מילטוס  .Nymphäumהנכדה, | תמי ,מספרת שהסבא חלה במלריה בעת החפירות | ואושפז בבי""ח שערי צדק בירושלים .עם החלמתו חזר | לאתר החפירות. | יוליוס נשא לאשה ב 1918-את אדלה לבית גולדשמיט | ב 1933-עם שלושת         .1882-1958 אדלה עלתה לארץ | ילדיה .מרים הילזן ,לימים נאמן היא האמא של תמי | אלכסנדר .מרים נשאה בארץ למשה נאמן ,יליד רוסיה. | קטגוריות: | .1 ארכיאולוגיה | .2 מלח""ע * Iמכתב ויגנד אל הילזן מ 6.11.1914- | .3 מקצועות חופשיים *ארכיאולוג ,ארכיטקט ,היסטוריון | אמנות | .4 רפואה *ברושור של שערי צדק 1902"			No Image	"-ברושור של בית חולים ,שערי צדק"" בירושלים ,עם"					נרשם ב 17.2.2013-	כרטיס 1 מתוך 10	נילי דוידסון		2013.774		תמי ,הנכדה & חגי אלכסנדר ,נאות מרדכי	הסכם תרומה נחתם במעמד ההפקדה 11.02.2013 ,	7428,7429,7430
G-F-0470-10	G.F. 0470 / 10	הילזן & נאמן		מכתבים שכותב יוליוס הילזן אל אמו -ראשית המאה ה 20-				מקור ,הדפסה	Original, Printing	"יוליוס הילזן כותב לאמו בדרכו לחפירות במילטוס ,אסיה | הקטנה ,ומשתף אותה בחוויותיו. | המכתבים הודפסו בשפת המקור ,גרמנית ע""י מרים פולין. | סוכמו בעברית ע""י נילי דוידסון."			No Image	28.9.1901 -יוליוס כותב אל אמו מקונסטנטינופול .בין					נרשם ב 30.03.2013-	כרטיס 10 מתוך 10			2013.774		תמי ,הנכדה & חגי אלכסנדר ,נאות מרדכי		7458,7459,7460
G-F-0470-2	G.F. 0470 / 2	הילזן & נאמן		תולדות היהודים ומשפחת הילזן בפרנקפורט על המיין				מקור ,העתק ,תרגום לעברית	Original, Copy, Translation to Hebrew	לואיס הילזן ,אביו של יוליוס ,ניהל רשת של מסחר | ביינות  -ראה לוגו בתיק. | קטגוריות: | .1 היסטוריה יהודית *הקהילה בפרנקפורט על המיין | .2 תולדות משפחה *הילזן | .3 פירסומים *ספר על תולדות משפחת הילזן | .4 ביוגרפיה			No Image	-אילן יוחסין של משפחות הילזן & גולדשמידט 5 ,דורות,					נרשם ב 17.2.2013-	כרטיס 2 מתוך 10	נילי דוידסון		2013.774		תמי ,הנכדה & חגי אלכסנדר ,נאות מרדכי		7431,7432
G-F-0470-3	G.F. 0470 / 3	הילזן & נאמן		מרים נאמן						מרים לבית הילזן ילידת 1921-2010 בפרנקפורט על המיין. | עלתה לארץ עם אמה ואחיה ב.1933- | המשפחה התיישבה בחיפה .ב 1941-עברה מרים לקיבוץ | שדות ים ,שם הכירה והתחברה עם חנה סנש 1942 . | .1913-1986    נישאה למשה נאמן | 1943-1947 שרתה בפלמח בין היתר בסיוע למעפילים. | קטגוריות: | .1 תולדות משפחה | .2 ביוגרפיה | .3 הנצחה *עלונים לזכרם של מרים ומשה נאמן | .4 נוער | .5 התיישבות | .6 קיבוץ *גבת | .7 פלשתינה *יוקר מחייה בעיר חיפה | .8 פירסומים *ספר על תולדות משפחת הילזן			No Image	-צילום ,תעודת לידה של מרים הילזן,21.9.1921 ,					נרשם ב 19.02.2013-	כרטיס 3 מתוך 10	נילי דוידסון		2013.774		תמי ,הנכדה & חגי אלכסנדר ,נאות מרדכי		7433,7434,7435
G-F-0470-4	G.F. 0470 / 4	הילזן & נאמן		יוליוס הילזן חומרים מעבודתו כארכיטקט והיסטוריון				מקור ,העתק	Original, Copy	"מתוך אוסף עבודותיו של פרופ' ד""ר יוליוס הילזן בנושאים | :ארכיטקטורה ,ארכיאולוגיה ,בוטניקה .פרופ' הילזן צייר | ושרטט את מושא מחקריו לפרטי פרטים והוסיף טקסטים | ותצלומים. | קטגוריות: | .1 אמנות *ארכיטקטונית ,בוטנית ,ארכיאולוגית. | .2 מדע *חקר הארכיטקטורה העתיקה | .3 חינוך*הרצאות וסמינרים בהנחיית יוליוס הילזן | .4 המאה ה 18- | .5 פירסומים *יוליוס הילזן כותב מאמרים וספרים"			No Image	-אישור על הוצאתו של ספר שכתב יוליוס הילזן ושיצא					נרשם ב 19.02.2013-	כרטיס 4 מתוך 10	נילי דוידסון		2013.774		תמי ,הנכדה & חגי אלכסנדר ,נאות מרדכי		7437,7438
G-F-0470-5	G.F. 0470 / 5	הילזן & נאמן		יוליוס הילזן / מסמכים אישיים				מקור ,העתק ,תרגום לעברית	Original, Copy, Translation to Hebrew	קטגוריות: | .1 תעודות אישיות | .2 מקצועות חופשיים *ארכיטקטורה  /תעודות | .3 תמונות *משפחתיות | .4 הנצחה *הספד ליוליוס הילזן | .5 תולדות חיים *של יוליוס הילזן  /תרגום לעברית			No Image	1873 -מכתב איחולי להולדת הבן יוליוס מאת ההורים					נרשם ב 28.02.2013-	כרטיס 5 מתוך 10	נילי דוידסון		2013.774		תמי ,הנכדה & חגי אלכסנדר ,נאות מרדכי		7440,7441
G-F-0470-6	G.F. 0470 / 6	הילזן & נאמן		משפחת גולדשמידט				מקור ,העתק	Original, Copy	"אדלה הילזן לבית גולדשמידט ומשפחתה. | -סבא וסבתא של אדלה: | לייב גולדשמידט & בטי  1804-1892 לבית ברג Berg | -ההורים של אדלה: | עמנואל גולדשמידט ,יליד  & 1840 אנה לבית וייל | קטגוריות: | .1 צבא | .2 קהילה | .3 מכתבים | .4 תמונות *דיוקן הרב ד""ר יעקב הורוביץ | .5 תעודות אישיות *תעודת בי""ס"			No Image	-הזמנה לעמנואל גולדשמידט להתייצב לפני ועדת הגיוס.					נרשם ב 07.03.2013-	כרטיס 6 מתוך 10	נילי דוידסון		2013.774		תמי ,הנכדה & חגי אלכסנדר ,נאות מרדכי		7443,7444
G-F-0470-7	G.F. 0470 / 7	הילזן & נאמן		מכתבים				מקור ,הדפסה	Original, Printing	"המכתבים הודפסו בשפת המקור ,גרמנית ,וסוכמו בעברית | ע""י נילי דוידסון."			No Image	"29.9.1910 -מכתב אל ד""ר הילזן מאת מינפלז .Minnefels"					נרשם ב 14.03.2013-	כרטיס 7 מתוך 10	נילי דוידסון		2013.774		תמי ,הנכדה & חגי אלכסנדר ,נאות מרדכי		7450,7451
G-F-0470-8	G.F. 0470 / 8	הילזן & נאמן		ציורים				מקור	Original	קטגוריות: | .1 אמנות *ציור ורישום			No Image	-ציורי נוף ,שמן ,על דיקט					נרשם ב 14.03.2013-	כרטיס 8 מתוך 10	נילי דוידסון		2013.774		תמי ,הנכדה & חגי אלכסנדר ,נאות מרדכי		7452,7453
G-F-0470-9	G.F. 0470 / 9	הילזן & נאמן		ציורים				מקור	Original	יוליוס הילזן צייר רשם וחרט .מהחומרים ניתן להבין | Carl     שהושפע מהצייר קרל תיאודור רייפנשטיין | Theodor Reiffensteinצייר וארכיטקט מפרנקפורט על | המיין .בכתוביות שכתב לחלק מציוריו ציין :על פי | רייפנשטיין. | קטגוריות: | .1 אמנות *ציור ,רישום ,שרטוט ,תחריט			No Image	-דיוקנות -בין היתר :זיגפריד לבנטל 1879-1942					נרשם ב 14.03.2013-	כרטיס 9 מתוך 10	נילי דוידסון		2013.774		תמי ,הנכדה & חגי אלכסנדר ,נאות מרדכי		7454,7455
G-F-0471	G.F.0471	מוז רודולף	Moos Rudolf	זכרונות & מפעל הנעליים סלמנדרה				CD	DVD	התקליטור נשלח באמצעות מרים פולין ,מכירה של הנס | מוז  -השניים היו בקבוצת ילדים פליטים שנשלחו מגרמניה | לשוודיה .השניים הכירו במחנה הילדים בשוודיה. | קטגוריות: | .1 ביוגרפיה | .2 תולדות משפחה | .3 תעשייה *נעלים  /נעלי סלמנדרה | .4 פוליטיקה * 1931/32 בגרמניה ואירופה.			No Image	רודולף מוז כתב את זכרונותיו מהשנים 1700 1931 / 32					נרשם ב 07.04.2013-		נילי דוידסון		2013.781		מרים פולין ,כפר ורדים		7461,7462
G-F-0472	G.F.0472	שלמן רוזנברג מיכל	Shalman Rozenberg Michal	"""ספר ביוגרפי"" :הגדה של עיר ,אגדה של ילדות"						"מיכל שלמן רוזנברג ,ילידת טבריה.1943 , | אמה ,אחות ,ילידת גרמניה ,אביה ,רופא נשים ,יליד רוסיה. | בספרה היא מתארת את טבריה של ימי נערותה תוך | התייחסות לאנשים ומשפחות שליוו את נערותה והשאירו | חותמם על טבריה של לפני מלחמת השחרור ואחריה. | הטקסט מלווה בתמונות ומסמכים. | איזכור רב לבי""ח שוייצר ,ביה""ח הסקוטי ,בי""ח פורייה - | ולצות הרפואי  /סיעודי. | קטגוריות: | .1 חברה *בטבריה | .2 רפואה *בתי חולים בטבריה והצוות. | .3 ביוגרפיות | .4 תולדות משפחה"			No Image						נרשם ב 07.04.2013-		נילי דוידסון		2013.782		מיכל שלמן רוזנברג ,קריית טבעון	עותק שני של הספר נמצא בספרייה העברית תחת האות 'ש' מס .קטלוגH.B.0560 :	7463,7464
G-F-0473	G.F.0473	ברוך ורנר	Baruch Werner	תעודות אישיות						רות ברוך הפקידה היום 2 מסמכים מעיזבון אביה ,ורנר | Bad            ברוך ,יליד  1911 בבבד וילדונגן | .Wildungen | קטגוריות: | .1 ההכשרה *במשתלת מקס ורבורג בקסטנברג | .2 תעודות אישיות			No Image	"אישור לורנר ברוך ,שהנ""ל היה מתלמד במשתלה של"					נרשם ב 11.04.2013-		נילי דוידסון		2013.784		רות ברוך ,הבת ,חיפה	"רות ברוך הביאה חלק מעיזבון אביה ,ורנר ברוך ,לקחה חזרה את מרביתו כדי לעבד אותו עפ""י הצרכים של הארכיון כפי שהבינה משיחתנו )עם נילי דוידסון(."	7466,7467
G-F-0474	G.F.0474	בולטמן פאולה	Boltman Paula	ספר זכרונות מהילדות						"פאולה בולטמן ,ילידת המבורג ,חיה היום באוסטרליה. | אחרי ביקור )תיירת( במוזיאון ב ,2012-החליטה להפקיד | את ספר הזכרונות של מילדות בארכיון המוזיאון .הספר | נשלח מאוסרליה ונמסר לארכיון ע""י חברה של הנ""ל. | הוריה שניהם ילידי פולין ,עברו לגרמניה כי אביה סרב | לשרת בצבא הפולני .פאולה ואחותה נולדו באלטונה, | המבורג .למדה בבי""ס יהודי בהמבורג. | חלק מהבנות שכתבו הספר היגרו גם הן לאוסטרליה, | חלקן נספה בשואה. | קטגוריות: | .1 מנהגים *ספר זכרונות | .2 שואה *מחקר על גורלן של הילדות שכתבו בספר | .3 ילדים | .4 מכתבים"			No Image	-ספר זכרונות בו כתבו בנות בין השנים ,1941 - 1938 אין					נרשם ב 11.04.2013-		נילי דוידסון		2013.785		פאולה בולטמן ,אוסטרליה		7468,7469
