accession_id	accession_raw	artist	artist_en	work_title	work_title_en	item_type	item_type_en	technique	technique_en	description	dimensions	years	subject_narrow	subject_broad	origin	origin_en	bio_chrono	category	location	condition	registrar	insurance_value	donation_no	acquisition_date	donor	notes	source_pages
G-F-0001-2	G.F. 0001 / 2	אש ברונו	Asch Bruno			תמונת-צלום דיוקן		מקור	Original	קטגוריות: | .1 תמונות		ללא תאריך	No Image	-תצלום דיוקן של ברונו אש	גרמניה				נרשם ב-יוני 2002	2 מתוך 2	נילי דוידסון		אין		הבת ,מרים פינר-גייזנברג ,רחובות	העתק של תמונת הדיוקן מוצגת בתערוכת המוזיאון	3
G-F-0003-1	G.F. 0003 / 1	בוק היינץ & סימון & גאורג				תעודות ומסמכים ,הרייך השלישי		מקור ,העתק	Original, Copy	"היינץ בוק ,יליד ,1907 אישתו הראשונה ,הילדגרד )הילדה(, | נספתה בשואה .אישתו השניה ,גוסטה  -גושי .אחרי מעצר | בסכסנהאוזן הגר לאנגליה שם שהה במחנה קיטשנר  ,על | האניה ""דונרה"" ,הועבר למחנות העצירים לאוסטרליה ,שם | הכיר את ישראל שילוני .היה פעיל ואהוד על העצירים. | בהיותו אדם דתי ,ארגן ודאג לחיי דת ומסורת במחנה. | גאורג בוק יליד  ,1900 בן דודו,של היינץ ,אשתו מרי .גם | הוא היה עצור בסכסנהאוזן .המשפחה היגרה ברייך | השלישי לאנגליה. | קטגוריות: | הרייך השלישי | מחנות מעצר | הגירה | אירגונים | תעודות אישיות | מלח""ע I | תמונות"		1903-1948	No Image אישיים ,הגירה ,אירגוני עזרה ליהודים	.1 כרטיסים ממשרד הרווחה של הקהילה היהודית ,בברלין	גרמניה		נערך חלקית ,ראה בתיק	מסמכים	נרשם ב-יולי 2002	1 מתוך 3	נילי דוידסון		אין		אוסף שילוני		8,9,10,11,12,13
G-F-0007	G.F.0007	כהן אוסקר	Cohn Oscar			מאמרים		העתק	Copy	"כהן אוסקר 1869-1934 | מתוך מכתבו של הנכד ,ד""ר מיכאל כהן: | אוסקר כהן היה חבר ברייכסטג הגרמני כנציג אזור | נורדהאוזן  Nordhausenבתקופה  .1912-1918 הוא התבלט | במיוחד ביציאתו נגד המטכ""ל הגרמני וניהול המלחמה. | קטגוריות: | מלח""ע I | פרסומים"			No Image		,Nordhausenשלזיה עלית ,גרמניה			פרסומים	04.08.2002	1 מתוך 1	נילי דוידסון		אין		"ד""ר מיכאל כהן ,נכדו של אוסקר כהן ,אוסף ישראל שילוני"	בתיק תמונת דיוקן של אוסקר כהן.	21,22
G-F-0009	G.F.0009	לוקס & וייס & מבשן						מקור	Original	"גב' אוה וייס ,ילידת ,1921 נפטרה ,2002 העבירה למוזיאון | את עזבון הוריה ,רנה וייס והלה וייס לבית לוקס .החומר | נאסף במספר ביקורים אצל גב' וייס בטבעון ,ע""י נילי | דוידסון ,רותי אופק ,קרלה וולף ותמר זגר .לגב' וייס יש | אח ,ריכרד )רי( ,אורי ,יליד  ,1924 חי בחיפה .תמר זגר יצרה | איתו קשר בכונה לעורר את התעניינותו בעבודה שנעשית | במוזיאון בהקשר עם עיזבון הוריו  -הענות דלה .אוה וייס | התגייסה לצבא הבריטי במלח""ע  ,IIשרתה במצרים | ואיטליה .לא נישאה  .החומר לתולדות המשפחה מבוסס | על תכנים מהעזבון ומשיחות עם אוה וייס .סכמה  -נילי | דוידסון | אוה וייס נפטרה אחרי מחלה קשה וארוכה ב.2002-"		המאה ה ,19-ה 20-	The file: {T:\backup\Tchelet_data\Rachel\GF 0009.JPG} is missing סיכום לתולדות המשפחה	רנה וייס , Rene Weiss1890-1972 -נולד בפריס לאביו	גרמניה			תולדות משפחה	27.01.2003	1 מתוך 14	נילי דוידסון		0			תמונה לוקס וייס 1	26,27,28
G-F-0009-1	G.F. 0009 / 1	לוקס & וייס & מבשן						מקור ,הדפסה ,תרגום לעברית	Original, Printing, Transletion to Hebrew	קטגוריות: | .1 תולדות משפחה | .2 תעודות אישיות | .3 מנהגים | .4 התכתבות | .5 תמונות		המאה ה ,19-ה 20-	The file: {T:\backup\Tchelet_data\Rachel\GF0009 1.JPG} is missing					ראה תאור אוסף	28.01.2003	2 מתוך 14	נילי דוידסון		0		"אוה וייס ז""ל ,טבעון"	תמונה לוקס וייס .2	29,30,31
G-F-0009-12	G.F. 0009 / 12	לוקס & וייס & מבשן		מכתבים מבלה לוקס אל רנה וייס		מכתבים		מקור	Original	גב' תמר זגר קראה מאות מכתבים ומיינה אותם תוך | כתיבת סיכום קצר בעברית של נושאי המכתב .מרים | פולין הדפיסה. | בתיק זה: | מכתבים שהלה כתבה אל רנה: | 1916-1920 + 1911-1915 אין מכתבים מ.1919- | המכתבים מסודרים לפי השנים.			No Image	ההתכתבות בין רנה והלה החל ב 1911-אחרי ההיכרות				התכתבות	06.02.2003	13 מתוך 14	נילי דוידסון				"אוה וייס ז""ל ,טבעון"	בשנת 2004 במהלך עבודות שיפוצים במוזיאון נעלמו תיקים משנת .1916,1917,1918,1920 ,1915- 1914	129,130
G-F-0009-7	G.F. 0009 / 7	לוקס & וייס & מבשן		קטלוג מכתבים רנה וייס אל הלה לוקס	Briefenkatalog Rene Weiss an Hella Lucas	קטלוג מכתבים		תרגום מתומצת לעברית והדפסה	Summerization to hebrew and printing	"גב' תמר זגר קראה עשרות מכתבים שכתב רנה אל הלה - | מתוכם תרגמה בתמצות את החשובים מבין המכתבים, | דהיינו מכתבים שיש בהם מסר או ודאות לתקופה מבחינה | רגשית ,דתית ,פילוסופית ,חברתית ,היסטורית וכד'. | התמצות נעשה בעברית ,נערך ע""י נילי דוידסון ,הודפס | בחלקו ע""י הנכד בן ה 17-של תמר ,והיתר ע""י נילי דוידסון. | מלבד התמצות בעברית יש הכוונה למכתב עצמו | באמצעות מספר המכתב או תאריך המכתב .חלק | מהמכתבים הודפסו בשלמותם כבמקור  -בשפה | הגרמנית  -ראה הערות בקטלוג עצמו."		1920 ; 1911-1918	No Image	הקטלוג מכיל מכתבים שכתב רנה אל הלה בשנים -1911				התכתבות	02.02.2003	8 מתוך 14	נילי דוידסון					בשנת 2004 במהלך שיפוצים במוזיאון נעלם התיק.	118,119
G-F-0009-8	G.F. 0009 / 8	לוקס & וייס & מבשן				קטלוג מכתבים		תרגום מתומצת לעברית והדפסה	Summerization to hebrew and printing	"גב' תמר זגר קראה עשרות מכתבים שכתבה הלה אל | רנה  -מתוכם תרגמה בתמצות לעברית את החשובים מבין | המכתבים ,דהיינו מכתבים שיש בהם מסר או ודאות | לתקופה מבחינה רגשית ,דתית ,פילוסופית ,חברתית, | היסטורית וכד' .התמצות נעשה בעברית, | נערך ע""י נילי דוידסון הודפס בחלקו ע""י הנכד | בן ה 17-של תמר ,והיתר ע""י נילי דוידסון. | מלבד התמצות בעברית יש הכוונה למכתב עצמו | באמצעות מספר המכתב או תאריך המכתב .חלק | מהמכתבים הודפסו בשלמותם כבמקור  -בשפה | הגרמנית  -ראה הערות בקטלוג עצמו."		1920-1921 ; 1911-1918	No Image	הקטלוג מכיל מכתבים שכתבה הלה אל רנה בשנים				התכתבות	02.02.2003	9 מתוך 14	נילי דוידסון					בשנת 2004 במהלך שיפוצים במוזיאון נעלם התיק.	120,121
G-F-0012-1	G.F. 0012 / 1	פינק & רוזנשטיין & ברג						מקור	Original	חומר מעיזבון משפ .פינק Finkמשפ .ברג Bergומשפ. | רוזנשטיין . Rosenstein | התורמת גב' ליזלוטה  Liselotteפינק לבית רוזנשטיין. | לתולדות המשפחה: | ברוך פינק יליד  1808 נשא לאשה את בריינדה לבית כץ | ילידת .1819 | בנם סלומון פינק יליד  1845 נשא לאשה את רוזה לבית | היילברון ילידת .1847 | בנם הרמן פינק יליד  1875 נשא לאשה את פלורה לבית | ברג .נולדו להם  3 ילדים :מרגרט ,היינץ ופאול. | פאול היה בעלה של התורמת  -ליזלוטה פינק. | נתן רוזנשטיין נשא לאשה את יוהנה לבית לובנשטיין. | בנם עמנואל רוזנשטיין  1869-1942 נשא לאשה את | גולדינה )גלה( לבית רוזנשטיין. | בנם הוגו נתן רוזנשטיין יליד  1891 נשא לאשה את אלה | לבית מאייר. | התורמת ,ליזלוטה פינק היא בתם. | קטגוריות: | .1 המאה ה 19- | .2 המאה ה 20- | .3 תולדות משפחה | .4 משפחה | .5 תעודות אישיות | .6 מנהגים | .7 קהילה | .8 צבא			The file: {T:\backup\Tchelet_data\Rachel\GF0012 1.JPG} is missing	-משנת 1874 מסמך מאשווגה Eschwegeשמפרט את					17.02.2003	1 מתוך 3	נילי דוידסון		אין		ליזלוטה פינק ,נהריה	"מרבית המסמכים הנ""ל כתובים ביד בגרמנית גותית -את עבודת הפיענוח עשתה גב' קרלה וולף -נהריה. | בתיק  G.F. 0012 /3 ראה דוגמא לכתיבה גרמנית באותיות עבריות"	39,40,41,42
G-F-0015-1	G.F. 0015 / 1	קרמר & הס						מקור ,העתק	Original, Copy	"גב' טובית שמשון מנהריה מסרה חלקים מעזבון הוריה, | ג'ני ) Jennyבארץ אמצה לעצמה את השם נעמי בו היא | משתמשת לעיתים רחוקות( לבית הס  Hessוד""ר מקס Max | קרמר ) Cramerרופא עיניים וצלם חובב(  ,יליד 1880 | בקרלסרואה  Karlsruheשהתישבו בנהריה במטרה | לעסוק בחקלאות ,היו מראשוני המתיישבים .החומר מתעד | את שתי המשפחות ,קרמר והס. | ההורים של ג'ני :דוד  Davidהס  Hessנפטר ב 1913 - | והנכן היא יוהנה  Johanna Hannchenילידת  1860 לבית | נוימרק Neumark | ההורים של מקס :היינריך Heinrich1847-1897 | והנריאטה  Henrietteלבית ליב Loeb | ג'ני קרמר אספה חומר ,חקרה וכתבה )בגרמנית( מספר | מחברות על תולדות המשפחה .צילומי המסמכים הרבים | בתוך העיזבון הם עדות לכך שהיא אספה את החומר | ממוסדות וארכיונים בגרמניה וכפי הנראה החלה בזה כבר | בתחילת שנות ה 20-למאה ה .20-הבת טובית זוכרת | שאמה בנסיעותיה לגרמניה המשיכה לאסוף חומר אותו | הביאה לארץ. | קטגוריות: | .1 המאה ה 19- | .2 המאה ה 20- | .3 צבא | .4 משפחה | .5 תעודות אישיות | .6 מסחר | .7 חינוך | .8 רפואה | .9 מנהגים | .10 שירה | .11 משפט | .12 קהילה"			No Image	"-שנת 1855 חשבונית שהוצאה ע""י כורך ספרים אל"	גרמניה				23 / 24.02.2003	1 מתוך 17	נילי דוידסון		2001.103		טובית וחנן שמשון ,נהריה	-מתוך המסמכים ניתן ללמוד שמקרי הנישואין בתוך המשפחה דהיינו בין קרובי משפחה היו תדירים. | -זיהוי השמות לא קל כי להרבה מבני המשפחה יש מספר שמות הם מופיעים לפעמים בשמם היהודי ולפעמים בשמם הגרמני .גם שמות המשפחה  -לפעמים נקראים האנשים על שם | הישוב ולפעמים בשם משפחה .השם קרמר נכתב לעיתים ב , 'C'-לפעמים ב.'K'-	45,46,47,48,49,50,51
G-F-0015-11	G.F. 0015 / 11	קרמר & הס		תולדות משפחה -אילן יוחסין		כרטיסיות		מקור	Original	כרטיסיות לאסוף נתונים על בני משפחה עליהם רשמה | ג'ני קרמר את תוצאות מחקריה.			No Image	איסוף הנתונים על גבי הכרטיסיות:	גרמניה			תולדות משפחה	26.02.2003	11 מתוך 17	נילי דוידסון		2001.103		טובית וחנן שמשון ,נהריה		69,70
G-F-0015-17	G.F. 0015 / 17	קרמר & הס		חקר לתולדות המשפחה				מקור	Original	מרבית החומר הוא התכתבות של ג'ני קרמר עם בני | המשפחה לקבלת מידע עבור המחקר שהיא עושה : | תולדות המשפחה. | קטגוריות: | .1 התכתבות | .2 תולדות המשפחה | .3 תמונות | .4 מוזיקה | .5 פלסתינה | .6 אירגונים | .7 קהילה | .8 חגים | .9 מסורת | .10 מנהגים | .11 שירה			No Image	-משנת 1927 בעקבות החיפושים אחרי קרובי משפחה					02.03.2003	17 מתוך 17	נילי דוידסון		2001.103		טובית וחנן שמשון ,נהריה		81,82,83,84
G-F-0017-1	G.F. 0017 / 1	קלנבך סימון	Kallenbach Simon					מקור	Original	"סימון קלנבך Simon Kallenbachיליד ,1876 רוס ,Russ | רופא .נשא לאישה את טקלה לבית הרמר | Thekla Hermerילידת  1897 בפולנגן  .Polangenנשאו ב- | 1927 בממל .Memel | ברייך השלישי המשפחה הגרה לאנגליה. | קטגוריות: | .1 משפחה | .2 רפואה | .3 צבא | .4 מלח""ע I | .5 הרייך השלישי | .6 אנטישמיות | .7 אירגונים | .8 פוליטיקה | .9 משפט | .10 פרסומים | .11 כתיבה אישית  /חברתית | .12 ציונות | .13 הגירה | .14 התכתבות | .15 מעטפות דואר"			The file: {T:\backup\Tchelet_data\Rachel\GF0017 1.JPG} is missing	-ספר משפחה Familienbuch	גרמניה ,לטביה ,אנגליה				06.03.2003	1 מתוך 2	נילי דוידסון		אין		אוסף ישראל שילוני	תיק ארכיון מס , G.F.0153 .הרמן קלנבך | Hermann Kallenbachאחיו של סימון קלנבך שנפטר ביוהנסבורג	87,88,89,90,91,92
G-F-0022-10	G.F. 0022 / 10	וייל & פרנק & רוזנצוייג		אוסף גבי שריג				העתק	Copy	גבי שריג )רוזנצוייג( ,כתב ואסף חומרים על בד קרויצנך | ועל תולדות משפחת רעייתו אולי )אורזולה( .החומר מסודר | בקלסר  -הושאר כפי שגבי שריג הכינו. | קטגוריות: | .1 קהילה *הקהילה היהודית בבד קרויצנך			No Image						ב 21.12.2010-	10 מתוך 13	נילי דוידסון		2003.256 2003.255		אולי וגבי שריג ,רח' הגפן ,54 מושב נורדיה 42954		247,248
G-F-0022-13	G.F. 0022 / 13	וייל & פרנק & רוזנצוייג		ספר לזכרו של מקס רוזנצוייג						"גבי שריג הוציא ,הוצאה פרטית ,ב 2003-את הנוסח הסופי | לספר שכתב לזכר אביו ""לויטננט ד""ר מקס רוזנצוייג"", | מל""ע  .Iגבי שריג היה גם הוא איש צבא ,סא""ל לשעבר. | קטגוריות: | .1 ביוגרפיה | .2 מלח""ע I | .3 צבא"			No Image	"בספר מתחכה גבי אחרי שרותו הצבאי של אביו במלח""ע"					נרשם ב 22.12.2010-	כרטיס 13 מתוך 13	נילי דוידסון		2003.255 2003.256		אולי וגבי שריג ,רח'הגפן ,54 מושב נורדיה 42954		6870,6871
G-F-0022-2	G.F. 0022 / 2	וייל & פרנק & רוזנצוייג						מקור ,העתק	Original, Copy	"החומר בתיק זה מתפרס על השנים 1859-1946 | קטגוריות: | .1 תעודות אישיות | .2 מלח""ע I | .3 מנהגים | .4 חינוך | .5 הרייך השלישי | .6 משפחה | .7 מסחר | .8 משפט | .9 התכתבות | .10 פלסטינה | .11 פעילות פוליטית | .12 אומנות"			The file: {T:\backup\Tchelet_data\Rachel\GF0022 2.JPG} is missing	.1 כתובה של ארנסט וייל וליזבט לבית פרנק.						2 מתוך 13			2003.256 2003.255	1998 2003	אולי וגבי שריג ,רח'הגפן ,54 מושב נורדיה 42954	"התעודה "" ""Gold gab ich fuEr Eisenמוצגת בתצוגת המוזיאון. | הברכה לראש השנה צוצגת בתצוגת המוזיאון."	104,105,106,107
G-F-0022-7	G.F. 0022 / 7	וייל & פרנק & רוזנצוייג		עבודת שורשים				העתק	Copy	משפחת שריג עושה טיול שורשים ב 1996-לברלין ובאד | קרויצברג ומסכמת בכתיבה ,עברית .משולבים צילומי | תעודות מסמכים ואילן יוחסין. | קטגוריות: | .1 תולדות משפחה | .2 ביוגרפיה			No Image	טיול השרשים נעשה בעקבות משפחת וייל ורוזנצווייג.					נרשם ב 19.12.2010-	7 מתוך 13	נילי דוידסון		2003.256 2003.255		אולי וגבי שריג ,רח' הגפן ,54 מושב נורדיה 42954		240,241
G-F-0022-9	G.F. 0022 / 9	וייל & פרנק & רוזנצוייג		אוסף גבי שריג				העתק	Copy	גבי שריג )רוזנצוייג( ,כתב ואסף חומרים על בד קרויצנך | ועל תולדות משפחת רעייתו אולי )אורזולה( .החומר מסודר | בקלסר  -הושאר כפי שגבי שריג הכינו. | קטגוריות: | .1 קורות משפחה | .2 קהילה *בתי קברות יהודים באיזור בד קרוצנך			No Image						נרשם ב 19.12.2010-	9 מתוך 13	נילי דוידסון		2003.256 2003.255		אולי וגבי שריג ,רח' הגפן ,54 מושב נורדיה 42954		245,246
G-F-0027	G.F.0027	טנה דוד											No Image										אין		הבת ,חגית חובב ,ירושלים		210
G-F-0030	G.F.0030	מאייר אנדריאס	Meyer Andreas										No Image										2007.476 & 2001.120		מאייר אנדריאס ,כפר-ורדים		230
G-F-0037	G.F.0037	מילה אריקה	Milee Erika										No Image										אין		בן משפחה ,ראלף מיכלסון ,גן-יבנה		219
G-F-0043	G.F.0043	שטרנברג הרי	Sternberg Harry										No Image										אין		אוסף ישראל שילוני		226
G-F-0044	G.F.0044	לופט גרדה	Luft Gerda										No Image										אין		"הבת ,ד""ר איה יערי ,הר הדר"		227
G-F-0046-1	G.F. 0046 / 1	קורץ יהושע )אושי(	)Kurz Oschi (Oskar					מקור	Original	"אושי קורץ יליד ויזניץ Wisnitzרומניה ,1905 ,לא ברור | מתי עבר לברלין. | עלה לארץ בשנת  .1933 היה ספורטאי ,מורה לחינוך גופני. | מהמכתבים ניתן להבין שלאושי היתה חנות לספורט | בחיפה. | ב 1940-נשא לאישה את גיטה לבית אמסטר בתל אביב. | בעת נישואי אושי היתה אמו רוזה/שושנה נשואה בשנית | אחרי שהתאלמנה ב 1935-ושמה החדש אדלסברג. | )המידע מההזמנה לחתונה של אושי(. | בעיזבון מכתבים אל אושי בגרמנית מחבריו הספורטאים | בגרמניה ,התכתבות רשמית עם מוסדות ואירגוני ספורט | בארץ ,תעודות אישיות ועיתוני ספורט. | קטגוריות: | .1 התכתבות | .2 חינוך  /חינוך גופני | .3 ספורט | .4 הגירה | .5 פלשתינה *במכתבים נשאלות הרבה שאלות על | האפשרויות בפלשתינה ,פרנסה ,דיור וכו'. | .6 עזרה הדדית *מכתבו של קורט לוין | .7 מנהגים *מכתבי ניחומים | .8 תעודות אישיות | .9 תמונות *בנות מכב""י בתחרות ריצה"			No Image	"-מכתב באנגלית ממטכ""ל הכוחות הבריטים אל מזכיר"					נרשם ב 05.05.2009 & 04.05.2009-	כרטיס 1 מתוך 2	נילי דוידסון				רותי אופק אספה את העזבון מהבן ,חיפה		863,864,865,866,867,868
G-F-0046-2	G.F. 0046 / 2	קורץ יהושע )אושי(	)Kurz Oschi (Oskar	פירסומים & מכתבים						קטגוריות: | .1 ארץ ישראל | .2 ספורט		"4 -עיתונים ""ידיעות בר כוכבא-הכח"""	No Image	"-חוברת בעברית"" :מורה -דרך ,המכביה השניה"",1935 ,"					נרשם ב 10.05.2009-	כרטיס 2 מתוך 2	נילי דוידסון					"לעזבון זה שייך גם הספר ""בר כוכבא -מכב""י גרמניה 1898-1938 מאת ד""ר רוברט אטלס .הספר מצוי בספריית המוזיאון במדור :חינוך נוער וספורט 'A' /"	5827,5828
G-F-0047-15	G.F. 0047 / 15	לנדסברג אלפרד אברהם & לאוני		צילומי מכתבים בלתי מזוהים				העתק	Copy				No Image						נרשם ב 12.11.2007-	כרטיס 16 מתוך	נילי דוידסון		2001.117 & 1999		אמנון פלץ) ,הנכד( ,רמת השרון		4569
G-F-0047-19	G.F. 0047 / 19	לנדסברג אלפרד אברהם & לאוני		לנושא קורות החיים של אלפרד ולאוני לנדסברג				מקור ,העתק	Original, Copy	קטגוריות: | .1 ביוגרפיה | .2 הנצחה *ראיון עם חוה פלץ | .3 ציונות *החיבור של פריץ ברגר | .4 תעודות אישיות | .5			No Image	-קורות חיים ,אלפרד לנדסברג ,עברית בהדפסה ,נכתב					נרשם ב 20 / 21.05.2009-	כרטיס 20 מתוך	נילי דוידסון		2001.117 & 1999		אמנון פלץ) ,הנכד( ,רמת השרון		5872,5873,5874
G-F-0047-33	G.F. 0047 / 33	לנדסברג אלפרד אברהם & לאוני		מכתבים ,נאומים ,תזות ,בנושא הערבי ,בגרמנית						"קטגוריות: | .1 מלח""ע * Iאכזבת החיילים היהודים | .2 פוליטיקה & חברה *נציונאליזמוס & סוציאליזמוס - | ראה עוד | .3 פילוסופיה & ציונות *קונפליקט היהודי המשוחרר - | ראה עוד | .4 היסטוריה יהודית *ספר בראשית | .5 אנטישמיות | .6 פרסומים *הועד הגרמני למען פלשתינה | .7 התיישבות *מכתבו של וילהלם הקר ועוד. | .8 הנושא הערבי"			No Image	-טיוטת נאום של אלפרד לנדסברג לקהל יהודי בתקופה					נרשם ב 20.01.2010-	כרטיס 34 מתוך	נילי דוידסון		2001.117 & 1999		אמנון פלץ) ,הנכד( ,רמת השרון		6329,6330,6331,6332
G-F-0047-34	G.F. 0047 / 34	לנדסברג אלפרד אברהם & לאוני		יישוב ארץ ישראל -מאמרים ,חיבורים ,בעברית				מקור ,העתק	Original, Copy	קטגוריות: | .1 התישבות *הקמת  11 נקודות בנגב, | * מאמרים ומכתבים של לנדסברג לנושא ההתיישבות			No Image	""" -לעסקנינו"" ידיעות הועד הארצי לקרן היסוד מדווח"					נרשם ב 07.02.2010 & 31.01.2010-	כרטיס 35 מתוך	נילי דוידסון		2001.117 & 1999		אמנון פלץ) ,הנכד( ,רמת השרון		6373,6374,6375,6376
G-F-0047-35	G.F. 0047 / 35	לנדסברג אלפרד אברהם & לאוני		"מפלגת ""עליה חדשה"" מאמרים ,חיבורים ,נאומים / עברית"				מקור ,העתק	Original, Copy	"קטגוריות: | .1 פוליטיקה *מפלגות הציונים הכלליים | .2 משפט | .3 אירגונים *בני ברית | .4 פוליטיקה *מפלגת ""עליה חדשה"" | .5 הנושא הערבי *ראה נאום לנדסברג בועידת ""עליה | חדשה"". | .6 פלשתינה *מאמרי/חיבורי בקורת על התנהגות | המוסדות | .7 ישראל *מאמרי/חיבורי בקורת על התנהגות המוסדות | .8 ציונות | .9 חינוך *ליגה למען בית ספר כללי"			No Image	"-רישום של ד""ר לנדסברג :כל בני אדם שווים לפי טבעם"					נרשם ב 07.02.2010-	כרטיס 36 מתוך	נילי דוידסון		2001.117 & 1999		אמנון פלץ) ,הנכד( ,רמת השרון	החומר בתיק כתוב עברית במקור	6383,6384,6385
G-F-0047-36	G.F. 0047 / 36	לנדסברג אלפרד אברהם & לאוני		גרמנית & עברית חיבורים ,מאמרים ,נאומים						קטגוריות: | .1 ציונות | .2 ארגונים *ארגון יהודי גרמניה | .3 מפלגות *העליה החדשה | .4 פרסומים *חוברת עם נאומיו של חיים ויצמן | .5 אנטישמיות *מאמר :הציונות והתנועה האנטישמית | בגרמניה			No Image	"-חוברת עם דיוקנו של ד""ר חיים ויצמן ,שמכילה את"					נרשם ב 14.03.2010 & 11.03-	כרטיס 37 מתוך	נילי דוידסון		2001.117 & 1999		אמנון פלץ) ,הנכד( ,רמת השרון		6386,6387,6388,6389
G-F-0047-40	G.F. 0047 / 40	לנדסברג אלפרד אברהם & לאוני		האגודה לתקנת המידות במשא ומתן & חוק אדמות מירי						"ד""ר אלפרד לנדסברג יזם ויסד ב 1942-את האגודה | לתקנת המידות במשא ומתן. | קטגוריות: | .1 משפט * האגודה לתקנת מידות במשא ומתן | .2 כלכלה * האגודה לתקנת מידות במשא ומתן"	-פרוטוקול מקוצר בהקשר עם אגודה לתקנת		No Image	"-חוזרים לנושא ""אגודה לתקנת המידות במשא ומתן"""					נרשם ב 24.11.2010-	כרטיס 40 מתוך	נילי דוידסון		2001.117 & 1999		אמנון פלץ) ,הנכד( ,רמת השרון		6855,6856,6857
G-F-0047-42	G.F. 0047 / 42	לנדסברג אלפרד אברהם & לאוני		בתכתבות לאוני לנדסברג-פרנק				מקור ,העתק ,הדפסה ,תרגום מתומצת לעברית	Original, Copy, Printing, Summarization to Hebrew	קטגוריות: | .1 ארגונים *פעילותה של לאוני באיגוד הנשים היהודיות | בגרמניה | .2 ציונות *פעילות במסגרת איגוד הנשים | .3 הכשרה *במסגרת איגוד הנשים | .4 התכתבות | .5 גלויות | .6 הגירה *מכתב אלפרד לנדסברג אל אביו | .7 פלשתינה *מכתב יעקב בן יצחק ,רכישת פרות בהולנד | .8 משפחה *גירושין והתוצאות ,מתוך מכתבי לאוני | לנדסברג.			No Image	-מחברת עם עותקי מכתבים שכתבה לאוני לנדסברג					נרשם ב 29.12.2010-		נילי דוידסון		2001.117 & 1999		אמנון פלץ) ,הנכד( ,רמת השרון		6863,6864,6865,6866
G-F-0047-47	G.F. 0047 / 47	לנדסברג אלפרד אברהם & לאוני		פירסומים עיתונים				מקור	Original	קטגוריות: | .1 עיתונות			No Image	קטעי עיתונים בגרמנית משנות ה ; 40-ה ; 50-ה ; 60-ה-					נרשם ב 10.01.2011-	כרטיס 47 מתוך	נילי דוידסון		2001.117 & 1999		אמנון פלץ) ,הנכד( ,רמת השרון		6887,6888
G-F-0067	G.F.0067	מור אברהם	Muhr Abraham										No Image														891
G-F-0068	G.F.0068	דינקלשפיל	Dinkelspiel										No Image														892
G-F-0072	G.F.0072	יעקבזון מוריץ	Jacobsohn Moritz										No Image														896
G-F-0075	G.F.0075	אופנהיים	Oppenheim										No Image														899
G-F-0078	G.F.0078	שליט	Schalit										No Image														903
G-F-0086	G.F.0086	לקס	Lax										No Image														910
G-F-0088	G.F.0088	שטיל ארנסט	Stiel Ernst										No Image														912
G-F-0093	G.F.0093	ברנקופף & כצנשטיין											No Image										2000.015		יעל ארנולד-ברן ,הבת ,גרמניה	"ד""ר ברנקופף -רופא ד""ר כצנשטיין -רופא"	917
G-F-0095	G.F.0095	שוהם רות	Shoham Ruth										No Image														919,920
G-F-0104-14	G.F. 0104 / 14	קלוורי הדסה & משה & גדעון		מכתבים הדסה אל משה קלוורי				מקור	Original	קטגוריות: | .1 מכתבים | .2 משפחה *יחס וחינוך לילד			No Image	המכתבים כתובים גרמנית ,כתב יד.					נרשם ב 01.02.2012-	כרטיס 14 מתוך 16	נילי דוידסון		2011.692 & 2001.134		גדעון קלוורי ב 2001-ותומר & רותי קלוורי ,הבן של גדעון,	הנושא המורחב צורף לתיק	7161,7162,7163,7164
G-F-0104-16	G.F. 0104 / 16	אסתר קלוורי	Esther Calvary	זכרונות ילדות & עבודה סמינריונית				העתק	Copy	"אסתר קלוורי ,בתם של הרב ד""ר עזריאל הילדסהיימר | ורעייתו אסתר )הנרייטה  /יטכן( לבית הירש )יוסף הירש | ממסינגוורק היה אביה( ,התחתנה עם דוד קלוורי וחיה | במסינגוורק. | מרים פלג לבית נתן היא הנינה של אסתר קלוורי. | פירוט אילן היוחסין מאסתר קלוורי עד מרים פלג: | * ברטה קלוורי ,אחותו של משה קלוורי ,בתה הצעירה של | אסתר קלוורי .אחרי נישואיה ,ברטה גבריאל. | * רות גבריאל ,הבת של ברטה גבריאל לבית קלוורי .אחרי | נישואיה :רות נתן )היום  ,2011 בת .(90 | * מרים נתן ,הבת של רות נתן לבית גבריאל .אחרי | נישואיה מרים פלג  -מפקידת החומר. | קטגוריות: | .1 תולדות משפחה | .2 המאה ה 19- | .3 תעשיה | .4 יהדות | .5 מנהגים | .6 חינוך | .7 ביוגרפיה"			No Image	"מידע שנמסר ע""י מרים פלג:"					נרשם באוגוסט 2011	כרטיס 16 מתוך 16	נילי דוידסון		2011.704		מרים פלג ,הנינה ,נהריה	הנושא המורחב צורף לתיק	7037,7038
G-F-0104-5	G.F. 0104 / 5	קלוורי הדסה & משה & גדעון		מכתבי הדסה אל אחיה נתן אחותה רבקה				מקור	Original	"את מכתביה אל נתן אחיה היא מסיימת בחתימת שמה, | שמותיה ,שאינם תמיד אותם השמות ,כך מופעים השמותף | אסתר ,אלה ,הדסה. | מרבית המכתבים נכתבים במלח""ע  Iכאשר נתן,האח, | משרת כחיל בצבא הגרמני. | קטגוריות: | .1 התכתבות | .2 צבא | .3 מלח""ע I | .4 אנטישמיות *בצבא הגרמני *ברחובות ברלין | .5 ציונות *הדסה מתייחסת לעשיה ולאי עשייה | .6 נוער"			No Image	מכתבים אל האח נתן:					נרשם ב 27.11.2011-	כרטיס 5 מתוך 16	נילי דוידסון		2011.692 & 2001.134		גדעון קלוורי ב 2001-ותומר & רותי קלוורי ,הבן של גדעון,		7091,7092,7093,7094
G-F-0104-6	G.F. 0104 / 6	קלוורי הדסה & משה & גדעון		ארגון הנשים היהודיות למען עבודות תרבות בפלשתינה,				מקור ,העתק	Original, Copy	"חילופי מכתבים בין הדסה קלוורי לבין נציגות ארגון | הנשים היהודיות למען עבודות תרבות בפלשתינה בין | השנים  .1914-1920 מהמכתבים ניתן ללמוד על המצוקה | הקשה ששררה בבתי הספר לתחרה ובתי המלאכה | לתחרה בפלשתינה .הדסה מנסה לגייס עזרה ,מציעה | הצעות ומעבירה ביקורת .מצד הארגון יודעים שדבריה | נכונים אך אין בידם להושיע. | קטגוריות: | .1 התכתבות | .2 מלח""ע I | .3 פלשתינה  /ארץ ישראל | .4 תעשיה *בתי מלאכה לתחרה | .5 מסחר *מכירת תחרות בחו""ל | .6 חינוך *בתי ספר לתחרה | .7 חברה *תנאי מחייה קשים בפלשתינה | .8 ארגונים *הנשים היהודיות למען עבודות תרבות | בפלשתינה. | .9 ציונות *הדסה שולחת יהודים לארץ"			No Image	-מכתב אל הדסה מאת גב' מנון הופיין Hoofien Manon					נרשם ב 11.03.2012 & 04.12.2011-	כרטיס 6 מתוך 16	נילי דוידסון		2011.692 & 2001.134		גדעון קלוורי ב 2001-ותומר & רותי קלוורי ,הבן של גדעון,		7118,7119,7120,7121,7122
G-F-0104-7	G.F. 0104 / 7	קלוורי הדסה & משה & גדעון		מכתבים אל הדסה 1907-1923				מקור	Original	"קטגוריות: | .1 התכתבות | .2 מלח""ע I | .3 הכשרה *אנה לוין לומדת רפתנות | .4 נוער *נערות יהודיות בגרמניה ,מכתבי ג'ני. | .5 קהילות/מנהגים *מכתבי ג'ני"			No Image	-שלושה מכתבים אל הדסה מאת ג'ני Jennyחיה בכפר					נרשם ב 06.03.2012 & 11.12.2011-	כרטיס 7 מתוך 16	נילי דוידסון		2011.692 & 2001.134		גדעון קלוורי ב 2001-ותומר & רותי קלוורי ,הבן של גדעון,		7133,7134,7135,7136
G-F-0108	G.F.0108	אוסף מסמכים	Sammelarium	כל מיני מסמכים בודדים						"קטגוריות: | .1 תעודות אישיות | .2 מלח""ע I | .3 שירה | .4 הנצחה | .5 חינוך | .6 הגירה | .7 כתיבה אישית | .8 פלשתינה | .9 הרייך השלישי | .10 מנהגים | .11 אנטישמיות | .12 קהילה | .13 ארץ ישראל *תלוש אוכל למעמד בינוני"			No Image	1928 .1 תעודת הוקרה לרופא Julius Nussbaumחתומה					נרשם ב 09.05.2006-	כרטיס 1 מתוך 1	נילי דוידסון					"מסמך מס 11 .מוצג בתצוגת המוזיאון בשולחן ""ההגירה""."	2901,2902,2903
G-F-0109	G.F.0109	קליפרי & לנדסברג											No Image														939
G-F-0137	G.F.0137	וולפסון נתן	Wolffsohn Nathan										No Image													"ד""ר נתן וולפסון | Dr. Nathan Wolffsohn"	968
G-F-0142-1	G.F. 0142 / 1	יעקבוביץ' לאו ונלי & מקס זומרפלד						מקור ,העתק ,הדפסה	Original, Copy, Printing	"ד""ר לאו יעקבוביץ' עלה לארץ ישראל בשנת 1935 רעיתו | נלי לבית זומרפלד והבת דינה עלו ב .1936-המשפחה | התישבה בתל-אביב שם טיפל הרופא באליטה התל- | אביבית ,היה לו שם חיבה ""יקו""  .Jacoנלי שהיתה | פסנתרנית ,למדה מוזיקה בביה""ס הגבוהה למוזיקה | במינכן ,נגנה לפני חיילים אנגלים ומאוחר יותר לחיילים | ישראלים בכל רחבי הארץ .פרטים ביוגרפים נוספים  -ראה | בתיק ארכיון. | קטגוריות: | .1 כתיבה אישית | .2 התכתבות | .3 תעודות אישיות"			No Image	"-סיכום בעברית )נכתב ע""י תמר זגר( לדמותה של נלי"					נרשם ביוני 2005	כרטיס 1 מתוך 2	נילי דוידסון		2005.357		דינה כרמי ,גבעת חיים איחוד	הסכם תרומה נחתם ב 9.3.2013-	974,975,976
G-F-0145-2	G.F. 0145 / 2	ארליך לילי לואיזה & יוליוס		צילום תרגום לעברית של העבודה בתיק G.F. 0145 / 1				העתק	Copy	לפרטים ראה תיק G.F. 0145 / 1 | קטגוריות: | .1 ביוגרפיה | .2 ילדים | .3 חינוך | .4 נוער | .5 עליה | .6 התיישבות | .7 הכשרה | .8 מנהגים | .9 תולדות משפחה | .10 הרייך השלישי | .11 אנטישמיות			No Image	תוכן זהה כמו בתיק / כרטיס G.F. 0145 / 1					נרשם ב 24.10.2012-	כרטיס 2 מתוך 3	נילי דוידסון		2002.182		פרץ ,הבן ,ורחל ארליך ,תל עדשים		7324,7325
G-F-0151	G.F.0151	דיטרסדורף לודויג	Dietersdorf Ludwig	"עבודת שורשים ,נכתב ע""י הנכדה."						דיטרסדורף ריצ'רד לודוויג אליעזר ,1919-2002 ,אילן | יוחסין של משפחתו שמתחיל במאה ה 17-וקורות חייו. | '			No Image	שנים ,1919-2002 אילן יוחסין שמתחיל במאה ה ,17-שם									2002.194		שולי גלייכמן ,הבת ,מעלות		988
G-F-0153	G.F.0153	קלנבך הרמן	Kallenbach Hermann										No Image														990
G-F-0162	G.F.0162	אלטרתום מרטין	Alterthum Martin										No Image														999
G-F-0172	G.F.0172	פרי & מרכוזה לורה											No Image														1013
G-F-0173	G.F.0173	שרייבר סוניה	Schreiber Sonja										No Image														1014
G-F-0174	G.F.0174	בר עמנואל	Baer Emanuel										No Image														1015
G-F-0175	G.F.0175	לוינסון תאה	Levinsohn Thea										No Image														1016
G-F-0176	G.F.0176	שונשטדט											No Image														1017
G-F-0177	G.F.0177	פייזר	Peiser										No Image														1018
G-F-0178	G.F.0178	בלום יוליוס & ארנה											No Image														1019
G-F-0179	G.F.0179	אונא ברורית	Unna Clair										No Image														1020
G-F-0181	G.F.0181	ברנהיים אלפרד	Bernheim Alfred										No Image														1022
G-F-0182	G.F.0182	שרון עדי	Sharon Adi										No Image														1023
G-F-0189	G.F.0189	פרוינד איזמר	Freund Ismar										No Image														1027
G-F-0191	G.F.0191	פרנקל & שוונק											No Image														1029
G-F-0193	G.F.0193	פלץ דוד	Pelz David										No Image														1032
G-F-0194	G.F.0194	בלוך אריך	Bloch Erich										No Image														1033
G-F-0195	G.F.0195	קינן שלמה											No Image														1034
G-F-0197	G.F.0197	עופר-ויטקובסקי	Ofer-Wittkowsky										No Image										2003.257		רות עופר ,הרצליה		1036
G-F-0199	G.F.0199	שטרן מקס	Stern Max										No Image										2003.236		בתיה אקרמן ,ק .ביאליק		1038
G-F-0200	G.F.0200	פויכטוונגר	Feuchtwanger										No Image														1039
G-F-0201	G.F.0201	וולך משה	Wallach Moses										No Image													"ד""ר משה וולך -רופא"	1040
G-F-0202-5	G.F. 0202 / 5	זליגמן ולי	Seligmann Wally	מנוסקריפט הספר של מנפרד ,משה גרזון				העתק ,הדפסה	Copy, Printing	"285 דפים של המנוסקריפט לספר שכתב מנפרד ,משה | גרזון )אחיה של ולי( בגרמנית עם הכותרת: | "" חיים במאה ה""20- | קטגוריות: | .1 תולדות משפחה | .2 אדריכלות נוף | .3 חינוך | .4 חקלאות | .5 ציונות | .6 הכשרה | .7 הרייך השלישי | .8 פלסטינה | .9 התיישבות | .10 מלח""ע II | .11 צבא | .12 הגירה | Manuskript: | Ein Leben in 20 Jahrhundert - ein Zeitdokument - von | ""Ben Adam"" / Manfred Mosche Gerson"			No Image	"הפרקים במנוסקריפט )מופרדים ע""י נייר בצבע תכלת(:"					29.10.2003	5 מתוך 14	נילי דוידסון		2003.265		גרשון זליגמן ,קיבוץ בית גוברין 4217	הספר יצא ב 2001-לאור בגרמניה .הספר נמצא בספריית המוזיאון.	258,259
G-F-0203	G.F.0203	שוקן אלכסנדר וולפגנג	Schocken Alexander Wolfgang										No Image										2003.266		איילה סחרוב ,הרצלה		1041
G-F-0204	G.F.0204	גויטיין שלמה דב	Goitein Shlomo Dov										No Image										2003.267		אלון גויטיין ,הרצליה		1042
G-F-0205	G.F.0205	רוזנברג & פלדהיים											No Image										2003.238		חוה וכטל ,חמדיה		1043
G-F-0206	G.F.0206	וילנר פריץ	Wilner Fritz										No Image										2003.271		מרים חוזק ,תל מונד -פרוטאה בכפר	הסכם תרומה נחתם ב 03.04.2013-	1044
G-F-0208	G.F.0208	נוסבאום פליקס	Nussbaum Felix										No Image														1045
G-F-0209	G.F.0209	פיין & מיכאלזון											No Image										2003.278		נורית גלילי ,חיפה	המפקידה מצאה במקרה את החומרים -איל לה קשר משפחתי או אחר לבעלי העיזבון.	1046
G-F-0211	G.F.0211	גולן )גוטשלק( אפרים	Golan (Gottschalk) Ephraim										No Image														1048
G-F-0212	G.F.0212	אדלר איזידור	Adler Isidor										No Image														1049
G-F-0213	G.F.0213	רייס	Reiss										No Image														1050
G-F-0214-2	G.F. 0214 / 2	פולין מרים & אושי		מכתבים				מקור	Original	"תיאה קורצברט Thea Kurzbartלימים מרים פולין היגרה | בסוף  1938 לשבדיה. | אחותה סוזי היגרה ,לפני תיאה ,ב 1938-לארה""ב | אחיה הנס )מיכה( היה בהכשרה במוסד אהבה בברלין | בהיותו בן  ,15 באותה שנה ב 1936-עלה לארץ ,למוסד | אהבה בקרית ביאליק .שרת בצבא הבריטי במלה""ע .II | האב ג'ורג' קורץ),1894-1976 ,קיצר באנגליה את שמו | מקורצברט( היגר ב 1939-עם רעייתו השניה מרתה -1908 | 1998 לבית מנזור  .Mensorב 1945-נולד בנם פרנק 1946 . | היגרו לארה""ב ואחרי התאקלמות לא קלה של שנתיים, | התנהלו חייהם על מי מנוחות. | אמו ,מרי )סבתה של מרים( עלתה לארץ עם בתה ,זלמה, | ובעלה של הבת הוגו .היא גרה אצלם בפרדס חנה עד סוף | ימיה. | 1893-1945         האם הגרושה ,אלזה לבית טיכאואר | Else Tichauerנולדה באופלן  , Oppelnאמם של תיאה | סוזי והנס ,נרצחה בריגה. | המכתבים הם הקשר היחיד בין שלושת האחים :תיאה | )מרים( סוזי והנס ) מיכה( . | תיאה/מרים פגשה שוב את אחיה הנס בפלשתינה ב- | .1948 את האחות סוזי אחרי  20 שנה ב 1958-בארה""ב. | קטגוריות: | .1 התכתבות | .2 מלה""ע II | .3 צבא *הבריגדה היהודית | .4 הגירה *סוזי מתאקלמת בארה""ב | .5 משפחה *איחוי המשפחה באמצעות המכתבים"			No Image	סוזי כותבת מניו-יורק אל אחותה תיאה )מרים( בשבדיה:					נרשם ב 16.06.2010-		נילי דוידסון		2010.631		מרים פולין ,כפר ורדים		6627,6628,6629
G-F-0214-5	G.F. 0214 / 5	פולין מרים & אושי		מכתבים לאוה ורבורג				העתק	Copy	"ב 1998 / 9-לרגל יום הולדתה ה 86 / 7-של אוה ורבורג | )ילידת  ,(1912 התארגנו ""הנערים והנערות"" ,שניצלו | בזכותה ,וערכו לה אוסף מכתבים ותמונות .האוסף חולק | בין ""הניצולים"" ,מרים פולין הפקידה את זה שלה במוזיאון. | קטגוריות: | .1 ילדים | .2 מלה""ע II | .3 שואה | .4 ציונות | .5 חינוך | .6 הכשרה"			No Image	המכתבים כתובים בגרמנית ובעברית ,חלקם בכתב יד					נרשם ב 29.08.2010-	כרטיס 5 מתוך	נילי דוידסון		2010.639		מרים פולין ,כפר ורדים	ראה חומרים נוספים בתיקי ארכיון ,G.F.0103 משפחת ורבורג )בנקאים(.	6770,6771
G-F-0215	G.F.0215	פיטריך יעקב											No Image														1053
G-F-0216	G.F.0216	אלקן רות	Elkan Ruth										No Image														1054
G-F-0217	G.F.0217	סלומון סימון	Salomon Simon										No Image														1055
G-F-0218	G.F.0218	זוננפלד לוי											No Image														1056
G-F-0220	G.F.0220	הירשברג & אפרתי											No Image														1059
G-F-0221	G.F.0221	מזור גד & מוזס יוליוס											No Image													גד מזור הנכד של יוליוס מוזס	1060
G-F-0222	G.F.0222	שטרן רודי	Stern Rudi										No Image														1061
G-F-0224-1	G.F. 0224 / 1	ויינהאוזן פאול & קתה		התכתבות בתקופת הרייך השלישי אירופה / פלשתינה				מקור ,העתק	Original, Copy	"המפקידה ,חוה שפירא לבית ויינהאוזן. | ההורים :פאול ויינהאוזן וקתה לבית פרידלנדר. | פאול  ,1915-2000 נולד ברטינגן .Ratingen | הוריו של פאול :יוסף ויינהאוזן & הלנה לבית לוי .יוסף | ויינהאוזן נהרג במלח""ע .I | קתה לבית פרידלנדר  ,1916-2003 נולדה בעיר טייצין )אז | קולוניה גרמנית( ,סין .אביה של קתה ,מיכאל פרידלנדר, | היה פקיד אצל סוחר בטייצין .האמא של קתה ,עמליה | Amalieלבית וולף .Wolf | פאול וקתה הכירו בהכשרה בנויינדורף ב ,1937-נישאו ב- | .1938 | עלו לארץ בינואר  1939 עם חוה ,תינוקת בת חצי שנה. | התיישבו בקיבוץ משמר היום ,ששינה שמו לקיבוץ אפק .ב- | 1960 עברה המשפחה לקרית מוצקין. | סלי פרידלנדר ,אחיו של מיכאל פרידלנדר ,רעייתו מרי- | לואיזה ,פריס. | אגתה ,אחותם של מיכאל וסלי פרידלנדר ובעלה פריץ, | בפלשתינה. | קטגוריות: | .1 התכתבות | .2 הרייך השלישי | .3 אנטישמיות | .4 הגירה *יהודים גרמנים חיים ומתפרנסים בסין. | .5 משפחה *משפ .פרידלנדר פזורה על  3 יבשות | .6 פלשתינה | .7 התיישבות"		והקשיים הכרוכים בכך .גרמנית הדפסה וכתב יד	No Image	-תמונה ממוסגרת עם דיוקן של קתה פרידלנדר Käthe					נרשם ב 19.11.2012 & 15.11.2012-	כרטיס 1 מתוך 2	נילי דוידסון		2004.283		חוה שפירא ,הבת ,קרית אונו	תמונת הדיוקן של קתה בת ה 12-הוצאה מהארכיון ונמסרה לחוה שפירא אישית ,ביום ה' ,22.11.2012 על פי בקשתה. | הסכם תרומה חתום מיום 22.11.2012	1063,1064,1065
G-F-0225	G.F.0225	רוזנפלד יעקב	Rosenfeld Jakob										No Image													"ד""ר יעקב רוזנפלד"	1066
G-F-0227	G.F.0227	בן-חורין יהודה											No Image														1069
G-F-0228	G.F.0228	המרשמידט דגוברט דניאל	Hammerschmidt Dagobert Daniel										No Image														1070
G-F-0229	G.F.0229	בירם ארתור	Biram Arthur										No Image														1071
G-F-0230	G.F.0230	אלסברג פאול	Alsberg Paul										No Image													פרופ' פאול אלסברג | חומרים ארכיוניים נוספים שמורים: | .1 בגנזך המדינה | .2 בבית הספרים הלאומי ,ירושלים.	1072
G-F-0231	G.F.0231	פרידלנדר שאול											No Image										2004.297		עליזה פרידלנדר ,להבות הבשן		1073
G-F-0233	G.F.0233	צ'צ'קס א.	Czackes A.										No Image										2004.298		שלום גינת ,קיבוץ כברי	"בן משפחתו של ש""י עגנון"	1076
G-F-0234	G.F.0234	סמבורסקי דניאל & שמואל											No Image														1077
G-F-0235	G.F.0235	לייזרוביץ יוסף	Leiserowitsch Josef										No Image														1078
G-F-0237	G.F.0237	רפאל סטפן	Refael Stefan										No Image														1081
G-F-0238	G.F.0238	גרינבאום הנס											No Image													"ד""ר הנס גרינבאום"	1082
G-F-0241	G.F.0241	יעקובסון גרהרד	Jacobsohn Gerhard										No Image														1085
G-F-0242	G.F.0242			בולים שהוצאו מתצוגת המוזיאון									No Image														1086
G-F-0243	G.F.0243	ליפמן זאב	Lippmann Zeev										No Image														1087
G-F-0244	G.F.0244	לוי & עמנואל											No Image										2005.362 + 2005.312		יאיר עמנואל ,כפר ורדים & יגאל עמנואל ,כרכור	הסכם תרומה נחתם ב 15.03.2013-	1088
G-F-0246	G.F.0246	שינדלר & קלברג											No Image														1090
G-F-0249	G.F.0249	זיגמנד אסתר	Sygmand Esther										No Image														1093
G-F-0250-1	G.F. 0250 / 1	קוריין מקס	Kurrein Max	ספר אורחים				מקור ,העתק	Original, Copy	"פרופ' ד""ר מקס קורריין , Max Kurrein1878-1967 יליד | לינץ ,אוסטריה .עלה לארץ ב .1934-היה מומחה | לתחמושת וכלי נשק )מידע שמסרה בתו ,אינה דימון. | קטגוריות: | .1 חברה | .2 הנצחה | .3 משפחה | .4 תעשייה | .5 חינוך | .6 תמונות"			No Image	-ספר אורחים גדול מימדים ,שמקס קוריין קיבל ב.1930-					נרשם ב 30.07.2012-	כרטיס 1 מתוך 5	נילי דוידסון		2012.747		אינה דימון ,הבת ,פסגת אחוזה ,חיפה	מרבית העיזבון נמסר למכון לאו בק בניו יורק	1094,1095
G-F-0253	G.F.0253	יעקבי רוחמה & שלמה								שלמה יעקבי תרגם את ספר הילדים שאמו הקריאה לו | מגרמנית לעברית.			No Image	הספר תורגם מגרמנית לעברית תוך שימוש בציורים					נרשם ב 18.06.2012-		נילי דוידסון		2005.322		שלמה יעקבי ,חיפה	הספר מוצג בתערוכת החינוך מ.2009-	1098
G-F-0260	G.F.0260	וולף אני אביבה	Wolff Anni Aviva										No Image														1106
G-F-0265	G.F.0265	הירש פאול / קאן לאופולדו	Hirsch Paul / Kahn Leopoldo										No Image										2005.342		Kahn Leopoldo ,San Diego		1336
G-F-0267-16	G.F. 0267 / 16	ליליין אפרים משה & ליליין אוטו		מכתבים אל הלנה ליליין				מקור	Original	קטגוריות: | .1 התכתבות			No Image	אוסף מכתבים שכותב הבן ,אוטו ליליין ,אל אמו ,הלנה				התכתבות		כרטיס 16 מתוך 24	נילי דוידסון		2005.343 נחתם הסכם תרומה		ליליין-קיפניס חנה ,כפר ורדים		1853
G-F-0267-17	G.F. 0267 / 17	ליליין אפרים משה & ליליין אוטו		מכתבים אל הלנה ליליין				מקור	Original	מכתבים כרוכים לפי שנות ההתכתבות -ראה בנושא | מורחב. | קטגוריות: | .1 התכתבות			No Image	אוספי מכתבים ,שכותב הבן ,אוטו ליליין ,אל אמו ,הלנה				התכתבות		כרטיס 17 מתוך 25	נילי דוידסון		2005.343 נחתם הסכם תרומה		ליליין-קיפניס חנה ,כפר ורדים		1854,1855
G-F-0267-18	G.F. 0267 / 18	ליליין אפרים משה & ליליין אוטו		מכתבים אל הלנה ליליין				מקור	Original	מכתבים כרוכים לפי שנות ההתכתבות -ראה בנושא | מורחב. | קטגוריות: | .1 התכתבות			No Image	אוספי מכתבים ,שכותב הבן ,אוטו ליליין ,אל אמו ,הלנה				התכתבות		כרטיס 18 מתוך 25	נילי דוידסון		2005.343 נחתם הסכם תרומה		ליליין-קיפניס חנה ,כפר ורדים		1856,1857
G-F-0267-20	G.F. 0267 / 20	ליליין אפרים משה & ליליין אוטו		מכתבים ,מסמכים אותיותA-J :				מקור ,העתק	Original, Copy	אוסף מכתבים ומסמכים מתויקים לפי האלף / בית הלועזי - | הרב התכתבות של אוטו ליליין בנושא אביו ויצירתו.			No Image	בתוך התיק ישנה חלוקה משנית ממספר 1 עד מספר 37						כרטיס 20 מתוך 25	נילי דוידסון		2005.343 נחתם הסכם תרומה		ליליין-קיפניס חנה ,כפר ורדים		1775,1776,1777,1778,1779
G-F-0267-21	G.F. 0267 / 21	ליליין אפרים משה & ליליין אוטו		מכתבים ,מסמכים אותיותK-Z :						אוסף מכתבים ומסמכים מתויקים לפי האלף / בית הלועזי . | הרוב התכתבות של אוטו ליליין בנושא אביו ויצירתו.		ספרון של א.מ .ליליין בנושא איורים בספרים	No Image	בתוך התיק ישנה חלוקה משנית ממספר 1 עד מספר 25					נרשם דצמבר / ינואר 2005 / 2006	21 מתוך 25	נילי דוידסון		2005.343 נחתם הסכם תרומה		ליליין-קיפניס חנה ,כפר ורדים		1860,1861,1862,1863,1864,1865,1866,1867,1868
G-F-0267-23	G.F. 0267 / 23	ליליין אפרים משה & ליליין אוטו		מסמכים על האמן א.מ .ליליין ויצירתו				מקור ,העתק	Original, Copy	החומר מחולק בתיק במספרים מ 1-עד 4 | קטגוריות: | .1 אמנות | .2 פרסומים | .3 פרוזה			No Image	1				אמנות	נרשם ב 25.06.2006-	כרטיס 23 מתוך 25	נילי דוידסון		2005.343 נחתם הסכם תרומה		ליליין-קיפניס חנה ,כפר ורדים	"החומר נמסר לארכיון כשהוא מתויק בתוך קלסרים עם מתכת ,חלקו ""מעובד""בסיכות מהדק ובניירות דבק .נעשה ככל שאפשר כדי לשמרו בצורה נאותה יותר ,לכן הועבר לתיקים עם | החזקת פלסטיק כדי לעצור את תהליך החלודה."	3064,3065,3066,3067
G-F-0267-24	G.F. 0267 / 24	ליליין אפרים משה & ליליין אוטו		מסמכים על האמן א.מ .ליליין ויצירתו				מקור ,העתק	Original, Copy	החומר מחולק בתיק במספרים מ 1-עד 34 | התכנים מתוך העיתון  Ost und Westמלווים ביצירותיו של | א.מ .ליליין. | קטגוריות: | .1 פרסומים | .2 התכתבות | .3 אמנות  /ציור | .4 חינוך | .5 ציונות | .6 הסטוריה יהודית | .7 הנצחה | .8 תולדות משפחה | .9 ביוגרפיה			No Image	.1 צילום של העיתון West und Ostעם מאמר ,1901 ,של					סיום רישום ב 13.07.2006-	כרטיס 24 מתוך 25	נילי דוידסון		2005.343 נחתם הסכם תרומה		ליליין-קיפניס חנה ,כפר ורדים	"בסוף התיק שמורות הטיוטות הממוספרות | מ 1-עד  34 של מיון החומר שנעשה ונכתב ע""י תמר זגר. | החומר נמסר לארכיון כשהוא מתויק בתוך קלסרים עם מתכת ,חלקו ""מעובד""בסיכות מהדק ובניירות דבק .נעשה ככל שאפשר כדי לשמרו בצורה נאותה יותר ,לכן הועבר לתיקים עם | החזקת פלסטיק כדי לעצור את תהליך החלודה."	3169,3170,3171,3172,3173
G-F-0267-7	G.F. 0267 / 7	ליליין אפרים משה & ליליין אוטו		מסמכים שונים ותמונות				מקור ,הדפסה	Original, Printing	"קטגוריות: | -תמונות | -תעודות אישיות | -שירה | -כתיבה אישית | -מלח""ע I | -ספורט | -מנהגים | -קהילה"			No Image	-כתיבה אישית ושירה נכתב בסוף המאה ה ,19-לא ידוע						כרטיס 7 מתוך 25	נילי דוידסון		2005.343 נחתם הסכם תרומה		ליליין-קיפניס חנה ,כפר ורדים		1467,1468,1469,1470
G-F-0269	G.F.0269	יפתח-אל אסתר	Iphtach-El Esther	קטלוג				העתק ,הדפסה	Copy, Printing	גב' אסתר יפתח אל אספה חומר על יקים ותרומתם | בישראל .ערכה רשימה שמית ,מא' עד ת' ,של יקים בארץ | ישראל אשר נשאו את תרומתם לחברה ולמדינה ,תוך ציון | מקצועם ,מישור עשייתם ,ארץ/עיר הולדתם ברשימתה היא | ציינה גם את כל אלה שקבלו את פרס ישראל.			No Image						נרשם ב 10.04.2013-		נילי דוידסון		2005.346		אסתר יפתח-אל ,מצובה	הסכם תרומה נחתם ב 8.3.2013- | מסמכים מעיזבון משפחתה  -ראה תיק G.F.0236	1474
G-F-0276-10	G.F. 0276 / 10	שופלר היינריך צבי & שרה		"פעילות תרבותית ""ארגון יוצאי קלן וריינלנד"""				מקור ,העתק	Original, Copy	חוזרים של ארגון יוצאי קלן וריינלנד ,חיפה ,שנשלחו | לחברי הארגון .החוזרים מהשנים 1969-2001 :			No Image	בחוזרים יש מידע על הפעילות התרבותית-חברתית של				פעילות תרבותית	נרשם ב 24.01.2006-	כרטיס 10 מתוך 23	נילי דוידסון		2005.363		רבקה ארזי-שופלר ,חיפה		2046,2047
G-F-0276-12	G.F. 0276 / 12	שופלר היינריך צבי & שרה		עיתונים				מקור	Original	דפים וקטעים מתוך עיתונות בשפה הגרמנית מהשנים | 1970-2001			No Image					פרסומים	נרשם ב 24.01.2006-	כרטיס 12 מתוך 23	נילי דוידסון		2005.363		רבקה ארזי-שופלר ,חיפה		2050
G-F-0276-21	G.F. 0276 / 21	שופלר היינריך צבי & שרה		הודעות לעיתונות של שגרירות גרמניה				מקור	Original	היינריך צבי שופלר קיבל בדואר את ההודעות לעיתונות | של שגרירות גרמניה בישראל )ראה לוגו( בשנים -1970 | 1984 | קטגוריות: | .1 הנצחה | .2 פוליטיקה | .3 פעילות תרבותית			No Image	ההודעות מודפסות בגרמנית לעיתים בעברית ובאנגלית.					נרשם ב 29.03.2006-	כרטיס 21 מתוך 23	נילי דוידסון		2005.363		רבקה ארזי-שופלר ,חיפה		2578,2579
G-F-0276-4	G.F. 0276 / 4	שופלר היינריך צבי & שרה								התכתבות עם אירגונים ומוסדות בשנים 1968-1985 | קטגוריות: | .1 אירגונים | .2 מנהגים | .3 חגים | .4 חינוך | .5 נוער			No Image	התכתבות בין היתר עם האירגונים:					נרשם ב 18.01.2006-	כרטיס 4 מתוך 23	נילי דוידסון		2005.363		רבקה ארזי-שופלר ,חיפה		2040,2041,2042,2043
G-F-0284	G.F.0284	מאיר ניצה & אלברט		ספר בעברית				מקור	Original	"קטגוריות: | .1 תולדות משפחה | .2 המאה ה 18- | .3 המאה ה 19- | .4 הרייך השלישי | .5 מלח""ע II | .6 שואה | .7 מחנות מעצר | .8 עלייה | .9 התישבות"	382	2001	No Image	הספר מתחיל עם אבות המשפחה (?)1750 ומסתיים בארץ				ראה בתיאור היצירה	נרשם ב 05.03.2006-	כרטיס 1 מתוך 1	נילי דוידסון		2006.376		גיל-מאיר ורדה ,פרדס-חנה	ורדה גיל-מאיר ספרה ,שפרויקט הספר היה משותף :האם ,ניצה ,שהיא אמנית ציור ,אחותה,חנה ,שהיא צלמת והיא עצמה ,ורדה ,שערכה את הספר. | ראה הגבלות פרסום כפי שנרשם בהסכם תרומה חתום מ 23.3.2012-	2278,2279
G-F-0307	G.F.0307	"דונרה & מחנות מעצר באנגליה ואוסטרליה במלח""ע II"											No Image	-שכפול ,הגדה לפסח ,כתובה בקליגרפיה עברית בכתב													3068
G-F-0313-1	G.F. 0313 / 1	שילוני ישראל & מרים		מכתבים				מקור ,העתק	Original, Copy	"לפני שעיברת את שמו היה שמו :הנס הרברט | המרשטיין Hans Herbert Hammerstein - | יליד  1901 בברלין לאביו Felix Hammerstein | ולאמו  , Lucia Maria geb .Haagenמאוחר יותר התוסף | השם שרה  .Saraלישראל  2 אחים  Walter &Fritzואחות | אחת) Alice)Ani | קטגוריות: | .1 מלח""ע II | .2 הגירה | .3 חינוך | .4 מחנות מעצר"			No Image	-מכתב / תעודה ל Cäcilia Cohn -משנת 1938 בו מהללים					נרשם ב 10 / 11.09.2006-	כרטיס 1 מתוך 53	נילי דוידסון				תלמה & צבי שילוני ,ילדיו של ישראל שילוני	בפנקס ,שנמצא בתיק G.F. 0313 / 25 רשם שילוני את הורי אמו: | Rosalie geb .Liebenthal , 1845-1905          & Siegmund Haagen1846-1904	3315,3316,3317
G-F-0313-18	G.F. 0313 / 18	שילוני ישראל & מרים		מכתבים אל מרים שילוני				מקור	Original	"מכתבים אל מרים שילוני בעיקר מישראל ובעברית ,מעט | מחו""ל בגרמנית ויידיש. | המכתבים משנות ה 40-עד שנות ה 70-למאה ה.20- | קטגוריות: | .1 מלח""ע  / IIמכתבים של אנשי הישוב שמשרתים | בצבא הבריטי"		אריק , Eric Alamerowמשרת בצבא הבריטי	No Image	-מכתבים בגרמנית +אחד ביידיש מאת Lisbeth Ragoler					נרשם ב 17.10.2006 ; 16.10.2006-	כרטיס 18 מתוך 53	נילי דוידסון				תלמה & צבי שילוני ,ילדיו של ישראל שילוני	בראש המכתבים מאת המשרתים בצבא הבריטי מופיע תמיד השם והכתובת הצבאית באנגלית.	3510,3511,3512
G-F-0313-2	G.F. 0313 / 2	שילוני ישראל & מרים		מכתבים ,פרסומים				מקור ,העתק	Original, Copy	"רשימה שמית של המתכתבים ,הנושאים וציון השנים | קטגוריות: | .1 אירגונים *אירגון לזכויות אסירים בגרמניה | .2 מדעים *כימיה-צבעים *גרפולוגיה *בולאות | )פילתולוגיה( | .3 היסטוריה | .4 שואה | .5 היסטוריה יהודית | .7 הנצחה *מוזיאון שילוני | .8 פלשתינה | .9 מחנות * מכתב Florence Paquell | .10 מלח""ע * IIחילת בצבא הבריטי | .11 כתיבה אישית *מכתביה של חנה לש"			No Image	-אספקת קרח ,קרית ביאליק 1948 ,כפי הנראה בעיקבות					נרשם ב 11.09.2006-	כרטיס 2 מתוך 53	נילי דוידסון				תלמה & צבי שילוני ,ילדיו של ישראל שילוני		3318,3319,3320,3321
G-F-0313-27	G.F. 0313 / 27	שילוני ישראל & מרים		"התכתבות של משפחת שילוני ""הגרעינית"" :מרים ,ישראל,"				מקור	Original	"מכתבים בעברית שכתבו בני משפחת שילוני הגרעינית | האחד לשני .הלימודים של מרים ,העיסוקים של ישראל, | בתי הספר המרוחקים של צבי ותלמה ,יצרו מצב | שהמשפחה הגרעינית היתה ""מפוצלת"" לתקופות קצרות | או ארוכות .בהתכתבות אינטנסיבית למדי שמרו על קשר | ועל ""חיים משותפים"". | קטגוריות: | .1 תולדות משפחה | .2 התיישבות | .3 פלשתינה | .4 מקצועות חופשיים  /ניהול ספריה"			No Image	ההתכתבות מחולקת לשנים ,בחלק של המכתבים לא					26.11.2006	כרטיס 27 מתוך 53	נילי דוידסון				תלמה & צבי שילוני ,ילדיו של ישראל שילוני		3698,3699
G-F-0313-28	G.F. 0313 / 28	שילוני ישראל & מרים		ישראל שילוני / פעילות תרבותית ,אינטלקטואלית,						"קטגוריות: | .1 הנצחה *בין היתר ביה""ס נהריה בברלין | .2 פעילות תרבותית *מקהלת גברים יהודים | .3 עזרה הדדית  /איסוף בגדים לחורף | .4 שירה | .5 כתיבה אישית *ראה גם המכתב ""אל מזכירות הקיבוץ"" | .6 היסטוריה יהודית | .7 פסיכולוגיה  /ראה חיבור Freud &Jung | .8 תיאולוגיה  /ראה חיבור Manfred Hausmann | .9 אנטישמיות  /ראה חיבור Deutsche | Antisemitismus | .10 מחזות *אנטיוכוס ה 4-"			No Image	-ישראל שילוני משתדל ב 1969-אצל מזכירת המדינה של					נרשם ב 10.12.2006 & 05.12.2006-	כרטיס 28 מתוך 53	נילי דוידסון				תלמה & צבי שילוני ,ילדיו של ישראל שילוני		3741,3742,3743,3744
G-F-0313-3	G.F. 0313 / 3	שילוני ישראל & מרים		התכתבות				מקור ,העתק	Original, Copy	"מכתבים מאנשים שונים אל משפ .שילוני .המכתבים | מופרדים עפ""י הכותב. | קטגוריות: | .1 הנצחה *מוזיאון שילוני | .2 מלח""ע II | .3 היסטוריה יהודית *הקהילה בקלן | .4 תולדודות משפחה *משפחת וולפסון | .5 קהילה * קלן | .6 מסורת *קלן | .7 פעילות תרבותית *Ponkie"		קלן -מומלץ לקרוא .כמו כן מצויה התכתבות	No Image	-מכתבים בגרמנית ואנגלית מהשנים 1973-1981 אל					נרשם ב 12.09.2006-	כרטיס 3 מתוך 53	נילי דוידסון				תלמה & צבי שילוני ,ילדיו של ישראל שילוני	חומרים נוספים על משפחת וולפסון ראה: | -נתן וולפסון G.F.0137 | -דוד וולפסון G.F.0138 | Zur Familie Wolffsohn siehe auch: | - Nathan Wolffsohn G.F.0137 | - David Wolffsohn G.F.0138	3322,3323,3324,3325
G-F-0313-35	G.F. 0313 / 35	שילוני ישראל & מרים		לביוגרפיה של ישראל שילוני עברית וגרמנית & נושאי				מקור ,העתק	Original, Copy	קטגוריות: | .1 ביוגרפיה | .2 מחנות *אוסטרליה | .3 הנצחה *מכתב לברטה | .4 הגירה * תכתובת שליחת רכוש | .5 תולדות משפחה * מקור השם המרשטיין & ראה | התכתבות עם אשת אחיו פריץ | .6 תמונות *שילוני דיוקן			No Image	2 -דפים מתוך ספר שיצא בגרמניה - ?Jetzt wohin :1945					נרשם ב 27.05.2007-	כרטיס 35 מתוך 53	נילי דוידסון				תלמה & צבי שילוני ,ילדיו של ישראל שילוני		4136,4137,4138
G-F-0313-4	G.F. 0313 / 4	שילוני ישראל & מרים		מכתבים ,פירסומים						"קטגוריות: | .1 פלשתינה | .2 ישראל | .3 הרייך השלישי  /מכתבים של Erich Wildberger | .4 היסטוריה כללית Prin .Louis Ferdinnd / | .5 חינוך  /חומר ביה""ס פילנטרופין | .6 מלחמות ישראל *ראה מכתב מאת אלי אילת משנת | .1956 | .7 צבא *ראה מכתבים של אליעזר/אלי אילת משנות ה- | .50 | .8 ספורט *מכתב של  Erich Wildbergerעם ספורטאים | יהודים מפורסמים 23.7.1974 ,"			No Image	מכתבים בעברית וגרמנית אל משפ .שילוני מאת נעמי,					נרשם ב 19.09.2006-	כרטיס 4 מתוך 53	נילי דוידסון				תלמה & צבי שילוני ,ילדיו של ישראל שילוני		3326,3327,3328,3329
G-F-0313-41	G.F. 0313 / 41	שילוני ישראל & מרים		מכתבים				מקור	Original	"קטגוריות: | .1 מוסיקה *מכתב Kronberg &Hans | .2 התישבות *מכתב דר' קרוליק | .3 שואה *מכתבה של  Kathleen Hoskinושל | Dr .Fritz Friedlander | .4 מלחמות ישראל *מכתבו של Heinrich | .5 צבא *ראה Max Friedmann & 4 & 3 | .6 מלח""ע  * IIראה 5 & 4 & 3"			No Image	-מכתבים בגרמנית אל משפ .שילוני מאת אוה אבי יונה					נרשם ב 01.07.2007-	כרטיס 41 מתוך 53	נילי דוידסון				תלמה & צבי שילוני ,ילדיו של ישראל שילוני		4215,4216,4217,4218,4219
G-F-0313-43	G.F. 0313 / 43	שילוני ישראל & מרים		מכתבים בגרמנית				מקור ,העתק	Original, Copy	קטגוריות: | .1 שואה *מכתב של בלומה ברנהרד | .2 הנצחה *מכתבים של מבקרים במוזיאון			No Image	-מכתבים בגרמנית אל שילוני מאת קלאודיה אנגלהרדט					נרשם ב 15.08.2007 & 25.07.2007-	כרטיס 43 מתוך 53	נילי דוידסון				תלמה & צבי שילוני ,ילדיו של ישראל שילוני	המכתבים מופנים אל ישראל שילוני וחלקם אל ישראל & מרים שילוני.	4314,4315,4316,4317
G-F-0313-44	G.F. 0313 / 44	שילוני ישראל & מרים		מכתבים בעברית				מקור	Original	קטגוריות: | .1 התיישבות *מכתב של צילה ברקוביץ | .2 עליית נוער *מכתב של צילה ברקוביץ | .3 חינוך )בן שמן( * מכתבי חיים לביא | .4 אנטישמיות *מכתב יעקב גורי | .5 מחנות מעצר *מכתב חנניה פינר  /אוסטרליה | .6 מלחמות ישראל *מכתב יוסף & הלה ח. | .7 צבא * מכתב ישראל מור | .8 התיישבות * מכתב אלה & צבי דיין )הקיבוץ המשתנה(.			No Image	-מרגלית עמיר ,שנות ה 70-למאה ה ,20-ירושלים					נרשם ב 15.08.2007 & 23.07.2007-	כרטיס 44 מתוך 53	נילי דוידסון				תלמה & צבי שילוני ,ילדיו של ישראל שילוני		4318,4319,4320,4321,4322
G-F-0313-45	G.F. 0313 / 45	שילוני ישראל & מרים		מכתבים בגרמנית				מקור ,הדפסה	Original, Printing	בין כותבי המכתבים ,הרבה ישראלים-יקים ששפת | ההתכתבות נותרה הגרמנית. | קטגוריות: | .1 פלשתינה *מכתב של עליזה אמיר			No Image	-שני מכתבים בגרמנית ,הודפסו בשפת המקור,מאת					נרשם ב 20.09.2007 + 20.08.2007-	כרטיס 45 מתוך 53	נילי דודסון				תלמה & צבי שילוני ,ילדיו של ישראל שילוני		4385,4386,4387,4388
G-F-0313-46	G.F. 0313 / 46	שילוני ישראל & מרים		מכתבים בגרמנית ואנגלית				מקור ,הדפסה	Original, Printing	בין כותבי המכתבים ,הרבה ישראלים-יקים ששפת | ההתכתבות נותרה הגרמנית.			No Image	"-מאת ג'ון פומר ,John Pommerארה""ב ,שנות ה 90-"					נרשם בינואר 2008	כרטיס 46 מתוך 53	נילי דוידסון				תלמה & צבי שילוני ,ילדיו של ישראל שילוני		4439,4440,4441,4442,4443,4444
G-F-0313-47	G.F. 0313 / 47	שילוני ישראל & מרים		בית זרע +מסמכים בתפזורת				מקור ,העתק	Original, Copy	קטגוריות: | .1 התיישבות  /קיבוץ *בית זרע			No Image	"-תיק ""בית זרע"""					נרשם במרץ 2008	כרטיס 47 מתוך 53	נילי דוידסון				תלמה & צבי שילוני ,ילדיו של ישראל שילוני		5000,5001
G-F-0313-53	G.F. 0313 / 53	שילוני ישראל & מרים		עבודת מוסמך אוניברסיטה						"עבודה על דרכו הפדאגוגית של ישראל שילוני ,נכתבה ע""י | סטודנטית מגרמניה ,סופי בוכהולץ | Sophie Buchholz"			No Image	סופי בוכהולץ ,סטודנטית למדעי החינוך באוניברסיטת					נרשם ב 29.10.2008-	כרטיס 53 מתוך 53	נילי דוידסון				סופי בוכהולץ,ברלין 2008 ,	"בתיק התוסף עותק מצולם של העבודה ,נשלח לרותי אופק ע""י צבי שילוני ,אוקטובר .2008"	5502,5503
G-F-0313-6	G.F. 0313 / 6	שילוני ישראל & מרים		"מכתבים בגרמנית ,אנגלית ועברית מ""שמות"" רבים"				מקור ,העתק ,תרגום חלקי לעברית	Origin, Copy, Parcial Summerization to Hebrew	"מכתבים מהרבה אנשים ,מהארץ ומחו""ל ,ששילוני התכתב | איתם .בדר""כ כל שם ""מיוצג"" עם  1-2 מכתבים .לעיתים | החתימה היא רק בשם הפרטי. | קטגוריות: | .1 התכתבות | .2 מחנות מעצר  /התכתבות עם חברים מהמחנות | באנגליה ואוסטרליה. | .3 מלח""ע II | .4 חינוך  /בית ספר הלל בחיפה  -ד""ר מאיר אלק | .5 עזרה הדדית  /בנק למשקפיים"			No Image	"-פלייר בגרמנית שכתבה רופאת העיניים ד""ר אילזה"					נרשם ב 25.09.2006-	כרטיס 6 מתוך 53	נילי דוידסון				תלמה & צבי שילוני ,ילדיו של ישראל שילוני		3378,3379,3380,3381
G-F-0318	G.F.0318	כסף חרום	Notgeld	כסף חרום	Notgeld					"אוסף שטרות של ""כסף חרום"" Notgeldמגרמניה בשני | אלבומים .בגלל המוטיבים הצבעוניים הפכו השטרות | לפריט לאספנים."			No Image	"ה Notgeld-הונפק ע""י הערים עצמן בתקופות קשות של"					נרשם ב 07.11.2006-	כרטיס 1 מתוך 1	נילי דוידסון					האלבומים הועברו אל רותי אופק מלשכת סטף ורטהיימר -מעבר לזה אין לנו כל מידע )חבל(.	3627
G-F-0319	G.F.0319	קליין יוסף & רות											No Image										2000.064		רות קליין ,נהריה ,באמצעות דיטר & יעל פיטרלינג	"החומר נמסר למוזיאון ע""י דיטר פיטרלינג לפי בקשת רות קליין."	3630
G-F-0321	G.F.0321	שיפטן שושנה	Shiftan Shoshana	חוברת בעברית :קורות חיים -שושנה שיפטן				מקור	Original	חוברת בעברית :קורות חיים -שושנה שיפטן | קטגוריות: | .1 הרייך השלישי | .2 עליית נוער | .3 התיישבות | .4 נהריה			No Image	החוברת מספרת על שושנה לית יוכסנברג ,ילידת 1910					נרשם ב 14.12.2006-	כרטיס 1 מתוך 1	נילי דוידסון		2006.426		שושנה שיפטן & ברכה דוד )הבת( ,כפר ורדים		3782
G-F-0326	G.F.0326	נויברג משה	Neuberg Moshe	ספר ביוגרפי בעברית						משה נויברג כתב בעברית את קורות חייו. | קטגוריות: | .1 הרייך השלישי | .2 אנטישמיות | .3 כתיבה אישית | .4 ביוגרפיה | .5 תולדות משפחה | .6 התיישבות | .7 הכשרה * הולנד | .8 ארגונים * בלאו וייס ,בר כוכבא )מעט חומר( ועוד | .9 ארץ ישראל	93	2006	No Image	על חיי המסחר של המשפחה בגרמניה ,על ההווי					נרשם ב 11.03.2007-	כרטיס 1 מתוך 1	נילי דוידסון		2007.443		יוכבד הררי בשם אביה משה נויברג ,שחי בזכרון יעקב	הספר רשום במלואו ברישום הספריה העברית, | ספר מסH.B.0356 .	4008,4009
G-F-0328	G.F.0328	קאופמן מרדכי פריץ	Kauffmann Mordechai Fritz	חוברת ביוגרפית-היסטורית מודפסת בעברית				העתק ,הדפסה	Copy, Printing	"דנית בן-אשר ,חוקרת וכותבת על אביה ,מרדכי פריץ | קאופמן )אחיו של יוליוס קאופמן  -ההוצאה לאור( של | סבתא ,מירלה שלזינגר ,ועל תקופתו. | קראה לחוברת ""פריץ מרדכי קאופמן 1888-1921 | משכיל יהודי-גרמני על רקע תקופתו"". | קטגוריות: | .1"			No Image	מרדכי ,פריץ קאופמן ,יליד גרמניה ,התחבר אל יהדות					נרשם ב 13.03.2007-	כרטיס 1 מתוך 1	נילי דוידסון				אוסף ישראל שילוני		4028,4029
G-F-0329	G.F.0329	הרצפלד לוי	Herzfeld Levi	חוברת ביוגרפית ,תרגום לעברית				העתק ,הדפסה	Copy, Printing	"הרב פרופ' לוי הרצפלד היה הסבא מצד האם של | אלישבע ליטן )התורמת(. | גב' ליטן תרגמה מספרו ,של גוסטב קרפלס מגרמנית | לעברית את הביוגרפיה של הסב. | קטגוריות: | .1 ביוגרפיה | .2 תולדות משפחה | .3 מלח""ע I | .4 מדעי הרוח * מדעי היהדות | .5 תיאולוגיה *כנסי הרבנים בגרמניה ,שהוא היה היוזם | שלהם יחד עם הרב לודויג פיליפסון"			No Image						נרשם ב 13.03.2007-	כרטיס 1 מתוך 1	נילי דוידסון		2007.440		אלישבע ליטן ,נהריה	"הרב לוי הרצפלד מופיע בתצוגת המוזיאון על לוח הרבנים / השכלה | הרב הרצפלד לוי היה הסבא של הטייס היהודי פרידריך רודנברג )בתצוגת המוזיאון על לוח ""צבא""( ראה תיק ארכיון G.F.0207"	4030,4031
G-F-0336	G.F.0336	דיאמנט סילביה & פאול		"ספר בעברית ,שנכתב ע""י הבת רות אלון-דיאמנט"						קטגוריות: | .1 תולדות משפחה | .2 הרייך השלישי | .3 שואה | .4 תנועות נוער | .5 עליה | .6 התיישבות			No Image	רות אלון-דיאמנט כתבה את תולדות משפחת הוריה,				ביוגרפיות	נרשם ב 19.06.2007-	כרטיס 1 מתוך 1	נילי דוידסון		2007.461		רות אלון-דיאמנט ,הבת ,בית השיטה		4221
G-F-0341-10	G.F. 0341 / 10	פייגה רודולף	Feige Rudolf	מזג אויר ומטאורולוגיה בפלשתינה				מקור ,העתק	Original, Copy	החומרים בתיק זה מצוינים בקטלוג י .פייגה במספר .3 | קטגוריות: | .1 מדעים *מטאורולוגיה ואקלים			No Image	הנושאים:					נרשם ב 12.09.2010-	כרטיס 10 מתוך	נילי דוידסון		2010.646		רז פלג ,הנכד ,רעות	"תיקים G.F. 0341 / 8 עד G.F. 0341 / 26 הופקדו בארכיון אחרי שמוינו ע""י יהויכין פייגה ,בנו של ד""ר רודולף פייגה וסומנו במספרים 1 עד .19 על כל תיק יש דף פירוט בגרמנית / אנגלית | של החומרים בתוך התיק. | ראה תרגום החומרים לעברית ב""-נושא מורחב"""	6781,6782
G-F-0341-16	G.F. 0341 / 16	פייגה רודולף	Feige Rudolf	חיפוש מקום עבודה מחוץ לגרמניה & היאוש הגדול של						החומרים בתיק זה מצוינים בקטלוג י .פייגה במספר .9 | קטגוריות: | .1 אירגונים *אירגון עזרה של יהודי גרמניה *איגוד | החירום של מדענים מפוטרים | .2 מדעים *צילום *מטאורולוגית דאונים | .3 הרייך השלישי *פיטורים מעבודה  +קשים במציאת | עבודה *הקושי לעזוב את גרמניה  1938/39 התכתבות | ריכרד פייגה.			No Image	-התכתבות של מרתה פייגה ,אלמנת רודולף פייגה,					נרשם ב 03.11.2010 & 02.11-	כרטיס 16 מתוך	נילי דוידסון		2010.646		רז פלג ,הנכד ,רעות	"תיקים G.F. 0341 / 8 עד G.F. 0341 / 26 הופקדו בארכיון אחרי שמוינו ע""י יהויכין פייגה ,בנו של ד""ר רודולף פייגה במספרים 1 עד .19 על כל תיק יש דף פירוט בגרמנית / אנגלית של | החומרים בתוך התיק."	6817,6818,6819,6820
G-F-0341-19	G.F. 0341 / 19	פייגה רודולף	Feige Rudolf	מטאורולוגיה				מקור ,העתק	Original, Copy	החומרים בתיק זה מצוינים בקטלוג י .פייגה במספר .12 | קטגוריות: | .1 מדעים *מטאורולוגיה *אקלים			No Image	האוסף בתיק הושאר כפי שמר יהויכין פייגה סדר אותו.					נרשם ב 14.11.2010-		נילי דוידסון		2010.646		רז פלג ,הנכד ,רעות	"תיקים G.F. 0341 / 8 עד G.F. 0341 / 26 הופקדו בארכיון אחרי שמוינו ע""י יהויכין פייגה ,בנו של ד""ר רודולף פייגה במספרים 1 עד .19 על כל תיק יש דף פירוט בגרמנית / אנגלית של | החומרים בתוך התיק."	6825,6826
G-F-0341-2	G.F. 0341 / 2	פייגה רודולף	Feige Rudolf	תמונות & דאונים				מקור	Original	תמונות מודבקות על גבי דפים / קרטון | קטגוריות: | .1 תמונות | .2 תעופה *דאונים | .3 ספורט *מכביה II | .4 ארץ ישראל			No Image	נושאי התמונות:					נרשם ב 14.04.2010-	כרטיס 2 מתוך	נילי דוידסון		2010.618		רז פלד ,הנכד ,רעות		6516,6517
G-F-0341-20	G.F. 0341 / 20	פייגה רודולף	Feige Rudolf	מטאורולוגיה				מקור ,העתק	Original, Copy	החומרים בתיק זה מצוינים בקטלוג י .פייגה במספר .13 | קטגוריות: | .1 מדעים *אקלים ובני אדם			No Image	האוסף בתיק הושאר כפי שמר יהויכין פייגה סדר אותו.					נרשם ב 14.11.2010-		נילי דוידסון		2010.646		רז פלג ,הנכד ,רעות	"תיקים G.F. 0341 / 8 עד G.F. 0341 / 26 הופקדו בארכיון אחרי שמוינו ע""י יהויכין פייגה ,בנו של ד""ר רודולף פייגה במספרים 1 עד .19 על כל תיק יש דף פירוט בגרמנית / אנגלית של"	6827,6828
G-F-0341-28	G.F. 0341 / 28	פייגה רודולף	Feige Rudolf	קטלוג שהכין יהויכין פייגה						מר יהויכין פייגה הדפיס קטלוג לחומר שאגר בתיקיות | שמספרן  .1-9 חומר זה נאגר בארכיון ובתוכנת הארכיון | בתיקים: | G.F. 0341 /8 עד G.F. 0341 /26			No Image						נרשם ב 14.11.2010-		נילי דוידסון		2010.646		רז פלג ,הנכד ,רעות		6840,6841
G-F-0341-6	G.F. 0341 / 6	פייגה רודולף	Feige Rudolf	מסמכים ממחלקת התעופה בנושאי מטאורולוגיה ,שנת						"מסמכים ,שהיו שמורים באוניברסיטת תל אביב ושנשלחו | לארכיון כאן ,עפ""י בקשתו של יהויכין פייגה ,חי כעת | בגרמניה. | קטגוריות: | .1 מדעים *מטאורולוגיה *תעופה"			No Image	לקראת סיום המנדט האנגלי בארץ ישראל מתארגנים					נרשם ב 15.07.2010-	כרטיס 6 מתוך	נילי דוידסון		2010.637		"פרופ' אורי ינון ,אוניברסיטת תל אביב ,עפ""י בקשת יהויכין"	"החומר נשלח עפ""י בקשתו של יהויכין פייגה ,גרמניה ,הבן של ד""ר רודולף פייגה. | החומר היה שמור בתיק עם הכתובת אוניברסיטת תל אביב ,הועבר לתיק הארכיון כאן ,ללא ברזלים. | מכתב מלווה לחומר ,ראה תיק התכתבות .2010"	6754,6755
G-F-0343	G.F.0343	לביא יעקב	Lavy Jaacov	חיבור באנגליתAbout Jaacov and Alisa Lavy)Leo and :	Ilse Klein			העתק ,הדפסה	Copy, Printing	"החומר נשלח בדוא""ל ע""י הבן | קטגוריות: | .1 תולדות משפחה | .2 מדעים *כתיבת מילון עברי-גרמני ,גרמני-עברי"			No Image	הבן אורי כתב על הוריו ) 3 עמ'( וצרף מספר תמונות.					נרשם ב 30.10.2007 -	כרטיס 1 מתוך 1	נילי דוידסון		2007.481		אורי לביא ,הבן ,הולנד	"החומר נשלח בדוא""ל | המשפחה מתועדת ביתר ""נפח"" במוזיאון של קרית ביאליק"	4529,4530
G-F-0352-1	G.F. 0352 / 1	מרכוס מקס	Marcus Max	תעודות השכלה מקצועית ,תעודות אישיות ,תעודות				מקור	Original	"פרופסור מקס מרכוס יליד 1892 בRees- | מאחר והחומר הועבר ע""י ""פלוני אלמוני"" אין אפשרות | לקבל מידע מעמיק ורחב על האיש מקס מרכוס .מידע | מהאינטרנט :פרופ .דר' מקס מרכוס היה רופא ראשי | כירורג בברלין .ב 1933-הוא סולק מתפקידיו בגלל יהדותו. | היגר לפלשתינה והקים בי""ס לכירורגיה )?(. | קטגוריות: | .1 רפואה *תעודות ואישורים בנושא רפואה | .2 פלשתינה *המנשר עם צלב הקרס שהופץ בארץ | ישראל | .3 הרייך השלישי *ראה לשכת הרופאים בברלין | .4 מנהגים *כתובה ,אישורי תרומה | .5 משפט *תעודות נוטריוניות למיניהן | .6 תעודות אישיות *תעודת התאזרחות"		-תעודות על עבודתו ותפקידיו של דר' מרכוס	No Image	-דף מודפס מהאינטרנט עם פרטים מינימליים על הרופא					נרשם ב 24.01.2008-	כרטיס 1 מתוך 3	נילי דוידסון		2008.503		באמצעות ארגון יוצאי מרכז אירופה	העיזבון הועבר אל רותי אופק מארגון יוצאי מרכז אירופה -אין פרטים מזהים נוספים	4801,4802,4803
G-F-0352-2	G.F. 0352 / 2	מרכוס מקס	Marcus Max	מכתבים ,אלבום תמונות ההפצצה על תל אביב				מקור	Original	"מתוכן התיק ניתן להבין את ההתלבטויות הקשות שהיו | לדר' מרכוס וחסר ההתלהבות להגר לארץ ישראל .גם | כאשר החליט לקבל משרה בתל אביב לא היה משוכנע | שהחליט נכון וחשב שאולי ההצעה בקהיר היתה טובה | יותר. | קטגוריות: | .1 ציונות | .2 התיישבות | .3 ההכשרה | .4 הגירה | .5 אירגונים *בית""ר | .6 שירה *שיר גוסטב קרויאנקר | .7 קורות חיים | .8 מנהגים *מכתבי תודה ומתן תשורה | .9 עזרה הדדית *בקשה לתרומה ,צפת | .10 מלחמןת ישראל *אלבום תמונות ,ההרס בתל אביב, | מלחמת השחרור"			No Image	-מכתב שכותב מקס מרכוס אל הקונסוליה הגרמנית					נרשם ב 24 / 27.01.2008-	כרטיס 2 מתוך 3	נילי דוידסון		2008.503		באמצעות ארגון יוצאי מרכז אירופה	העיזבון הועבר אל רותי אופק מארגון יוצאי מרכז אירופה -אין פרטים מזהים נוספים	4836,4837,4838
G-F-0353	G.F.0353	שטרוק הרמן	Struck Hermann										No Image														6990
G-F-0353-1	G.F. 0353 / 1	שטרוק הרמן	Struck Hermann	התכתבות Correspondec +letters /				מקור	Original	"הרמן שטרוק 1876-1844 | הרעיה מלי לבית שטרייסנד ?-1889 | השניים נישאו ב ,1920-עלו לארץ ב 1924- | החומר בתוך התיק סודר ע""י באה שרוטנר Bea | ,Schröttnerהנ""ל עבדה על העיזבון בביתו של התורם, | מיקי ברנשטיין .לתיק מצורפים דפי הקטלוג שהנ""ל ערכה | באנגלית סה""כ  14 דפים .ההערות של באה ,מתוך דפי | הקטלוג שלה ,תורגמו לעברית )תרגמה גב' קרלה וולף( | נרשמו וצורפו לקובצי המכתבים .המכתבים בגרמנית | ואנגלית ,מעט בעברית. | קטגוריות: | )* הכונה אל מס .הרישום ב""נושא מורחב""( | .1 התכתבות | .2 הרייך השלישי *מכתב  * Bowen Eduardגרף פון | אופרנסטורף | .3 קהילות *אמיל כהן | .4 אמנות *לוביס קורינת* ,ארנסט הקל* ,למובסקי | .5 פוליטיקה *אלברט איינשטיין *פוקס הלן | *פולק מ. | .6 ארגונים *מזרחי | .7 הגירה *נטלר פרד * רייכנפלד | .8 אנטישמיות *הוגו שטרוק )לא משפחה( | .9 ארץ ישראל *אדוארד אלדן *ברטנובסקי | *לילי דאשה | .10 עזרה הדדית *פ .פולי* ,ויקטור קלנר* ,מיכאל לרמן, | *ז .אופנהיימר* ,מרגרטה פולק* ,אוסקר פולק* ,בנימין | זאואר | .11 הגירה *אדווין סמואל * ,קמילה זונבורן,"		-גרף פון אופרסדורף Graf von	No Image	מכתבים אל שטרוק ,עם ציון מספר הדף בקטלוג של					נרשם ב 10.02.2008 & 03 / 04.02.2008-	כרטיס 1 מתוך 51	נילי דוידסון		2007.496		מיקי ברנשטיין ,תל אביב	באה ציינה תיק זה בCorrespondec +letters-	4849,4850,4851,4852,4853,4854,4855
G-F-0353-10	G.F. 0353 / 10	שטרוק הרמן	Struck Hermann	מחצית שניה של שנות ה & 30-שנות ה 40-למאה ה 20-				מקור	Original	"קטגוריות: | .1 עליית נוער *מקוה ישראל *מכתב הנס בייט | .2 חינוך *מקוה ישראל  /ארגון מזרחי | .3 משפט *לכאורה חוב של שטרוק | .4 מסחר *קונים פוטנציאליים לאמנות שטרוק | .5 עזרה הדדית *מכתבי בקשות אל שטרוק* ,מכתבים | בנושא דר' רייכנפלד. | .6 הרייך השלישי *מכתבי שטרוק בקשר עם משפחתו | בגרמניה *מכתבי בקשות של אנשים במצוקה *תעודת | הוכרה על שרותו במלח""ע I"			\G.F.0353 10.jpg} is missingאוסף מסמכים\: {T:\backup\Tchelet_data\Rachel	-התכתבות בנושא :הבאתם של 50 ילדים ,פליטים,					נרשם ב 10.03.2008-	כרטיס 10 מתוך 51	נילי דוידסון		2007.496		מיקי ברנשטיין ,תל אביב	"תיק זה לא מוין / סודר ע""י באה .לכן אין דפי קטלוג באנגלית | -מהאינטרנט"" :החברה העברית לידע עם"" עמותה שכבר איננה נתמכת כספית )?("	4979,4980,4981,4982,4983
G-F-0353-11	G.F. 0353 / 11	שטרוק הרמן	Struck Hermann	"מלח""ע / Iהתכתבות אישית עם המשפחה"						"התיק סודר ע""י באה שרוטנר עם ציון שיש בו | 1-45 מסמכים .לתיק מצורף הקטלוג של באה שרוטנר, | באנגלית ,סה""כ  12 דפים. | לכל מכתב מצורף תקציר בעברית ,שתרגמה וכתבה | קרלה וולף )מתנדבת בארכיון(. | קטגוריות: | .1 צבא | .2 מלח""ע I | .3 מסורת | .4 מנהגים | .5 עזרה הדדית"			No Image	המכתבים מחולקים על פי השנים:					נרשם ב 15.03.2008-	כרטיס 11 מתוך 51	נילי דוידסון		2007.496		מיקי ברנשטיין ,תל אביב	"באה ציינה תיק זה בPrivate Correspondence - | with Family | מספור הפריטים ב""נושא מורחב"" תואם את המספור שבאה נתנה למסמכים בקטלוג ובתוך התיק."	4984,4985,4986,4987,4988,4989
G-F-0353-12	G.F. 0353 / 12	שטרוק הרמן	Struck Hermann	"מלח""ע / Iהתכתבות אחרת והתכתבות רשמית"				מקור	Original	"התיק סודר ע""י באה שרוטנר עם ציון שיש בו | 1-23 מסמכים .לתיק מצורף הקטלוג של באה שרוטנר, | באנגלית ,סה""כ  4 דפים. | לתיק צורפו מסמכים נוספים שהיו בתיפזורת  ,ללא קיטלוג | באה ,שמתייחסים לתקופת מלח""ע .I | קטגוריות: | .1 עזרה הדדית *מכתבים 20 ,15 ,13 , 5, 2 :"			No Image	.1 מכתב אל שטרוק מאת המפקדה העליונה של הצבא:					נרשם ב 01.04.2008 & 31.03.2008 -	כרטיס 12 מתוך 51	נילי דוידסון		2007.496		מיקי ברנשטיין ,תל אביב	"באה ציינה תיק זה ב- Other Correspondence - | Official Correspondence | מספור הפריטים ב""נושא מורחב"" תואם את המספור שבאה נתנה למסמכים בקטלוג ובתוך התיק."	5055,5056,5057,5058,5059
G-F-0353-13	G.F. 0353 / 13	שטרוק הרמן	Struck Hermann	"מלח""ע / Iמסמכים רשמיים פחות חשובים"						"התיק סודר ע""י באה שרוטנר עם ציון שיש בו | 1-60 מסמכים .לתיק מצורף הקטלוג של באה שרוטנר, | באנגלית ,סה""כ  2 דפים."			No Image	מסמכים / 1-23 באה ציינהMally war documents ,not :					נרשם ב 01.04.2008-	כרטיס 13 מתוך 51	נילי דוידסון		2007.496		מיקי ברנשטיין ,תל אביב	"באה ציינה תיק זה ב: - | Less important official documents | מספור הפריטים ב""נושא מורחב"" תואם את המספור שבאה נתנה למסמכים בקטלוג ובתוך התיק."	4990,4991,4992,4993,4994
G-F-0353-16	G.F. 0353 / 16	שטרוק הרמן	Struck Hermann	"ארה""ב USA1912 / 1912"				מקור ,העתק	Original, Copy	"התיק סודר ע""י באה שרוטנר .מסמכים 1-16 לתיק מצורף | הקטלוג של באה שרוטנר ,באנגלית ,סה""כ  4 דפים."			No Image	.1 שטרוק כותב מעל סיפון האניה Kaiserin Augusta					נרשם ב 08.04.2008 & 07.04.2008-	כרטיס 16 מתוך 51	נילי דוידסון		2007.496		מיקי ברנשטיין ,תל אביב	"באה ציינה תיק זה בUSA1912 - | מספור הפריטים ב""נושא מורחב"" תואם את המספור שבאה נתנה למסמכים בקטלוג ובתוך התיק."	5065,5066,5067
G-F-0353-2	G.F. 0353 / 2	שטרוק הרמן	Struck Hermann	מנוסקריפטים +חיבורים				מקור ,העתק ,הדפסה	Original, Copy, Printing	"התיק סודר ע""י באה שרוטנר עם ציון שיש בו 43 - 1 | מנוסקריפטים  44-47 +חיבורים .בתחילת התיק מצורף | הקטלוג של באה שרוטנר ,באנגלית ,סה""כ  5 דפים. | המנוסקריפטים מודפסים בשפה הגרמנית .המנוסקריפטים | מחולקים לנושאים עפ""י התוכן )ראה ב""נושא מורחב""(. | קטגוריות: | )* הכונה אל הרישום ב""נושא מורחב""( | .1 ציונות *מכתב אל ילדי ניו יורק ,על הרצל ,על אהבת | ארץ ישראל ,ראה נושא :הציונות הדתית | .2 אנטישמיות *על משפט בייליס ,גירוש האמנים מעליות | הגג. | .3 אמנות *על ליברמן ,ישראלס ,לסר אורי ,אמנות | סקנדינבית ,ראה נושא :אמנות יהודית ,ועוד. | .4 ארץ ישראל * מלאכת מחשבת יהודית  -חירם ,ועוד. | פעילות ""מזרחי"". | .5 חינוך *ראה מנוסקריפטים 37 + 36 + 35 | .6 מסורת *ראה מנוסקריפטים 41 + 40 | .7 כתיבה אישית | .8 תנועות נוער *המנוסקריפטים על ""מזרחי"". | .9 פלשתינה * ""הספר הלבן"" מנוסקריפט 43"			The file: {T:\backup\Tchelet_data\Rachel\GF0353 2.jpg} is missing	הנושא :מלחמת עולם ראשונה -מנוסקריפטים 1-3					נרשם ב 11.02-13.02.2008-	כרטיס 2 מתוך 51	נילי דוידסון		2007.496		מיקי ברנשטיין ,תל אביב	"מספור הפריטים ב""נושא מורחב"" תואם את המספור שבאה נתנה למסמכים בקטלוג ובתוך התיק. | באה ציינה תיק זה בManu-"	4888,4889,4890,4891,4892,4893,4894
G-F-0353-20	G.F. 0353 / 20	שטרוק הרמן	Struck Hermann	פלשתינה Palestine1903 /				מקור ,העתק ,הדפסה	Original, Copy, Printing	"התיק סודר ע""י באה שרוטנר עם ציון שיש בו | 0-14 מסמכים .לתיק מצורף הקטלוג של באה שרוטנר, | באנגלית ,סה""כ  5 דפים. | המכתבים  ; 7-9 ; 1-4 ו , 11-שנבחרו בגלל תוכנם, | הודפסו בשפת המקור וצורפו למכתבים האורגינלים. | קטגוריות: | .1 התכתבות | .2 פלשתינה | .3 ציונות | .4 מנהגים *דיווחי שטרוק על החיים באוריינט"			No Image	.0 מסמך לתמוך בשטרוק בעת ביקורו בפלשתינה.					נרשם ב 01.10.2008-	כרטיס 20 מתוך 51	נילי דוידסון		2007.496		מיקי ברנשטיין ,תל אביב	"מספור הפריטים ב""נושא מורחב"" תואם את המספור שבאה נתנה למסמכים בקטלוג ובתוך התיק. | באה ציינה תיק זה בPalestine1903 -"	5437,5438,5439,5440
G-F-0353-24	G.F. 0353 / 24	שטרוק הרמן	Struck Hermann	מכתבים אל שטרוק / איחולים לימי הולדתו ה 50-וה 60-				מקור	Original	"התיק סודר ע""י באה שאוטנר .אין קטלוג. | קטגוריות: | .1 מנהגים *איחולים וברכות לים הולדת"			The file: {T:\backup\Tchelet_data\Rachel\GF0353 23.jpg} is missing	-מאת סמי גרונמן Sammy Gronemannברכות ליום					נרשם ביולי 2008	כרטיס 24 מתוך 51	נילי דוידסון		2007.496		מיקי ברנשטיין ,תל אביב	"התיק צוין ע""י באה: | Letters to Struck alphabetical order"	5320,5321,5322,5323
G-F-0353-25	G.F. 0353 / 25	שטרוק הרמן	Struck Hermann	מכתבים ומסמכים מגרמניה וישראל ) & (1873-1940 בית				מקור ,הדפסה ,תרגום לעברית	Original, Printing, Transletion to Hebrew	"בתיק מספר מסמכים מתקופת שהותו של שטרוק | באמריקה. | בתיק זה אוכסנו מסמכים שבאה רצתה למיין. | המיון בוצע ע""י נילי. | קטגוריות: | .1 התכתבות | .2 משפט *שטרוק נגד הכומר | .3 פלשתינה *הדר הכרמל* ,ביקור הזוג אולנברג, | *בחברת הנציב העליון | .4 עזרה הדדית *מכתבו של האח פליקס | .5 מנהגים *מאמר בהצופה | .6 ארגונים *מכתב שטרוק אל מגנס | .7 אמנות *תערוכת האמנות הגדולה בברלין | .8 המאה ה* 19-חיבור 1897 | .9 קהילה *מכתבו של אמיל שטרייסנד"			No Image	-גלויה ממלי שטרוק בג'נבה אל הכלבלב רולף (?) Rolf	אחיו של הרמן שטרוק .,בין היתר הוא כותב שאינו				נרשם ב.05.08.2008-	כרטיס 25 מתוך 51	נילי דוידסון		2007.496		מיקי ברנשטיין ,תל אביב	מידע מורחב להצטרפותו ,פעילותו והתפטרותו של אלברט איינשטיין בועדה הבינלאומית לשותפות עבודה מדעית ראה אתר אינטרנט: | http//:homepages.uni-tuebingen.de/gerd.simon/KruessundEinstein.pdf	5365,5366,5367,5368,5369,5370,5371,5372
G-F-0353-26	G.F. 0353 / 26	שטרוק הרמן	Struck Hermann	הרמן שטרוק מכתבים אל מלי & פעילות תרבותית &				מקור ,העתק	Original, Copy	אוסף מסמכים מעיזבון הרמן שטרוק ,סודר כאן בארכיון | המוזיאון. | קטגוריות: | .1 התכתבות | .2 הנצחה *המזרחי רוצים להנציח את שטרוק | .3 עליית הנוער *מכתב שטרוק אל הנס בייט | .4 תעודות אישיות *צוואת שטרוק )העתק( *תעודה | מזהה למלי שטרייסנד. | .5 משפט *מכתב א .ברט ,חלוקת עיזבון אביו של שטרוק.			No Image	-מכתב אל מלי מאת הדוויג & היינץ פחטר & Hedwig					22.12.2008 & 07.10.2008 & 05.10	כרטיס 26 מתוך 51	נילי דוידסון		2007.496		מיקי ברנשטיין ,תל אביב		5375,5376,5377,5378
G-F-0353-27	G.F. 0353 / 27	שטרוק הרמן	Struck Hermann	תורת הגזע ,מכתבים אל מלי מרביתם מכתבי תנחומים				מקור ,העתק	Original, Copy	"קטגוריות: | .1 אנטישמיות *דו""ח צולשן לתורת הגזע | .2 מנהגים * מכתבי תנחומים למלי שטרוק | .3 חינוך * מכתב דר' טהון בנושא החינוך הדתי | .4 תמונות *שטרוק עם הכנר הצרפתי | .5 פירסומים *המאמר על אדולף ברלינר | .6 אמנות *תמונת ""היהודי הזקן"""			No Image	"-העתק דו""ח בגרמנית ,שכתב דר' איגנץ צולשאן .Dr"					15.10.2008 & 07.10.2008	כרטיס 27 מתוך 51	נילי דוידסון		2007.496		מיקי ברנשטיין ,תל אביב		5479,5480,5481,5482,5483
G-F-0353-29	G.F. 0353 / 29	שטרוק הרמן	Struck Hermann	באה קראה לחומר :ללא שייכות Not entirely related /				מקור ,העתק	Original, Copy	"התיק סודר ע""י באה שרוטנר עם ציון שיש בו | 19- 1 מסמכים .לתיק מצורף הקטלוג של באה שרוטנר, | באנגלית ,סה""כ  5 דפים. | קטגוריות: | .1 מדעים * תנועת הצפרים * נוסחה להפיכת תאריכים | עבריים למוסלמים *תורת הקבוצים | .2 פלשתינה *""גיאוגרפיה ותרבות בפלשתינה"" *דוח | המשלחת המלכותית לפלשתינה. | .3 מנהגים *חוברות הספדים | .4 פוליטיקה *ארנסט יק מראיין את גמאל פשה | .5 אמנות *הפרסומים של ארגון חרטי הנחושת | .6 מכתבים *הרצל אל אמו *הנס מיזם על איינשטיין | .7 ציונות *חוברת הציונות הרויזיוניסטית | .8 שירה *השיר ""התקווה"" על כל תשעת הבתים והפזמון."		כן שתי הודעות / חדשות הארגון ,שנשלחו בדואר	No Image	.1 העתק מכתב ,שהנס מיהזם Hans Mühsamכתב					נרשם ב 08.12.2008 & 07.12.2008-	כרטיס 29 מתוך 51	נילי דוידסון		2007.496		מיקי ברנשטיין ,תל אביב	"מספור הפריטים ב""נושא מורחב"" תואם את המספור שבאה נתנה למסמכים בקטלוג ובתוך התיק. | באה ציינה תיק זה בNot entirely related -"	5556,5557,5558,5559
G-F-0353-3	G.F. 0353 / 3	שטרוק הרמן	Struck Hermann	מסמכים אישיים Personal documents ,artifacs /				מקור	Original	"התיק סודר ע""י באה שרוטנר עם ציון שיש בו | 1-29 מסמכים ותעודות אישיים 26-29 .מכתבים ממוספרים | בקטלוג באה בספרות .1-4 | לתיק מצורף הקטלוג של באה שרוטנר ,באנגלית ,סה""כ 3 | דפים. | קטגוריות: | )* הכונה אל מס .הרישום ב""נושא מורחב""( | .1 תולדות משפחה *1 | .2 יהדות *2 | .3 אמנות *) 3* + 8 פרק מכתבים( | .4 שירה *10 | .5 תעודות אישיות *20* ,14 | .6 פוליטיקה *24 | .7 משפט *) 25 חוזים( | .8 מכתבים"			The file: {T:\backup\Tchelet_data\Rachel\G.F.0202 11.JPG} is missing	.1 רשימות של שטרוק ,כתב יד ,לגניאולוגיה המשפחתית.					נרשם ב 13 / 17.02.2008-	כרטיס 3 מתוך 51	נילי דוידסון		2007.496		מיקי ברנשטיין ,תל אביב	"לתיק מצורפת רשימה של רותי אופק עם ציון החומר החסר / הוצא מהתיק. | מספור הפריטים ב""נושא מורחב"" תואם את המספור שבאה נתנה למסמכים בקטלוג ובתוך התיק. | באה ציינה תיק זה בPersonal documents ,artifacs-"	4927,4928,4929,4930
G-F-0353-30	G.F. 0353 / 30	שטרוק הרמן	Struck Hermann	מכתבים בעברית בנושאי תרבות ופעילות ציבורית בארץ				מקור ,העתק	Original, Copy	התכתבות רשמית עם מוסדות תרבות ,עברית ,בין השנים | .1937-1942 | קטגוריות: | .1 פעילות תרבותית *צוואת מאיר דיזנגוף ועוד | .2 חינוך *בצלאל המטרות והקשיים | .3 כלכלה *אמנות בבצלאל למטרות רווח | .4 ציור			The file: {T:\backup\Tchelet_data\Rachel\GF0012 3.JPG} is missing	.1 מכתבים מבית הנכות הלאומי בצלאל:					נרשם ב 03.12.2008 & 02.12.2008-	כרטיס 30 מתוך 51	נילי דוידסון		2007.496		מיקי ברנשטיין ,תל אביב		5549,5550,5551,5552,5553
G-F-0353-31	G.F. 0353 / 31	שטרוק הרמן | .9 עבור דר' ארתור ליפמן ,Dr .Artur | ראשו .האמן א.מ .גייגר .E.M .Geygerעל יד	Struck Hermann	תחריטי אקסליבריס ואחרים / עבודתם של אמנים שונים				מקור	Original	החומר שבתיק מתחלק לשתי קבוצות: | .1 אמנות האקסליבריס ממוספרים  ,27 - 1 ראה בנושא | מורחב. | .2 אמנות לנושאים אחרים ממוספרים  ,19 - 1 ראה בנושא | מורחב. | קטגוריות: | .1 אמנות *התחריט | .2 ציור			The file: {T:\backup\Tchelet_data\Rachel\GF0014.jpg} is missing	אקסליבריס:					נרשם ב 09.12.2008 & 08.12.2008-	כרטיס 31 מתוך 51	נילי דוידסון		2007.496		מיקי ברנשטיין ,תל אביב	היצירות הרבות בעזבון שטרוק ,חלקן בשלבי עשייה ,חלקן ככל הנראה מתלמידים שלו.	5560,5561,5562,5563
G-F-0353-33	G.F. 0353 / 33	שטרוק הרמן	Struck Hermann	ספרים & פרסומים				מקור ,העתק	Original, Copy	"ספרים ופרסומים חלקם מספריית הרמן שטרוק ספרים | אחרים נאספו ע""י בעלי העיזבון בעבר. | קטגוריות: | .1 אמנות | .2 שירה | .3 פלשתינה | .4 מוזיקה"			No Image	-מאמר באנגלית על הרמן שטרוק מאת מכס אוסבורן					נרשם ב 15.12.2008-	כרטיס 32 מתוך 33	נילי דוידסון		2007.496		מיקי ברנשטיין ,תל אביב		5564,5565,5566
G-F-0353-35	G.F. 0353 / 35	שטרוק הרמן	Struck Hermann	אמנות & תערוכות & פרסומים & ביקורות				מקור ,העתק	Original, Copy	קטגוריות: | .1 אמנות *סריקות ושיכפולים של יצירות | .2 פעילות תרבותית *תערוכות | .3 מנהגים *ברכה לשנה החדשה *תפריטים | .4 תמונות *שטרוק ותלמידיו בחיפה | .5 פירסומים *העיתון של קובנה *מאמר אדולף דונת			\GF0353 35.jpg} is missingאוסף מסמכים\: {T:\backup\Tchelet_data\Rachel	"-תצלום היצירה ""הרב קוק"" משנת .1932"					22.12.2008 & 18.12.2008	כרטיס 35 מתוך 51	נילי דוידסון		2007.496		מיקי ברנשטיין ,תל אביב		5598,5599,5600,5601,5602,5603
G-F-0353-36	G.F. 0353 / 36	שטרוק הרמן	Struck Hermann	מסמכים בנושאים שונים & מכתבים & יומן מלי שטרוק				מקור ,העתק	Original, Copy	"קטגוריות: | .1 הנצחה *הסרט ""הרמן שטרוק"" | .2 מנהגים *דברים באזכרה לשטרוק ,ברט & בן-אורי | .3 עזרה הדדית *פניה לעזרה כספית ,עזרה להפצת ספר | *בקשה להמשך החפירות בהר כנען. | .4 גלויות *גלויה ישנה מיפו | .5 עיתונות *שידור כתבה על שטרוק ברדיו | .6 ציונות *זיכרונות מתאודור הרצל | .4 פעילות תרבותית *צוואת מאיר דיזנגוף | .5 פלשתינה *לוח הסוכנות היהודית לפלשתינה. | .6 אירגונים *הסוכנות היהודית *הסתדרות המזרחי. | .7 חינוך *דבר דפוס  -ביה""ס תחכמוני ביפו"			No Image	-שני מכתבים ,עברית ,התכתבות בין אברהם שלו ,מפיק					פברואר 2009	כרטיס 36 מתוך 51	נילי דוידסון		2007.496		מיקי ברנשטיין ,תל אביב		5605,5606,5607,5608
G-F-0353-38	G.F. 0353 / 38	שטרוק הרמן	Struck Hermann	מכתבים אל מלי אחרי מות הרמן שטרוק						"קטגוריות: | .1 עזרה הדדית *ראה מושא מכתבי התודה אל מלי. | *ההתכתבות סביב אילזה ורטהיימר | .2 מנהגים *מכתבי תודה | .3 הנצחה *פרס ע""ש שטרוק *בי""ס ע""ש שטרוק ועוד"			No Image	-שני מכתבים אל מלי מאת גב' ווטסון ,Watson					01.03.2009 & 25.02.2009	כרטיס 38 מתוך 51	נילי דוידסון		2007.496		מיקי ברנשטיין ,תל אביב		5667,5668,5669,5670
G-F-0353-40	G.F. 0353 / 40	שטרוק הרמן	Struck Hermann	עיתונות Newspapers /						"התיק סודר ע""י תמר זגר & נילי דוידסון עפ""י קטלוג של | באה .בקטלוג צוינו  208 קטעי עיתון. | לקטלוג  21 דפים ,הוא נמצא בתוך מיכל זה."		ואנגלית ועוד .המאמרים מעיתונים שיצאו לאור	No Image	מאות קטעי עיתונות מעיזבון הרמן & מלי שטרוק ,בעיקר					נרשם ב 06.05.2009-	כרטיס 40 מתוך 51	נילי דוידסון		2007.496		מיקי ברנשטיין ,תל אביב		5830
G-F-0353-42	G.F. 0353 / 42	שטרוק הרמן	Struck Hermann	קטעי עיתונות בגרמנית				מקור	Original	דפים וקטעי עיתונות בשפה הגרמנית של שנות ה 30-עד ה- | .60			No Image	החומר מכיל את המאמרים שנכתבו על שטרוק.					נרשם ב 13.05.2009-	כרטיס 42 מתוך 51	נילי דוידסון		2007.496		מיקי ברנשטיין ,תל אביב		5855
G-F-0353-43	G.F. 0353 / 43	שטרוק הרמן	Struck Hermann	"/ Published Articles by Struckמאמרים שפורסמו ע""י"				מקור	Original	"התיק סודר ע""י באה שרוטנר עם ציון שיש בו | 31 מסמכים .לתיק מצורף הקטלוג של באה שרוטנר, | באנגלית ,סה""כ  12 דף."		תרגמה ורשמה קרלה וולף .המאמרים נכתבו בין	No Image	סדר המאמרים בתיק על פי המספר הסידורי בקטלוג.					נרשם ב 13.05.2009-	כרטיס 43 מתוך 51	נילי דוידסון		2007.496		מיקי ברנשטיין ,תל אביב	באה ציינה תיק זה בPublished Articles by Struck :-	5856,5857
G-F-0353-46	G.F. 0353 / 46	שטרוק הרמן	Struck Hermann	טיוטת של מיקי ברנשטיין				מקור	Original	מיקי ברנשטיין ,שברשותו נמצא עיזבון שטרוק עשרות | בשנים ,נהג לכתוב את ,שתורגם לו לעברית.			No Image	ראה רישום בתיאור האוסף					נרשם ב 13.05.2009-	כרטיס 46 מתוך 51	נילי דוידסון		2007.496		מיקי ברנשטיין ,תל אביב		5861
G-F-0353-47	G.F. 0353 / 47	שטרוק הרמן	Struck Hermann	תערוכות שטרוק 2008 & 2007				העתק	Copy	חומר ששימש את הקמת התערוכה לשטרוק בתפן ועומר | & מאמרי תגובה לתערוכה. | קטגוריות: | .1 הנצחה			No Image	ראה בתיאור האוסף					נרשם ב 13.05.2009-	כרטיס 47 מתוך 51	נילי דוידסון		2007.496		מיקי ברנשטיין ,תל אביב		5862,5863
G-F-0353-48	G.F. 0353 / 48	שטרוק הרמן	Struck Hermann	קטלוגים באה Bea /				הדפסה	Printing	העתקי כל הקטלוגים של באה שמצורפים לתוך התיקים. | התיקים להם יש קטלוגים של באה באנגלית: | * G.F. 0353 / 1 --G.F. 0353 /4 | * G.F. 0353 / 6 --G.F. 0353 /15 | * G.F. 0353 / 16 --G.F. 0353 /20 | ליתר התיקים אין קטלוג של באה.			No Image						נרשם ב 17.05.2009-	כרטיס 48 מתוך 51	נילי דוידסון		2007.496		מיקי ברנשטיין ,תל אביב		5866,5867
G-F-0353-6	G.F. 0353 / 6	שטרוק הרמן	Struck Hermann	"מלח""ע / Iורסאיי Versailles"						"התיק סודר ע""י באה שרוטנר עם ציון שיש בו | 1-28 מסמכים .לתיק מצורף הקטלוג של באה שרוטנר, | באנגלית ,סה""כ  6 דפים. | המסמכים מפרטים את פעילותו של שטרוק במשלחת | ורסאיי .לנושא זה ניתן לקבל מידע בתיק ""קטעי עיתונות"" | & ""ספר אורחים  ""IIבתיק )?(. | קטגוריות: | )* הכונה אל מס .הרישום ב""נושא מורחב""( | .1 מלח""ע I | .2 אנטישמיות *ראה דוח בראונשוייגר *בקשת יהודי דנציג | .3 היסטוריה כללית *שלום ורסאיי"			No Image	.1 חוברת ,גרמנית גותית ,עם 17 הנקודות אותן העלה					נרשם ב 25.02.2008 & 24.02.2008-	כרטיס 6 מתוך 51	נילי דוידסון		2007.496		מיקי ברנשטיין ,תל אביב	"באה ציינה תיק זה בVersailles- | מיספור הפריטים ב""נושא מורחב"" תואם את המיספור שבאה נתנה למסמכים בקטלוג ובתוך התיק."	4966,4967,4968,4969
G-F-0362-1	G.F. 0362 / 1	נוימן ולטר	Neumann Walter	מסמכים ותעודות אישיות ומשפחתיות				מקור ,הדפסה	Original, Printing	ולטר נוימן ,1913-2006 יליד ברסלאו ,עלה לארץ ב,1937- | היה תושב נהריה ,מהנדס מכונות במקצועו .אחרי יציאתו | הרשמית לגמלאות ,המשיך לעבוד בטכניון עד לגיל .91 | ולטר נשא לאישה את קתה  1914-1985 לבית קליין ב- | ,1937 לפני עלותם לארץ. | ההורים של ולטר :האב ארתור נוימן,יליד  ,1872 סוחר			No Image	-רשיון נהיגה של ולטר & תמונה ,הונפק ב,1937-					נרשם ב 04.06.2008-	כרטיס 1 מתוך 7	נילי דוידסון		2008.522		מרים סלע ,הבת ,נהריה	הסכם תרומה נחתם ב 15.04.2013-	5175,5176,5177,5178,5179
G-F-0362-4	G.F. 0362 / 4	נוימן ולטר	Neumann Walter	מסמכים והתכתבות לצורכי הגירה לארץ ישראל				מקור ,העתק	Original, Copy	קטגוריות: | -הרייך השלישי | -הגירה | -פלשתינה *מסמכים להעברת הון ורכוש לארץ ישראל			No Image	-התכתבות בין ולטר נוימן לבין פקידי המחלקה לבקורת					נרשם ב 18.06.2008 & 17.06.2008-	כרטיס 4 מתוך 7	נילי דוידסון		2008.522		מרים סלע ,הבת ,נהריה		5226,5227,5228
G-F-0363-1	G.F. 0363 / 1	הנשל & דויטש		תעודות ומסמכים משפחתיים				מקור	Original	"סיכום שיחה עם מר גבעול ,השיחה הטלפונית התקיימה ב- | .25.06.2008 | שמואל גבעול )גוטהולד  ,(Gottholdיליד  1921 בהמבורג, | עלה לארץ ב .1938-התחנך במשך שנתיים בבי""ס חקלאי | של הנוער הדתי .התגייס לבריגדה בצבא בריטניה ,שרת 5 | שנים .ב 1945-נשלח ע""י בן גוריון להמבורג לייצג את | היהודים המשרד לחיפוש קרובים ,ניהל את המשרד .מר | גבעול סיפר שבן גוריון אסר עליו ועל צוותו לעסוק | ""בנקמנות"" לזה אמר בן גוריון יש אחרים שדואגים .את | פליטי המלחמה ריכזו בוילה של משפחת ורבורג ע""י | המבורג וילה קסטרברג | .Kösterberg | -ההורים של שמואל גבעול: | הרברט גוטהולד & אלקה לבית ונקלף | Herbert Gotthold &Elke geb .Vankleef | )ונקלף ,משפחת צאצאים למגורשי ספרד ששמם היה | בעבר כליפא( . | -שמואל גבעול נשא לאישה את מריאנה לבית הנשל | .Marianne Henschel | -ההורים של מריאנה גבעול: | מוריץ הנשל & הילדגרד לבית אלכסנדר | Moritz Henschel &Hildegard geb .Alexander | מוריץ היה עו""ד ומונה ב 1943-לנציג האחרון של היהודים | בפני הרייך השלישי .נשלח לטרזין שם היה הממונה על | פעילויות בשעות הפנאי וגם מנהל הדואר .עלה לארץ | ונפטר ב.1946- | -הסבים של מרינה גבעול לבית הנשל מצד האב: | קרל הנשל ,יליד  & 1846 אמה הנשל לבית דויטש | Carl Henschel &Emma Henschel geb .Deutsch | הם גרו בנייסה  Neisseלימים עברו לברסלאו .Breslau | קרל הנשל היה שותף בבית מלאכה לכפתורים ,עסק גם | במתן הלוואות. | -ההורים של אמה :Emma | האב יונס דויטש  Jonas Deutschיליד .1813"		ברנהרד צדיק Bernhard Zadikבעל חנות סידקית	No Image	-יוהאן / יונס דויטש Johann / Jonas Deutschמקבל תעודת					נרשם ב 21 / 22.07.2008-	כרטיס 1 מתוך 7	נילי דוידסון		2008.529		שמואל גבעול ,ראשון לציון	"הסכם תרומה חתום ע""י מר שמואל גבעול נמצא בתיק ""הסכמי תרומה""13.7.08 ,"	5287,5288,5289
G-F-0374	G.F.0374	פינצ'ובר & אש		ספר / קורות משפחה						"מרים צורי כתבה את הספר "" זה מה שהיה""... | קורות משפחת פינצ'ובר ומשפחת אש והענפים | המסתעפים של שתי המשפחות."			No Image						נרשם ב 01.12.2008-	כרטיס 1 מתוך 1	נילי דוידסון		2008.559		מרים צורי ,בוסתן הגליל	הספר נרשם גם בקטלוג הספרים של המוזיאון	5545
G-F-0376	G.F.0376	בלומנטל-בנטל	Blumenthal-Bental	ספר	Die Geschichte der Familie Blumenthal-Bental					"ספר ,קורות משפחה ייקית בפלשתינה / ישראל. | המשפחה ,משפחת רופאים ,חיה בחיפה ,ייסדה ונהלה | בי""ח בחיפה."	83	2008	No Image		Moses Mendelsshon Gesselschaft				נרשם ב 24.12.2008-	כרטיס 1 מתוך 1	נילי דוידסון		2008.552		דר' אפרים בנטל ,חיפה	"בספריית המוזיאון מצוי גם הספר :בי""ח בלומנטל בחיפה ,נוסד ע""י המשפחה."	5610
G-F-0383-1	G.F. 0383 / 1	אורני אפרים	Orni Efraim	עליה ושואה				מקור ,העתק	Original, Copy	"מידע שנמסר ע""י מפקיד העזבון ,פרופ' מיכה לוי: | אפרים אורני  1915-1998 לשעבר פריץ שוורצבאום Fritz | , Schwarzbaumנולד בברסלאו .עלה לארץ  1938 אחרי | ליל הבדולח .אביו נלקח בליל הבדולח לבוכנוולד ,שם | מת. | ב-     האם נעצרה ב 21.11.1941-ושמה קץ לחייה | 25.11.1941 במקום האיסוף למשלוח מברסלאו למחנה | בריגה .את רעייתו ריטה לבית באנר  Bannerהכיר בארץ, | חיו בירושלים .היה גיאוגרף ,עבד בקק""ל. | קטגוריות: | .1 שירה | .2 כתיבה אישית *ראה כתיבה זיגמונד וייס | .3 תולדות משפחה *ראה כתיבה זיגמונד וייס | .4 קהילה *ראה כתיבה זיגמונד וייס | .5 מנהגים *Poesiebuch | .6 תעודות אישיות | .7 משפחה *ראה מכתבי האם לבנה | .8 ילדים | .9 הגירה"			No Image	-חוברת 67 ,דפים .עם שירים בגרמנית ,שכתב אפרים					נרשם ב 17.06.2009-	כרטיס 1 מתוך 2	נילי דוידסון		2009.564		פרופ' דר' מיכה לוי ,בן דוד ,קיסריה		5940,5941,5942
G-F-0383-2	G.F. 0383 / 2	אורני אפרים	Orni Efraim	אלבום תמונות				מקור	Original	אלבום תמונות של משפחת הוגו & חנה שוורצבאום Hugo | &  , Hanna Schwarzbaumההורים של פריץ )אפרים אורני(, | ברסלאו.			No Image	אלבום תמונות של משפחת הוגו & חנה שוורצבאום Hugo					נרשם ב 17.06.2009-	כרטיס 2 מתוך 2	נילי דוידסון		2009.564		פרופ' דר' מיכה לוי ,בן דוד ,קיסריה		5943,5944
G-F-0386	G.F.0386	מאייר-בלום דינה		"ספר בעברית"" ,על אם הדרך ,דינה מאייר-בלום"""						"הספר נכתב ע""י הנכדה ,מירה חן ,והוקדש לאמא שלה | דבורה חרמון ,שהייתה בתם של | דינה בלום לבית מאייר והאמן ,צייר ,לודויג בלום .בספר | תמונות משפחה ותמונות אחרות. | קטגוריות: | .1 חינוך | .2 פלשתינה | .3 ארץ ישראל | .4 הגירה | .5 תולדות משפחה"			No Image	מפעל העשייה של דינה מאייר-בלום ,שמוכרת כאחת					נרשם ב 11.08.2009-		נילי דוידסון		2009.573		מירה חן ,הנכדה ,הר אדר		5993,5994
G-F-0390-1	G.F. 0390 / 1	גרוסמן הדויג & להמן רודולף )רודי(		רודי להמן חומרים ביוגרפיים & רודי להמן מסמכים,				מקור ,העתק	Original, Copy	"גב' הלגה קלר מנהלת עיזבונם של רודי להמן והדויג | גרוסמן ,מיינה את העיזבון לנושאים ולמעטפות עם | כתוביות .כמו כן רשמה קטלוג ,אנגלית ,לכל החומר. | המעטפות הריקות עם הכתוביות צורפו לתיקי הארכיון | התואמים. | רודי להמן  ,1903-1977 יליד ברלין .את זוגתו ,הדויג | גרוסמן ,הכיר בשנות ה 20-למאה ה 20-בעת לימודיו | בביה""ס העירוני לאמנות בברלין. | ב 1933-עלו יחד לשראל. | קטגוריות: | .1 אמנות *רשימת עבודות רודי להמן | .2 קורות חיים *רודי להמן | .3 מנהגים *הורוסקופ רודי להמן | .4 תעודות אישיות * ת .לידה *אישור אימוץ"		-תעודת סיום מפוארת לשוליה רודי על לימודיו	No Image	מעטפה ,1Rמצורפת ב מעל המסמכים.					נרשם ב 08.11.2009 & 30.08.2009-	כרטיס 1 מתוך 33	נילי דוידסון		2009.578		הלגה קלר ,הרצליה ,ממונה על עיזבון האמנים ,כתבה:	"תכני המעטפות 1 R +2 R +3Rכפי שמויינו ע""י הלגה קלר | עפ""י הקטלוג של הלגה קלר החומר בתיק: | 1R 1 -1R3 | 2R 1 -2R3 | 3R1"	6034,6035,6036,6037,6038,6039
G-F-0390-11	G.F. 0390 / 11	גרוסמן הדויג & להמן רודולף )רודי(		עיצובים גיאומטריים לפסלים 24R2				מקור	Original	קטגוריות: | .1 אמנות *פיסול			No Image	עיצובים גאומטריים לפסלים.					נרשם ב 24.02.2010-	כרטיס 11 מתוך 33	נילי דוידסון		2009.578		הלגה קלר ,הרצליה ,ממונה על עיזבון האמנים ,כתבה:	"עפ""י הקטלוג של הלגה קלר התיק מכיל את החומר 24R2 :"	6440
G-F-0390-12	G.F. 0390 / 12	גרוסמן הדויג & להמן רודולף )רודי(		רישומים קטנים של רודי להמן				מקור	Original	קטגוריות: | .1 אמנות *ציור  /רישום			No Image	רישומים קטנים של רודי להמן.					נרשםב 24.02.2010-	כרטיס 12 מתוך 33	נילי דוידסון		2009.578		הלגה קלר ,הרצליה ,ממונה על עיזבון האמנים ,כתבה:	לתיק זה אין קטלוג מספרי בקטלוג של הלגה קלר	6441
G-F-0390-14	G.F. 0390 / 14	גרוסמן הדויג & להמן רודולף )רודי(		הדויג גרוסמן -מסמכים 2H 1921-1933 -				מקור ,העתק	Original, Copy	בתיק הרבה מסמכים ,שמתייחסים לאישיותה ועבודתה | של האמנית הדויג גרוסמן .הרבה שבחים על עבודתה עם | ילדים ונוער בעלי התנהגות חריגה על כך שהצליחה | לרתום אותם לעבודת הקדרות ,שהשפיע עליהם לטובה | במישורים כמו :מיומנות ידיים ,פיתוח טעם טוב ,כושר | ריכוז ,התמדה והתקדמות לקראת המטרה הסופית .אם | לסכם לעבודת הילדים עם הדויג בקדרות היתה השפעה | פיזית ונפשית טובה. | קטגוריות: | .1 תעודות אישיות *מבית הספר פסטלוצי | .2 ביוגרפיה | .3 חינוך *כיתות מונטסורי ,מכתבי הערכה והמלצה להדויג | .4 תעודות אישיות *בתי ספר * אזרחות			No Image	2 -העתקים ,תעודת הלידה של הדויג ילידת 1902 בברלין					נרשם ב 10 / 11.03.2010-	כרטיס 14 מתוך 33	נילי דוידסון		2009.578		הלגה קלר ,הרצליה ,ממונה על עיזבון האמנים ,כתבה:	"עפ""י הקטלוג של הלגה קלר התיק מכיל את החומר 2H1-2H21 :"	6449,6450,6451,6452
G-F-0390-27	G.F. 0390 / 27	גרוסמן הדויג & להמן רודולף )רודי(		הדויג גרוסמן מסמכים וכתיבה על העבודה 1933-1973	12H			מקור ,העתק	Original, Copy	קטגוריות: | .1 חינוך *באמצעות קדרות | .2 תעשיה *קרמיקה ברמלה			No Image	-הדויג כותבת על עבודתה עם ילדים ,צילום של תמונות					נרשם ב 01.07.2010 & 30.06.2010-	כרטיס 27 מתוך 33	נילי דוידסון		2009.578		הלגה קלר ,הרצליה ,ממונה על עיזבון האמנים ,כתבה:	"עפ""י הקטלוג של הלגה קלר התיק מכיל את החומר 12H 1 -12H15 :"	6678,6679,6680
G-F-0390-30	G.F. 0390 / 30	גרוסמן הדויג & להמן רודולף )רודי(		הדויג :ציורים אחרונים 22H 1980-1991				מקור	Original	קטגוריות: | .1 אמנות *ציור			No Image						נרשם ב 19.07.2010-	כרטיס 30 מתוך 33	נילי דוידסון		2009.578		הלגה קלר ,הרצליה ,ממונה על עיזבון האמנים ,כתבה:	"עפ""י הקטלוג של הלגה קלר התיק מכיל את החומר 22H :"	6720
G-F-0390-5	G.F. 0390 / 5	גרוסמן הדויג & להמן רודולף )רודי(		תלמידים כותבים על רודי להמן R 14A+B						קטגוריות: | .1 אמנות | .2 חינוך | .3 הנצחה			No Image	תלמידיו של רודי להמן כותבים ,עברית & אנגלית ,על					נרשם ב 18.02.2010-	כרטיס 5 מתוך	נילי דוידסון		2009.578		הלגה קלר ,הרצליה ,ממונה על עיזבון האמנים ,כתבה:	"עפ""י הקטלוג של הלגה קלר התיק מכיל את: | R14 A +R14B"	6428,6429
G-F-0390-7	G.F. 0390 / 7	גרוסמן הדויג & להמן רודולף )רודי(		התכתבות עם עיריית גבעתיים בנושא המכון לאמנות						קטגוריות: | .1 חינוך | .2 אמנות | .3 פעילות תרבותית			No Image	התכתבות ענפה עם עיריית גבעתיים ומוסדות אחרים					נרשם ב 18.02.2010-	כרטיס 7 מתוך	נילי דוידסון		2009.578		הלגה קלר ,הרצליה ,ממונה על עיזבון האמנים ,כתבה:	"עפ""י הקטלוג של הלגה קלר התיק מכיל את החומר 15 RH +15RH1 :"	6434,6435
G-F-0391-1	G.F. 0391 / 1	שטיינהרדט מיני & יעקב		עזבון מיני שטיינהרדט				מקור ,העתק ,הדפסה ,תרגום לעברית	Original, Copy, Translation to Hebrew	"החומר הארכיוני נאסף מביתה של הבת ,יוספה בראון | לבית שטיינהרדט ילידת ברלין ,1923 ,אשר מסרה בע""פ | מידע נוסף על המשפחה. | מיני שטיינהרדט  Minni Steinhardt ,1895-1977 לבית | גומפרט  Gumpertילידת ברלין ,רעיתו של האמן יעקב | שטיינהרדט. | הוריה :האב דר' עלי אליאס גומפרט ,רופא כללי .האם | אליזה  Eliseגומפרט לבית אברהם. | האח הצעיר )לימים רופא( מרטין גומפרט ,1897-1947 ,ב- | 1937 הגר לארה""ב. | מיני היתה אחות במלח""ע  .Iבצעירותה למדה שירה ונהגה | לשיר במקהלות בתי כנסת וכנסיות .בארץ המשיכה | בלימוד השירה בין היתר אצל יוסף טל ,ידיד המשפחה. | יעקב ומיני שטיינהרדט עלו לארץ יחד עם בתם יוספה ב- | .1933 יעקב שטיינהרדט נעצר בגרמניה בפברואר 1933 | ע""י הגסטפו בחשד לפעילות קומוניסטית .האמן המוכר | והמוערך שוחרר באותו יום בידי פקיד גסטפו שהכירו וידע | שאין שחר להאשמתו בקומוניזם .אחרי  5 ימים עזבה | המשפחה את גרמניה ,דרך יוגוסלביה לארץ ישראל. | שורשי משפחת שטיינהרדט בעיירה צרקוב  Zerkowבאיזור | פוזן .בארץ התגוררה המשפחה ראשית אצל משפ .היינריך | קון בתל אביב ,מאוחר יותר שכרו את ביתו של בוריס שץ | בירושלים. | ב 1945-בנו בית קיץ בנהריה )היום נקרא הרחוב רח' | שטיינהרט( ,שם גרו בעת ביקורם בנהריה .מקום המגורים | הקבוע היה בירושלים .אחרי מותו של יעקב ב,1968- | עברה מיני לצמיתות לנהריה. | יעקב שטיינהרדט ,עם עלייתו לארץ ,היה אמור להיות | מנהלה של בצלאל אך יעקב בודקו קיבל את המשרה .רק | בשנות ה 50-קיבל יעקב שטיינהרדט את הנהלת בצלאל. | ,1924-2008         יוספה נישאה לעלי בראון )לדיסלאב( | יליד ברטיסלבה ,סלובקיה ,עלה לארץ ב.1941- | קטגוריות: | .1 כתיבה אישית * יומנים * זכרונות"			No Image	מיני שטיינהרדט כתבה יום יום ביומנה .היא כתבה					נרשם ב 05.07.2009-	כרטיס 1 מתוך 13	נילי דוידסון		2009.581 & 2009.565		יוספה בראון ,הבת ,נהריה	"בתיק G.F.0056 ניתן לראות חומר מעיזבון ד""ר מרטין גומפרט .Dr .Martin Gumpert | בבית ליברמן מצוי עיזבונו של עלי בראון שהיה ארכיאולוג חובב ואספן בעיקר חומרים על ישראל בכלל ונהריה והגליל בפרט."	5945,5946,5947,5948
G-F-0391-3	G.F. 0391 / 3	שטיינהרדט מיני & יעקב		מכתבים אל ומאת מיני ויעקב שטיינהרדט				מקור ,העתק	Original, Copy	"קטגוריות: | .1 התכתבות *מכתבו של ד""ר קוגלמן מעניין מאד | מבחינה יהודית-היסטורית | .2 הרייך השלישי | .3 ישראל | .4 שירה *ראה שיר מאת אלברט פופר ליעקב שטיינהרדט"			No Image	-קבלות על תשלום לטיפול בקברי ההורים של מיני ,אליזה					נרשם ב 14.10.2009 & 22.09.2009-	כרטיס 3 מתוך 13	נילי דוידסון		2009.581 & 2009.565		יוספה בראון ,הבת ,נהריה		6076,6077,6078,6079,6080,6081
G-F-0392	G.F.0392	הילדסהיים משה	Hildesheim Moshe	חייל יהודי המלחמת עולם I				מקור ,העתק	Original, Copy	"משה הילדסהיים 1896-1916 נולד בהמבורג .ב 1914-עם | פרוץ מלח""ע  ,Iהתנדב לצבא והוא בן  ,18 אך נדחה בגלל | צעירותו .עד להתחיילותו ההתנדבותית הסופית ביוני 1916 | התנדב לעבודות סוציאליות למיניהן במגזר האזרחי .אחיו | של משה ,דוד ,קרה לבנו משה )ראה תורם העיזבון( ע""ש | אחיו שנפל באוקטובר .1916 | מתוך חומרי העיזבון ניתן ללמוד שמשה הילדסהיים היה | פטריוט גרמני ,איש ערכים ואידיאלים ,שראה את עצמו | מחויב למולדתו ,לקיסר ולעמו )גרמניה( .בשנת התחיילותו | 1916 נפצע בשדה הקרב בראשו מירי של צלף ומת יומיים | לאחר מכן .בן האח מציין בכתב שדודו למד 1-2 | סמסטרים בסמינר לרבנים בברלין. | קטגוריות: | .1 מלח""ע I | .2 צבא | .3 הנצחה *הספדים | .4 מכתבים | .5 תמונות | .6 תעודות אישיות"			No Image	התורם ,משה הילדסהיים ,בן אחיו,דוד ,של החייל משה					נרשם ב 01.11.2009-		נילי דוידסון		2009.584		משה הילדסהיים ,ראשון לציון		6122,6123,6124,6125
G-F-0394	G.F.0394	אפנשטיין -נייסר	Eppenstein - Neisser	"ספר ""תולדות משפחת אפשטיין - -נייסר"""						בספר תצלומי תמונות משפחתיות ומסמכים. | קטגוריות: | .1 תולדות משפחה	89	2009	No Image						נרשם ב 18.11.2009-		נילי דוידסון		2009.590		"ד""ר שולמית בר-שני לבית אפנשטיין ,סביון"		6206
G-F-0397	G.F.0397	בג פרידל	Bagg Friedel	תצלומי תמונות				העתק	Copy	"שלשה תצלומי תמונות עם הסברים לתמונות. | קטגוריות: | .1 תמונות | .2 חינוך *בי""ס דתי אורתודוכסי | .3 תנועות נוער *קדימה | .4 הרייך השלישי"			No Image	-שלושה תצלומי תמונות של ילדים / תלמידים יהודים					נרשם ב 03.01.2010-		נילי דוידסון		2010.602		פרידל בג ,תל אביב )באמצעות בלה גלעדי(		6302,6303
G-F-0400	G.F.0400	שטראוס יונתן	Strauss Jonathan	"ספר ""יונתן"""						חנה שטראוס ,רעייתו של יונתן שטראוס הוציאה לאור את | הספר במקום מגוריהם ,גבעת ברנר. | קטגוריות: | .1 ביוגרפיות | .2 קורות משפחה | .3 עלית הנוער | .4 נוער | .5 פלשתינה *המנדט הבריטי | .6 צבא | .7 מלחמות ישראל | .8 פרעות בישוב בארץ | .9 התיישבות *קיבוץ איילת החר & גבעת ברנר | .10 תעשייה *מפעל רימון *תינוקיו			No Image	הספר מבוסס על מכתבים מסוף שנות ה 30-ושנות ה 40-					נרשם ב 03.02.2010-		נילי דוידסון		2010.609		חנה שטראוס ,רעיתו של יוחנן שטראוס ,גבעת ברנר		6381,6382
G-F-0405	G.F.0405	ברונר אדולף )דולפי(	)Brunner Adolf (Dolfi	זיכרונות				מקור ,העתק	Original, Copy	"קטגוריות: | .1 תנועות נוער *מכבי הצעיר | .2 הכשרה | .3 הגירה *בספר ""דולפי תעשה משהו"" | .4 עליה *בספר ""דולפי תעשה משהו"" | .5 רפואה *ד""ר אדולף ברונר | .6 פלשתינה"			No Image	"-ספר בעברית ""דולפי ,תעשה משהו"" -סיפורי חיים של"	אוסטריה				נרשם ב 13.06.2010-		נילי דוידסון		2010.622		יואב בר-נר ,הבן ,הרצליה ,באמצעות ארגון יוצאי מרכז		6552,6553,6554
G-F-0409	G.F.0409	ורטהאם המשפחה	Wertham Family	ספר ,תולדות משפחת ורטהאן ,Werthanאנגלית				מקור	Original	אלן סטפק ,בת המשפחה ,כתבה את קורות המשפחה | באנגלית. | משפחת ורטהאן מגרמניה מהערים: | מרוטנבורג על הפולדה Rotenburg an der Fulda | הסה  ; Hesseקאסל Kassel | קטגוריות: | .1 ביוגרפיות | .2 קורות משפחה | .3 היסטוריה יהודית			No Image						נרשם ב 06.07.2010-		נילי דוידסון		2010.635		אלן סטפק ,בת למשפחת ורטהאן ,רמת גן		6684
G-F-0410	G.F.0410	למברג-שק-אופק	Lamberg-Scheck-Ofek	"חוברת בעברית ""זיכרון מתוק מארץ המלח"" עם קורות"				מקור	Original	רותי אופק לבית למברג ,Lambergילידת זלצבורג,1950 , | כתבה את קורות/תולדות המשפחה עבור ילדיה לרגל טיול | שורשים בזאלצקמרגוט ,אוסטריה. | ההורים של רותי פאול למברג ופאולה/פאולי לבית שק.			No Image						נרשם ב 11.08.2010-	כרטיס 1 מתוך 1	נילי דוידסון		2010.640		רותי אופק לבית למברג ,מנהלת המוזיאון ,יובלים		6757,6758
G-F-0412	G.F.0412	אטרמן יונה	Attermann Jona	ספר / קורות חיים בעברית						"יונה אטרמן יליד ברלין ,1923 עלה לארץ ב .1938-תחילה | חי בגבעת ברנר אך את מרבית חייו בקיבוץ גשר .הנ""ל | מתאר בספרו את משפחתו ,משפחת רעייתו ,משפ. | פלנצגרבן מוינה .חלקו הגדול של הספר מספר את | הסיפור בארץ ישראל. | בספר הרבה תמונות משפחה מחו""ל ומהארץ. | הוריו ,משפ .אטרמן היגרו מגרמניה לשנחאי והגיעו ב- | 1950 לישראל."	70	2010	No Image		הוצאה לאור -אלבום פלוס			ביוגרפיות	נרשם ב 20.10.2010-		נילי דוידסון		2010.652		יונה אטרמן ,קיבוץ גשר		6799,6800
G-F-0414	G.F.0414	פופר אלפרד & הלנה		שחזור המשפחה על פי מסמכי העיזבון						"משפחת אלפרד & הלנה פופר Popperמקורה באוסטריה. | הם גרו בבת גלים ,חיפה. | השניים הגיעו לארץ ב ,1940-שניהם ניצולים של האוניה | ""פטריה"" ,היו עצורים בעתלית. | לאלפרד והלנה לא היו ילדים. | קטגוריות: | .1 קורות משפחה"			No Image	*אלפרד פופר Alfred Popperיליד .1889 אלפרד היה					נרשם ב 25.10.2010-	כרטיס 1 מתוך 4	נילי דוידסון		2010.653		רחל לזר ,רשמת המוזיאון ,מהצריף בנהריה שהועבר לתפן	העיזבון נמצא בצריף של משפחת פיסקר מאחר ויעל / ליזל פיסקר )רעייתו של פאול פיסקר( היתה האחיינית של הלנה פופר לבית שילר .לאלפרד & הלנה פופר לא היו ילדים והם רשמו | בצוואתם את האחייניות יעל ועדה לבית שילר. | יעל לימים פיסקר העבירה ככל הנראה את העיזבון שלהם לביתה בנהריה.	6805,6806
G-F-0414-1	G.F. 0414 / 1	פופר אלפרד & הלנה		"מלח""ע ,IIעליה ,שואה"				מקור ,הדפסה	Original, Printing	"רשימה של ההקשרים המשפחתיים"" ,שחזור משפחה"", | ראה גם כרטיס G.F.0414 | קטגוריות: | .1 התכתבות *עם סיום מל""ע II | .2 עליה *על האוניה ""פטריה"" | .3 פלשתינה | .4 שואה *מחפשים קרובי משפחה | .5 הגירה *אוטו מיסלפ מפראג לדרא""פ | .6 מלחמות ישראל *מלחמת השחרור"			No Image	-התכתבות בין אלפרד והלנה פופר ,חיפה ,לבין אוטו					נרשם ב 31.10.2010 & 2010 .27.10-	כרטיס 2 מתוך 4	נילי דוידסון		2010.653		רחל לזר ,רשמת המוזיאון ,מהצריף בנהריה שהועבר לתפן		6807,6808,6809,6810
G-F-0414-3	G.F. 0414 / 3	פופר אלפרד & הלנה		התכתבות להחזר רכוש ,שילומים ופנסיה				מקור ,העתק	Original, Copy	"קטגוריות: | .1 אנטישמיות | .2 שואה | .3 מלח""ע II"			No Image	מסוף שנות ה 40-ועד שנות ה 70-למאה ה 20-מנהלת					נרשם ב 31.10.2010-	כרטיס 4 מתוך 4	נילי דוידסון		2010.653		רחל לזר ,רשמת המוזיאון ,מהצריף בנהריה שהועבר לתפן		6815,6816
G-F-0419	G.F.0419	קלוגר אלכסנדר	Kluger Alexander	ספר Alexander Kluger Foundryman						הספר / אלבום מתעד בעיקר בתמונות את אלכסנדר קלוגר | מחלוצי תעשיות הפלדה בארץ ,את משפחתו ואת פועלו. | קטגוריות: | .1 ביוגרפיה | .2 תולדות משפחה | .3 תעשייה	32	2007	No Image						נרשם ב 08.02.2011-		נילי דוידסון		2011.666		אלכסנדר קלוגר ,חיפה		6894,6895
G-F-0423-2	G.F. 0423 / 2	קלמוס ארנסט אליקים	Kalmus Ernst Eljakim	התכתבות				מקור	Original	התכתבות בין המשפחות קלמוס ופדרליין. | קטגוריות: | .1 מכתבים | .2 גלויות			No Image	-התכתבות ,גלויות ומכתבים ,בין משפחות קלמוס בברלין					נרשם ב 11.07.2011-	כרטיס 2 מתוך 5	נילי דוידסון		2011.678		תמרה גלס ,נכדה ,קבוצת יבנה		7010,7011
G-F-0423-4	G.F. 0423 / 4	קלמוס ארנסט אליקים	Kalmus Ernst Eljakim	מכתבים				מקור	Original	"אוסף מכתבים ,שנכתבו אל הזוג ד""ר ארנסט ואגנס | קלמוס ,בהיותם בפלשתינה. | המכתבים נכתבו בין השנים  ,1935-1939 ע""י קרובי | משפחה ,חברים ומכרים ,יהודים ולא יהודים ,שחיים | בגרמניה ,בארץ ,במצרים ,בארה""ב ,בשוייץ. | תכני המכתבים שנכתבים בגרמניה מלמדים על הדכאון | וחוסר הודאות שם. | תכני המכבים שנכתבים בארץ ובמצרים מכילים בין היתר | השגות פוליטיות סביב נושא חלוקת הארץ. | קטגוריות: | .1 התכתבות | .2 גלויות )ללא תמונה( | .3 פלשתינה *תנאי מחיה | .4 פוליטיקה *הבריטים *תכנית החלוקה | .5 הרייך השלישי | .6 ציונות *ד""ר קלמוס בקונגרס הציוני בציריך 1937"			No Image	-מכתב אל ארנסט קלמוס מאת אויגן ריכטר Eugen					נרשם ב 11.09.2011 & 07.09.2011-	כרטיס 4 מתוך 5	נילי דוידסון		2011.678		תמרה גלס ,נכדה ,קבוצת יבנה		7062,7063,7064,7065,7066,7067,7068
G-F-0423-5	G.F. 0423 / 5	קלמוס ארנסט אליקים	Kalmus Ernst Eljakim	התכתבות בין יוליוס קלמוס לפני גוטשלק )לימים פני				מקור ,הדפסה ,תרגום לעברית	Original, Printing, Transletion to Hebrew	פני ,בתו של משה גוטשלק ,מתארסת ב 1868-עם יוליוס | קלמוס .השניים נישאים ככל הנראה ב.1869- | המכתבים נשלחים אל פני מאת יוליוס ,חלקם בתקופת | האירוסין ומרביתם בשנה/שנתיים אחרי נישואיהם ואחרי | הולדת בתם .רב מכתביו של יוליוס משנת  1870 נכתבו | בחודש יוני עת הבריא במקומות הבראה שונים בגרמנה | ושוייץ כאשר רעייתו הטופלת בתינוקת שוהה אצל הוריה. | הוא מרבה להחמיא לה אך יחד עם זאת מרבה לדרוש | ממנה התנהגות ועשייה על פי הוראותיו .באחד המכתבים | הוא מזכיר שהוא מבוגר ממנה ב 9-שנים. | קטגוריות: | .1 התכתבבות | .2 מנהגים *ברכות לשנה חדשה 11.10.1868 / | .3 חיי משפחה *דרישת יוליוס מפני לפתח את אישיותה | ומיומנותה *אירוסין *חתונה *הוראות התנהגות בתקופת | הנקה מיום .22.5.1870 | .4 המאה ה 19- | .5 קהילה *חגים | .6			No Image	-יוליוס קלמוס ,Julius Kalmusברלין ,מבקש מפני					נרשם ב 15.09.2011 & 14.09-	כרטיס 5 מתוך 5	נילי דוידסון		2011.678		תמרה גלס ,נכדה ,קבוצת יבנה	ממכתבי יוליוס אל פני ארוסתו / רעייתו מבינים ,שיוליוס היה מבוגר ומנוסה הרבה יותר מרעייתו .הוא נותן לה הוראות והכוונות ומצפה שהיא תתנהל על פיהם .נראה שאינו סומך על | תושייתה. | -המכתבים מגלים שפני נמצאת עם התינוקת שלה אצל הוריה בעוד שיוליוס נוסע להבראה במעיינות מרגוע בגרמניה ושוייץ.	7071,7072,7073,7074,7075
G-F-0424	G.F.0424	אולמן סופי & נתן		ספר בעברית						רעיה אגם ,נצר למשפחת אולמן מדורנדורף ,Dorndorf | גרמניה ,יחד עם בני משפחה נוספים ,ערכו והוציאו לאור | את ספר המשפחה. | קטגוריות: | .1 קורות משפחה | .2 פלשתינה | .3 חנוך *מוסד אהבה			No Image						נרשם ב 17.03.2011-		נילי דוידסון		2011.676		רעיה אגם ,בת המשפחה ,כרמי יוסף	הספר נרשם גם בקטלוג הספריה	6954,6955
G-F-0432-2	G.F. 0432 / 2	דורה פרדי	Durra Fredi	תמונות				מקור	Original	קטגוריות: | .1 תמונות *דיוקן פרדי דורה ,האיש והאמן			No Image	"-מספר רב של תמונות ""ראווה"" של פרדי דורה .מספר"					נרשם ב 27.08.2011-	כרטיס 2 מתוך 8	נילי דוידסון		2011.705		מוניקה גרבר ,הבת ,נהריה	"החומר נאסף מבית המפקידה ע""י רותי אופק וגלית ויצמן"	7041
G-F-0432-3	G.F. 0432 / 3	דורה פרדי	Durra Fredi	כתיבה הומוריסטית בעברית				מקור ,העתק	Original, Copy	קטגוריות: | .1 כתיבה אישית *בדיחות ,סיפורים ,סקטשים			No Image	מרבית החומר ,טיוטות שכתב פרדי דורה להופעותיו.					נרשם ב 27.08.2011-	כרטיס 3 מתוך 8	נלי דוידסון		2011.705		מוניקה גרבר ,הבת ,נהריה	"החומר נאסף מבית המפקידה ע""י רותי אופק וגלית ויצמן"	7042,7043
G-F-0432-4	G.F. 0432 / 4	דורה פרדי	Durra Fredi	מאמרים				העתק	Copy	קטגוראיות: | .1 עיתונות *מאמרים על פרדי דורה בעיתונות ישראלית.			No Image						נרשם ב 27.08.2011-	כרטיס 4 מתוך 8	נילי דוידסון		2011.705		מוניקה גרבר ,הבת ,נהריה	"החומר נאסף מבית המפקידה ע""י רותי אופק וגלית ויצמן"	7044
G-F-0432-5	G.F. 0432 / 5	דורה פרדי	Durra Fredi	קריקטורות				העתק	Copy	קטגוריותף | .1 אמנות *קריקטורות			No Image	-צילומים ,אוסף קריקטורות חלקן עם טקסטים קצרים					נרשם ב 27.08.2011-	כרטיס 5 מתוך 8	נילי דוידסון		2011.705		מוניקה גרבר ,הבת ,נהריה	"החומר נאסף מבית המפקידה ע""י רותי אופק וגלית ויצמן"	7045
G-F-0432-6	G.F. 0432 / 6	דורה פרדי	Durra Fredi	הופעות של פרדי דורה				מקור ,העתק	Original, Copy	קטגוריות: | -מנהגים *הודעות על הופעותיו של פרדי דורה			No Image						נרשם ב 27.08.2011-	כרטיס 6 מתוך 8	נילי דוידסון		2011.705		מוניקה גרבר ,הבת ,נהריה	"החומר נאסף מבית המפקידה ע""י רותי אופק וגלית ויצמן"	7046
G-F-0432-7	G.F. 0432 / 7	דורה פרדי	Durra Fredi	כתיבה הומוריסטית בגרמנית						קטגוריות: | .1 כתיבה אישית *בדיחות ,סיפורים ,סקטשים			No Image	מרבית החומר ,טיוטות שכתב פרדי דורה להופעותיו					נרשם ב 27.08.2011-	כרטיס 7 מתוך 8	נילי דוידסון		2011.705		מוניקה גרבר ,הבת ,נהריה	"החומר נאסף מבית המפקידה ע""י רותי אופק וגלית ויצמן"	7047,7048
G-F-0440-1	G.F. 0440 / 1	הרמן ארנסט שמואל	Hermann Ernst	מאמרים ודוחות לנושא יישוב פלשתינה				מקור ,העתק	Original, Copy	"ארנסט הרמן ,1879-1947 נולד בברלין. | הכהן-      ב 1909-נשא לאישה את אמנדה לבית | איצקוביץ .1879-1951 ,השניים עלו לארץ ב .1910 -בארץ | נולדו לזוג  3 ילדים .הזוג חי בארץ עד  1916 כאשר ארנסט | החליט לחזור לגרמניה ולהתגייס ,מלח""ע  .Iאחרי | המלחמה חיה המשפחה במסינגוורק  Messingwerkשם | עבד ארנסט בהנהלת חשבונות .ב 1925-חזרה המשפחה | לארץ וארנסט הצטרף לעבודה במפעל לביטון ומרצפות | שהקימה משפחתו המורחבת בחיפה .מידע מורחב על | המשפחה כתבו הנכדות נועה ויעל ,ראה מצורף לתיק. | קטגוריות: | .1 אירגונים *אגודת עזרא להתיישבות *נחלת גורל | .2 כלכלה *תיירות *ספנות *יזמות הסעות | .3 תעשיה *פרוות ועורות *שימורי פירות * יקב *שטיחים | .4 התיישבות *חברת בנייה בבטון מושפרץ | .5 חינוך *לתעשיה | .6 חקלאות *יעור *משתלות | .7 ציונות *המדיניות של ציונות תיאורתית לעומת ציונות | של עשייה *העלאת יהודים ספרדיים ותימנים לפלשתינה | .8 הנושא הערבי *תגובה למאמר ""היוזמה האישית והבעיה | הערבית"". | .9 היסטוריה יהודית *של יהודי תימן"			No Image	2 -עמודים עם מידע על משפחת הרמן המורחבת ,נשלח	* מפעל לשימורי פירות				נרשם ב 27.11.2011 & 26.11.2011-	כרטיס 1 מתוך 2	נילי דוידסון		2011.712		נועה הרמן & יעל בן יוסף ,נכדות ,איילת השחר	"ב .30.11.2011-הטופס בתיק ""הסכמי תרומה"". הסכם תרומה חתום נחתם ע""י המפקיד"	7105,7106,7107,7108,7109
G-F-0440-3	G.F. 0440 / 3	הרמן ארנסט שמואל	Hermann Ernst	מכתבי רודולף זונדרמן אל ארנסט הרמן				מקור	Original	"רודולף זונדרמן Rudolf Sundermannיליד 1879 שרת | בצבא הגרמני כטבח בפלשתינה במלח""ע  Iיחד עם החייל | היהודי ארנסט הרמן .החברות בין השניים נמשכה לתוך | שנות ה 20-למאה ה 20-בגרמניה וגם אחרי עזיבתו של | ארנסט ,1923 ,לפלשתינה .רודולף היה סוציליסט | בינלאומי בדעותיו והרגיש קרבה אינטלקטואלית וחברית | אל ארנסט הציוני .באפריל  1923 נעצר רודולף בגרמניה | באשמת בגידה במדינה ,ישב בבית מעצר ברוסטוק | Rostockמשם המשיך להתכתב עם ארנסט. | קטגוריות: | .1 מלח""ע I | .2 צבא | .3 פלשתינה | .4 פוליטיקה *גרמניה הרפובליקה הוויימארית | .5 חברה *בבית המעצר ברוסטוק ,גרמניה | .6 משפחה *בעיות זוגיות"		לקנות או להשאיל אותם וגם מצא שם סרטים	No Image	מכתבים שרודולף זודרמן כותב אל ארנסט הרמן:						כרטיס 3 מתוך 3			2011.712		נועה הרמן & יעל בן יוסף ,נכדות ,איילת השחר	"ב .30.1.2011-הטופס בתיק ""הסכצי תרומה"". הסכם תרומה חתום נחתם ע""י המפקיד | -ראה תיק ארכיון מס G.F.0007 .עם מעט חומר מודפס )לא מקור( על ""אוסקר כהן"" ."	7267,7268,7269,7270,7271,7272,7273
G-F-0442	G.F.0442	לונטל מניה	Lonthal Manja	ספר / ביוגרפיה כפי שנשקפת מהמכתבים				מקור	Original	"עמוס לויטל הוציא לאור ספר בעברית עם הכותרת ""מניה | לונטל לבית בורנשטיין ,מכתבים  .""1936-1946 מניה | לונטל ,אמו ,1913-2000 ,פולין .בילדותה הגרה עם הוריה | לברלין .בשלטון הנאצי ,עלתה מניה לארץ ,הוריה גורשו | חזרה לפולין. | קטגוריות: | .1 ביוגרפיה | .2 תולדות משפחה | .3 ציונות | .4 הגירה | .5 התיישבות | .6 מלח""ע II | .7 פוליטיקה *קומוניזם *סוציאליזם *מלחמת האזרחים | בספרד | .8 מכתבים"			No Image	"הספר עם הכותרת"" :מניה לומטל לבית בורנשטיין,"					נרשם ב 01.12.2011-	כרטיס 1 מתוך 1	נילי דוידסון		2011.717		עמוס לויטל ,הבן ,מעוז חיים		7124,7125
G-F-0444-1	G.F. 0444 / 1	מנהיימר הנס חנן	Mannheimer Hans Chanan	תולדות משפחת מנהיימר & העיר וורמס				מקור ,העתק ,הדפסה ,תרגום לעברית	Original, Copy, Translation to Hebrew	"הנס חנן מנהיימר יליד 1912 בוורמס ,Wormsצאצא | למשפחה יהודית שחיה בוורמס מהמאה ה.17- | האב ,ריכרד מנהיימר ,1877-1937 ,חייל במלח""ע  ,Iנולד | ונפטר בוורמס. | האם ,אלה לבית זאאורבך , Ella Sauerbach1889-1941 | נולדה במיינץ ,נספתה בשואה ,בריגה. | ההורים נישאו ב.1911 - | אחותו אילזה  ,Ilseילידת .1919 | האב עבד בבית הדפוס המשפחתי ,שנוסד ב 1852-עד | ליום שהנאצים הלאימו אותו. | הנס מנהיימר עבר הכשרה בגננות לקראת עלייתו לארץ. | בארץ חי כל חייו בגליל ים. | הנס מנהיימר נשא את לידי לבית קצנברג Liddy | Kazenbergלאישה ,בגרמניה. | ב 1943-נשא לאישה את פרידה עליזה לבית דלטוצקה. | קטגוריות: | .1 תעודות אישיות | .2 תולדות משפחה *אילנות יוחסין | .3 קהילה | .4 מנהגים | .5 תמונות"			No Image	מסמכים שתורגמו והודפסו בעברית:					נרשם ב 14.02.2012-	כרטיס 1 מתוך 7	נילי דוידסון		2011.720		נעמי צעירי ,הבת ,קרית ביאליק	חומרים נוספים נמצאים: | .1 במוזיאון קרית ביאליק | .2 בארכיון קיבוץ גליל-ים	7130,7131,7132
G-F-0444-2	G.F. 0444 / 2	מנהיימר הנס חנן	Mannheimer Hans Chanan	מאמרים ,הרצאות ,נאומים				מקור ,העתק ,הדפסה	Original, Copy, Printing	"האסופה בתיק מלמדת על מישורי ההתעניינות והעשיה | של הנס חנן מנהיימר .גישתו חיובית וחיונית כלפי תושבי | וורמס ,הגרמנים של ""היום"" .הוא מבקר בעיר מספר | פעמים ומנצל את ביקוריו להסברה והעברת ידע היסטורי- | יהודי ,ידע והסברה על ישראל ועל בעיותיה .הוא רוכש חוג | ידידים בוורמס איתם הוא מתכתב ,שולח אליהם מאמרים | וכתבות ,שמתייחסים ליחסי נוצרים יהודים ,פילוסופיה, | מדעי הדת ,מצבה של ישראל לאור הטרור היהודי ועוד. | קטגוריות: | .1 כתיבה אישית | .2 היסטוריה *יהודי וורמס | .3 התיישבות *גליל ים | .4 מדעי הרוח *פילוסופיה *דת | .5 תולדות משפחה *משפחת מנהיימר | .6 יחסים יהודים וגרמנים | .7 חברה *ישראל:קבורה של חיילים לא יהודים ,טרור | יהודי ,אילוץ לכשרות."			No Image	-טיוטת נושאים ,שהכין הנס מנהיימר להרצאה בוורמס					נרשם ב 16.02.2012-	כרטיס 2 מתוך 7	נילי דוידסון		2011.720		נעמי צעירי ,הבת ,קרית ביאליק	חומרים נוספים נמצאים: | .1 במוזיאון קרית ביאליק | .2 בארכיון קיבוץ גליל-ים	7169,7170,7171,7172,7173
G-F-0444-5	G.F. 0444 / 5	מנהיימר הנס חנן	Mannheimer Hans Chanan	מכתבים אל הנס ועליזה ,שנות 30-80 למאה ה 20-				מקור	Original	"קטגוריות: | .1 התכתבות | .2 הרייך השלישי | .3 הגירה *לפלשתינה ,לארגנטינה | .4 התיישבות *גליל-ים ,קבוצת בחרות  -שכונת בורוכוב | .5 משפחה *התכתבות חנן & עליזה רעייתו | .6 יחסי יהודים וגרמנים *ביקור רשמי של חנן בוורמס - | התכתבות עם ד""ר שלסר וברג | .7 ארץ ישראל *ההישגים והבעיות עפ""י חנן מנהיימר | .8 מלחמות ישראל *מלחמת לבנון השנייה | .9 פוליטיקה *פנים ישראלית ,במכתבי הנס מנהיימר | .10 חברה *בישראל"		נוישטדט .Neustadtגרמניתהדפסה וכתב יד	No Image	-מכתב אל הנס מאת מקס ונלי לוי ,חיפה .בין היתר:					נרשם ב 06.05.2012-	כרטיס 5 מתוך 7	נילי דוידסון		2011.720		נעמי צעירי ,הבת ,קרית ביאליק		7222,7223,7224,7225,7226,7227
G-F-0444-6	G.F. 0444 / 6	מנהיימר הנס חנן	Mannheimer Hans Chanan	מכתבים אל הנס מנהיימר מהאם אלה				מקור	Original	"אלה מנהיימר 1889-1941 | אחרי מות הבעל ,ריכרד מנהיימר ,ב 1937-ועליית הבן, | הנס ,לפלשתינה ,חודשיים אחרי מות האב ,נשארות האם | אלה והבת אילזה בגרמניה. | המכתבים הם עדות למצוקה האישית ,הנפשית ,החברתית | והכלכלית ,של אלה מנהיימר בין השנים .1937-1941 | אלה מנהיימר מתגלית כאישה חזקה ובעלת תושיה, | שאינה נרתעת מעבודת כפיים קשה .געגועיה לבן ,הנס, | בפלשתינה,רצונה העז להוציא את בתה ,אילזה ,מגרמניה | ותקותה להתאחד עם ילדיה מחדש ,הם נושאים שחוזרים | ונשנים במכתביה הארוכים והמפורטים .אלה מנהיימר | זכתה לראות את יציאת הבת לפלשתינה אך היא עצמה | לא הצליחה לצאת את גרמניה ,ניספתה במחנה בריגה, | .1941 | קטגוריות: | .1 הרייך השלישי | .2 מלח""ע II | .3 משפחה | .4 קהילה *וורמס | .5 הגירה | .6 חברה *מוזיקה"			No Image	אוסף מכתבים גדול ,שהנס חנן ,פלשתינה ,מקבל מאמו,					נרשם ב 21.10-29.10.2012-	כרטיס 6 מתוך 7	נילי דוידסון		2011.720		נעמי צעירי ,הבת ,קרית ביאליק		7236,7237,7238,7239,7240,7241,7242,7243,7244,7245,7246,7247,7248,7249,7250,7251
G-F-0445	G.F.0445	בלום הארי	Blum Harry	"ספר / חוברת ""המכתבים של משפחת בלום מווינה בזמן"				מקור	Original	גברת יהודית גופר יזמה את תרגומם של המכתבים | מעיזבון הסבא ,הארי בלום ,לעברית ,ערכה תחקירים | בגרמניה ובעזרתם של מתנדבים ערכה והוציאה לאור את | הספר. | מקור משפחת בלום באוסטריה. | ידע נוסף ראה בנושא מורחב. | קטגוריות: | .1 תולדות משפחה *בלום *רוזנפלד *קורניצר | .2 שואה *ילדי לה-גט | .3 מחנות מעצר *בצרפת | .4 אילן יוחסין בתחילת הספר | .5 עליית הנוער *בית ביי בשוייץ | .6 עליה			No Image	* הארי בלום גורש מוינה ונכלא בדכאו משם שוחרר					נרשם ב 18.12.2011-		נילי דוידסון		2011.721		יהודית גופר ,הנכדה ,נס ציונה.		7148,7149
G-F-0446	G.F.0446	פירסט רות & ולטר		"ספר "" רות וולטר פירסט -סיפור חיים"""						קטגוריות: | .1 תולדות משפחה | .2 הגירה *משפחת וייל ביוגוסלביה ואיטליה | .3 עליה | .4 הכשרה | .5 התיישבות *מולדת ,חומה ומגדל * שדמות דבורה.	62	2010	No Image	בספר מסופרים זיכרונותיו של ולטר פירסט ,יליד ,1911	הוצאה לאור אלבום פלוס				נרשם ב 29.02.2012-		נילי דוידסון		2012.723		אביבה פירסט-בריט ,הבת ,חיפה		7174,7175
G-F-0449	G.F.0449	יוגב מרים	Jogev Miriam	"ספר ""מכתבים מעליית הנוער ""1939-1940"				מקור	Original	מרים יוגב לבית פייבלמן ,ילידת 1922 בברלין .עלתה | לארץ עם עליית הנוער ב .1939-המכתבים שכתבה | להוריה בגרמניה נשמרו אצל ההורים וחזרו אליה ברבות | השנים .מרים תרגמה אותם לעברית וערכה אותם לספר | בליווי תמונות משפחתיות מגרמניה ומפלשתינה. | קטגוריות: | .1 הרייך השלישי | .2 עליית הנוער | .3 הכשרה | .4 התיישבות | .5 נוער | .6 משפחה | .7 חינוך | .8 חקלאות			No Image	"מרים נולדה בברלין ב .1922-למדה בביה""ס היהודי"					נרשם ב 29.03.2012-		נילי דוידסון		2012.729		מרים יוגב ,גדרה		7192,7193
G-F-0459-1	G.F. 0459 / 1	נחמני עדי & ז'ני		מכתבים מאת אדי נחמני אל ז'ורז' פפה ,סוף שנות ה 20-				מקור	Original	תוכן המכתבים מתייחס ברובו לעשייה הציונית ובעיותיה | בגרמניה בכלל ובדנציג בפרט  -אגודות ,תנועות נוער, | קבוצות ,הכשרות ,עלייה. | המכתבים כתובים גרמנית .אדי משתמש לעיתים במושגים | וכתיב עברי .כמו כן הוא משתמש בקיצורים )אז נהירים | לכל( של תנועות יהודיות ציוניות ואחרות .רשימת | הקיצורים: | J.J.W. B ;Z.V.f.D | קטגוריות: | .1 ציונות *ורוויזיוניזם | .2 חברה *יקים ואוסיודן | .3 פוליטיקה | .4 נוער | .5 תנועות נוער | .6 הכשרה | .7 ציונות			No Image	26.12.1928 -אדי כותב מדנציג .בין היתר :מדווח על					נרשם ב 09.12.2012-	כרטיס 1 מתוך	נילי דוידסון		2012.753		"רחל נחמני-גליק ,הבת ,ארה""ב"	"על פעילותן של תנועות הנוער הציוני בדנציג ,ראה בספרייה העברית של המוזיאון את הספר ""יהודי דאנציג ""1840-1943 מאת אליהו שטרן .הספר תחת האות 'ש' .בספר מוזכרים ,בין היתר, | ז'ורז' פפה ועדי נחמנסון .הספר יצא לאור ב.1983-"	7353,7354,7355,7356,7357
G-F-0459-2	G.F. 0459 / 2	נחמני עדי & ז'ני		אדי )עדי( כותב אל ז'ורז' בציריך .עברית 1937				מקור	Original	"אדי )אדי נחמנזון / עדי נחמני( ,1911-1992 נולד בדנציג. | סביו הגיעו לדנציג ממזרח אירופה. | עלה לארץ ב.1935- | ז'ורז פפה )פפה-פלטי(  ,1912-1961 יליד דנציג .בן | למשפחה יהודית אמידה ,שמקורה במזרח אירופה .השניים | מכירים מילדותם בדנציג וההיכרות היא גם בין הורי | השניים .שניהם חברים בפלוגת ""שער הנגב"" בגדרה. | אדי כותב את מכתביו מתל יוסף ,שם הוא משתתף | במסלולו לימודים ,סמינריון ,לרכישת השכלה בשאלות: | סוציאליזם ותנועת הפועלים בארץ .ההרצאות ניתנות ע""י | צמרת הישוב ביניהם :לויטה ,ברש ,בן גוריון. | ז'ורז' וגיטה נמצאים בציריך .ז'ורז' מחלים ממחלה קשה | )ככל הנראה מחלת לב( ,גיטה לומדת מוזיקה .במקביל | לשהותם בציריך ,נערך שם הקונגרס הציוני ה.20- | במרכז המכתבים עומדים נהושאים: | * חלוקה הארץ בין יהודים וערבים עפ""י ועדת פיל. | * ליכויים בתפקוד ההסתדרות | * הקונגרס ה 20-בציריך  -ההצבעה בנושא חלוקת הארץ | * קשייהם של המתיישבים ,חוסר עבודה ,רעב ,דיכאון. | קטגוריות: | .1 פלשתינה | .2 התיישבות | .3 ציונות | .4 פוליטיקה *בישוב | .5 חברה *בפלוגות ובקיבוצים | .6 כלכלה *קשיי מחיה בישוב | .7 פילוסופיה *על דרך הציונות וההתיישבות | .8 הנושא הערבי | .9 קונגרס ציוני *ה 20-בציריך"			No Image	-מידע בעברית ,הדפסה ,ששלחה רחל נחמני-גליק,					נרשם ב 13.11.2012 & 08.11.2012-	כרטיס 2 מתוך	נילי דוידסון		2012.753		"רחל נחמני-גליק ,הבת ,ארה""ב"	*בקונגרס הציוני ה ,1937 ,20-ציריך ,נדחתה תכנית החלוקה של ועדת פיל. | *הוריו של אדי/עדי בדנציג | -חומרי ארכיון נוספים שמורים בארכיון של גבעת חיים.	7304,7305,7306,7307,7308
G-F-0459-3	G.F. 0459 / 3	נחמני עדי & ז'ני		התכתבות בעברית בין אדי וז'ורז' ,1938-1954 דוחות				מקור	Original	"קטגוריות: | .1 עזרה הדדית *להוצאת יהודים מגרמניה | .2 התיישבות *דוחות מזכיר הקיבוץ | .3 חקלאות | .4 כלכלה *""התחרות"" על מקומות עבודה | .5 הרייך השלישי *משפחת יהודה דויטש בוינה *הבאת | ההורים לארץ. | .6 חברה *היחסים בפלוגה/קיבוץ | .7 שואה"			No Image	-ללא תאריך ,מכתה מז'ורז' אל אדי .המכתב נכתב מתוך					נרשם ב 22.11.2012 & 14.11.2012 & 13.11.2012-	כרטיס 3 מתוך	נילי דוידסון		2012.753		"רחל נחמני-גליק ,הבת ,ארה""ב"	הסבר לשמות הישובים שמופיעים במכתבים כפי שהתפרסו בעת כתיבת המכתבים: | * קיבוץ )הפלוגה( שער הנגב היה ממוקם מדרום לגדרה. | *  1937 כפר סאלד )סולד( בנגב  -מאוחר יותר חפץ חיים | *  1942 קיבוץ כפר סאלד עלה למקום הקבע בגליל העליון	7337,7338,7339,7340,7341,7342,7343,7344
G-F-0459-4	G.F. 0459 / 4	נחמני עדי & ז'ני		מכתבים אל אדי & ז'ני מאנשים שונים				מקור ,העתק	Original, Copy	קטגוריות: | .1 ציונות *סוציאליסטית ורוויזיוניסטית | .2 התיישבות *קשייהסתגלות לחיים בקיבוץ			No Image	19.2.1938 -מכתב אל אדי מאת זיגא .השניים השתתפו					נרשם ב 27.01.2013 & 26.11.2012-	כרטיס 4 מתוך	נילי דוידסון		2012.753		"רחל נחמני-גליק ,הבת ,ארה""ב"		7349,7350,7351
G-F-0459-5	G.F. 0459 / 5	נחמני עדי & ז'ני		מכתבים שכותב אדי אל ז'ני ,גרמנית 1967-1941 ,				מקור	Original	"ז'ני נחמני לבית גולדברג ,1913-2011 נולדה בהמבורג. | הוריה היגרו מבוצ'אץ' )גליציה-פולין( להמבורג .לז'ני אח | מבוגר ממנה ,מקס ,ואחות לוטי/לאה ,גם היא מבוגרת | ממנה .המשפחה היה מבוססת למדי ,הבית מסורתי | ופשרני. | בגיל  10 הצטרפה ז'ני לתנועת הנוער הציוני ,עברה | הכשרה וב 1934-עלתה לארץ .על עדי כבר שמעה | בגרמניה בגלל פעילותו הציונית .השניים נפגשו בארץ | ב""שער הנגב"" ע""י גדרה. | הוכשרה בארץ כאחות ומיילדת .פרטים נוספים בתיק - | כפי שנכתבו ע""י הבת ,רחל נחמני-גליק. | קטגוריות: | .1 חברה *הבראה בירושלים | .2 ציונות *הקונגרס הציוני בציריך 1937 | .3 פוליטיקה *בריטניה מתירה עלייה לארץ | .4 כתיבה אישית *דקלומים ושירים שנשלחים בין בני הזוג | .5 התיישבות *לדרכו של הקיבוץ | .6 מנהגים *כבוד המת והקבורה"			No Image	-דברים שכתבה רחל נחמני-גליק על אמה ,ז'ני נחמני						כרטיס 5 מתוך			2012.753		"רחל נחמני-גליק ,הבת ,ארה""ב"		7369,7370,7371,7372
G-F-0459-6	G.F. 0459 / 6	נחמני עדי & ז'ני		מקס גולדברג ,אחיה הבכור של ז'ני נחמני ובני המשפחה						"מקס גולדברג,יליד ,1903-1988 בהמבורג. | בעת פרוץ מלחמת העולם השנייה היה סטודנט למשפטים | בצרפת ,גוייס לליגיון הזרים הצרפתי ושרת בלבנון. | לוטי היימן ,אחותה של ז'ני ,נשואה לרודי )רודולף( היימן. | הזוג היימן חי בספרד בעת מלחמת האזרחים ותמך | ברפובליקנים ,דבר שברבות הימים יהיה להם לרואץ - | מצוף דף עם הסבריה של המפקידה ,רחל נחמני-גליק. | קטגוריות: | .1 הגירה | מלח""ע II | .3 צבא *מקס חייל בליגיון הצרפתי ,משרת בבירות | .4 עלייה | .5 משפחה *סכסוך במשפחה בגלל כתיבתו של ספר | )לוטי & בוב (Bob"		.(Robert Kalmהמכתבים נשלחים מליסבון	No Image	-מידע שכתבה רחל לחמני-גליק על דודה ,אח אמה,					31.12.2012 & 27.12.2012	כרטיס 6 מתוך	נילי דוידסון		2012.753		"רחל נחמני-גליק ,הבת ,ארה""ב"		7396,7397,7398
G-F-0459-9	G.F. 0459 / 9	נחמני עדי & ז'ני		מכתבים מאת ז'ורז' אל נחמיה ,פוני ,מנחם ויעקב -1933				מקור	Original	קטגוריות: | .1 התכתבות | .2 ציונות | .3 התישבות | .4 ארגונים | .5 נוער | .6 חברה ופנאי *מתחים בין חברי הקיבוץ  -ראה מכתב | * 19.5.1935 הקמת ספרייה *רכישת צ'לו פסנתר ותווים.			No Image	,5.2.1933 -ברלין .ז'ורז' כותב לנחמיה בעינייני כספים					נרשם ב 14.04.2013-	כרטיס 9 מתוך	נילי דוידסון		2012.753		"רחל נחמני-גליק ,הבת ,ארה""ב"		7415,7416,7417,7418
G-F-0461	G.F.0461	דורקם יואל	Dorkam-Dispeker Joel	"ספר ""בין דבש לעוקץ ,הבזקים בצדי הדרכים"""						קטגוריות: | .1 ביוגרפיה | .2 כתיבה אישית | .3 תולדות המשפחה | .4 משפחה | .5 עלייה | .6 הגירה | .7 תנועות הנוער | .8 העפלה | .9 אנטישמיות | .10 מלחמת העולם הראשונה | .11 מלחמת העולם השנייה | .12 מלחמות ישראל | .13 צבא | .14 עיתונות | .15 יחסי יהודים גרמנים | .16 פעילות תרבותית			No Image	זיכרונות של האב זיגמונד דיספקר ויומנה של האם,					נרשם ב 18.11.2012-		לאה		2012.758		"יואל דרקום ,הבן ,פלמ""ח-צובה"		7346,7347
G-F-0462	G.F.0462	קראפט	Kraft	קורות משפחת קראפט				העתק ,הדפסה ,תרגום לעברית	Copy, Printing, Translation to Hebrew	"החומר התקבל באמצעות הדואר. | תורגם ככל הנראה מגרמנית לעברית סה""כ  15 עמודים. | קטגוריות: | .1 המאה ה 18- | .2 המאה ה 19- | .3 קהילות | .4 תעשייה *תעשיית עץ *תעשיית טקסטיל | .5 מסחר | .6 אילן יוחסין"			No Image	"כותרת החומר הכתוב ""שושלת קראפט משלוכאו""."					נרשם ב 13.12.2012-		נילי דוידסון		2012.765		יונתן איתן		7390,7391,7392
G-F-0466	G.F.0466	קרויאנקר גוסטב & אדית		ספר :מגרמניה למולדת חדשה / גוסטב ואדית קוריאנקר -						בספר מתוארת פעילותו העניפה של גוסטב קרויאנקר | 1891-1945 בגרמניה ובארץ ושל רעיתו אדית 1905-1992 | במסגרת עבודתה כשופטת. | קטגוריות: | .1 תולדות משפחה | .2 ביוגרפיה | .3 מסחר *מפעל לנעליים בגרמניה | .4 המאה ה 19- | .5 ציונות | .6 הגירה			No Image	גוסטב קרויאנקר עבד תחילה אחרי לימודיו במפעל					נרשם ב 25.02.2013-		נילי דוידסון		25.02.2013		דוד קרויאנקר ,הבן ,תל אביב		7423,7424
G-F-0469	G.F.0469	ברנהרד & אתאי											No Image										2013.769		חנן אתאי ,בן ונכד ,קיבוץ דן		7427
G-F-0470-10	G.F. 0470 / 10	הילזן & נאמן		מכתבים שכותב יוליוס הילזן אל אמו -ראשית המאה ה 20-				מקור ,הדפסה	Original, Printing	"יוליוס הילזן כותב לאמו בדרכו לחפירות במילטוס ,אסיה | הקטנה ,ומשתף אותה בחוויותיו. | המכתבים הודפסו בשפת המקור ,גרמנית ע""י מרים פולין. | סוכמו בעברית ע""י נילי דוידסון."			No Image	28.9.1901 -יוליוס כותב אל אמו מקונסטנטינופול .בין					נרשם ב 30.03.2013-	כרטיס 10 מתוך 10			2013.774		תמי ,הנכדה & חגי אלכסנדר ,נאות מרדכי		7458,7459,7460
G-F-0472	G.F.0472	שלמן רוזנברג מיכל	Shalman Rozenberg Michal	"""ספר ביוגרפי"" :הגדה של עיר ,אגדה של ילדות"						"מיכל שלמן רוזנברג ,ילידת טבריה.1943 , | אמה ,אחות ,ילידת גרמניה ,אביה ,רופא נשים ,יליד רוסיה. | בספרה היא מתארת את טבריה של ימי נערותה תוך | התייחסות לאנשים ומשפחות שליוו את נערותה והשאירו | חותמם על טבריה של לפני מלחמת השחרור ואחריה. | הטקסט מלווה בתמונות ומסמכים. | איזכור רב לבי""ח שוייצר ,ביה""ח הסקוטי ,בי""ח פורייה - | ולצות הרפואי  /סיעודי. | קטגוריות: | .1 חברה *בטבריה | .2 רפואה *בתי חולים בטבריה והצוות. | .3 ביוגרפיות | .4 תולדות משפחה"			No Image						נרשם ב 07.04.2013-		נילי דוידסון		2013.782		מיכל שלמן רוזנברג ,קריית טבעון	עותק שני של הספר נמצא בספרייה העברית תחת האות 'ש' מס .קטלוגH.B.0560 :	7463,7464
