item_id	omeka_id	error
IL-MTFN-001-G-F-0003-002-R0001		HTTPSConnectionPool(host='omeka.dijest.net', port=443): Max retries exceeded with url: /api/items?key_identity=REDACTED&key_credential=REDACTED (Caused 
IL-MTFN-001-G-F-0003-002-R0001		HTTPSConnectionPool(host='omeka.dijest.net', port=443): Max retries exceeded with url: /api/items?key_identity=REDACTED&key_credential=REDACTED (Caused 
IL-MTFN-001-G-F-0003-002-R0001	7683	
IL-MTFN-001-G-F-0003-002-R0001	7684	
IL-MTFN-001-G-F-0003-003-R0001	7685	
IL-MTFN-001-G-F-0004-001-R0001	7686	
IL-MTFN-001-G-F-0004-001-R0002	7687	
IL-MTFN-001-G-F-0004-001-R0003	7688	
IL-MTFN-001-G-F-0004-001-R0006	7689	
IL-MTFN-001-G-F-0005-001-R0001	7690	
IL-MTFN-001-G-F-0005-001-R0003	7691	
IL-MTFN-001-G-F-0005-002-R0001	7692	
IL-MTFN-001-G-F-0005-002-R0002	7693	
IL-MTFN-001-G-F-0005-002-R0004	7694	
IL-MTFN-001-G-F-0005-002-R0005	7695	
IL-MTFN-001-G-F-0005-002-R0006	7696	
IL-MTFN-001-G-F-0005-002-R0007	7697	
IL-MTFN-001-G-F-0005-002-R0008	7698	
IL-MTFN-001-G-F-0005-002-R0009	7699	
IL-MTFN-001-G-F-0005-002-R0010	7700	
IL-MTFN-001-G-F-0005-002-R0011	7701	
IL-MTFN-001-G-F-0005-002-R0012	7702	
IL-MTFN-001-G-F-0005-002-R0013	7703	
IL-MTFN-001-G-F-0005-002-R0014	7704	
IL-MTFN-001-G-F-0005-003-R0002	7705	
IL-MTFN-001-G-F-0005-003-R0004	7706	
IL-MTFN-001-G-F-0005-003-R0005	7707	
IL-MTFN-001-G-F-0008-001-R0001	7708	
IL-MTFN-001-G-F-0008-001-R0002	7709	
IL-MTFN-001-G-F-0008-001-R0003	7710	
IL-MTFN-001-G-F-0008-001-R0004	7711	
IL-MTFN-001-G-F-0008-001-R0005	7712	
IL-MTFN-001-G-F-0008-001-R0006	7713	
IL-MTFN-001-G-F-0008-001-R0007	7714	
IL-MTFN-001-G-F-0008-001-R0008	7715	
IL-MTFN-001-G-F-0008-001-R0009	7716	
IL-MTFN-001-G-F-0008-001-R0010	7717	
IL-MTFN-001-G-F-0008-001-R0012	7718	
IL-MTFN-001-G-F-0008-001-R0013	7719	
IL-MTFN-001-G-F-0008-001-R0014	7720	
IL-MTFN-001-G-F-0008-001-R0015	7721	
IL-MTFN-001-G-F-0008-001-R0016	7722	
IL-MTFN-001-G-F-0008-001-R0017	7723	
IL-MTFN-001-G-F-0008-001-R0018	7724	
IL-MTFN-001-G-F-0008-001-R0019	7725	
IL-MTFN-001-G-F-0008-001-R0020	7726	
IL-MTFN-001-G-F-0008-002-R0001	7727	
IL-MTFN-001-G-F-0008-002-R0002	7728	
IL-MTFN-001-G-F-0008-002-R0003	7729	
IL-MTFN-001-G-F-0008-002-R0004	7730	
IL-MTFN-001-G-F-0008-002-R0005	7731	
IL-MTFN-001-G-F-0008-002-R0009	7732	
IL-MTFN-001-G-F-0008-002-R0010	7733	
IL-MTFN-001-G-F-0008-003-R0002	7734	
IL-MTFN-001-G-F-0008-003-R0003	7735	
IL-MTFN-001-G-F-0009-002-R0001	7736	
IL-MTFN-001-G-F-0009-002-R0003	7737	
IL-MTFN-001-G-F-0009-002-R0007	7738	
IL-MTFN-001-G-F-0009-002-R0008	7739	
IL-MTFN-001-G-F-0009-002-R0009	7740	
IL-MTFN-001-G-F-0009-003-R0002	7741	
IL-MTFN-001-G-F-0009-003-R0003	7742	
IL-MTFN-001-G-F-0009-003-R0005	7743	
IL-MTFN-001-G-F-0009-003-R0006	7744	
IL-MTFN-001-G-F-0009-004-R0001	7745	
IL-MTFN-001-G-F-0009-004-R0006	7746	
IL-MTFN-001-G-F-0009-005-R0003	7747	
IL-MTFN-001-G-F-0009-005-R0004	7748	
IL-MTFN-001-G-F-0009-005-R0005	7749	
IL-MTFN-001-G-F-0009-005-R0006	7750	
IL-MTFN-001-G-F-0009-011-R0001	7751	
IL-MTFN-001-G-F-0009-011-R0002	7752	
IL-MTFN-001-G-F-0009-013-R0003	7753	
IL-MTFN-001-G-F-0011-001-R0002	7754	
IL-MTFN-001-G-F-0012-002-R0001	7755	
IL-MTFN-001-G-F-0012-002-R0002	7756	
IL-MTFN-001-G-F-0012-002-R0003	7757	
IL-MTFN-001-G-F-0012-002-R0004	7758	
IL-MTFN-001-G-F-0012-002-R0006	7759	
IL-MTFN-001-G-F-0012-002-R0007	7760	
IL-MTFN-001-G-F-0012-002-R0009	7761	
IL-MTFN-001-G-F-0012-002-R0010	7762	
IL-MTFN-001-G-F-0012-002-R0016	7763	
IL-MTFN-001-G-F-0012-002-R0018	7764	
IL-MTFN-001-G-F-0012-002-R0021	7765	
IL-MTFN-001-G-F-0012-002-R0022	7766	
IL-MTFN-001-G-F-0012-002-R0023	7767	
IL-MTFN-001-G-F-0012-003-R0001	7768	
IL-MTFN-001-G-F-0013-001-R0001	7769	
IL-MTFN-001-G-F-0013-001-R0002	7770	
IL-MTFN-001-G-F-0013-001-R0003	7771	
IL-MTFN-001-G-F-0013-001-R0004	7772	
IL-MTFN-001-G-F-0013-001-R0005	7773	
IL-MTFN-001-G-F-0013-001-R0006	7774	
IL-MTFN-001-G-F-0013-001-R0007	7775	
IL-MTFN-001-G-F-0013-001-R0008	7776	
IL-MTFN-001-G-F-0013-001-R0009	7777	
IL-MTFN-001-G-F-0013-001-R0010	7778	
IL-MTFN-001-G-F-0013-001-R0011	7779	
IL-MTFN-001-G-F-0013-001-R0012	7780	
IL-MTFN-001-G-F-0013-001-R0013	7781	
IL-MTFN-001-G-F-0013-001-R0014	7782	
IL-MTFN-001-G-F-0014-001-R0001	7783	
IL-MTFN-001-G-F-0015-002-R0001	7784	
IL-MTFN-001-G-F-0015-002-R0002	7785	
IL-MTFN-001-G-F-0015-005-R0001	7786	
IL-MTFN-001-G-F-0015-005-R0002	7787	
IL-MTFN-001-G-F-0015-005-R0003	7788	
IL-MTFN-001-G-F-0015-005-R0005	7789	
IL-MTFN-001-G-F-0015-005-R0008	7790	
IL-MTFN-001-G-F-0015-005-R0017	7791	
IL-MTFN-001-G-F-0015-005-R0018	7792	
IL-MTFN-001-G-F-0015-006-R0001	7793	
IL-MTFN-001-G-F-0015-006-R0002	7794	
IL-MTFN-001-G-F-0015-006-R0003	7795	
IL-MTFN-001-G-F-0015-006-R0004	7796	
IL-MTFN-001-G-F-0015-006-R0005	7797	
IL-MTFN-001-G-F-0015-007-R0001	7798	
IL-MTFN-001-G-F-0015-007-R0002	7799	
IL-MTFN-001-G-F-0015-007-R0003	7800	
IL-MTFN-001-G-F-0015-008-R0001	7801	
IL-MTFN-001-G-F-0015-008-R0002	7802	
IL-MTFN-001-G-F-0015-008-R0003	7803	
IL-MTFN-001-G-F-0015-008-R0004	7804	
IL-MTFN-001-G-F-0015-008-R0005	7805	
IL-MTFN-001-G-F-0015-008-R0006	7806	
IL-MTFN-001-G-F-0015-008-R0007	7807	
IL-MTFN-001-G-F-0015-009-R0001	7808	
IL-MTFN-001-G-F-0015-010-R0002	7809	
IL-MTFN-001-G-F-0015-010-R0003	7810	
IL-MTFN-001-G-F-0015-010-R0004	7811	
IL-MTFN-001-G-F-0015-012-R0001	7812	
IL-MTFN-001-G-F-0015-013-R0001	7813	
IL-MTFN-001-G-F-0015-014-R0001	7814	
IL-MTFN-001-G-F-0015-016-R0001	7815	
IL-MTFN-001-G-F-0015-016-R0002	7816	
IL-MTFN-001-G-F-0015-016-R0003	7817	
IL-MTFN-001-G-F-0015-018-R0001	7818	
IL-MTFN-001-G-F-0015-018-R0002	7819	
IL-MTFN-001-G-F-0015-018-R0003	7820	
IL-MTFN-001-G-F-0015-018-R0004	7821	
IL-MTFN-001-G-F-0015-018-R0005	7822	
IL-MTFN-001-G-F-0015-018-R0006	7823	
IL-MTFN-001-G-F-0015-018-R0007	7824	
IL-MTFN-001-G-F-0015-018-R0008	7825	
IL-MTFN-001-G-F-0015-018-R0009	7826	
IL-MTFN-001-G-F-0015-018-R0010	7827	
IL-MTFN-001-G-F-0016-001-R0002	7828	
IL-MTFN-001-G-F-0017-002-R0001	7829	
IL-MTFN-001-G-F-0017-002-R0002	7830	
IL-MTFN-001-G-F-0017-002-R0003	7831	
IL-MTFN-001-G-F-0017-002-R0004	7832	
IL-MTFN-001-G-F-0017-002-R0005	7833	
IL-MTFN-001-G-F-0017-002-R0006	7834	
IL-MTFN-001-G-F-0017-002-R0009	7835	
IL-MTFN-001-G-F-0018-001-R0002	7836	
IL-MTFN-001-G-F-0019-001-R0001	7837	
IL-MTFN-001-G-F-0020-001-R0002	7838	
IL-MTFN-001-G-F-0020-001-R0003	7839	
IL-MTFN-001-G-F-0020-001-R0007	7840	
IL-MTFN-001-G-F-0021-002-R0001	7841	
IL-MTFN-001-G-F-0021-002-R0002	7842	
IL-MTFN-001-G-F-0021-003-R0002	7843	
IL-MTFN-001-G-F-0021-004-R0001	7844	
IL-MTFN-001-G-F-0021-004-R0002	7845	
IL-MTFN-001-G-F-0021-004-R0003	7846	
IL-MTFN-001-G-F-0021-005-R0001	7847	
IL-MTFN-001-G-F-0021-005-R0002	7848	
IL-MTFN-001-G-F-0022-001-R0001	7849	
IL-MTFN-001-G-F-0022-001-R0002	7850	
IL-MTFN-001-G-F-0022-001-R0003	7851	
IL-MTFN-001-G-F-0022-001-R0004	7852	
IL-MTFN-001-G-F-0022-001-R0005	7853	
IL-MTFN-001-G-F-0022-001-R0007	7854	
IL-MTFN-001-G-F-0022-001-R0008	7855	
IL-MTFN-001-G-F-0022-003-R0001	7856	
IL-MTFN-001-G-F-0022-003-R0002	7857	
IL-MTFN-001-G-F-0022-003-R0003	7858	
IL-MTFN-001-G-F-0022-003-R0004	7859	
IL-MTFN-001-G-F-0022-003-R0005	7860	
IL-MTFN-001-G-F-0022-003-R0006	7861	
IL-MTFN-001-G-F-0022-003-R0008	7862	
IL-MTFN-001-G-F-0022-004-R0001	7863	
IL-MTFN-001-G-F-0022-004-R0002	7864	
IL-MTFN-001-G-F-0022-004-R0004	7865	
IL-MTFN-001-G-F-0022-004-R0005	7866	
IL-MTFN-001-G-F-0022-005-R0001	7867	
IL-MTFN-001-G-F-0022-005-R0002	7868	
IL-MTFN-001-G-F-0022-005-R0003	7869	
IL-MTFN-001-G-F-0022-005-R0006	7870	
IL-MTFN-001-G-F-0022-005-R0007	7871	
IL-MTFN-001-G-F-0022-005-R0008	7872	
IL-MTFN-001-G-F-0022-005-R0009	7873	
IL-MTFN-001-G-F-0022-005-R0010	7874	
IL-MTFN-001-G-F-0022-005-R0011	7875	
IL-MTFN-001-G-F-0022-005-R0012	7876	
IL-MTFN-001-G-F-0022-005-R0013	7877	
IL-MTFN-001-G-F-0022-005-R0014	7878	
IL-MTFN-001-G-F-0022-005-R0015	7879	
IL-MTFN-001-G-F-0022-005-R0016	7880	
IL-MTFN-001-G-F-0022-005-R0017	7881	
IL-MTFN-001-G-F-0022-005-R0018	7882	
IL-MTFN-001-G-F-0022-005-R0019	7883	
IL-MTFN-001-G-F-0022-005-R0020	7884	
IL-MTFN-001-G-F-0022-005-R0021	7885	
IL-MTFN-001-G-F-0022-006-R0001	7886	
IL-MTFN-001-G-F-0022-006-R0003	7887	
IL-MTFN-001-G-F-0022-006-R0004	7888	
IL-MTFN-001-G-F-0022-008-R0001	7889	
IL-MTFN-001-G-F-0022-008-R0002	7890	
IL-MTFN-001-G-F-0022-008-R0003	7891	
IL-MTFN-001-G-F-0022-008-R0004	7892	
IL-MTFN-001-G-F-0022-008-R0005	7893	
IL-MTFN-001-G-F-0022-008-R0006	7894	
IL-MTFN-001-G-F-0022-008-R0007	7895	
IL-MTFN-001-G-F-0022-008-R0008	7896	
IL-MTFN-001-G-F-0022-008-R0009	7897	
IL-MTFN-001-G-F-0022-008-R0010	7898	
IL-MTFN-001-G-F-0022-008-R0011	7899	
IL-MTFN-001-G-F-0022-008-R0012	7900	
IL-MTFN-001-G-F-0022-008-R0013	7901	
IL-MTFN-001-G-F-0022-008-R0014	7902	
IL-MTFN-001-G-F-0022-008-R0015	7903	
IL-MTFN-001-G-F-0022-008-R0016	7904	
IL-MTFN-001-G-F-0022-008-R0017	7905	
IL-MTFN-001-G-F-0022-008-R0018	7906	
IL-MTFN-001-G-F-0022-008-R0019	7907	
IL-MTFN-001-G-F-0022-008-R0020	7908	
IL-MTFN-001-G-F-0022-008-R0021	7909	
IL-MTFN-001-G-F-0022-008-R0022	7910	
IL-MTFN-001-G-F-0022-012-R0001	7911	
IL-MTFN-001-G-F-0022-012-R0002	7912	
IL-MTFN-001-G-F-0022-012-R0003	7913	
IL-MTFN-001-G-F-0022-012-R0004	7914	
IL-MTFN-001-G-F-0022-012-R0005	7915	
IL-MTFN-001-G-F-0022-012-R0006	7916	
IL-MTFN-001-G-F-0022-012-R0007	7917	
IL-MTFN-001-G-F-0022-012-R0008	7918	
IL-MTFN-001-G-F-0022-012-R0009	7919	
IL-MTFN-001-G-F-0022-012-R0010	7920	
IL-MTFN-001-G-F-0022-012-R0011	7921	
IL-MTFN-001-G-F-0022-012-R0012	7922	
IL-MTFN-001-G-F-0023-001-R0002	7923	
IL-MTFN-001-G-F-0025-001-R0001	7924	
IL-MTFN-001-G-F-0025-001-R0002	7925	
IL-MTFN-001-G-F-0029-001-R0001	7926	
IL-MTFN-001-G-F-0029-001-R0003	7927	
IL-MTFN-001-G-F-0029-001-R0004	7928	
IL-MTFN-001-G-F-0031-001-R0001	7929	
IL-MTFN-001-G-F-0031-001-R0002	7930	
IL-MTFN-001-G-F-0034-001-R0001	7931	
IL-MTFN-001-G-F-0034-001-R0002	7932	
IL-MTFN-001-G-F-0034-001-R0003	7933	
IL-MTFN-001-G-F-0034-001-R0004	7934	
IL-MTFN-001-G-F-0035-001-R0001	7935	
IL-MTFN-001-G-F-0038-001-R0001	7936	
IL-MTFN-001-G-F-0039-001-R0001	7937	
IL-MTFN-001-G-F-0040-001-R0001	7938	
IL-MTFN-001-G-F-0041-001-R0002	7939	
IL-MTFN-001-G-F-0041-001-R0003	7940	
IL-MTFN-001-G-F-0041-001-R0004	7941	
IL-MTFN-001-G-F-0041-001-R0005	7942	
IL-MTFN-001-G-F-0041-001-R0006	7943	
IL-MTFN-001-G-F-0041-001-R0007	7944	
IL-MTFN-001-G-F-0041-001-R0008	7945	
IL-MTFN-001-G-F-0041-003-R0001	7946	
IL-MTFN-001-G-F-0041-003-R0002	7947	
IL-MTFN-001-G-F-0042-001-R0002	7948	
IL-MTFN-001-G-F-0042-001-R0003	7949	
IL-MTFN-001-G-F-0042-001-R0004	7950	
IL-MTFN-001-G-F-0047-001-R0001	7951	
IL-MTFN-001-G-F-0047-002-R0005	7952	
IL-MTFN-001-G-F-0047-002-R0010	7953	
IL-MTFN-001-G-F-0047-002-R0013	7954	
IL-MTFN-001-G-F-0047-003-R0001	7955	
IL-MTFN-001-G-F-0047-003-R0002	7956	
IL-MTFN-001-G-F-0047-003-R0006	7957	
IL-MTFN-001-G-F-0047-003-R0007	7958	
IL-MTFN-001-G-F-0047-003-R0008	7959	
IL-MTFN-001-G-F-0047-003-R0013	7960	
IL-MTFN-001-G-F-0047-004-R0004	7961	
IL-MTFN-001-G-F-0047-004-R0015	7962	
IL-MTFN-001-G-F-0047-004-R0016	7963	
IL-MTFN-001-G-F-0047-004-R0017	7964	
IL-MTFN-001-G-F-0047-012-R0006	7965	
IL-MTFN-001-G-F-0047-013-R0001	7966	
IL-MTFN-001-G-F-0047-013-R0002	7967	
IL-MTFN-001-G-F-0047-013-R0003	7968	
IL-MTFN-001-G-F-0047-013-R0004	7969	
IL-MTFN-001-G-F-0047-014-R0001	7970	
IL-MTFN-001-G-F-0047-017-R0001	7971	
IL-MTFN-001-G-F-0047-018-R0001	7972	
IL-MTFN-001-G-F-0047-018-R0002	7973	
IL-MTFN-001-G-F-0047-018-R0003	7974	
IL-MTFN-001-G-F-0047-018-R0004	7975	
IL-MTFN-001-G-F-0047-020-R0001	7976	
IL-MTFN-001-G-F-0047-020-R0002	7977	
IL-MTFN-001-G-F-0047-020-R0003	7978	
IL-MTFN-001-G-F-0047-020-R0004	7979	
IL-MTFN-001-G-F-0047-022-R0001	7980	
IL-MTFN-001-G-F-0047-022-R0002	7981	
IL-MTFN-001-G-F-0047-022-R0003	7982	
IL-MTFN-001-G-F-0047-022-R0004	7983	
IL-MTFN-001-G-F-0047-024-R0001	7984	
IL-MTFN-001-G-F-0047-024-R0002	7985	
IL-MTFN-001-G-F-0047-024-R0003	7986	
IL-MTFN-001-G-F-0047-024-R0004	7987	
IL-MTFN-001-G-F-0047-024-R0005	7988	
IL-MTFN-001-G-F-0047-024-R0006	7989	
IL-MTFN-001-G-F-0047-024-R0007	7990	
IL-MTFN-001-G-F-0047-024-R0008	7991	
IL-MTFN-001-G-F-0047-024-R0009	7992	
IL-MTFN-001-G-F-0047-024-R0010	7993	
IL-MTFN-001-G-F-0047-024-R0011	7994	
IL-MTFN-001-G-F-0047-024-R0012	7995	
IL-MTFN-001-G-F-0047-024-R0013	7996	
IL-MTFN-001-G-F-0047-024-R0014	7997	
IL-MTFN-001-G-F-0047-024-R0015	7998	
IL-MTFN-001-G-F-0047-024-R0016	7999	
IL-MTFN-001-G-F-0047-024-R0017	8000	
IL-MTFN-001-G-F-0047-024-R0019	8001	
IL-MTFN-001-G-F-0047-025-R0002	8002	
IL-MTFN-001-G-F-0047-025-R0004	8003	
IL-MTFN-001-G-F-0047-026-R0001	8004	
IL-MTFN-001-G-F-0047-027-R0004	8005	
IL-MTFN-001-G-F-0047-027-R0008	8006	
IL-MTFN-001-G-F-0047-028-R0001	8007	
IL-MTFN-001-G-F-0047-029-R0006	8008	
IL-MTFN-001-G-F-0047-029-R0011	8009	
IL-MTFN-001-G-F-0047-029-R0012	8010	
IL-MTFN-001-G-F-0047-031-R0002	8011	
IL-MTFN-001-G-F-0047-031-R0003	8012	
IL-MTFN-001-G-F-0047-031-R0004	8013	
IL-MTFN-001-G-F-0047-032-R0001	8014	
IL-MTFN-001-G-F-0047-032-R0002	8015	
IL-MTFN-001-G-F-0047-037-R0002	8016	
IL-MTFN-001-G-F-0047-037-R0006	8017	
IL-MTFN-001-G-F-0047-037-R0007	8018	
IL-MTFN-001-G-F-0047-037-R0008	8019	
IL-MTFN-001-G-F-0047-037-R0009	8020	
IL-MTFN-001-G-F-0047-038-R0004	8021	
IL-MTFN-001-G-F-0047-038-R0005	8022	
IL-MTFN-001-G-F-0047-039-R0002	8023	
IL-MTFN-001-G-F-0047-039-R0004	8024	
IL-MTFN-001-G-F-0047-041-R0002	8025	
IL-MTFN-001-G-F-0047-043-R0004	8026	
IL-MTFN-001-G-F-0047-043-R0005	8027	
IL-MTFN-001-G-F-0047-043-R0008	8028	
IL-MTFN-001-G-F-0047-043-R0009	8029	
IL-MTFN-001-G-F-0047-044-R0001	8030	
IL-MTFN-001-G-F-0047-044-R0002	8031	
IL-MTFN-001-G-F-0047-044-R0003	8032	
IL-MTFN-001-G-F-0047-044-R0004	8033	
IL-MTFN-001-G-F-0047-044-R0005	8034	
IL-MTFN-001-G-F-0047-044-R0007	8035	
IL-MTFN-001-G-F-0047-045-R0001	8036	
IL-MTFN-001-G-F-0047-045-R0012	8037	
IL-MTFN-001-G-F-0047-046-R0001	8038	
IL-MTFN-001-G-F-0047-049-R0001	8039	
IL-MTFN-001-G-F-0047-050-R0003	8040	
IL-MTFN-001-G-F-0047-050-R0004	8041	
IL-MTFN-001-G-F-0047-050-R0005	8042	
IL-MTFN-001-G-F-0047-050-R0007	8043	
IL-MTFN-001-G-F-0047-050-R0008	8044	
IL-MTFN-001-G-F-0047-050-R0009	8045	
IL-MTFN-001-G-F-0048-001-R0001	8046	
IL-MTFN-001-G-F-0048-001-R0002	8047	
IL-MTFN-001-G-F-0049-001-R0001	8048	
IL-MTFN-001-G-F-0049-001-R0002	8049	
IL-MTFN-001-G-F-0050-001-R0001	8050	
IL-MTFN-001-G-F-0050-001-R0003	8051	
IL-MTFN-001-G-F-0050-001-R0005	8052	
IL-MTFN-001-G-F-0050-001-R0006	8053	
IL-MTFN-001-G-F-0051-001-R0001	8054	
IL-MTFN-001-G-F-0051-001-R0002	8055	
IL-MTFN-001-G-F-0051-001-R0003	8056	
IL-MTFN-001-G-F-0051-001-R0005	8057	
IL-MTFN-001-G-F-0052-001-R0001	8058	
IL-MTFN-001-G-F-0052-001-R0003	8059	
IL-MTFN-001-G-F-0052-001-R0005	8060	
IL-MTFN-001-G-F-0052-001-R0006	8061	
IL-MTFN-001-G-F-0053-001-R0001	8062	
IL-MTFN-001-G-F-0053-001-R0002	8063	
IL-MTFN-001-G-F-0053-001-R0003	8064	
IL-MTFN-001-G-F-0053-001-R0004	8065	
IL-MTFN-001-G-F-0053-001-R0005	8066	
IL-MTFN-001-G-F-0053-001-R0006	8067	
IL-MTFN-001-G-F-0053-002-R0001	8068	
IL-MTFN-001-G-F-0053-002-R0002	8069	
IL-MTFN-001-G-F-0053-002-R0003	8070	
IL-MTFN-001-G-F-0053-002-R0005	8071	
IL-MTFN-001-G-F-0053-002-R0006	8072	
IL-MTFN-001-G-F-0053-002-R0007	8073	
IL-MTFN-001-G-F-0053-002-R0008	8074	
IL-MTFN-001-G-F-0053-002-R0009	8075	
IL-MTFN-001-G-F-0053-003-R0001	8076	
IL-MTFN-001-G-F-0053-003-R0002	8077	
IL-MTFN-001-G-F-0053-003-R0003	8078	
IL-MTFN-001-G-F-0053-003-R0004	8079	
IL-MTFN-001-G-F-0053-003-R0005	8080	
IL-MTFN-001-G-F-0053-003-R0006	8081	
IL-MTFN-001-G-F-0053-003-R0007	8082	
IL-MTFN-001-G-F-0053-003-R0008	8083	
IL-MTFN-001-G-F-0053-004-R0001	8084	
IL-MTFN-001-G-F-0053-004-R0002	8085	
IL-MTFN-001-G-F-0053-004-R0003	8086	
IL-MTFN-001-G-F-0053-004-R0004	8087	
IL-MTFN-001-G-F-0053-004-R0005	8088	
IL-MTFN-001-G-F-0054-001-R0001	8089	
IL-MTFN-001-G-F-0054-001-R0002	8090	
IL-MTFN-001-G-F-0054-001-R0003	8091	
IL-MTFN-001-G-F-0054-001-R0004	8092	
IL-MTFN-001-G-F-0055-001-R0001	8093	
IL-MTFN-001-G-F-0055-001-R0002	8094	
IL-MTFN-001-G-F-0055-001-R0003	8095	
IL-MTFN-001-G-F-0055-001-R0004	8096	
IL-MTFN-001-G-F-0056-001-R0001	8097	
IL-MTFN-001-G-F-0056-001-R0002	8098	
IL-MTFN-001-G-F-0056-001-R0003	8099	
IL-MTFN-001-G-F-0056-001-R0005	8100	
IL-MTFN-001-G-F-0056-001-R0006	8101	
IL-MTFN-001-G-F-0056-001-R0007	8102	
IL-MTFN-001-G-F-0057-001-R0002	8103	
IL-MTFN-001-G-F-0057-001-R0003	8104	
IL-MTFN-001-G-F-0057-001-R0005	8105	
IL-MTFN-001-G-F-0057-001-R0006	8106	
IL-MTFN-001-G-F-0057-001-R0007	8107	
IL-MTFN-001-G-F-0057-001-R0008	8108	
IL-MTFN-001-G-F-0058-001-R0001	8109	
IL-MTFN-001-G-F-0058-001-R0002	8110	
IL-MTFN-001-G-F-0059-001-R0001	8111	
IL-MTFN-001-G-F-0059-001-R0003	8112	
IL-MTFN-001-G-F-0060-001-R0001	8113	
IL-MTFN-001-G-F-0060-001-R0002	8114	
IL-MTFN-001-G-F-0061-001-R0001	8115	
IL-MTFN-001-G-F-0061-001-R0002	8116	
IL-MTFN-001-G-F-0061-001-R0003	8117	
IL-MTFN-001-G-F-0062-001-R0001	8118	
IL-MTFN-001-G-F-0062-001-R0002	8119	
IL-MTFN-001-G-F-0062-001-R0003	8120	
IL-MTFN-001-G-F-0062-001-R0004	8121	
IL-MTFN-001-G-F-0062-001-R0005	8122	
IL-MTFN-001-G-F-0063-001-R0001	8123	
IL-MTFN-001-G-F-0064-001-R0003	8124	
IL-MTFN-001-G-F-0064-001-R0006	8125	
IL-MTFN-001-G-F-0065-001-R0001	8126	
IL-MTFN-001-G-F-0065-001-R0002	8127	
IL-MTFN-001-G-F-0066-001-R0001	8128	
IL-MTFN-001-G-F-0066-001-R0003	8129	
IL-MTFN-001-G-F-0066-001-R0004	8130	
IL-MTFN-001-G-F-0069-001-R0001	8131	
IL-MTFN-001-G-F-0071-001-R0002	8132	
IL-MTFN-001-G-F-0071-001-R0003	8133	
IL-MTFN-001-G-F-0071-001-R0004	8134	
IL-MTFN-001-G-F-0071-001-R0005	8135	
IL-MTFN-001-G-F-0071-001-R0006	8136	
IL-MTFN-001-G-F-0071-001-R0008	8137	
IL-MTFN-001-G-F-0071-001-R0011	8138	
IL-MTFN-001-G-F-0071-002-R0002	8139	
IL-MTFN-001-G-F-0071-002-R0004	8140	
IL-MTFN-001-G-F-0071-002-R0006	8141	
IL-MTFN-001-G-F-0071-002-R0007	8142	
IL-MTFN-001-G-F-0073-001-R0001	8143	
IL-MTFN-001-G-F-0074-001-R0001	8144	
IL-MTFN-001-G-F-0077-001-R0002	8145	
IL-MTFN-001-G-F-0077-001-R0003	8146	
IL-MTFN-001-G-F-0077-001-R0005	8147	
IL-MTFN-001-G-F-0077-002-R0001	8148	
IL-MTFN-001-G-F-0080-001-R0001	8149	
IL-MTFN-001-G-F-0081-001-R0001	8150	
IL-MTFN-001-G-F-0081-001-R0002	8151	
IL-MTFN-001-G-F-0082-001-R0001	8152	
IL-MTFN-001-G-F-0083-001-R0001	8153	
IL-MTFN-001-G-F-0083-001-R0003	8154	
IL-MTFN-001-G-F-0083-001-R0004	8155	
IL-MTFN-001-G-F-0083-001-R0005	8156	
IL-MTFN-001-G-F-0083-001-R0006	8157	
IL-MTFN-001-G-F-0084-001-R0002	8158	
IL-MTFN-001-G-F-0084-001-R0004	8159	
IL-MTFN-001-G-F-0084-001-R0005	8160	
IL-MTFN-001-G-F-0085-001-R0002	8161	
IL-MTFN-001-G-F-0085-001-R0004	8162	
IL-MTFN-001-G-F-0085-001-R0005	8163	
IL-MTFN-001-G-F-0085-001-R0006	8164	
IL-MTFN-001-G-F-0085-001-R0007	8165	
IL-MTFN-001-G-F-0085-001-R0008	8166	
IL-MTFN-001-G-F-0087-001-R0002	8167	
IL-MTFN-001-G-F-0087-001-R0004	8168	
IL-MTFN-001-G-F-0087-001-R0005	8169	
IL-MTFN-001-G-F-0087-001-R0006	8170	
IL-MTFN-001-G-F-0089-001-R0001	8171	
IL-MTFN-001-G-F-0089-001-R0002	8172	
IL-MTFN-001-G-F-0089-001-R0003	8173	
IL-MTFN-001-G-F-0091-001-R0001	8174	
IL-MTFN-001-G-F-0091-001-R0002	8175	
IL-MTFN-001-G-F-0091-001-R0003	8176	
IL-MTFN-001-G-F-0091-001-R0004	8177	
IL-MTFN-001-G-F-0092-001-R0001	8178	
IL-MTFN-001-G-F-0093-002-R0001	8179	
IL-MTFN-001-G-F-0093-003-R0002	8180	
IL-MTFN-001-G-F-0093-003-R0003	8181	
IL-MTFN-001-G-F-0093-003-R0004	8182	
IL-MTFN-001-G-F-0093-003-R0005	8183	
IL-MTFN-001-G-F-0093-003-R0006	8184	
IL-MTFN-001-G-F-0093-003-R0007	8185	
IL-MTFN-001-G-F-0093-003-R0008	8186	
IL-MTFN-001-G-F-0093-003-R0009	8187	
IL-MTFN-001-G-F-0093-003-R0010	8188	
IL-MTFN-001-G-F-0093-004-R0001	8189	
IL-MTFN-001-G-F-0093-004-R0002	8190	
IL-MTFN-001-G-F-0093-005-R0003	8191	
IL-MTFN-001-G-F-0093-006-R0002	8192	
IL-MTFN-001-G-F-0093-006-R0003	8193	
IL-MTFN-001-G-F-0093-006-R0004	8194	
IL-MTFN-001-G-F-0093-006-R0007	8195	
IL-MTFN-001-G-F-0093-006-R0008	8196	
IL-MTFN-001-G-F-0093-008-R0001	8197	
IL-MTFN-001-G-F-0093-008-R0002	8198	
IL-MTFN-001-G-F-0093-008-R0003	8199	
IL-MTFN-001-G-F-0093-008-R0004	8200	
IL-MTFN-001-G-F-0093-010-R0001	8201	
IL-MTFN-001-G-F-0093-011-R0001	8202	
IL-MTFN-001-G-F-0093-012-R0001	8203	
IL-MTFN-001-G-F-0093-014-R0001	8204	
IL-MTFN-001-G-F-0096-001-R0002	8205	
IL-MTFN-001-G-F-0096-001-R0006	8206	
IL-MTFN-001-G-F-0097-001-R0001	8207	
IL-MTFN-001-G-F-0097-001-R0003	8208	
IL-MTFN-001-G-F-0097-001-R0004	8209	
IL-MTFN-001-G-F-0098-001-R0001	8210	
IL-MTFN-001-G-F-0098-001-R0002	8211	
IL-MTFN-001-G-F-0098-001-R0004	8212	
IL-MTFN-001-G-F-0098-001-R0005	8213	
IL-MTFN-001-G-F-0098-001-R0006	8214	
IL-MTFN-001-G-F-0098-001-R0007	8215	
IL-MTFN-001-G-F-0098-001-R0008	8216	
IL-MTFN-001-G-F-0098-001-R0009	8217	
IL-MTFN-001-G-F-0099-001-R0001	8218	
IL-MTFN-001-G-F-0100-001-R0001	8219	
IL-MTFN-001-G-F-0103-001-R0001	8220	
IL-MTFN-001-G-F-0103-001-R0005	8221	
IL-MTFN-001-G-F-0103-001-R0007	8222	
IL-MTFN-001-G-F-0103-001-R0008	8223	
IL-MTFN-001-G-F-0103-001-R0010	8224	
IL-MTFN-001-G-F-0103-001-R0011	8225	
IL-MTFN-001-G-F-0103-001-R0012	8226	
IL-MTFN-001-G-F-0103-002-R0001	8227	
IL-MTFN-001-G-F-0103-002-R0002	8228	
IL-MTFN-001-G-F-0103-002-R0003	8229	
IL-MTFN-001-G-F-0103-002-R0004	8230	
IL-MTFN-001-G-F-0103-003-R0001	8231	
IL-MTFN-001-G-F-0103-003-R0002	8232	
IL-MTFN-001-G-F-0103-003-R0004	8233	
IL-MTFN-001-G-F-0104-001-R0004	8234	
IL-MTFN-001-G-F-0104-001-R0005	8235	
IL-MTFN-001-G-F-0104-001-R0007	8236	
IL-MTFN-001-G-F-0104-002-R0001	8237	
IL-MTFN-001-G-F-0104-002-R0002	8238	
IL-MTFN-001-G-F-0104-002-R0004	8239	
IL-MTFN-001-G-F-0104-003-R0002	8240	
IL-MTFN-001-G-F-0104-003-R0004	8241	
IL-MTFN-001-G-F-0104-003-R0007	8242	
IL-MTFN-001-G-F-0104-003-R0008	8243	
IL-MTFN-001-G-F-0104-004-R0002	8244	
IL-MTFN-001-G-F-0104-004-R0004	8245	
IL-MTFN-001-G-F-0104-008-R0001	8246	
IL-MTFN-001-G-F-0104-009-R0002	8247	
IL-MTFN-001-G-F-0104-009-R0003	8248	
IL-MTFN-001-G-F-0104-009-R0004	8249	
IL-MTFN-001-G-F-0104-009-R0005	8250	
IL-MTFN-001-G-F-0104-009-R0006	8251	
IL-MTFN-001-G-F-0104-010-R0002	8252	
IL-MTFN-001-G-F-0104-012-R0001	8253	
IL-MTFN-001-G-F-0104-013-R0001	8254	
IL-MTFN-001-G-F-0104-013-R0005	8255	
IL-MTFN-001-G-F-0104-013-R0006	8256	
IL-MTFN-001-G-F-0104-015-R0009	8257	
IL-MTFN-001-G-F-0105-001-R0001	8258	
IL-MTFN-001-G-F-0105-001-R0002	8259	
IL-MTFN-001-G-F-0105-001-R0003	8260	
IL-MTFN-001-G-F-0105-001-R0004	8261	
IL-MTFN-001-G-F-0105-001-R0005	8262	
IL-MTFN-001-G-F-0105-001-R0010	8263	
IL-MTFN-001-G-F-0105-001-R0011	8264	
IL-MTFN-001-G-F-0105-001-R0013	8265	
IL-MTFN-001-G-F-0106-001-R0001	8266	
IL-MTFN-001-G-F-0107-001-R0001	8267	
IL-MTFN-001-G-F-0110-001-R0001	8268	
IL-MTFN-001-G-F-0110-001-R0002	8269	
IL-MTFN-001-G-F-0110-001-R0003	8270	
IL-MTFN-001-G-F-0110-001-R0005	8271	
IL-MTFN-001-G-F-0113-001-R0001	8272	
IL-MTFN-001-G-F-0113-004-R0002	8273	
IL-MTFN-001-G-F-0113-005-R0001	8274	
IL-MTFN-001-G-F-0113-006-R0001	8275	
IL-MTFN-001-G-F-0113-006-R0002	8276	
IL-MTFN-001-G-F-0113-008-R0002	8277	
IL-MTFN-001-G-F-0113-009-R0003	8278	
IL-MTFN-001-G-F-0113-010-R0001	8279	
IL-MTFN-001-G-F-0113-010-R0007	8280	
IL-MTFN-001-G-F-0113-011-R0001	8281	
IL-MTFN-001-G-F-0113-012-R0001	8282	
IL-MTFN-001-G-F-0113-013-R0001	8283	
IL-MTFN-001-G-F-0113-013-R0002	8284	
IL-MTFN-001-G-F-0113-013-R0003	8285	
IL-MTFN-001-G-F-0113-013-R0005	8286	
IL-MTFN-001-G-F-0113-013-R0006	8287	
IL-MTFN-001-G-F-0113-014-R0001	8288	
IL-MTFN-001-G-F-0113-015-R0002	8289	
IL-MTFN-001-G-F-0113-015-R0004	8290	
IL-MTFN-001-G-F-0113-015-R0006	8291	
IL-MTFN-001-G-F-0113-016-R0001	8292	
IL-MTFN-001-G-F-0113-016-R0002	8293	
IL-MTFN-001-G-F-0113-016-R0011	8294	
IL-MTFN-001-G-F-0113-016-R0014	8295	
IL-MTFN-001-G-F-0113-017-R0001	8296	
IL-MTFN-001-G-F-0113-017-R0002	8297	
IL-MTFN-001-G-F-0113-017-R0004	8298	
IL-MTFN-001-G-F-0113-017-R0005	8299	
IL-MTFN-001-G-F-0113-018-R0001	8300	
IL-MTFN-001-G-F-0113-018-R0007	8301	
IL-MTFN-001-G-F-0113-019-R0001	8302	
IL-MTFN-001-G-F-0113-020-R0002	8303	
IL-MTFN-001-G-F-0113-023-R0002	8304	
IL-MTFN-001-G-F-0113-023-R0003	8305	
IL-MTFN-001-G-F-0113-023-R0005	8306	
IL-MTFN-001-G-F-0113-023-R0010	8307	
IL-MTFN-001-G-F-0113-024-R0001	8308	
IL-MTFN-001-G-F-0113-025-R0002	8309	
IL-MTFN-001-G-F-0113-025-R0003	8310	
IL-MTFN-001-G-F-0113-026-R0001	8311	
IL-MTFN-001-G-F-0113-026-R0002	8312	
IL-MTFN-001-G-F-0113-026-R0003	8313	
IL-MTFN-001-G-F-0113-027-R0001	8314	
IL-MTFN-001-G-F-0113-028-R0001	8315	
IL-MTFN-001-G-F-0113-028-R0003	8316	
IL-MTFN-001-G-F-0113-028-R0004	8317	
IL-MTFN-001-G-F-0113-028-R0005	8318	
IL-MTFN-001-G-F-0113-028-R0007	8319	
IL-MTFN-001-G-F-0113-028-R0008	8320	
IL-MTFN-001-G-F-0113-028-R0009	8321	
IL-MTFN-001-G-F-0113-028-R0010	8322	
IL-MTFN-001-G-F-0113-028-R0011	8323	
IL-MTFN-001-G-F-0113-028-R0012	8324	
IL-MTFN-001-G-F-0113-030-R0001	8325	
IL-MTFN-001-G-F-0113-031-R0003	8326	
IL-MTFN-001-G-F-0113-031-R0004	8327	
IL-MTFN-001-G-F-0113-032-R0001	8328	
IL-MTFN-001-G-F-0113-032-R0002	8329	
IL-MTFN-001-G-F-0113-032-R0003	8330	
IL-MTFN-001-G-F-0113-032-R0004	8331	
IL-MTFN-001-G-F-0113-032-R0005	8332	
IL-MTFN-001-G-F-0113-033-R0001	8333	
IL-MTFN-001-G-F-0113-033-R0015	8334	
IL-MTFN-001-G-F-0113-033-R0018	8335	
IL-MTFN-001-G-F-0113-033-R0023	8336	
IL-MTFN-001-G-F-0113-034-R0002	8337	
IL-MTFN-001-G-F-0113-034-R0005	8338	
IL-MTFN-001-G-F-0113-034-R0009	8339	
IL-MTFN-001-G-F-0113-034-R0010	8340	
IL-MTFN-001-G-F-0113-034-R0011	8341	
IL-MTFN-001-G-F-0113-034-R0012	8342	
IL-MTFN-001-G-F-0113-034-R0013	8343	
IL-MTFN-001-G-F-0113-034-R0014	8344	
IL-MTFN-001-G-F-0113-038-R0003	8345	
IL-MTFN-001-G-F-0113-038-R0005	8346	
IL-MTFN-001-G-F-0113-038-R0011	8347	
IL-MTFN-001-G-F-0113-038-R0012	8348	
IL-MTFN-001-G-F-0113-038-R0013	8349	
IL-MTFN-001-G-F-0113-039-R0001	8350	
IL-MTFN-001-G-F-0113-039-R0002	8351	
IL-MTFN-001-G-F-0113-039-R0003	8352	
IL-MTFN-001-G-F-0113-039-R0004	8353	
IL-MTFN-001-G-F-0113-039-R0005	8354	
IL-MTFN-001-G-F-0113-039-R0008	8355	
IL-MTFN-001-G-F-0113-039-R0009	8356	
IL-MTFN-001-G-F-0113-039-R0010	8357	
IL-MTFN-001-G-F-0113-039-R0011	8358	
IL-MTFN-001-G-F-0113-039-R0012	8359	
IL-MTFN-001-G-F-0113-039-R0013	8360	
IL-MTFN-001-G-F-0113-039-R0014	8361	
IL-MTFN-001-G-F-0113-039-R0015	8362	
IL-MTFN-001-G-F-0113-039-R0016	8363	
IL-MTFN-001-G-F-0113-039-R0017	8364	
IL-MTFN-001-G-F-0113-039-R0018	8365	
IL-MTFN-001-G-F-0113-039-R0019	8366	
IL-MTFN-001-G-F-0113-039-R0020	8367	
IL-MTFN-001-G-F-0113-039-R0022	8368	
IL-MTFN-001-G-F-0113-039-R0023	8369	
IL-MTFN-001-G-F-0113-039-R0024	8370	
IL-MTFN-001-G-F-0113-039-R0025	8371	
IL-MTFN-001-G-F-0113-040-R0004	8372	
IL-MTFN-001-G-F-0113-040-R0005	8373	
IL-MTFN-001-G-F-0113-040-R0006	8374	
IL-MTFN-001-G-F-0113-040-R0008	8375	
IL-MTFN-001-G-F-0113-040-R0009	8376	
IL-MTFN-001-G-F-0113-040-R0011	8377	
IL-MTFN-001-G-F-0113-040-R0012	8378	
IL-MTFN-001-G-F-0113-040-R0013	8379	
IL-MTFN-001-G-F-0113-040-R0014	8380	
IL-MTFN-001-G-F-0113-040-R0015	8381	
IL-MTFN-001-G-F-0113-040-R0017	8382	
IL-MTFN-001-G-F-0113-040-R0018	8383	
IL-MTFN-001-G-F-0113-040-R0020	8384	
IL-MTFN-001-G-F-0113-040-R0021	8385	
IL-MTFN-001-G-F-0113-040-R0024	8386	
IL-MTFN-001-G-F-0113-040-R0025	8387	
IL-MTFN-001-G-F-0113-040-R0026	8388	
IL-MTFN-001-G-F-0113-040-R0027	8389	
IL-MTFN-001-G-F-0113-040-R0028	8390	
IL-MTFN-001-G-F-0113-041-R0002	8391	
IL-MTFN-001-G-F-0113-041-R0010	8392	
IL-MTFN-001-G-F-0113-041-R0013	8393	
IL-MTFN-001-G-F-0113-041-R0014	8394	
IL-MTFN-001-G-F-0113-041-R0017	8395	
IL-MTFN-001-G-F-0113-042-R0010	8396	
IL-MTFN-001-G-F-0113-042-R0011	8397	
IL-MTFN-001-G-F-0113-042-R0012	8398	
IL-MTFN-001-G-F-0113-042-R0013	8399	
IL-MTFN-001-G-F-0113-042-R0014	8400	
IL-MTFN-001-G-F-0113-042-R0017	8401	
IL-MTFN-001-G-F-0113-043-R0002	8402	
IL-MTFN-001-G-F-0113-043-R0004	8403	
IL-MTFN-001-G-F-0113-044-R0001	8404	
IL-MTFN-001-G-F-0113-046-R0001	8405	
IL-MTFN-001-G-F-0113-047-R0001	8406	
IL-MTFN-001-G-F-0113-049-R0001	8407	
IL-MTFN-001-G-F-0113-049-R0002	8408	
IL-MTFN-001-G-F-0113-049-R0003	8409	
IL-MTFN-001-G-F-0113-049-R0004	8410	
IL-MTFN-001-G-F-0113-049-R0005	8411	
IL-MTFN-001-G-F-0113-049-R0007	8412	
IL-MTFN-001-G-F-0113-049-R0008	8413	
IL-MTFN-001-G-F-0113-049-R0009	8414	
IL-MTFN-001-G-F-0113-049-R0010	8415	
IL-MTFN-001-G-F-0113-049-R0011	8416	
IL-MTFN-001-G-F-0113-049-R0012	8417	
IL-MTFN-001-G-F-0113-049-R0013	8418	
IL-MTFN-001-G-F-0113-049-R0014	8419	
IL-MTFN-001-G-F-0113-049-R0016	8420	
IL-MTFN-001-G-F-0113-049-R0017	8421	
IL-MTFN-001-G-F-0113-049-R0018	8422	
IL-MTFN-001-G-F-0113-049-R0019	8423	
IL-MTFN-001-G-F-0113-049-R0020	8424	
IL-MTFN-001-G-F-0113-049-R0021	8425	
IL-MTFN-001-G-F-0113-049-R0022	8426	
IL-MTFN-001-G-F-0113-049-R0023	8427	
IL-MTFN-001-G-F-0113-049-R0024	8428	
IL-MTFN-001-G-F-0113-049-R0025	8429	
IL-MTFN-001-G-F-0113-049-R0026	8430	
IL-MTFN-001-G-F-0113-049-R0027	8431	
IL-MTFN-001-G-F-0113-049-R0028	8432	
IL-MTFN-001-G-F-0113-049-R0029	8433	
IL-MTFN-001-G-F-0113-049-R0030	8434	
IL-MTFN-001-G-F-0113-049-R0031	8435	
IL-MTFN-001-G-F-0113-049-R0032	8436	
IL-MTFN-001-G-F-0113-049-R0033	8437	
IL-MTFN-001-G-F-0113-050-R0002	8438	
IL-MTFN-001-G-F-0113-050-R0003	8439	
IL-MTFN-001-G-F-0113-050-R0005	8440	
IL-MTFN-001-G-F-0113-050-R0006	8441	
IL-MTFN-001-G-F-0113-050-R0008	8442	
IL-MTFN-001-G-F-0113-050-R0009	8443	
IL-MTFN-001-G-F-0113-050-R0011	8444	
IL-MTFN-001-G-F-0113-050-R0012	8445	
IL-MTFN-001-G-F-0113-050-R0014	8446	
IL-MTFN-001-G-F-0113-050-R0015	8447	
IL-MTFN-001-G-F-0113-050-R0016	8448	
IL-MTFN-001-G-F-0113-050-R0020	8449	
IL-MTFN-001-G-F-0113-050-R0025	8450	
IL-MTFN-001-G-F-0113-050-R0026	8451	
IL-MTFN-001-G-F-0113-050-R0027	8452	
IL-MTFN-001-G-F-0113-050-R0028	8453	
IL-MTFN-001-G-F-0113-050-R0029	8454	
IL-MTFN-001-G-F-0113-050-R0030	8455	
IL-MTFN-001-G-F-0113-050-R0031	8456	
IL-MTFN-001-G-F-0113-050-R0032	8457	
IL-MTFN-001-G-F-0113-050-R0033	8458	
IL-MTFN-001-G-F-0113-050-R0035	8459	
IL-MTFN-001-G-F-0113-050-R0036	8460	
IL-MTFN-001-G-F-0113-050-R0037	8461	
IL-MTFN-001-G-F-0113-050-R0038	8462	
IL-MTFN-001-G-F-0113-050-R0039	8463	
IL-MTFN-001-G-F-0113-050-R0041	8464	
IL-MTFN-001-G-F-0113-050-R0042	8465	
IL-MTFN-001-G-F-0113-050-R0046	8466	
IL-MTFN-001-G-F-0113-050-R0047	8467	
IL-MTFN-001-G-F-0113-050-R0048	8468	
IL-MTFN-001-G-F-0113-050-R0049	8469	
IL-MTFN-001-G-F-0113-051-R0001	8470	
IL-MTFN-001-G-F-0113-051-R0002	8471	
IL-MTFN-001-G-F-0113-051-R0003	8472	
IL-MTFN-001-G-F-0113-051-R0004	8473	
IL-MTFN-001-G-F-0113-051-R0006	8474	
IL-MTFN-001-G-F-0113-051-R0007	8475	
IL-MTFN-001-G-F-0113-051-R0008	8476	
IL-MTFN-001-G-F-0113-051-R0010	8477	
IL-MTFN-001-G-F-0113-055-R0001	8478	
IL-MTFN-001-G-F-0113-056-R0003	8479	
IL-MTFN-001-G-F-0113-056-R0006	8480	
IL-MTFN-001-G-F-0113-056-R0007	8481	
IL-MTFN-001-G-F-0113-056-R0010	8482	
IL-MTFN-001-G-F-0113-056-R0011	8483	
IL-MTFN-001-G-F-0113-056-R0012	8484	
IL-MTFN-001-G-F-0113-056-R0016	8485	
IL-MTFN-001-G-F-0113-056-R0018	8486	
IL-MTFN-001-G-F-0113-058-R0001	8487	
IL-MTFN-001-G-F-0113-058-R0002	8488	
IL-MTFN-001-G-F-0113-058-R0004	8489	
IL-MTFN-001-G-F-0113-058-R0009	8490	
IL-MTFN-001-G-F-0113-059-R0001	8491	
IL-MTFN-001-G-F-0113-059-R0002	8492	
IL-MTFN-001-G-F-0113-059-R0003	8493	
IL-MTFN-001-G-F-0113-059-R0005	8494	
IL-MTFN-001-G-F-0113-059-R0006	8495	
IL-MTFN-001-G-F-0113-059-R0009	8496	
IL-MTFN-001-G-F-0113-059-R0010	8497	
IL-MTFN-001-G-F-0113-061-R0002	8498	
IL-MTFN-001-G-F-0113-062-R0001	8499	
IL-MTFN-001-G-F-0113-062-R0003	8500	
IL-MTFN-001-G-F-0113-062-R0004	8501	
IL-MTFN-001-G-F-0113-062-R0005	8502	
IL-MTFN-001-G-F-0113-062-R0007	8503	
IL-MTFN-001-G-F-0113-062-R0008	8504	
IL-MTFN-001-G-F-0113-062-R0009	8505	
IL-MTFN-001-G-F-0113-064-R0005	8506	
IL-MTFN-001-G-F-0113-064-R0008	8507	
IL-MTFN-001-G-F-0113-064-R0009	8508	
IL-MTFN-001-G-F-0113-066-R0001	8509	
IL-MTFN-001-G-F-0113-067-R0003	8510	
IL-MTFN-001-G-F-0113-067-R0005	8511	
IL-MTFN-001-G-F-0113-067-R0006	8512	
IL-MTFN-001-G-F-0116-001-R0001	8513	
IL-MTFN-001-G-F-0117-001-R0001	8514	
IL-MTFN-001-G-F-0117-001-R0002	8515	
IL-MTFN-001-G-F-0118-001-R0001	8516	
IL-MTFN-001-G-F-0119-001-R0001	8517	
IL-MTFN-001-G-F-0120-001-R0001	8518	
IL-MTFN-001-G-F-0121-001-R0001	8519	
IL-MTFN-001-G-F-0121-001-R0002	8520	
IL-MTFN-001-G-F-0121-001-R0003	8521	
IL-MTFN-001-G-F-0121-001-R0004	8522	
IL-MTFN-001-G-F-0121-001-R0005	8523	
IL-MTFN-001-G-F-0122-001-R0002	8524	
IL-MTFN-001-G-F-0123-001-R0001	8525	
IL-MTFN-001-G-F-0123-001-R0002	8526	
IL-MTFN-001-G-F-0124-001-R0001	8527	
IL-MTFN-001-G-F-0125-001-R0001	8528	
IL-MTFN-001-G-F-0126-001-R0001	8529	
IL-MTFN-001-G-F-0126-001-R0002	8530	
IL-MTFN-001-G-F-0127-001-R0001	8531	
IL-MTFN-001-G-F-0127-001-R0002	8532	
IL-MTFN-001-G-F-0128-001-R0001	8533	
IL-MTFN-001-G-F-0128-001-R0002	8534	
IL-MTFN-001-G-F-0128-001-R0003	8535	
IL-MTFN-001-G-F-0128-001-R0004	8536	
IL-MTFN-001-G-F-0128-001-R0005	8537	
IL-MTFN-001-G-F-0129-001-R0001	8538	
IL-MTFN-001-G-F-0129-001-R0002	8539	
IL-MTFN-001-G-F-0130-001-R0001	8540	
IL-MTFN-001-G-F-0131-001-R0001	8541	
IL-MTFN-001-G-F-0132-001-R0001	8542	
IL-MTFN-001-G-F-0132-001-R0003	8543	
IL-MTFN-001-G-F-0132-001-R0004	8544	
IL-MTFN-001-G-F-0132-001-R0005	8545	
IL-MTFN-001-G-F-0133-001-R0001	8546	
IL-MTFN-001-G-F-0133-001-R0002	8547	
IL-MTFN-001-G-F-0134-001-R0001	8548	
IL-MTFN-001-G-F-0135-001-R0001	8549	
IL-MTFN-001-G-F-0135-001-R0003	8550	
IL-MTFN-001-G-F-0136-001-R0001	8551	
IL-MTFN-001-G-F-0136-001-R0002	8552	
IL-MTFN-001-G-F-0139-001-R0001	8553	
IL-MTFN-001-G-F-0139-001-R0002	8554	
IL-MTFN-001-G-F-0139-001-R0003	8555	
IL-MTFN-001-G-F-0139-001-R0004	8556	
IL-MTFN-001-G-F-0139-001-R0005	8557	
IL-MTFN-001-G-F-0140-001-R0001	8558	
IL-MTFN-001-G-F-0140-001-R0003	8559	
IL-MTFN-001-G-F-0140-001-R0004	8560	
IL-MTFN-001-G-F-0140-001-R0006	8561	
IL-MTFN-001-G-F-0140-001-R0008	8562	
IL-MTFN-001-G-F-0140-001-R0009	8563	
IL-MTFN-001-G-F-0140-001-R0010	8564	
IL-MTFN-001-G-F-0140-001-R0011	8565	
IL-MTFN-001-G-F-0140-001-R0012	8566	
IL-MTFN-001-G-F-0140-001-R0013	8567	
IL-MTFN-001-G-F-0140-001-R0014	8568	
IL-MTFN-001-G-F-0141-001-R0001	8569	
IL-MTFN-001-G-F-0141-001-R0002	8570	
IL-MTFN-001-G-F-0142-002-R0001	8571	
IL-MTFN-001-G-F-0143-004-R0001	8572	
IL-MTFN-001-G-F-0143-004-R0002	8573	
IL-MTFN-001-G-F-0143-004-R0003	8574	
IL-MTFN-001-G-F-0145-001-R0001	8575	
IL-MTFN-001-G-F-0145-003-R0001	8576	
IL-MTFN-001-G-F-0145-003-R0002	8577	
IL-MTFN-001-G-F-0146-001-R0001	8578	
IL-MTFN-001-G-F-0146-001-R0002	8579	
IL-MTFN-001-G-F-0147-001-R0001	8580	
IL-MTFN-001-G-F-0147-001-R0009	8581	
IL-MTFN-001-G-F-0147-002-R0001	8582	
IL-MTFN-001-G-F-0148-001-R0001	8583	
IL-MTFN-001-G-F-0148-001-R0002	8584	
IL-MTFN-001-G-F-0148-001-R0003	8585	
IL-MTFN-001-G-F-0148-001-R0004	8586	
IL-MTFN-001-G-F-0149-001-R0002	8587	
IL-MTFN-001-G-F-0149-001-R0003	8588	
IL-MTFN-001-G-F-0149-001-R0004	8589	
IL-MTFN-001-G-F-0149-001-R0005	8590	
IL-MTFN-001-G-F-0149-001-R0008	8591	
IL-MTFN-001-G-F-0149-001-R0011	8592	
IL-MTFN-001-G-F-0150-001-R0001	8593	
IL-MTFN-001-G-F-0150-001-R0002	8594	
IL-MTFN-001-G-F-0150-001-R0003	8595	
IL-MTFN-001-G-F-0150-001-R0004	8596	
IL-MTFN-001-G-F-0150-001-R0006	8597	
IL-MTFN-001-G-F-0150-001-R0007	8598	
IL-MTFN-001-G-F-0150-001-R0008	8599	
IL-MTFN-001-G-F-0150-001-R0009	8600	
IL-MTFN-001-G-F-0150-001-R0010	8601	
IL-MTFN-001-G-F-0152-001-R0002	8602	
IL-MTFN-001-G-F-0152-001-R0005	8603	
IL-MTFN-001-G-F-0152-001-R0006	8604	
IL-MTFN-001-G-F-0154-001-R0001	8605	
IL-MTFN-001-G-F-0155-001-R0001	8606	
IL-MTFN-001-G-F-0155-001-R0002	8607	
IL-MTFN-001-G-F-0155-001-R0003	8608	
IL-MTFN-001-G-F-0156-001-R0001	8609	
IL-MTFN-001-G-F-0158-001-R0001	8610	
IL-MTFN-001-G-F-0158-001-R0003	8611	
IL-MTFN-001-G-F-0158-001-R0004	8612	
IL-MTFN-001-G-F-0160-001-R0004	8613	
IL-MTFN-001-G-F-0160-001-R0005	8614	
IL-MTFN-001-G-F-0161-001-R0001	8615	
IL-MTFN-001-G-F-0161-001-R0002	8616	
IL-MTFN-001-G-F-0161-001-R0005	8617	
IL-MTFN-001-G-F-0161-001-R0008	8618	
IL-MTFN-001-G-F-0161-001-R0009	8619	
IL-MTFN-001-G-F-0161-001-R0011	8620	
IL-MTFN-001-G-F-0163-001-R0001	8621	
IL-MTFN-001-G-F-0165-001-R0002	8622	
IL-MTFN-001-G-F-0165-001-R0006	8623	
IL-MTFN-001-G-F-0165-001-R0017	8624	
IL-MTFN-001-G-F-0166-001-R0003	8625	
IL-MTFN-001-G-F-0166-001-R0004	8626	
IL-MTFN-001-G-F-0166-001-R0009	8627	
IL-MTFN-001-G-F-0166-001-R0010	8628	
IL-MTFN-001-G-F-0166-001-R0012	8629	
IL-MTFN-001-G-F-0166-001-R0013	8630	
IL-MTFN-001-G-F-0166-001-R0014	8631	
IL-MTFN-001-G-F-0166-001-R0015	8632	
IL-MTFN-001-G-F-0166-001-R0016	8633	
IL-MTFN-001-G-F-0166-001-R0017	8634	
IL-MTFN-001-G-F-0166-001-R0019	8635	
IL-MTFN-001-G-F-0166-001-R0020	8636	
IL-MTFN-001-G-F-0166-001-R0021	8637	
IL-MTFN-001-G-F-0166-001-R0022	8638	
IL-MTFN-001-G-F-0166-001-R0023	8639	
IL-MTFN-001-G-F-0168-001-R0001	8640	
IL-MTFN-001-G-F-0170-001-R0001	8641	
IL-MTFN-001-G-F-0170-001-R0002	8642	
IL-MTFN-001-G-F-0170-001-R0004	8643	
IL-MTFN-001-G-F-0170-001-R0005	8644	
IL-MTFN-001-G-F-0171-001-R0001	8645	
IL-MTFN-001-G-F-0180-001-R0001	8646	
IL-MTFN-001-G-F-0180-001-R0002	8647	
IL-MTFN-001-G-F-0180-001-R0003	8648	
IL-MTFN-001-G-F-0180-001-R0004	8649	
IL-MTFN-001-G-F-0180-001-R0005	8650	
IL-MTFN-001-G-F-0180-001-R0006	8651	
IL-MTFN-001-G-F-0180-001-R0007	8652	
IL-MTFN-001-G-F-0183-001-R0001	8653	
IL-MTFN-001-G-F-0183-001-R0002	8654	
IL-MTFN-001-G-F-0183-001-R0003	8655	
IL-MTFN-001-G-F-0183-001-R0004	8656	
IL-MTFN-001-G-F-0183-001-R0005	8657	
IL-MTFN-001-G-F-0183-001-R0006	8658	
IL-MTFN-001-G-F-0183-001-R0007	8659	
IL-MTFN-001-G-F-0183-001-R0008	8660	
IL-MTFN-001-G-F-0183-001-R0009	8661	
IL-MTFN-001-G-F-0183-001-R0010	8662	
IL-MTFN-001-G-F-0183-001-R0011	8663	
IL-MTFN-001-G-F-0183-001-R0012	8664	
IL-MTFN-001-G-F-0183-001-R0013	8665	
IL-MTFN-001-G-F-0183-001-R0014	8666	
IL-MTFN-001-G-F-0183-001-R0015	8667	
IL-MTFN-001-G-F-0183-001-R0016	8668	
IL-MTFN-001-G-F-0184-001-R0001	8669	
IL-MTFN-001-G-F-0184-001-R0002	8670	
IL-MTFN-001-G-F-0184-001-R0003	8671	
IL-MTFN-001-G-F-0184-001-R0004	8672	
IL-MTFN-001-G-F-0184-001-R0005	8673	
IL-MTFN-001-G-F-0184-001-R0006	8674	
IL-MTFN-001-G-F-0184-002-R0001	8675	
IL-MTFN-001-G-F-0184-003-R0003	8676	
IL-MTFN-001-G-F-0184-003-R0011	8677	
IL-MTFN-001-G-F-0184-003-R0012	8678	
IL-MTFN-001-G-F-0184-004-R0002	8679	
IL-MTFN-001-G-F-0184-004-R0003	8680	
IL-MTFN-001-G-F-0184-005-R0001	8681	
IL-MTFN-001-G-F-0185-001-R0001	8682	
IL-MTFN-001-G-F-0185-001-R0002	8683	
IL-MTFN-001-G-F-0185-001-R0005	8684	
IL-MTFN-001-G-F-0185-001-R0006	8685	
IL-MTFN-001-G-F-0185-001-R0007	8686	
IL-MTFN-001-G-F-0185-001-R0009	8687	
IL-MTFN-001-G-F-0185-001-R0010	8688	
IL-MTFN-001-G-F-0185-002-R0003	8689	
IL-MTFN-001-G-F-0185-002-R0004	8690	
IL-MTFN-001-G-F-0185-002-R0006	8691	
IL-MTFN-001-G-F-0185-002-R0008	8692	
IL-MTFN-001-G-F-0185-002-R0009	8693	
IL-MTFN-001-G-F-0185-002-R0010	8694	
IL-MTFN-001-G-F-0185-002-R0011	8695	
IL-MTFN-001-G-F-0185-002-R0012	8696	
IL-MTFN-001-G-F-0185-003-R0001	8697	
IL-MTFN-001-G-F-0185-003-R0003	8698	
IL-MTFN-001-G-F-0185-004-R0001	8699	
IL-MTFN-001-G-F-0185-004-R0002	8700	
IL-MTFN-001-G-F-0185-004-R0004	8701	
IL-MTFN-001-G-F-0185-004-R0005	8702	
IL-MTFN-001-G-F-0185-005-R0001	8703	
IL-MTFN-001-G-F-0185-005-R0002	8704	
IL-MTFN-001-G-F-0185-005-R0004	8705	
IL-MTFN-001-G-F-0185-006-R0001	8706	
IL-MTFN-001-G-F-0185-006-R0002	8707	
IL-MTFN-001-G-F-0185-006-R0003	8708	
IL-MTFN-001-G-F-0185-006-R0004	8709	
IL-MTFN-001-G-F-0185-006-R0005	8710	
IL-MTFN-001-G-F-0185-007-R0001	8711	
IL-MTFN-001-G-F-0185-007-R0002	8712	
IL-MTFN-001-G-F-0185-007-R0003	8713	
IL-MTFN-001-G-F-0185-007-R0004	8714	
IL-MTFN-001-G-F-0185-007-R0005	8715	
IL-MTFN-001-G-F-0185-007-R0006	8716	
IL-MTFN-001-G-F-0185-007-R0007	8717	
IL-MTFN-001-G-F-0185-008-R0001	8718	
IL-MTFN-001-G-F-0185-008-R0002	8719	
IL-MTFN-001-G-F-0185-008-R0003	8720	
IL-MTFN-001-G-F-0185-008-R0004	8721	
IL-MTFN-001-G-F-0185-009-R0001	8722	
IL-MTFN-001-G-F-0185-009-R0002	8723	
IL-MTFN-001-G-F-0185-009-R0009	8724	
IL-MTFN-001-G-F-0185-009-R0012	8725	
IL-MTFN-001-G-F-0185-009-R0013	8726	
IL-MTFN-001-G-F-0185-010-R0001	8727	
IL-MTFN-001-G-F-0185-010-R0003	8728	
IL-MTFN-001-G-F-0185-010-R0004	8729	
IL-MTFN-001-G-F-0185-010-R0005	8730	
IL-MTFN-001-G-F-0185-011-R0001	8731	
IL-MTFN-001-G-F-0185-011-R0002	8732	
IL-MTFN-001-G-F-0185-011-R0003	8733	
IL-MTFN-001-G-F-0185-011-R0004	8734	
IL-MTFN-001-G-F-0185-011-R0006	8735	
IL-MTFN-001-G-F-0185-011-R0007	8736	
IL-MTFN-001-G-F-0185-011-R0008	8737	
IL-MTFN-001-G-F-0185-011-R0010	8738	
IL-MTFN-001-G-F-0185-011-R0011	8739	
IL-MTFN-001-G-F-0185-011-R0012	8740	
IL-MTFN-001-G-F-0185-011-R0013	8741	
IL-MTFN-001-G-F-0185-011-R0014	8742	
IL-MTFN-001-G-F-0185-011-R0015	8743	
IL-MTFN-001-G-F-0186-002-R0002	8744	
IL-MTFN-001-G-F-0186-002-R0007	8745	
IL-MTFN-001-G-F-0186-002-R0008	8746	
IL-MTFN-001-G-F-0186-002-R0011	8747	
IL-MTFN-001-G-F-0186-002-R0012	8748	
IL-MTFN-001-G-F-0186-003-R0001	8749	
IL-MTFN-001-G-F-0186-003-R0002	8750	
IL-MTFN-001-G-F-0186-003-R0004	8751	
IL-MTFN-001-G-F-0186-003-R0005	8752	
IL-MTFN-001-G-F-0186-003-R0006	8753	
IL-MTFN-001-G-F-0186-004-R0002	8754	
IL-MTFN-001-G-F-0186-004-R0004	8755	
IL-MTFN-001-G-F-0186-004-R0005	8756	
IL-MTFN-001-G-F-0186-004-R0008	8757	
IL-MTFN-001-G-F-0186-005-R0001	8758	
IL-MTFN-001-G-F-0186-005-R0002	8759	
IL-MTFN-001-G-F-0186-005-R0003	8760	
IL-MTFN-001-G-F-0186-005-R0004	8761	
IL-MTFN-001-G-F-0186-005-R0005	8762	
IL-MTFN-001-G-F-0186-005-R0006	8763	
IL-MTFN-001-G-F-0186-007-R0003	8764	
IL-MTFN-001-G-F-0186-007-R0006	8765	
IL-MTFN-001-G-F-0186-007-R0007	8766	
IL-MTFN-001-G-F-0186-007-R0008	8767	
IL-MTFN-001-G-F-0187-001-R0003	8768	
IL-MTFN-001-G-F-0187-002-R0001	8769	
IL-MTFN-001-G-F-0187-002-R0002	8770	
IL-MTFN-001-G-F-0187-002-R0003	8771	
IL-MTFN-001-G-F-0187-002-R0004	8772	
IL-MTFN-001-G-F-0187-002-R0006	8773	
IL-MTFN-001-G-F-0187-002-R0010	8774	
IL-MTFN-001-G-F-0187-003-R0001	8775	
IL-MTFN-001-G-F-0187-003-R0002	8776	
IL-MTFN-001-G-F-0188-001-R0001	8777	
IL-MTFN-001-G-F-0188-001-R0002	8778	
IL-MTFN-001-G-F-0190-001-R0002	8779	
IL-MTFN-001-G-F-0190-001-R0003	8780	
IL-MTFN-001-G-F-0190-001-R0004	8781	
IL-MTFN-001-G-F-0190-001-R0005	8782	
IL-MTFN-001-G-F-0190-002-R0001	8783	
IL-MTFN-001-G-F-0190-003-R0001	8784	
IL-MTFN-001-G-F-0190-003-R0002	8785	
IL-MTFN-001-G-F-0190-003-R0003	8786	
IL-MTFN-001-G-F-0190-003-R0005	8787	
IL-MTFN-001-G-F-0190-003-R0006	8788	
IL-MTFN-001-G-F-0190-003-R0009	8789	
IL-MTFN-001-G-F-0190-003-R0010	8790	
IL-MTFN-001-G-F-0190-003-R0011	8791	
IL-MTFN-001-G-F-0190-003-R0012	8792	
IL-MTFN-001-G-F-0190-003-R0013	8793	
IL-MTFN-001-G-F-0190-003-R0014	8794	
IL-MTFN-001-G-F-0190-004-R0001	8795	
IL-MTFN-001-G-F-0190-004-R0002	8796	
IL-MTFN-001-G-F-0190-004-R0003	8797	
IL-MTFN-001-G-F-0190-004-R0004	8798	
IL-MTFN-001-G-F-0190-004-R0005	8799	
IL-MTFN-001-G-F-0190-004-R0006	8800	
IL-MTFN-001-G-F-0190-004-R0008	8801	
IL-MTFN-001-G-F-0190-004-R0009	8802	
IL-MTFN-001-G-F-0190-004-R0010	8803	
IL-MTFN-001-G-F-0190-004-R0011	8804	
IL-MTFN-001-G-F-0190-004-R0013	8805	
IL-MTFN-001-G-F-0190-004-R0014	8806	
IL-MTFN-001-G-F-0190-004-R0015	8807	
IL-MTFN-001-G-F-0190-004-R0016	8808	
IL-MTFN-001-G-F-0190-004-R0017	8809	
IL-MTFN-001-G-F-0190-004-R0018	8810	
IL-MTFN-001-G-F-0190-004-R0019	8811	
IL-MTFN-001-G-F-0190-004-R0020	8812	
IL-MTFN-001-G-F-0190-005-R0001	8813	
IL-MTFN-001-G-F-0190-005-R0002	8814	
IL-MTFN-001-G-F-0190-005-R0003	8815	
IL-MTFN-001-G-F-0190-005-R0004	8816	
IL-MTFN-001-G-F-0190-005-R0005	8817	
IL-MTFN-001-G-F-0190-005-R0006	8818	
IL-MTFN-001-G-F-0190-005-R0007	8819	
IL-MTFN-001-G-F-0190-005-R0008	8820	
IL-MTFN-001-G-F-0190-005-R0009	8821	
IL-MTFN-001-G-F-0190-005-R0010	8822	
IL-MTFN-001-G-F-0190-005-R0011	8823	
IL-MTFN-001-G-F-0190-005-R0013	8824	
IL-MTFN-001-G-F-0190-005-R0014	8825	
IL-MTFN-001-G-F-0190-005-R0015	8826	
IL-MTFN-001-G-F-0190-005-R0016	8827	
IL-MTFN-001-G-F-0190-005-R0017	8828	
IL-MTFN-001-G-F-0190-005-R0018	8829	
IL-MTFN-001-G-F-0190-005-R0019	8830	
IL-MTFN-001-G-F-0190-005-R0020	8831	
IL-MTFN-001-G-F-0192-001-R0002	8832	
IL-MTFN-001-G-F-0192-001-R0003	8833	
IL-MTFN-001-G-F-0192-001-R0005	8834	
IL-MTFN-001-G-F-0198-001-R0001	8835	
IL-MTFN-001-G-F-0198-001-R0005	8836	
IL-MTFN-001-G-F-0198-001-R0006	8837	
IL-MTFN-001-G-F-0198-001-R0007	8838	
IL-MTFN-001-G-F-0198-002-R0001	8839	
IL-MTFN-001-G-F-0198-002-R0005	8840	
IL-MTFN-001-G-F-0202-001-R0001	8841	
IL-MTFN-001-G-F-0202-001-R0002	8842	
IL-MTFN-001-G-F-0202-001-R0005	8843	
IL-MTFN-001-G-F-0202-001-R0006	8844	
IL-MTFN-001-G-F-0202-001-R0007	8845	
IL-MTFN-001-G-F-0202-001-R0008	8846	
IL-MTFN-001-G-F-0202-001-R0009	8847	
IL-MTFN-001-G-F-0202-001-R0010	8848	
IL-MTFN-001-G-F-0202-001-R0011	8849	
IL-MTFN-001-G-F-0202-001-R0012	8850	
IL-MTFN-001-G-F-0202-001-R0013	8851	
IL-MTFN-001-G-F-0202-001-R0014	8852	
IL-MTFN-001-G-F-0202-001-R0015	8853	
IL-MTFN-001-G-F-0202-001-R0016	8854	
IL-MTFN-001-G-F-0202-001-R0017	8855	
IL-MTFN-001-G-F-0202-001-R0018	8856	
IL-MTFN-001-G-F-0202-001-R0020	8857	
IL-MTFN-001-G-F-0202-001-R0021	8858	
IL-MTFN-001-G-F-0202-001-R0022	8859	
IL-MTFN-001-G-F-0202-002-R0001	8860	
IL-MTFN-001-G-F-0202-003-R0002	8861	
IL-MTFN-001-G-F-0202-003-R0003	8862	
IL-MTFN-001-G-F-0202-004-R0002	8863	
IL-MTFN-001-G-F-0202-004-R0003	8864	
IL-MTFN-001-G-F-0202-004-R0004	8865	
IL-MTFN-001-G-F-0202-006-R0001	8866	
IL-MTFN-001-G-F-0202-006-R0002	8867	
IL-MTFN-001-G-F-0202-006-R0004	8868	
IL-MTFN-001-G-F-0202-007-R0002	8869	
IL-MTFN-001-G-F-0202-007-R0004	8870	
IL-MTFN-001-G-F-0202-007-R0005	8871	
IL-MTFN-001-G-F-0202-007-R0006	8872	
IL-MTFN-001-G-F-0202-008-R0001	8873	
IL-MTFN-001-G-F-0202-008-R0002	8874	
IL-MTFN-001-G-F-0202-008-R0003	8875	
IL-MTFN-001-G-F-0202-009-R0001	8876	
IL-MTFN-001-G-F-0202-009-R0002	8877	
IL-MTFN-001-G-F-0202-009-R0005	8878	
IL-MTFN-001-G-F-0202-009-R0006	8879	
IL-MTFN-001-G-F-0202-009-R0012	8880	
IL-MTFN-001-G-F-0202-009-R0013	8881	
IL-MTFN-001-G-F-0202-009-R0014	8882	
IL-MTFN-001-G-F-0202-010-R0003	8883	
IL-MTFN-001-G-F-0202-010-R0004	8884	
IL-MTFN-001-G-F-0202-010-R0005	8885	
IL-MTFN-001-G-F-0202-010-R0008	8886	
IL-MTFN-001-G-F-0202-010-R0009	8887	
IL-MTFN-001-G-F-0202-010-R0010	8888	
IL-MTFN-001-G-F-0202-011-R0001	8889	
IL-MTFN-001-G-F-0202-011-R0002	8890	
IL-MTFN-001-G-F-0202-011-R0004	8891	
IL-MTFN-001-G-F-0202-013-R0004	8892	
IL-MTFN-001-G-F-0202-013-R0005	8893	
IL-MTFN-001-G-F-0202-013-R0007	8894	
IL-MTFN-001-G-F-0202-013-R0008	8895	
IL-MTFN-001-G-F-0202-014-R0003	8896	
IL-MTFN-001-G-F-0202-014-R0008	8897	
IL-MTFN-001-G-F-0202-014-R0009	8898	
IL-MTFN-001-G-F-0202-014-R0010	8899	
IL-MTFN-001-G-F-0202-014-R0011	8900	
IL-MTFN-001-G-F-0202-015-R0001	8901	
IL-MTFN-001-G-F-0202-015-R0005	8902	
IL-MTFN-001-G-F-0202-015-R0007	8903	
IL-MTFN-001-G-F-0202-015-R0008	8904	
IL-MTFN-001-G-F-0202-015-R0012	8905	
IL-MTFN-001-G-F-0202-015-R0013	8906	
IL-MTFN-001-G-F-0202-015-R0015	8907	
IL-MTFN-001-G-F-0202-016-R0002	8908	
IL-MTFN-001-G-F-0202-016-R0003	8909	
IL-MTFN-001-G-F-0202-016-R0005	8910	
IL-MTFN-001-G-F-0202-016-R0007	8911	
IL-MTFN-001-G-F-0202-016-R0009	8912	
IL-MTFN-001-G-F-0202-016-R0011	8913	
IL-MTFN-001-G-F-0202-016-R0013	8914	
IL-MTFN-001-G-F-0202-016-R0014	8915	
IL-MTFN-001-G-F-0202-016-R0016	8916	
IL-MTFN-001-G-F-0202-016-R0019	8917	
IL-MTFN-001-G-F-0207-001-R0002	8918	
IL-MTFN-001-G-F-0207-003-R0003	8919	
IL-MTFN-001-G-F-0207-004-R0001	8920	
IL-MTFN-001-G-F-0210-001-R0001	8921	
IL-MTFN-001-G-F-0214-001-R0001	8922	
IL-MTFN-001-G-F-0214-001-R0002	8923	
IL-MTFN-001-G-F-0214-001-R0003	8924	
IL-MTFN-001-G-F-0214-001-R0005	8925	
IL-MTFN-001-G-F-0214-001-R0006	8926	
IL-MTFN-001-G-F-0214-003-R0001	8927	
IL-MTFN-001-G-F-0214-003-R0002	8928	
IL-MTFN-001-G-F-0214-003-R0003	8929	
IL-MTFN-001-G-F-0214-003-R0004	8930	
IL-MTFN-001-G-F-0214-003-R0005	8931	
IL-MTFN-001-G-F-0214-003-R0006	8932	
IL-MTFN-001-G-F-0214-003-R0007	8933	
IL-MTFN-001-G-F-0214-003-R0008	8934	
IL-MTFN-001-G-F-0214-003-R0010	8935	
IL-MTFN-001-G-F-0214-003-R0011	8936	
IL-MTFN-001-G-F-0214-004-R0002	8937	
IL-MTFN-001-G-F-0214-004-R0004	8938	
IL-MTFN-001-G-F-0214-004-R0010	8939	
IL-MTFN-001-G-F-0214-006-R0005	8940	
IL-MTFN-001-G-F-0214-007-R0001	8941	
IL-MTFN-001-G-F-0214-008-R0001	8942	
IL-MTFN-001-G-F-0214-008-R0002	8943	
IL-MTFN-001-G-F-0214-008-R0004	8944	
IL-MTFN-001-G-F-0219-001-R0002	8945	
IL-MTFN-001-G-F-0219-001-R0006	8946	
IL-MTFN-001-G-F-0219-002-R0001	8947	
IL-MTFN-001-G-F-0219-002-R0002	8948	
IL-MTFN-001-G-F-0219-002-R0003	8949	
IL-MTFN-001-G-F-0219-002-R0004	8950	
IL-MTFN-001-G-F-0219-002-R0005	8951	
IL-MTFN-001-G-F-0219-002-R0006	8952	
IL-MTFN-001-G-F-0219-002-R0007	8953	
IL-MTFN-001-G-F-0219-002-R0008	8954	
IL-MTFN-001-G-F-0219-002-R0009	8955	
IL-MTFN-001-G-F-0219-002-R0010	8956	
IL-MTFN-001-G-F-0219-002-R0011	8957	
IL-MTFN-001-G-F-0219-002-R0012	8958	
IL-MTFN-001-G-F-0219-002-R0013	8959	
IL-MTFN-001-G-F-0219-002-R0014	8960	
IL-MTFN-001-G-F-0219-002-R0015	8961	
IL-MTFN-001-G-F-0223-001-R0001	8962	
IL-MTFN-001-G-F-0223-001-R0002	8963	
IL-MTFN-001-G-F-0223-001-R0003	8964	
IL-MTFN-001-G-F-0223-001-R0007	8965	
IL-MTFN-001-G-F-0223-001-R0008	8966	
IL-MTFN-001-G-F-0223-001-R0009	8967	
IL-MTFN-001-G-F-0223-003-R0001	8968	
IL-MTFN-001-G-F-0226-001-R0001	8969	
IL-MTFN-001-G-F-0226-001-R0002	8970	
IL-MTFN-001-G-F-0226-001-R0004	8971	
IL-MTFN-001-G-F-0226-001-R0005	8972	
IL-MTFN-001-G-F-0226-001-R0006	8973	
IL-MTFN-001-G-F-0226-001-R0007	8974	
IL-MTFN-001-G-F-0226-001-R0008	8975	
IL-MTFN-001-G-F-0226-001-R0009	8976	
IL-MTFN-001-G-F-0226-002-R0001	8977	
IL-MTFN-001-G-F-0232-001-R0001	8978	
IL-MTFN-001-G-F-0236-001-R0001	8979	
IL-MTFN-001-G-F-0236-001-R0002	8980	
IL-MTFN-001-G-F-0236-001-R0003	8981	
IL-MTFN-001-G-F-0236-001-R0004	8982	
IL-MTFN-001-G-F-0236-001-R0005	8983	
IL-MTFN-001-G-F-0236-001-R0006	8984	
IL-MTFN-001-G-F-0236-001-R0007	8985	
IL-MTFN-001-G-F-0236-001-R0008	8986	
IL-MTFN-001-G-F-0236-001-R0010	8987	
IL-MTFN-001-G-F-0236-001-R0011	8988	
IL-MTFN-001-G-F-0236-001-R0012	8989	
IL-MTFN-001-G-F-0236-001-R0013	8990	
IL-MTFN-001-G-F-0239-001-R0001	8991	
IL-MTFN-001-G-F-0239-002-R0001	8992	
IL-MTFN-001-G-F-0239-002-R0002	8993	
IL-MTFN-001-G-F-0239-002-R0004	8994	
IL-MTFN-001-G-F-0240-001-R0001	8995	
IL-MTFN-001-G-F-0240-001-R0002	8996	
IL-MTFN-001-G-F-0247-001-R0002	8997	
IL-MTFN-001-G-F-0247-001-R0003	8998	
IL-MTFN-001-G-F-0247-001-R0004	8999	
IL-MTFN-001-G-F-0247-002-R0001	9000	
IL-MTFN-001-G-F-0247-002-R0002	9001	
IL-MTFN-001-G-F-0247-002-R0003	9002	
IL-MTFN-001-G-F-0247-002-R0004	9003	
IL-MTFN-001-G-F-0247-002-R0007	9004	
IL-MTFN-001-G-F-0247-002-R0008	9005	
IL-MTFN-001-G-F-0247-002-R0009	9006	
IL-MTFN-001-G-F-0247-002-R0010	9007	
IL-MTFN-001-G-F-0247-006-R0001	9008	
IL-MTFN-001-G-F-0247-006-R0002	9009	
IL-MTFN-001-G-F-0247-007-R0002	9010	
IL-MTFN-001-G-F-0250-002-R0001	9011	
IL-MTFN-001-G-F-0250-003-R0001	9012	
IL-MTFN-001-G-F-0250-003-R0003	9013	
IL-MTFN-001-G-F-0250-003-R0005	9014	
IL-MTFN-001-G-F-0250-004-R0001	9015	
IL-MTFN-001-G-F-0250-004-R0006	9016	
IL-MTFN-001-G-F-0250-004-R0007	9017	
IL-MTFN-001-G-F-0250-004-R0009	9018	
IL-MTFN-001-G-F-0250-004-R0010	9019	
IL-MTFN-001-G-F-0250-004-R0011	9020	
IL-MTFN-001-G-F-0250-004-R0012	9021	
IL-MTFN-001-G-F-0250-005-R0008	9022	
IL-MTFN-001-G-F-0250-005-R0009	9023	
IL-MTFN-001-G-F-0250-005-R0014	9024	
IL-MTFN-001-G-F-0250-005-R0015	9025	
IL-MTFN-001-G-F-0250-005-R0017	9026	
IL-MTFN-001-G-F-0250-005-R0020	9027	
IL-MTFN-001-G-F-0251-001-R0001	9028	
IL-MTFN-001-G-F-0251-001-R0004	9029	
IL-MTFN-001-G-F-0251-001-R0005	9030	
IL-MTFN-001-G-F-0251-001-R0006	9031	
IL-MTFN-001-G-F-0251-001-R0007	9032	
IL-MTFN-001-G-F-0251-001-R0008	9033	
IL-MTFN-001-G-F-0252-001-R0005	9034	
IL-MTFN-001-G-F-0252-001-R0007	9035	
IL-MTFN-001-G-F-0252-001-R0008	9036	
IL-MTFN-001-G-F-0254-001-R0001	9037	
IL-MTFN-001-G-F-0256-001-R0002	9038	
IL-MTFN-001-G-F-0256-001-R0003	9039	
IL-MTFN-001-G-F-0256-001-R0004	9040	
IL-MTFN-001-G-F-0256-001-R0005	9041	
IL-MTFN-001-G-F-0256-001-R0006	9042	
IL-MTFN-001-G-F-0256-001-R0007	9043	
IL-MTFN-001-G-F-0256-001-R0008	9044	
IL-MTFN-001-G-F-0256-001-R0009	9045	
IL-MTFN-001-G-F-0256-001-R0010	9046	
IL-MTFN-001-G-F-0256-001-R0011	9047	
IL-MTFN-001-G-F-0256-001-R0012	9048	
IL-MTFN-001-G-F-0256-001-R0014	9049	
IL-MTFN-001-G-F-0256-001-R0015	9050	
IL-MTFN-001-G-F-0256-001-R0016	9051	
IL-MTFN-001-G-F-0256-001-R0017	9052	
IL-MTFN-001-G-F-0257-001-R0002	9053	
IL-MTFN-001-G-F-0258-001-R0001	9054	
IL-MTFN-001-G-F-0259-001-R0001	9055	
IL-MTFN-001-G-F-0261-001-R0001	9056	
IL-MTFN-001-G-F-0262-001-R0001	9057	
IL-MTFN-001-G-F-0262-001-R0002	9058	
IL-MTFN-001-G-F-0264-001-R0001	9059	
IL-MTFN-001-G-F-0264-001-R0002	9060	
IL-MTFN-001-G-F-0264-001-R0003	9061	
IL-MTFN-001-G-F-0264-001-R0004	9062	
IL-MTFN-001-G-F-0264-001-R0005	9063	
IL-MTFN-001-G-F-0264-001-R0006	9064	
IL-MTFN-001-G-F-0264-001-R0007	9065	
IL-MTFN-001-G-F-0264-001-R0008	9066	
IL-MTFN-001-G-F-0264-001-R0009	9067	
IL-MTFN-001-G-F-0264-002-R0001	9068	
IL-MTFN-001-G-F-0264-002-R0002	9069	
IL-MTFN-001-G-F-0264-002-R0003	9070	
IL-MTFN-001-G-F-0264-002-R0004	9071	
IL-MTFN-001-G-F-0264-002-R0005	9072	
IL-MTFN-001-G-F-0264-002-R0006	9073	
IL-MTFN-001-G-F-0264-002-R0007	9074	
IL-MTFN-001-G-F-0264-002-R0008	9075	
IL-MTFN-001-G-F-0264-002-R0009	9076	
IL-MTFN-001-G-F-0264-002-R0010	9077	
IL-MTFN-001-G-F-0266-001-R0002	9078	
IL-MTFN-001-G-F-0267-002-R0002	9079	
IL-MTFN-001-G-F-0267-002-R0003	9080	
IL-MTFN-001-G-F-0267-003-R0001	9081	
IL-MTFN-001-G-F-0267-003-R0002	9082	
IL-MTFN-001-G-F-0267-003-R0007	9083	
IL-MTFN-001-G-F-0267-003-R0009	9084	
IL-MTFN-001-G-F-0267-004-R0002	9085	
IL-MTFN-001-G-F-0267-004-R0004	9086	
IL-MTFN-001-G-F-0267-004-R0005	9087	
IL-MTFN-001-G-F-0267-004-R0006	9088	
IL-MTFN-001-G-F-0267-005-R0001	9089	
IL-MTFN-001-G-F-0267-005-R0002	9090	
IL-MTFN-001-G-F-0267-005-R0006	9091	
IL-MTFN-001-G-F-0267-005-R0007	9092	
IL-MTFN-001-G-F-0267-008-R0001	9093	
IL-MTFN-001-G-F-0267-008-R0003	9094	
IL-MTFN-001-G-F-0267-009-R0001	9095	
IL-MTFN-001-G-F-0267-009-R0003	9097	
IL-MTFN-001-G-F-0267-011-R0001	9098	
IL-MTFN-001-G-F-0267-011-R0002	9099	
IL-MTFN-001-G-F-0267-011-R0003	9100	
IL-MTFN-001-G-F-0267-011-R0004	9101	
IL-MTFN-001-G-F-0267-011-R0011	9102	
IL-MTFN-001-G-F-0267-012-R0001	9103	
IL-MTFN-001-G-F-0267-013-R0001	9104	
IL-MTFN-001-G-F-0267-013-R0002	9105	
IL-MTFN-001-G-F-0267-013-R0004	9106	
IL-MTFN-001-G-F-0267-013-R0006	9107	
IL-MTFN-001-G-F-0267-014-R0001	9108	
IL-MTFN-001-G-F-0267-015-R0003	9109	
IL-MTFN-001-G-F-0267-015-R0005	9110	
IL-MTFN-001-G-F-0267-015-R0006	9111	
IL-MTFN-001-G-F-0267-015-R0007	9112	
IL-MTFN-001-G-F-0267-015-R0008	9113	
IL-MTFN-001-G-F-0267-015-R0009	9114	
IL-MTFN-001-G-F-0267-015-R0010	9115	
IL-MTFN-001-G-F-0267-015-R0011	9116	
IL-MTFN-001-G-F-0267-022-R0001	9117	
IL-MTFN-001-G-F-0267-022-R0003	9118	
IL-MTFN-001-G-F-0267-025-R0001	9119	
IL-MTFN-001-G-F-0267-025-R0003	9120	
IL-MTFN-001-G-F-0267-025-R0004	9121	
IL-MTFN-001-G-F-0267-025-R0006	9122	
IL-MTFN-001-G-F-0267-025-R0008	9123	
IL-MTFN-001-G-F-0267-025-R0009	9124	
IL-MTFN-001-G-F-0267-025-R0010	9125	
IL-MTFN-001-G-F-0267-025-R0011	9126	
IL-MTFN-001-G-F-0267-025-R0015	9127	
IL-MTFN-001-G-F-0267-025-R0016	9128	
IL-MTFN-001-G-F-0267-025-R0019	9129	
IL-MTFN-001-G-F-0267-025-R0022	9130	
IL-MTFN-001-G-F-0268-001-R0003	9131	
IL-MTFN-001-G-F-0268-001-R0005	9132	
IL-MTFN-001-G-F-0271-001-R0001	9133	
IL-MTFN-001-G-F-0271-001-R0002	9134	
IL-MTFN-001-G-F-0271-001-R0003	9135	
IL-MTFN-001-G-F-0271-001-R0004	9136	
IL-MTFN-001-G-F-0271-001-R0005	9137	
IL-MTFN-001-G-F-0271-001-R0006	9138	
IL-MTFN-001-G-F-0271-001-R0007	9139	
IL-MTFN-001-G-F-0271-001-R0008	9140	
IL-MTFN-001-G-F-0271-001-R0009	9141	
IL-MTFN-001-G-F-0271-001-R0010	9142	
IL-MTFN-001-G-F-0271-001-R0011	9143	
IL-MTFN-001-G-F-0271-001-R0012	9144	
IL-MTFN-001-G-F-0271-001-R0013	9145	
IL-MTFN-001-G-F-0271-001-R0014	9146	
IL-MTFN-001-G-F-0271-001-R0015	9147	
IL-MTFN-001-G-F-0271-001-R0016	9148	
IL-MTFN-001-G-F-0271-001-R0017	9149	
IL-MTFN-001-G-F-0271-001-R0018	9150	
IL-MTFN-001-G-F-0271-001-R0019	9151	
IL-MTFN-001-G-F-0271-001-R0020	9152	
IL-MTFN-001-G-F-0271-001-R0021	9153	
IL-MTFN-001-G-F-0271-001-R0022	9154	
IL-MTFN-001-G-F-0271-001-R0023	9155	
IL-MTFN-001-G-F-0271-001-R0024	9156	
IL-MTFN-001-G-F-0271-001-R0025	9157	
IL-MTFN-001-G-F-0271-001-R0026	9158	
IL-MTFN-001-G-F-0271-001-R0027	9159	
IL-MTFN-001-G-F-0271-001-R0028	9160	
IL-MTFN-001-G-F-0271-001-R0029	9161	
IL-MTFN-001-G-F-0271-001-R0030	9162	
IL-MTFN-001-G-F-0271-001-R0031	9163	
IL-MTFN-001-G-F-0271-001-R0032	9164	
IL-MTFN-001-G-F-0271-001-R0033	9165	
IL-MTFN-001-G-F-0271-001-R0034	9166	
IL-MTFN-001-G-F-0271-001-R0035	9167	
IL-MTFN-001-G-F-0271-001-R0036	9168	
IL-MTFN-001-G-F-0272-001-R0001	9169	
IL-MTFN-001-G-F-0272-001-R0002	9170	
IL-MTFN-001-G-F-0272-001-R0003	9171	
IL-MTFN-001-G-F-0272-001-R0005	9172	
IL-MTFN-001-G-F-0273-001-R0001	9173	
IL-MTFN-001-G-F-0274-001-R0001	9174	
IL-MTFN-001-G-F-0274-001-R0002	9175	
IL-MTFN-001-G-F-0274-001-R0003	9176	
IL-MTFN-001-G-F-0274-001-R0004	9177	
IL-MTFN-001-G-F-0274-001-R0005	9178	
IL-MTFN-001-G-F-0274-001-R0006	9179	
IL-MTFN-001-G-F-0274-001-R0007	9180	
IL-MTFN-001-G-F-0274-001-R0008	9181	
IL-MTFN-001-G-F-0274-001-R0009	9182	
IL-MTFN-001-G-F-0274-001-R0010	9183	
IL-MTFN-001-G-F-0274-001-R0011	9184	
IL-MTFN-001-G-F-0274-001-R0012	9185	
IL-MTFN-001-G-F-0274-001-R0013	9186	
IL-MTFN-001-G-F-0274-001-R0014	9187	
IL-MTFN-001-G-F-0274-001-R0015	9188	
IL-MTFN-001-G-F-0274-001-R0016	9189	
IL-MTFN-001-G-F-0274-001-R0017	9190	
IL-MTFN-001-G-F-0274-001-R0018	9191	
IL-MTFN-001-G-F-0274-001-R0019	9192	
IL-MTFN-001-G-F-0274-001-R0020	9193	
IL-MTFN-001-G-F-0274-001-R0021	9194	
IL-MTFN-001-G-F-0274-001-R0022	9195	
IL-MTFN-001-G-F-0275-001-R0001	9196	
IL-MTFN-001-G-F-0276-003-R0003	9197	
IL-MTFN-001-G-F-0276-003-R0005	9198	
IL-MTFN-001-G-F-0276-003-R0006	9199	
IL-MTFN-001-G-F-0276-003-R0008	9200	
IL-MTFN-001-G-F-0276-003-R0010	9201	
IL-MTFN-001-G-F-0276-003-R0011	9202	
IL-MTFN-001-G-F-0276-006-R0001	9203	
IL-MTFN-001-G-F-0276-006-R0004	9204	
IL-MTFN-001-G-F-0276-006-R0005	9205	
IL-MTFN-001-G-F-0276-009-R0005	9206	
IL-MTFN-001-G-F-0276-015-R0017	9207	
IL-MTFN-001-G-F-0276-020-R0006	9208	
IL-MTFN-001-G-F-0276-020-R0008	9209	
IL-MTFN-001-G-F-0276-023-R0012	9210	
IL-MTFN-001-G-F-0277-001-R0002	9211	
IL-MTFN-001-G-F-0277-001-R0003	9212	
IL-MTFN-001-G-F-0277-001-R0004	9213	
IL-MTFN-001-G-F-0277-001-R0005	9214	
IL-MTFN-001-G-F-0277-001-R0006	9215	
IL-MTFN-001-G-F-0277-001-R0008	9216	
IL-MTFN-001-G-F-0277-001-R0009	9217	
IL-MTFN-001-G-F-0277-001-R0010	9218	
IL-MTFN-001-G-F-0277-001-R0011	9219	
IL-MTFN-001-G-F-0277-001-R0012	9220	
IL-MTFN-001-G-F-0277-001-R0014	9221	
IL-MTFN-001-G-F-0278-001-R0001	9222	
IL-MTFN-001-G-F-0279-001-R0001	9223	
IL-MTFN-001-G-F-0279-001-R0002	9224	
IL-MTFN-001-G-F-0279-001-R0003	9225	
IL-MTFN-001-G-F-0279-001-R0004	9226	
IL-MTFN-001-G-F-0279-001-R0005	9227	
IL-MTFN-001-G-F-0279-001-R0006	9228	
IL-MTFN-001-G-F-0279-001-R0010	9229	
IL-MTFN-001-G-F-0280-001-R0001	9230	
IL-MTFN-001-G-F-0280-001-R0002	9231	
IL-MTFN-001-G-F-0280-001-R0004	9232	
IL-MTFN-001-G-F-0280-001-R0006	9233	
IL-MTFN-001-G-F-0280-001-R0008	9234	
IL-MTFN-001-G-F-0280-001-R0009	9235	
IL-MTFN-001-G-F-0280-001-R0010	9236	
IL-MTFN-001-G-F-0280-001-R0011	9237	
IL-MTFN-001-G-F-0280-001-R0012	9238	
IL-MTFN-001-G-F-0280-001-R0013	9239	
IL-MTFN-001-G-F-0280-001-R0014	9240	
IL-MTFN-001-G-F-0280-002-R0001	9241	
IL-MTFN-001-G-F-0280-002-R0002	9242	
IL-MTFN-001-G-F-0282-001-R0001	9243	
IL-MTFN-001-G-F-0283-001-R0001	9244	
IL-MTFN-001-G-F-0285-001-R0001	9245	
IL-MTFN-001-G-F-0286-001-R0001	9246	
IL-MTFN-001-G-F-0287-001-R0001	9247	
IL-MTFN-001-G-F-0287-001-R0002	9248	
IL-MTFN-001-G-F-0287-001-R0003	9249	
IL-MTFN-001-G-F-0287-001-R0004	9250	
IL-MTFN-001-G-F-0287-001-R0005	9251	
IL-MTFN-001-G-F-0287-001-R0006	9252	
IL-MTFN-001-G-F-0288-001-R0001	9253	
IL-MTFN-001-G-F-0289-001-R0001	9254	
IL-MTFN-001-G-F-0290-001-R0004	9255	
IL-MTFN-001-G-F-0290-001-R0007	9256	
IL-MTFN-001-G-F-0290-002-R0001	9257	
IL-MTFN-001-G-F-0290-002-R0002	9258	
IL-MTFN-001-G-F-0290-002-R0005	9259	
IL-MTFN-001-G-F-0290-003-R0001	9260	
IL-MTFN-001-G-F-0290-003-R0003	9261	
IL-MTFN-001-G-F-0290-003-R0006	9262	
IL-MTFN-001-G-F-0290-003-R0007	9263	
IL-MTFN-001-G-F-0290-003-R0008	9264	
IL-MTFN-001-G-F-0290-003-R0009	9265	
IL-MTFN-001-G-F-0290-003-R0010	9266	
IL-MTFN-001-G-F-0290-003-R0011	9267	
IL-MTFN-001-G-F-0290-003-R0012	9268	
IL-MTFN-001-G-F-0290-003-R0013	9269	
IL-MTFN-001-G-F-0290-003-R0014	9270	
IL-MTFN-001-G-F-0290-004-R0001	9271	
IL-MTFN-001-G-F-0290-004-R0002	9272	
IL-MTFN-001-G-F-0290-004-R0003	9273	
IL-MTFN-001-G-F-0290-004-R0004	9274	
IL-MTFN-001-G-F-0290-004-R0005	9275	
IL-MTFN-001-G-F-0290-004-R0006	9276	
IL-MTFN-001-G-F-0290-004-R0007	9277	
IL-MTFN-001-G-F-0292-001-R0002	9278	
IL-MTFN-001-G-F-0293-001-R0001	9279	
IL-MTFN-001-G-F-0294-001-R0001	9280	
IL-MTFN-001-G-F-0294-001-R0002	9281	
IL-MTFN-001-G-F-0294-001-R0003	9282	
IL-MTFN-001-G-F-0295-001-R0001	9283	
IL-MTFN-001-G-F-0296-001-R0001	9284	
IL-MTFN-001-G-F-0297-001-R0001	9285	
IL-MTFN-001-G-F-0297-001-R0002	9286	
IL-MTFN-001-G-F-0298-001-R0001	9287	
IL-MTFN-001-G-F-0298-001-R0002	9288	
IL-MTFN-001-G-F-0299-001-R0001	9289	
IL-MTFN-001-G-F-0299-001-R0002	9290	
IL-MTFN-001-G-F-0300-001-R0001	9291	
IL-MTFN-001-G-F-0300-001-R0003	9292	
IL-MTFN-001-G-F-0300-001-R0004	9293	
IL-MTFN-001-G-F-0300-001-R0007	9294	
IL-MTFN-001-G-F-0300-002-R0001	9295	
IL-MTFN-001-G-F-0300-002-R0002	9296	
IL-MTFN-001-G-F-0300-002-R0005	9297	
IL-MTFN-001-G-F-0300-003-R0003	9298	
IL-MTFN-001-G-F-0300-003-R0005	9299	
IL-MTFN-001-G-F-0300-005-R0001	9300	
IL-MTFN-001-G-F-0300-005-R0002	9301	
IL-MTFN-001-G-F-0300-005-R0004	9302	
IL-MTFN-001-G-F-0300-005-R0005	9303	
IL-MTFN-001-G-F-0300-005-R0006	9304	
IL-MTFN-001-G-F-0300-005-R0007	9305	
IL-MTFN-001-G-F-0300-005-R0008	9306	
IL-MTFN-001-G-F-0300-005-R0009	9307	
IL-MTFN-001-G-F-0300-005-R0010	9308	
IL-MTFN-001-G-F-0300-006-R0001	9309	
IL-MTFN-001-G-F-0302-001-R0001	9310	
IL-MTFN-001-G-F-0302-001-R0002	9311	
IL-MTFN-001-G-F-0303-001-R0001	9312	
IL-MTFN-001-G-F-0303-001-R0002	9313	
IL-MTFN-001-G-F-0303-001-R0006	9314	
IL-MTFN-001-G-F-0303-001-R0007	9315	
IL-MTFN-001-G-F-0303-001-R0013	9316	
IL-MTFN-001-G-F-0304-001-R0002	9317	
IL-MTFN-001-G-F-0304-001-R0003	9318	
IL-MTFN-001-G-F-0304-001-R0004	9319	
IL-MTFN-001-G-F-0304-001-R0005	9320	
IL-MTFN-001-G-F-0304-002-R0001	9321	
IL-MTFN-001-G-F-0305-001-R0001	9322	
IL-MTFN-001-G-F-0305-001-R0002	9323	
IL-MTFN-001-G-F-0305-001-R0003	9324	
IL-MTFN-001-G-F-0305-001-R0007	9325	
IL-MTFN-001-G-F-0306-001-R0005	9326	
IL-MTFN-001-G-F-0306-001-R0006	9327	
IL-MTFN-001-G-F-0306-001-R0010	9328	
IL-MTFN-001-G-F-0306-001-R0011	9329	
IL-MTFN-001-G-F-0306-001-R0020	9330	
IL-MTFN-001-G-F-0308-001-R0002	9331	
IL-MTFN-001-G-F-0309-001-R0001	9332	
IL-MTFN-001-G-F-0310-001-R0001	9333	
IL-MTFN-001-G-F-0310-001-R0002	9334	
IL-MTFN-001-G-F-0310-001-R0003	9335	
IL-MTFN-001-G-F-0310-001-R0005	9336	
IL-MTFN-001-G-F-0310-001-R0006	9337	
IL-MTFN-001-G-F-0311-001-R0003	9338	
IL-MTFN-001-G-F-0311-001-R0004	9339	
IL-MTFN-001-G-F-0311-001-R0008	9340	
IL-MTFN-001-G-F-0312-001-R0001	9341	
IL-MTFN-001-G-F-0312-001-R0002	9342	
IL-MTFN-001-G-F-0312-001-R0003	9343	
IL-MTFN-001-G-F-0312-001-R0004	9344	
IL-MTFN-001-G-F-0312-001-R0005	9345	
IL-MTFN-001-G-F-0312-001-R0006	9346	
IL-MTFN-001-G-F-0314-001-R0007	9347	
IL-MTFN-001-G-F-0314-001-R0014	9348	
IL-MTFN-001-G-F-0314-002-R0001	9349	
IL-MTFN-001-G-F-0314-003-R0001	9350	
IL-MTFN-001-G-F-0314-003-R0002	9351	
IL-MTFN-001-G-F-0314-003-R0003	9352	
IL-MTFN-001-G-F-0314-003-R0004	9353	
IL-MTFN-001-G-F-0316-001-R0001	9354	
IL-MTFN-001-G-F-0320-001-R0001	9355	
IL-MTFN-001-G-F-0322-001-R0001	9356	
IL-MTFN-001-G-F-0323-001-R0001	9357	
IL-MTFN-001-G-F-0323-001-R0002	9358	
IL-MTFN-001-G-F-0323-001-R0003	9359	
IL-MTFN-001-G-F-0323-001-R0004	9360	
IL-MTFN-001-G-F-0323-001-R0005	9361	
IL-MTFN-001-G-F-0324-001-R0001	9362	
IL-MTFN-001-G-F-0324-001-R0002	9363	
IL-MTFN-001-G-F-0324-001-R0003	9364	
IL-MTFN-001-G-F-0324-001-R0004	9365	
IL-MTFN-001-G-F-0324-001-R0005	9366	
IL-MTFN-001-G-F-0324-001-R0006	9367	
IL-MTFN-001-G-F-0324-001-R0007	9368	
IL-MTFN-001-G-F-0324-001-R0008	9369	
IL-MTFN-001-G-F-0324-001-R0009	9370	
IL-MTFN-001-G-F-0324-001-R0010	9371	
IL-MTFN-001-G-F-0324-001-R0011	9372	
IL-MTFN-001-G-F-0324-001-R0012	9373	
IL-MTFN-001-G-F-0324-001-R0013	9374	
IL-MTFN-001-G-F-0325-001-R0001	9375	
IL-MTFN-001-G-F-0325-001-R0002	9376	
IL-MTFN-001-G-F-0325-001-R0005	9377	
IL-MTFN-001-G-F-0325-001-R0006	9378	
IL-MTFN-001-G-F-0330-001-R0001	9379	
IL-MTFN-001-G-F-0331-001-R0001	9380	
IL-MTFN-001-G-F-0331-001-R0002	9381	
IL-MTFN-001-G-F-0332-001-R0001	9382	
IL-MTFN-001-G-F-0334-001-R0001	9383	
IL-MTFN-001-G-F-0334-001-R0002	9384	
IL-MTFN-001-G-F-0334-001-R0003	9385	
IL-MTFN-001-G-F-0334-001-R0004	9386	
IL-MTFN-001-G-F-0334-001-R0005	9387	
IL-MTFN-001-G-F-0334-001-R0006	9388	
IL-MTFN-001-G-F-0334-001-R0007	9389	
IL-MTFN-001-G-F-0334-001-R0010	9390	
IL-MTFN-001-G-F-0334-001-R0011	9391	
IL-MTFN-001-G-F-0334-001-R0012	9392	
IL-MTFN-001-G-F-0334-001-R0013	9393	
IL-MTFN-001-G-F-0334-001-R0014	9394	
IL-MTFN-001-G-F-0334-001-R0015	9395	
IL-MTFN-001-G-F-0335-001-R0001	9396	
IL-MTFN-001-G-F-0337-001-R0001	9397	
IL-MTFN-001-G-F-0338-001-R0001	9398	
IL-MTFN-001-G-F-0339-001-R0001	9399	
IL-MTFN-001-G-F-0339-001-R0002	9400	
IL-MTFN-001-G-F-0340-001-R0001	9401	
IL-MTFN-001-G-F-0340-001-R0002	9402	
IL-MTFN-001-G-F-0340-001-R0003	9403	
IL-MTFN-001-G-F-0340-001-R0004	9404	
IL-MTFN-001-G-F-0340-001-R0005	9405	
IL-MTFN-001-G-F-0340-001-R0006	9406	
IL-MTFN-001-G-F-0340-001-R0007	9407	
IL-MTFN-001-G-F-0340-001-R0008	9408	
IL-MTFN-001-G-F-0340-001-R0010	9409	
IL-MTFN-001-G-F-0340-001-R0011	9410	
IL-MTFN-001-G-F-0340-001-R0012	9411	
IL-MTFN-001-G-F-0340-001-R0013	9412	
IL-MTFN-001-G-F-0340-001-R0014	9413	
IL-MTFN-001-G-F-0340-001-R0016	9414	
IL-MTFN-001-G-F-0341-001-R0001	9415	
IL-MTFN-001-G-F-0341-001-R0002	9416	
IL-MTFN-001-G-F-0341-001-R0004	9417	
IL-MTFN-001-G-F-0341-001-R0005	9418	
IL-MTFN-001-G-F-0341-001-R0006	9419	
IL-MTFN-001-G-F-0341-001-R0007	9420	
IL-MTFN-001-G-F-0341-001-R0008	9421	
IL-MTFN-001-G-F-0341-001-R0010	9422	
IL-MTFN-001-G-F-0341-003-R0001	9423	
IL-MTFN-001-G-F-0341-003-R0002	9424	
IL-MTFN-001-G-F-0341-004-R0001	9425	
IL-MTFN-001-G-F-0341-005-R0002	9426	
IL-MTFN-001-G-F-0341-005-R0003	9427	
IL-MTFN-001-G-F-0341-007-R0004	9428	
IL-MTFN-001-G-F-0341-007-R0007	9429	
IL-MTFN-001-G-F-0341-007-R0012	9430	
IL-MTFN-001-G-F-0341-007-R0013	9431	
IL-MTFN-001-G-F-0341-007-R0015	9432	
IL-MTFN-001-G-F-0341-007-R0017	9433	
IL-MTFN-001-G-F-0341-009-R0001	9434	
IL-MTFN-001-G-F-0341-009-R0002	9435	
IL-MTFN-001-G-F-0341-009-R0003	9436	
IL-MTFN-001-G-F-0341-009-R0004	9437	
IL-MTFN-001-G-F-0341-009-R0006	9438	
IL-MTFN-001-G-F-0341-011-R0001	9439	
IL-MTFN-001-G-F-0341-011-R0002	9440	
IL-MTFN-001-G-F-0341-011-R0003	9441	
IL-MTFN-001-G-F-0341-011-R0004	9442	
IL-MTFN-001-G-F-0341-011-R0009	9443	
IL-MTFN-001-G-F-0341-011-R0010	9444	
IL-MTFN-001-G-F-0341-012-R0001	9445	
IL-MTFN-001-G-F-0341-012-R0002	9446	
IL-MTFN-001-G-F-0341-012-R0003	9447	
IL-MTFN-001-G-F-0341-012-R0004	9448	
IL-MTFN-001-G-F-0341-012-R0005	9449	
IL-MTFN-001-G-F-0341-012-R0008	9450	
IL-MTFN-001-G-F-0341-012-R0009	9451	
IL-MTFN-001-G-F-0341-012-R0010	9452	
IL-MTFN-001-G-F-0341-012-R0011	9453	
IL-MTFN-001-G-F-0341-012-R0012	9454	
IL-MTFN-001-G-F-0341-012-R0014	9455	
IL-MTFN-001-G-F-0341-012-R0015	9456	
IL-MTFN-001-G-F-0341-012-R0016	9457	
IL-MTFN-001-G-F-0341-012-R0017	9458	
IL-MTFN-001-G-F-0341-012-R0018	9459	
IL-MTFN-001-G-F-0341-012-R0019	9460	
IL-MTFN-001-G-F-0341-013-R0003	9461	
IL-MTFN-001-G-F-0341-014-R0002	9462	
IL-MTFN-001-G-F-0341-014-R0005	9463	
IL-MTFN-001-G-F-0341-015-R0001	9464	
IL-MTFN-001-G-F-0341-015-R0003	9465	
IL-MTFN-001-G-F-0341-015-R0005	9466	
IL-MTFN-001-G-F-0341-015-R0007	9467	
IL-MTFN-001-G-F-0341-015-R0008	9468	
IL-MTFN-001-G-F-0341-015-R0009	9469	
IL-MTFN-001-G-F-0341-015-R0010	9470	
IL-MTFN-001-G-F-0341-015-R0011	9471	
IL-MTFN-001-G-F-0341-015-R0012	9472	
IL-MTFN-001-G-F-0341-015-R0016	9473	
IL-MTFN-001-G-F-0341-015-R0017	9474	
IL-MTFN-001-G-F-0341-015-R0018	9475	
IL-MTFN-001-G-F-0341-015-R0021	9476	
IL-MTFN-001-G-F-0341-015-R0022	9477	
IL-MTFN-001-G-F-0341-017-R0001	9478	
IL-MTFN-001-G-F-0341-017-R0002	9479	
IL-MTFN-001-G-F-0341-017-R0003	9480	
IL-MTFN-001-G-F-0341-017-R0004	9481	
IL-MTFN-001-G-F-0341-024-R0001	9482	
IL-MTFN-001-G-F-0341-029-R0001	9483	
IL-MTFN-001-G-F-0342-001-R0001	9484	
IL-MTFN-001-G-F-0342-002-R0001	9485	
IL-MTFN-001-G-F-0342-002-R0002	9486	
IL-MTFN-001-G-F-0342-002-R0004	9487	
IL-MTFN-001-G-F-0342-002-R0005	9488	
IL-MTFN-001-G-F-0344-001-R0001	9489	
IL-MTFN-001-G-F-0344-001-R0002	9490	
IL-MTFN-001-G-F-0345-001-R0001	9491	
IL-MTFN-001-G-F-0346-001-R0001	9492	
IL-MTFN-001-G-F-0347-001-R0001	9493	
IL-MTFN-001-G-F-0347-001-R0002	9494	
IL-MTFN-001-G-F-0347-001-R0003	9495	
IL-MTFN-001-G-F-0347-001-R0004	9496	
IL-MTFN-001-G-F-0347-001-R0005	9497	
IL-MTFN-001-G-F-0347-001-R0006	9498	
IL-MTFN-001-G-F-0347-001-R0007	9499	
IL-MTFN-001-G-F-0347-001-R0008	9500	
IL-MTFN-001-G-F-0347-001-R0009	9501	
IL-MTFN-001-G-F-0347-001-R0010	9502	
IL-MTFN-001-G-F-0347-001-R0011	9503	
IL-MTFN-001-G-F-0348-001-R0001	9504	
IL-MTFN-001-G-F-0349-001-R0001	9505	
IL-MTFN-001-G-F-0350-001-R0002	9506	
IL-MTFN-001-G-F-0350-001-R0003	9507	
IL-MTFN-001-G-F-0350-001-R0004	9508	
IL-MTFN-001-G-F-0350-001-R0005	9509	
IL-MTFN-001-G-F-0350-001-R0006	9510	
IL-MTFN-001-G-F-0350-001-R0007	9511	
IL-MTFN-001-G-F-0350-001-R0008	9512	
IL-MTFN-001-G-F-0350-001-R0009	9513	
IL-MTFN-001-G-F-0350-001-R0010	9514	
IL-MTFN-001-G-F-0350-001-R0011	9515	
IL-MTFN-001-G-F-0352-003-R0001	9516	
IL-MTFN-001-G-F-0352-003-R0002	9517	
IL-MTFN-001-G-F-0352-003-R0003	9518	
IL-MTFN-001-G-F-0352-003-R0004	9519	
IL-MTFN-001-G-F-0353-004-R0001	9520	
IL-MTFN-001-G-F-0353-004-R0002	9521	
IL-MTFN-001-G-F-0353-004-R0004	9522	
IL-MTFN-001-G-F-0353-004-R0005	9523	
IL-MTFN-001-G-F-0353-004-R0006	9524	
IL-MTFN-001-G-F-0353-004-R0007	9525	
IL-MTFN-001-G-F-0353-004-R0008	9526	
IL-MTFN-001-G-F-0353-004-R0010	9527	
IL-MTFN-001-G-F-0353-005-R0004	9528	
IL-MTFN-001-G-F-0353-005-R0005	9529	
IL-MTFN-001-G-F-0353-005-R0008	9530	
IL-MTFN-001-G-F-0353-005-R0011	9531	
IL-MTFN-001-G-F-0353-005-R0012	9532	
IL-MTFN-001-G-F-0353-007-R0001	9533	
IL-MTFN-001-G-F-0353-007-R0003	9534	
IL-MTFN-001-G-F-0353-007-R0005	9535	
IL-MTFN-001-G-F-0353-007-R0006	9536	
IL-MTFN-001-G-F-0353-009-R0002	9537	
IL-MTFN-001-G-F-0353-014-R0001	9538	
IL-MTFN-001-G-F-0353-014-R0004	9539	
IL-MTFN-001-G-F-0353-014-R0005	9540	
IL-MTFN-001-G-F-0353-014-R0007	9541	
IL-MTFN-001-G-F-0353-014-R0008	9542	
IL-MTFN-001-G-F-0353-014-R0010	9543	
IL-MTFN-001-G-F-0353-014-R0013	9544	
IL-MTFN-001-G-F-0353-014-R0014	9545	
IL-MTFN-001-G-F-0353-014-R0015	9546	
IL-MTFN-001-G-F-0353-014-R0016	9547	
IL-MTFN-001-G-F-0353-014-R0017	9548	
IL-MTFN-001-G-F-0353-015-R0001	9549	
IL-MTFN-001-G-F-0353-015-R0002	9550	
IL-MTFN-001-G-F-0353-015-R0003	9551	
IL-MTFN-001-G-F-0353-015-R0004	9552	
IL-MTFN-001-G-F-0353-015-R0005	9553	
IL-MTFN-001-G-F-0353-015-R0006	9554	
IL-MTFN-001-G-F-0353-015-R0007	9555	
IL-MTFN-001-G-F-0353-015-R0008	9556	
IL-MTFN-001-G-F-0353-015-R0009	9557	
IL-MTFN-001-G-F-0353-015-R0010	9558	
IL-MTFN-001-G-F-0353-015-R0011	9559	
IL-MTFN-001-G-F-0353-017-R0003	9560	
IL-MTFN-001-G-F-0353-017-R0005	9561	
IL-MTFN-001-G-F-0353-018-R0002	9562	
IL-MTFN-001-G-F-0353-018-R0005	9563	
IL-MTFN-001-G-F-0353-019-R0001	9564	
IL-MTFN-001-G-F-0353-019-R0002	9565	
IL-MTFN-001-G-F-0353-019-R0003	9566	
IL-MTFN-001-G-F-0353-019-R0004	9567	
IL-MTFN-001-G-F-0353-021-R0001	9568	
IL-MTFN-001-G-F-0353-021-R0002	9569	
IL-MTFN-001-G-F-0353-021-R0003	9570	
IL-MTFN-001-G-F-0353-021-R0004	9571	
IL-MTFN-001-G-F-0353-021-R0005	9572	
IL-MTFN-001-G-F-0353-021-R0006	9573	
IL-MTFN-001-G-F-0353-021-R0007	9574	
IL-MTFN-001-G-F-0353-021-R0008	9575	
IL-MTFN-001-G-F-0353-021-R0009	9576	
IL-MTFN-001-G-F-0353-021-R0010	9577	
IL-MTFN-001-G-F-0353-021-R0011	9578	
IL-MTFN-001-G-F-0353-021-R0012	9579	
IL-MTFN-001-G-F-0353-022-R0001	9580	
IL-MTFN-001-G-F-0353-022-R0002	9581	
IL-MTFN-001-G-F-0353-023-R0010	9582	
IL-MTFN-001-G-F-0353-028-R0001	9583	
IL-MTFN-001-G-F-0353-028-R0003	9584	
IL-MTFN-001-G-F-0353-028-R0005	9585	
IL-MTFN-001-G-F-0353-028-R0006	9586	
IL-MTFN-001-G-F-0353-028-R0007	9587	
IL-MTFN-001-G-F-0353-028-R0008	9588	
IL-MTFN-001-G-F-0353-028-R0009	9589	
IL-MTFN-001-G-F-0353-028-R0010	9590	
IL-MTFN-001-G-F-0353-032-R0002	9591	
IL-MTFN-001-G-F-0353-032-R0003	9592	
IL-MTFN-001-G-F-0353-032-R0004	9593	
IL-MTFN-001-G-F-0353-032-R0005	9594	
IL-MTFN-001-G-F-0353-032-R0006	9595	
IL-MTFN-001-G-F-0353-032-R0007	9596	
IL-MTFN-001-G-F-0353-034-R0001	9597	
IL-MTFN-001-G-F-0353-034-R0002	9598	
IL-MTFN-001-G-F-0353-034-R0003	9599	
IL-MTFN-001-G-F-0353-037-R0001	9600	
IL-MTFN-001-G-F-0353-037-R0002	9601	
IL-MTFN-001-G-F-0353-037-R0004	9602	
IL-MTFN-001-G-F-0353-039-R0001	9603	
IL-MTFN-001-G-F-0353-039-R0002	9604	
IL-MTFN-001-G-F-0353-039-R0003	9605	
IL-MTFN-001-G-F-0353-049-R0001	9606	
IL-MTFN-001-G-F-0353-049-R0003	9607	
IL-MTFN-001-G-F-0353-049-R0004	9608	
IL-MTFN-001-G-F-0353-049-R0005	9609	
IL-MTFN-001-G-F-0353-049-R0006	9610	
IL-MTFN-001-G-F-0353-049-R0007	9611	
IL-MTFN-001-G-F-0353-049-R0008	9612	
IL-MTFN-001-G-F-0353-049-R0010	9613	
IL-MTFN-001-G-F-0353-049-R0011	9614	
IL-MTFN-001-G-F-0353-049-R0012	9615	
IL-MTFN-001-G-F-0353-049-R0013	9616	
IL-MTFN-001-G-F-0353-049-R0014	9617	
IL-MTFN-001-G-F-0353-050-R0001	9618	
IL-MTFN-001-G-F-0353-050-R0002	9619	
IL-MTFN-001-G-F-0353-051-R0001	9620	
IL-MTFN-001-G-F-0354-001-R0001	9621	
IL-MTFN-001-G-F-0354-001-R0002	9622	
IL-MTFN-001-G-F-0354-001-R0003	9623	
IL-MTFN-001-G-F-0354-001-R0004	9624	
IL-MTFN-001-G-F-0354-001-R0007	9625	
IL-MTFN-001-G-F-0354-001-R0008	9626	
IL-MTFN-001-G-F-0354-001-R0009	9627	
IL-MTFN-001-G-F-0354-001-R0010	9628	
IL-MTFN-001-G-F-0355-001-R0001	9629	
IL-MTFN-001-G-F-0355-001-R0002	9630	
IL-MTFN-001-G-F-0355-001-R0003	9631	
IL-MTFN-001-G-F-0355-002-R0001	9632	
IL-MTFN-001-G-F-0355-002-R0002	9633	
IL-MTFN-001-G-F-0355-002-R0004	9634	
IL-MTFN-001-G-F-0355-002-R0006	9635	
IL-MTFN-001-G-F-0355-002-R0007	9636	
IL-MTFN-001-G-F-0355-002-R0008	9637	
IL-MTFN-001-G-F-0355-002-R0009	9638	
IL-MTFN-001-G-F-0355-003-R0001	9639	
IL-MTFN-001-G-F-0355-003-R0002	9640	
IL-MTFN-001-G-F-0355-003-R0003	9641	
IL-MTFN-001-G-F-0355-003-R0004	9642	
IL-MTFN-001-G-F-0355-003-R0005	9643	
IL-MTFN-001-G-F-0355-003-R0006	9644	
IL-MTFN-001-G-F-0356-001-R0001	9645	
IL-MTFN-001-G-F-0356-001-R0002	9646	
IL-MTFN-001-G-F-0356-001-R0003	9647	
IL-MTFN-001-G-F-0357-001-R0001	9648	
IL-MTFN-001-G-F-0357-002-R0001	9649	
IL-MTFN-001-G-F-0357-003-R0001	9650	
IL-MTFN-001-G-F-0357-003-R0002	9651	
IL-MTFN-001-G-F-0357-003-R0003	9652	
IL-MTFN-001-G-F-0357-003-R0004	9653	
IL-MTFN-001-G-F-0357-003-R0005	9654	
IL-MTFN-001-G-F-0357-003-R0006	9655	
IL-MTFN-001-G-F-0357-003-R0007	9656	
IL-MTFN-001-G-F-0357-003-R0008	9657	
IL-MTFN-001-G-F-0357-003-R0009	9658	
IL-MTFN-001-G-F-0357-003-R0010	9659	
IL-MTFN-001-G-F-0357-003-R0011	9660	
IL-MTFN-001-G-F-0357-003-R0012	9661	
IL-MTFN-001-G-F-0357-003-R0013	9662	
IL-MTFN-001-G-F-0357-003-R0015	9663	
IL-MTFN-001-G-F-0357-003-R0022	9664	
IL-MTFN-001-G-F-0358-001-R0001	9665	
IL-MTFN-001-G-F-0358-001-R0003	9666	
IL-MTFN-001-G-F-0358-001-R0004	9667	
IL-MTFN-001-G-F-0358-001-R0005	9668	
IL-MTFN-001-G-F-0358-001-R0006	9669	
IL-MTFN-001-G-F-0358-001-R0007	9670	
IL-MTFN-001-G-F-0358-001-R0008	9671	
IL-MTFN-001-G-F-0358-001-R0009	9672	
IL-MTFN-001-G-F-0358-001-R0010	9673	
IL-MTFN-001-G-F-0358-001-R0011	9674	
IL-MTFN-001-G-F-0358-001-R0012	9675	
IL-MTFN-001-G-F-0358-001-R0013	9676	
IL-MTFN-001-G-F-0358-001-R0014	9677	
IL-MTFN-001-G-F-0358-001-R0015	9678	
IL-MTFN-001-G-F-0358-001-R0016	9679	
IL-MTFN-001-G-F-0358-001-R0017	9680	
IL-MTFN-001-G-F-0359-001-R0001	9681	
IL-MTFN-001-G-F-0359-001-R0002	9682	
IL-MTFN-001-G-F-0360-001-R0001	9683	
IL-MTFN-001-G-F-0360-001-R0003	9684	
IL-MTFN-001-G-F-0360-001-R0004	9685	
IL-MTFN-001-G-F-0361-001-R0001	9686	
IL-MTFN-001-G-F-0361-001-R0002	9687	
IL-MTFN-001-G-F-0361-001-R0005	9688	
IL-MTFN-001-G-F-0361-001-R0007	9689	
IL-MTFN-001-G-F-0361-001-R0008	9690	
IL-MTFN-001-G-F-0361-001-R0009	9691	
IL-MTFN-001-G-F-0361-001-R0010	9692	
IL-MTFN-001-G-F-0361-001-R0011	9693	
IL-MTFN-001-G-F-0361-001-R0012	9694	
IL-MTFN-001-G-F-0361-001-R0013	9695	
IL-MTFN-001-G-F-0361-001-R0014	9696	
IL-MTFN-001-G-F-0361-001-R0015	9697	
IL-MTFN-001-G-F-0361-001-R0017	9698	
IL-MTFN-001-G-F-0361-001-R0018	9699	
IL-MTFN-001-G-F-0361-001-R0019	9700	
IL-MTFN-001-G-F-0361-001-R0020	9701	
IL-MTFN-001-G-F-0361-001-R0022	9702	
IL-MTFN-001-G-F-0361-001-R0025	9703	
IL-MTFN-001-G-F-0361-002-R0001	9704	
IL-MTFN-001-G-F-0362-002-R0003	9705	
IL-MTFN-001-G-F-0362-002-R0004	9706	
IL-MTFN-001-G-F-0362-002-R0005	9707	
IL-MTFN-001-G-F-0362-002-R0007	9708	
IL-MTFN-001-G-F-0362-002-R0008	9709	
IL-MTFN-001-G-F-0362-002-R0009	9710	
IL-MTFN-001-G-F-0362-002-R0010	9711	
IL-MTFN-001-G-F-0362-003-R0004	9712	
IL-MTFN-001-G-F-0362-003-R0005	9713	
IL-MTFN-001-G-F-0362-003-R0006	9714	
IL-MTFN-001-G-F-0362-003-R0007	9715	
IL-MTFN-001-G-F-0362-003-R0009	9716	
IL-MTFN-001-G-F-0362-003-R0010	9717	
IL-MTFN-001-G-F-0362-005-R0001	9718	
IL-MTFN-001-G-F-0362-005-R0002	9719	
IL-MTFN-001-G-F-0362-006-R0001	9720	
IL-MTFN-001-G-F-0362-006-R0002	9721	
IL-MTFN-001-G-F-0362-006-R0003	9722	
IL-MTFN-001-G-F-0362-007-R0001	9723	
IL-MTFN-001-G-F-0362-007-R0002	9724	
IL-MTFN-001-G-F-0363-002-R0002	9725	
IL-MTFN-001-G-F-0363-002-R0003	9726	
IL-MTFN-001-G-F-0363-002-R0004	9727	
IL-MTFN-001-G-F-0363-002-R0005	9728	
IL-MTFN-001-G-F-0363-002-R0006	9729	
IL-MTFN-001-G-F-0363-002-R0008	9730	
IL-MTFN-001-G-F-0363-002-R0009	9731	
IL-MTFN-001-G-F-0363-002-R0010	9732	
IL-MTFN-001-G-F-0363-004-R0006	9733	
IL-MTFN-001-G-F-0363-005-R0001	9734	
IL-MTFN-001-G-F-0363-005-R0002	9735	
IL-MTFN-001-G-F-0363-005-R0004	9736	
IL-MTFN-001-G-F-0363-005-R0005	9737	
IL-MTFN-001-G-F-0363-005-R0008	9738	
IL-MTFN-001-G-F-0363-006-R0001	9739	
IL-MTFN-001-G-F-0363-006-R0002	9740	
IL-MTFN-001-G-F-0363-007-R0001	9741	
IL-MTFN-001-G-F-0363-007-R0002	9742	
IL-MTFN-001-G-F-0363-007-R0003	9743	
IL-MTFN-001-G-F-0364-001-R0001	9744	
IL-MTFN-001-G-F-0364-001-R0003	9745	
IL-MTFN-001-G-F-0364-001-R0004	9746	
IL-MTFN-001-G-F-0364-001-R0005	9747	
IL-MTFN-001-G-F-0364-001-R0006	9748	
IL-MTFN-001-G-F-0364-001-R0008	9749	
IL-MTFN-001-G-F-0364-001-R0009	9750	
IL-MTFN-001-G-F-0364-001-R0010	9751	
IL-MTFN-001-G-F-0364-001-R0011	9752	
IL-MTFN-001-G-F-0364-001-R0012	9753	
IL-MTFN-001-G-F-0364-001-R0013	9754	
IL-MTFN-001-G-F-0364-001-R0014	9755	
IL-MTFN-001-G-F-0364-001-R0015	9756	
IL-MTFN-001-G-F-0366-001-R0001	9757	
IL-MTFN-001-G-F-0366-001-R0002	9758	
IL-MTFN-001-G-F-0366-001-R0003	9759	
IL-MTFN-001-G-F-0367-001-R0001	9760	
IL-MTFN-001-G-F-0367-001-R0002	9761	
IL-MTFN-001-G-F-0368-001-R0001	9762	
IL-MTFN-001-G-F-0369-001-R0002	9763	
IL-MTFN-001-G-F-0371-001-R0001	9764	
IL-MTFN-001-G-F-0371-001-R0002	9765	
IL-MTFN-001-G-F-0371-001-R0003	9766	
IL-MTFN-001-G-F-0371-001-R0004	9767	
IL-MTFN-001-G-F-0371-001-R0005	9768	
IL-MTFN-001-G-F-0371-001-R0006	9769	
IL-MTFN-001-G-F-0371-001-R0007	9770	
IL-MTFN-001-G-F-0371-001-R0008	9771	
IL-MTFN-001-G-F-0371-001-R0009	9772	
IL-MTFN-001-G-F-0371-001-R0010	9773	
IL-MTFN-001-G-F-0371-001-R0012	9774	
IL-MTFN-001-G-F-0371-002-R0001	9775	
IL-MTFN-001-G-F-0371-002-R0002	9776	
IL-MTFN-001-G-F-0371-002-R0003	9777	
IL-MTFN-001-G-F-0371-002-R0004	9778	
IL-MTFN-001-G-F-0371-002-R0005	9779	
IL-MTFN-001-G-F-0371-002-R0006	9780	
IL-MTFN-001-G-F-0371-002-R0008	9781	
IL-MTFN-001-G-F-0371-003-R0001	9782	
IL-MTFN-001-G-F-0371-003-R0002	9783	
IL-MTFN-001-G-F-0371-003-R0003	9784	
IL-MTFN-001-G-F-0371-003-R0004	9785	
IL-MTFN-001-G-F-0371-003-R0005	9786	
IL-MTFN-001-G-F-0371-003-R0006	9787	
IL-MTFN-001-G-F-0371-003-R0007	9788	
IL-MTFN-001-G-F-0371-003-R0009	9789	
IL-MTFN-001-G-F-0371-003-R0010	9790	
IL-MTFN-001-G-F-0371-003-R0011	9791	
IL-MTFN-001-G-F-0371-003-R0012	9792	
IL-MTFN-001-G-F-0371-003-R0014	9793	
IL-MTFN-001-G-F-0371-004-R0002	9794	
IL-MTFN-001-G-F-0371-004-R0003	9795	
IL-MTFN-001-G-F-0371-004-R0004	9796	
IL-MTFN-001-G-F-0371-004-R0005	9797	
IL-MTFN-001-G-F-0371-004-R0006	9798	
IL-MTFN-001-G-F-0371-004-R0007	9799	
IL-MTFN-001-G-F-0371-004-R0008	9800	
IL-MTFN-001-G-F-0371-004-R0009	9801	
IL-MTFN-001-G-F-0378-001-R0002	9802	
IL-MTFN-001-G-F-0379-001-R0001	9803	
IL-MTFN-001-G-F-0380-001-R0001	9804	
IL-MTFN-001-G-F-0380-002-R0001	9805	
IL-MTFN-001-G-F-0380-002-R0002	9806	
IL-MTFN-001-G-F-0380-002-R0004	9807	
IL-MTFN-001-G-F-0380-002-R0005	9808	
IL-MTFN-001-G-F-0380-002-R0006	9809	
IL-MTFN-001-G-F-0380-002-R0009	9810	
IL-MTFN-001-G-F-0380-002-R0010	9811	
IL-MTFN-001-G-F-0380-002-R0011	9812	
IL-MTFN-001-G-F-0380-002-R0012	9813	
IL-MTFN-001-G-F-0380-002-R0013	9814	
IL-MTFN-001-G-F-0380-002-R0014	9815	
IL-MTFN-001-G-F-0380-002-R0015	9816	
IL-MTFN-001-G-F-0380-002-R0016	9817	
IL-MTFN-001-G-F-0380-002-R0017	9818	
IL-MTFN-001-G-F-0380-002-R0018	9819	
IL-MTFN-001-G-F-0380-002-R0019	9820	
IL-MTFN-001-G-F-0380-002-R0020	9821	
IL-MTFN-001-G-F-0380-002-R0021	9822	
IL-MTFN-001-G-F-0380-002-R0022	9823	
IL-MTFN-001-G-F-0380-002-R0023	9824	
IL-MTFN-001-G-F-0381-001-R0004	9825	
IL-MTFN-001-G-F-0382-001-R0003	9826	
IL-MTFN-001-G-F-0382-009-R0001	9827	
IL-MTFN-001-G-F-0382-010-R0001	9828	
IL-MTFN-001-G-F-0382-010-R0002	9829	
IL-MTFN-001-G-F-0382-010-R0003	9830	
IL-MTFN-001-G-F-0384-001-R0001	9831	
IL-MTFN-001-G-F-0385-001-R0001	9832	
IL-MTFN-001-G-F-0387-001-R0001	9833	
IL-MTFN-001-G-F-0388-001-R0001	9834	
IL-MTFN-001-G-F-0388-001-R0002	9835	
IL-MTFN-001-G-F-0388-001-R0003	9836	
IL-MTFN-001-G-F-0389-001-R0003	9837	
IL-MTFN-001-G-F-0390-002-R0004	9838	
IL-MTFN-001-G-F-0390-002-R0007	9839	
IL-MTFN-001-G-F-0390-002-R0008	9840	
IL-MTFN-001-G-F-0390-002-R0012	9841	
IL-MTFN-001-G-F-0390-002-R0013	9842	
IL-MTFN-001-G-F-0390-002-R0016	9843	
IL-MTFN-001-G-F-0390-003-R0001	9844	
IL-MTFN-001-G-F-0390-003-R0002	9845	
IL-MTFN-001-G-F-0390-003-R0004	9846	
IL-MTFN-001-G-F-0390-003-R0008	9847	
IL-MTFN-001-G-F-0390-004-R0002	9848	
IL-MTFN-001-G-F-0390-004-R0003	9849	
IL-MTFN-001-G-F-0390-006-R0001	9850	
IL-MTFN-001-G-F-0390-006-R0005	9851	
IL-MTFN-001-G-F-0390-006-R0006	9852	
IL-MTFN-001-G-F-0390-008-R0001	9853	
IL-MTFN-001-G-F-0390-008-R0003	9854	
IL-MTFN-001-G-F-0390-008-R0008	9855	
IL-MTFN-001-G-F-0390-008-R0019	9856	
IL-MTFN-001-G-F-0390-008-R0020	9857	
IL-MTFN-001-G-F-0390-008-R0021	9858	
IL-MTFN-001-G-F-0390-008-R0022	9859	
IL-MTFN-001-G-F-0390-009-R0001	9860	
IL-MTFN-001-G-F-0390-009-R0002	9861	
IL-MTFN-001-G-F-0390-009-R0003	9862	
IL-MTFN-001-G-F-0390-009-R0004	9863	
IL-MTFN-001-G-F-0390-009-R0005	9864	
IL-MTFN-001-G-F-0390-009-R0006	9865	
IL-MTFN-001-G-F-0390-009-R0007	9866	
IL-MTFN-001-G-F-0390-010-R0001	9867	
IL-MTFN-001-G-F-0390-013-R0001	9868	
IL-MTFN-001-G-F-0390-013-R0002	9869	
IL-MTFN-001-G-F-0390-013-R0004	9870	
IL-MTFN-001-G-F-0390-013-R0005	9871	
IL-MTFN-001-G-F-0390-013-R0006	9872	
IL-MTFN-001-G-F-0390-015-R0001	9873	
IL-MTFN-001-G-F-0390-015-R0002	9874	
IL-MTFN-001-G-F-0390-015-R0003	9875	
IL-MTFN-001-G-F-0390-015-R0004	9876	
IL-MTFN-001-G-F-0390-015-R0006	9877	
IL-MTFN-001-G-F-0390-016-R0001	9878	
IL-MTFN-001-G-F-0390-016-R0007	9879	
IL-MTFN-001-G-F-0390-016-R0008	9880	
IL-MTFN-001-G-F-0390-016-R0011	9881	
IL-MTFN-001-G-F-0390-016-R0012	9882	
IL-MTFN-001-G-F-0390-016-R0014	9883	
IL-MTFN-001-G-F-0390-017-R0004	9884	
IL-MTFN-001-G-F-0390-017-R0005	9885	
IL-MTFN-001-G-F-0390-017-R0008	9886	
IL-MTFN-001-G-F-0390-017-R0010	9887	
IL-MTFN-001-G-F-0390-017-R0011	9888	
IL-MTFN-001-G-F-0390-017-R0012	9889	
IL-MTFN-001-G-F-0390-017-R0013	9890	
IL-MTFN-001-G-F-0390-018-R0001	9891	
IL-MTFN-001-G-F-0390-018-R0002	9892	
IL-MTFN-001-G-F-0390-018-R0005	9893	
IL-MTFN-001-G-F-0390-019-R0001	9894	
IL-MTFN-001-G-F-0390-019-R0004	9895	
IL-MTFN-001-G-F-0390-019-R0005	9896	
IL-MTFN-001-G-F-0390-019-R0007	9897	
IL-MTFN-001-G-F-0390-019-R0008	9898	
IL-MTFN-001-G-F-0390-019-R0011	9899	
IL-MTFN-001-G-F-0390-019-R0015	9900	
IL-MTFN-001-G-F-0390-019-R0016	9901	
IL-MTFN-001-G-F-0390-020-R0001	9902	
IL-MTFN-001-G-F-0390-020-R0002	9903	
IL-MTFN-001-G-F-0390-020-R0003	9904	
IL-MTFN-001-G-F-0390-020-R0004	9905	
IL-MTFN-001-G-F-0390-020-R0005	9906	
IL-MTFN-001-G-F-0390-020-R0006	9907	
IL-MTFN-001-G-F-0390-020-R0007	9908	
IL-MTFN-001-G-F-0390-020-R0008	9909	
IL-MTFN-001-G-F-0390-020-R0009	9910	
IL-MTFN-001-G-F-0390-020-R0010	9911	
IL-MTFN-001-G-F-0390-020-R0011	9912	
IL-MTFN-001-G-F-0390-021-R0001	9913	
IL-MTFN-001-G-F-0390-021-R0002	9914	
IL-MTFN-001-G-F-0390-021-R0003	9915	
IL-MTFN-001-G-F-0390-021-R0006	9916	
IL-MTFN-001-G-F-0390-021-R0007	9917	
IL-MTFN-001-G-F-0390-021-R0008	9918	
IL-MTFN-001-G-F-0390-021-R0009	9919	
IL-MTFN-001-G-F-0390-021-R0011	9920	
IL-MTFN-001-G-F-0390-021-R0012	9921	
IL-MTFN-001-G-F-0390-021-R0013	9922	
IL-MTFN-001-G-F-0390-022-R0001	9923	
IL-MTFN-001-G-F-0390-022-R0002	9924	
IL-MTFN-001-G-F-0390-022-R0003	9925	
IL-MTFN-001-G-F-0390-022-R0004	9926	
IL-MTFN-001-G-F-0390-022-R0005	9927	
IL-MTFN-001-G-F-0390-022-R0006	9928	
IL-MTFN-001-G-F-0390-022-R0009	9929	
IL-MTFN-001-G-F-0390-022-R0010	9930	
IL-MTFN-001-G-F-0390-022-R0011	9931	
IL-MTFN-001-G-F-0390-022-R0012	9932	
IL-MTFN-001-G-F-0390-022-R0013	9933	
IL-MTFN-001-G-F-0390-022-R0015	9934	
IL-MTFN-001-G-F-0390-022-R0016	9935	
IL-MTFN-001-G-F-0390-022-R0017	9936	
IL-MTFN-001-G-F-0390-022-R0018	9937	
IL-MTFN-001-G-F-0390-022-R0019	9938	
IL-MTFN-001-G-F-0390-022-R0020	9939	
IL-MTFN-001-G-F-0390-022-R0022	9940	
IL-MTFN-001-G-F-0390-022-R0023	9941	
IL-MTFN-001-G-F-0390-022-R0024	9942	
IL-MTFN-001-G-F-0390-022-R0026	9943	
IL-MTFN-001-G-F-0390-025-R0002	9944	
IL-MTFN-001-G-F-0390-025-R0003	9945	
IL-MTFN-001-G-F-0390-025-R0005	9946	
IL-MTFN-001-G-F-0390-026-R0002	9947	
IL-MTFN-001-G-F-0390-028-R0001	9948	
IL-MTFN-001-G-F-0390-028-R0003	9949	
IL-MTFN-001-G-F-0390-028-R0004	9950	
IL-MTFN-001-G-F-0390-028-R0005	9951	
IL-MTFN-001-G-F-0390-029-R0001	9952	
IL-MTFN-001-G-F-0390-029-R0004	9953	
IL-MTFN-001-G-F-0390-029-R0009	9954	
IL-MTFN-001-G-F-0390-031-R0001	9955	
IL-MTFN-001-G-F-0390-031-R0002	9956	
IL-MTFN-001-G-F-0390-031-R0003	9957	
IL-MTFN-001-G-F-0390-031-R0004	9958	
IL-MTFN-001-G-F-0390-033-R0001	9959	
IL-MTFN-001-G-F-0391-004-R0003	9960	
IL-MTFN-001-G-F-0391-004-R0007	9961	
IL-MTFN-001-G-F-0391-004-R0008	9962	
IL-MTFN-001-G-F-0391-004-R0011	9963	
IL-MTFN-001-G-F-0391-004-R0014	9964	
IL-MTFN-001-G-F-0391-005-R0001	9965	
IL-MTFN-001-G-F-0391-005-R0002	9966	
IL-MTFN-001-G-F-0391-005-R0003	9967	
IL-MTFN-001-G-F-0391-006-R0002	9968	
IL-MTFN-001-G-F-0391-006-R0003	9969	
IL-MTFN-001-G-F-0391-006-R0004	9970	
IL-MTFN-001-G-F-0391-006-R0006	9971	
IL-MTFN-001-G-F-0391-008-R0001	9972	
IL-MTFN-001-G-F-0391-008-R0002	9973	
IL-MTFN-001-G-F-0391-008-R0003	9974	
IL-MTFN-001-G-F-0391-008-R0004	9975	
IL-MTFN-001-G-F-0391-008-R0005	9976	
IL-MTFN-001-G-F-0391-009-R0001	9977	
IL-MTFN-001-G-F-0391-009-R0002	9978	
IL-MTFN-001-G-F-0391-009-R0003	9979	
IL-MTFN-001-G-F-0391-009-R0004	9980	
IL-MTFN-001-G-F-0391-009-R0005	9981	
IL-MTFN-001-G-F-0391-009-R0007	9982	
IL-MTFN-001-G-F-0391-009-R0009	9983	
IL-MTFN-001-G-F-0391-009-R0010	9984	
IL-MTFN-001-G-F-0391-009-R0013	9985	
IL-MTFN-001-G-F-0391-009-R0014	9986	
IL-MTFN-001-G-F-0391-010-R0002	9987	
IL-MTFN-001-G-F-0391-010-R0003	9988	
IL-MTFN-001-G-F-0391-010-R0004	9989	
IL-MTFN-001-G-F-0391-010-R0007	9990	
IL-MTFN-001-G-F-0391-010-R0008	9991	
IL-MTFN-001-G-F-0391-010-R0009	9992	
IL-MTFN-001-G-F-0391-010-R0011	9993	
IL-MTFN-001-G-F-0391-010-R0012	9994	
IL-MTFN-001-G-F-0391-010-R0015	9995	
IL-MTFN-001-G-F-0391-010-R0016	9996	
IL-MTFN-001-G-F-0391-010-R0017	9997	
IL-MTFN-001-G-F-0391-010-R0018	9998	
IL-MTFN-001-G-F-0391-010-R0019	9999	
IL-MTFN-001-G-F-0391-011-R0001	10000	
IL-MTFN-001-G-F-0391-011-R0002	10001	
IL-MTFN-001-G-F-0391-011-R0003	10002	
IL-MTFN-001-G-F-0391-011-R0005	10003	
IL-MTFN-001-G-F-0391-012-R0001	10004	
IL-MTFN-001-G-F-0391-012-R0002	10005	
IL-MTFN-001-G-F-0391-012-R0003	10006	
IL-MTFN-001-G-F-0391-013-R0001	10007	
IL-MTFN-001-G-F-0391-013-R0002	10008	
IL-MTFN-001-G-F-0391-013-R0006	10009	
IL-MTFN-001-G-F-0391-013-R0010	10010	
IL-MTFN-001-G-F-0391-013-R0011	10011	
IL-MTFN-001-G-F-0391-013-R0012	10012	
IL-MTFN-001-G-F-0391-013-R0013	10013	
IL-MTFN-001-G-F-0391-013-R0015	10014	
IL-MTFN-001-G-F-0391-013-R0016	10015	
IL-MTFN-001-G-F-0391-013-R0017	10016	
IL-MTFN-001-G-F-0393-001-R0002	10017	
IL-MTFN-001-G-F-0393-001-R0003	10018	
IL-MTFN-001-G-F-0395-001-R0001	10019	
IL-MTFN-001-G-F-0396-001-R0001	10020	
IL-MTFN-001-G-F-0396-001-R0003	10021	
IL-MTFN-001-G-F-0396-001-R0004	10022	
IL-MTFN-001-G-F-0396-001-R0006	10023	
IL-MTFN-001-G-F-0399-001-R0002	10024	
IL-MTFN-001-G-F-0399-001-R0004	10025	
IL-MTFN-001-G-F-0401-001-R0001	10026	
IL-MTFN-001-G-F-0401-001-R0002	10027	
IL-MTFN-001-G-F-0401-001-R0003	10028	
IL-MTFN-001-G-F-0401-001-R0004	10029	
IL-MTFN-001-G-F-0402-001-R0001	10030	
IL-MTFN-001-G-F-0402-001-R0003	10031	
IL-MTFN-001-G-F-0402-001-R0004	10032	
IL-MTFN-001-G-F-0402-001-R0005	10033	
IL-MTFN-001-G-F-0402-002-R0002	10034	
IL-MTFN-001-G-F-0402-002-R0003	10035	
IL-MTFN-001-G-F-0402-002-R0004	10036	
IL-MTFN-001-G-F-0402-002-R0005	10037	
IL-MTFN-001-G-F-0402-002-R0006	10038	
IL-MTFN-001-G-F-0402-002-R0007	10039	
IL-MTFN-001-G-F-0403-001-R0001	10040	
IL-MTFN-001-G-F-0404-001-R0001	10041	
IL-MTFN-001-G-F-0404-001-R0002	10042	
IL-MTFN-001-G-F-0404-001-R0003	10043	
IL-MTFN-001-G-F-0406-001-R0001	10044	
IL-MTFN-001-G-F-0406-001-R0002	10045	
IL-MTFN-001-G-F-0406-001-R0003	10046	
IL-MTFN-001-G-F-0406-001-R0004	10047	
IL-MTFN-001-G-F-0406-001-R0005	10048	
IL-MTFN-001-G-F-0406-001-R0006	10049	
IL-MTFN-001-G-F-0406-001-R0007	10050	
IL-MTFN-001-G-F-0406-001-R0008	10051	
IL-MTFN-001-G-F-0407-001-R0001	10052	
IL-MTFN-001-G-F-0408-001-R0001	10053	
IL-MTFN-001-G-F-0408-001-R0002	10054	
IL-MTFN-001-G-F-0408-001-R0003	10055	
IL-MTFN-001-G-F-0411-001-R0001	10056	
IL-MTFN-001-G-F-0413-001-R0006	10057	
IL-MTFN-001-G-F-0414-002-R0001	10058	
IL-MTFN-001-G-F-0414-002-R0002	10059	
IL-MTFN-001-G-F-0414-002-R0003	10060	
IL-MTFN-001-G-F-0414-002-R0004	10061	
IL-MTFN-001-G-F-0414-002-R0005	10062	
IL-MTFN-001-G-F-0414-002-R0006	10063	
IL-MTFN-001-G-F-0414-002-R0007	10064	
IL-MTFN-001-G-F-0414-002-R0008	10065	
IL-MTFN-001-G-F-0414-002-R0009	10066	
IL-MTFN-001-G-F-0415-001-R0001	10067	
IL-MTFN-001-G-F-0415-001-R0005	10068	
IL-MTFN-001-G-F-0415-001-R0009	10069	
IL-MTFN-001-G-F-0416-001-R0002	10070	
IL-MTFN-001-G-F-0417-001-R0001	10071	
IL-MTFN-001-G-F-0417-001-R0002	10072	
IL-MTFN-001-G-F-0418-001-R0001	10073	
IL-MTFN-001-G-F-0418-001-R0002	10074	
IL-MTFN-001-G-F-0420-001-R0002	10075	
IL-MTFN-001-G-F-0420-001-R0003	10076	
IL-MTFN-001-G-F-0422-001-R0001	10077	
IL-MTFN-001-G-F-0422-001-R0004	10078	
IL-MTFN-001-G-F-0422-001-R0005	10079	
IL-MTFN-001-G-F-0422-001-R0007	10080	
IL-MTFN-001-G-F-0422-001-R0009	10081	
IL-MTFN-001-G-F-0422-001-R0010	10082	
IL-MTFN-001-G-F-0422-001-R0012	10083	
IL-MTFN-001-G-F-0422-001-R0014	10084	
IL-MTFN-001-G-F-0422-004-R0001	10085	
IL-MTFN-001-G-F-0423-001-R0001	10086	
IL-MTFN-001-G-F-0423-001-R0002	10087	
IL-MTFN-001-G-F-0423-001-R0003	10088	
IL-MTFN-001-G-F-0423-003-R0001	10089	
IL-MTFN-001-G-F-0423-003-R0002	10090	
IL-MTFN-001-G-F-0423-003-R0004	10091	
IL-MTFN-001-G-F-0423-003-R0005	10092	
IL-MTFN-001-G-F-0423-003-R0009	10093	
IL-MTFN-001-G-F-0423-003-R0012	10094	
IL-MTFN-001-G-F-0423-003-R0015	10095	
IL-MTFN-001-G-F-0423-003-R0016	10096	
IL-MTFN-001-G-F-0423-003-R0017	10097	
IL-MTFN-001-G-F-0425-001-R0001	10098	
IL-MTFN-001-G-F-0426-001-R0001	10099	
IL-MTFN-001-G-F-0426-001-R0002	10100	
IL-MTFN-001-G-F-0426-001-R0004	10101	
IL-MTFN-001-G-F-0427-001-R0001	10102	
IL-MTFN-001-G-F-0428-001-R0001	10103	
IL-MTFN-001-G-F-0429-001-R0001	10104	
IL-MTFN-001-G-F-0430-001-R0001	10105	
IL-MTFN-001-G-F-0430-001-R0002	10106	
IL-MTFN-001-G-F-0430-001-R0003	10107	
IL-MTFN-001-G-F-0432-001-R0001	10108	
IL-MTFN-001-G-F-0432-001-R0002	10109	
IL-MTFN-001-G-F-0432-001-R0003	10110	
IL-MTFN-001-G-F-0432-001-R0004	10111	
IL-MTFN-001-G-F-0432-001-R0005	10112	
IL-MTFN-001-G-F-0432-001-R0006	10113	
IL-MTFN-001-G-F-0432-001-R0007	10114	
IL-MTFN-001-G-F-0432-001-R0008	10115	
IL-MTFN-001-G-F-0433-001-R0001	10116	
IL-MTFN-001-G-F-0433-001-R0002	10117	
IL-MTFN-001-G-F-0433-001-R0003	10118	
IL-MTFN-001-G-F-0433-001-R0004	10119	
IL-MTFN-001-G-F-0433-001-R0005	10120	
IL-MTFN-001-G-F-0433-001-R0007	10121	
IL-MTFN-001-G-F-0433-001-R0008	10122	
IL-MTFN-001-G-F-0433-001-R0009	10123	
IL-MTFN-001-G-F-0433-001-R0012	10124	
IL-MTFN-001-G-F-0433-001-R0014	10125	
IL-MTFN-001-G-F-0434-001-R0001	10126	
IL-MTFN-001-G-F-0434-001-R0002	10127	
IL-MTFN-001-G-F-0434-001-R0003	10128	
IL-MTFN-001-G-F-0434-001-R0004	10129	
IL-MTFN-001-G-F-0434-001-R0005	10130	
IL-MTFN-001-G-F-0436-001-R0001	10131	
IL-MTFN-001-G-F-0436-001-R0002	10132	
IL-MTFN-001-G-F-0436-001-R0003	10133	
IL-MTFN-001-G-F-0436-001-R0004	10134	
IL-MTFN-001-G-F-0436-001-R0006	10135	
IL-MTFN-001-G-F-0436-001-R0007	10136	
IL-MTFN-001-G-F-0437-001-R0001	10137	
IL-MTFN-001-G-F-0437-001-R0002	10138	
IL-MTFN-001-G-F-0441-001-R0001	10139	
IL-MTFN-001-G-F-0443-001-R0001	10140	
IL-MTFN-001-G-F-0443-001-R0002	10141	
IL-MTFN-001-G-F-0443-001-R0003	10142	
IL-MTFN-001-G-F-0443-001-R0004	10143	
IL-MTFN-001-G-F-0443-001-R0005	10144	
IL-MTFN-001-G-F-0443-001-R0006	10145	
IL-MTFN-001-G-F-0443-001-R0007	10146	
IL-MTFN-001-G-F-0443-001-R0008	10147	
IL-MTFN-001-G-F-0443-001-R0010	10148	
IL-MTFN-001-G-F-0443-001-R0012	10149	
IL-MTFN-001-G-F-0443-001-R0013	10150	
IL-MTFN-001-G-F-0444-003-R0003	10151	
IL-MTFN-001-G-F-0444-003-R0005	10152	
IL-MTFN-001-G-F-0444-003-R0007	10153	
IL-MTFN-001-G-F-0444-003-R0008	10154	
IL-MTFN-001-G-F-0444-003-R0009	10155	
IL-MTFN-001-G-F-0444-003-R0010	10156	
IL-MTFN-001-G-F-0444-003-R0017	10157	
IL-MTFN-001-G-F-0444-003-R0018	10158	
IL-MTFN-001-G-F-0444-004-R0001	10159	
IL-MTFN-001-G-F-0447-001-R0001	10160	
IL-MTFN-001-G-F-0447-001-R0002	10161	
IL-MTFN-001-G-F-0448-001-R0001	10162	
IL-MTFN-001-G-F-0450-001-R0001	10163	
IL-MTFN-001-G-F-0450-001-R0002	10164	
IL-MTFN-001-G-F-0450-001-R0003	10165	
IL-MTFN-001-G-F-0450-001-R0004	10166	
IL-MTFN-001-G-F-0450-001-R0005	10167	
IL-MTFN-001-G-F-0450-001-R0006	10168	
IL-MTFN-001-G-F-0450-001-R0007	10169	
IL-MTFN-001-G-F-0450-001-R0008	10170	
IL-MTFN-001-G-F-0450-001-R0009	10171	
IL-MTFN-001-G-F-0450-001-R0010	10172	
IL-MTFN-001-G-F-0450-001-R0011	10173	
IL-MTFN-001-G-F-0450-001-R0012	10174	
IL-MTFN-001-G-F-0450-001-R0013	10175	
IL-MTFN-001-G-F-0450-001-R0014	10176	
IL-MTFN-001-G-F-0450-001-R0015	10177	
IL-MTFN-001-G-F-0450-001-R0016	10178	
IL-MTFN-001-G-F-0450-001-R0017	10179	
IL-MTFN-001-G-F-0450-002-R0001	10180	
IL-MTFN-001-G-F-0450-002-R0002	10181	
IL-MTFN-001-G-F-0451-001-R0001	10182	
IL-MTFN-001-G-F-0452-001-R0001	10183	
IL-MTFN-001-G-F-0452-001-R0002	10184	
IL-MTFN-001-G-F-0453-001-R0001	10185	
IL-MTFN-001-G-F-0453-001-R0002	10186	
IL-MTFN-001-G-F-0453-001-R0003	10187	
IL-MTFN-001-G-F-0453-001-R0004	10188	
IL-MTFN-001-G-F-0454-001-R0001	10189	
IL-MTFN-001-G-F-0454-001-R0002	10190	
IL-MTFN-001-G-F-0454-001-R0003	10191	
IL-MTFN-001-G-F-0454-001-R0004	10192	
IL-MTFN-001-G-F-0454-001-R0005	10193	
IL-MTFN-001-G-F-0456-001-R0001	10194	
IL-MTFN-001-G-F-0456-001-R0002	10195	
IL-MTFN-001-G-F-0456-001-R0003	10196	
IL-MTFN-001-G-F-0456-001-R0004	10197	
IL-MTFN-001-G-F-0456-001-R0007	10198	
IL-MTFN-001-G-F-0456-001-R0008	10199	
IL-MTFN-001-G-F-0456-001-R0009	10200	
IL-MTFN-001-G-F-0456-001-R0010	10201	
IL-MTFN-001-G-F-0456-001-R0011	10202	
IL-MTFN-001-G-F-0456-001-R0014	10203	
IL-MTFN-001-G-F-0456-001-R0015	10204	
IL-MTFN-001-G-F-0456-001-R0016	10205	
IL-MTFN-001-G-F-0457-001-R0001	10206	
IL-MTFN-001-G-F-0458-001-R0002	10207	
IL-MTFN-001-G-F-0458-001-R0003	10208	
IL-MTFN-001-G-F-0459-007-R0001	10209	
IL-MTFN-001-G-F-0459-008-R0001	10210	
IL-MTFN-001-G-F-0459-008-R0002	10211	
IL-MTFN-001-G-F-0459-008-R0003	10212	
IL-MTFN-001-G-F-0459-008-R0004	10213	
IL-MTFN-001-G-F-0459-008-R0005	10214	
IL-MTFN-001-G-F-0459-008-R0007	10215	
IL-MTFN-001-G-F-0459-010-R0006	10216	
IL-MTFN-001-G-F-0459-010-R0009	10217	
IL-MTFN-001-G-F-0459-011-R0001	10218	
IL-MTFN-001-G-F-0459-011-R0003	10219	
IL-MTFN-001-G-F-0459-011-R0004	10220	
IL-MTFN-001-G-F-0459-012-R0006	10221	
IL-MTFN-001-G-F-0459-012-R0007	10222	
IL-MTFN-001-G-F-0459-013-R0001	10223	
IL-MTFN-001-G-F-0459-013-R0010	10224	
IL-MTFN-001-G-F-0459-013-R0012	10225	
IL-MTFN-001-G-F-0459-013-R0016	10226	
IL-MTFN-001-G-F-0459-014-R0001	10227	
IL-MTFN-001-G-F-0459-015-R0003	10228	
IL-MTFN-001-G-F-0459-017-R0001	10229	
IL-MTFN-001-G-F-0459-017-R0004	10230	
IL-MTFN-001-G-F-0459-017-R0005	10231	
IL-MTFN-001-G-F-0460-001-R0002	10232	
IL-MTFN-001-G-F-0460-001-R0005	10233	
IL-MTFN-001-G-F-0460-001-R0006	10234	
IL-MTFN-001-G-F-0460-001-R0007	10235	
IL-MTFN-001-G-F-0460-001-R0008	10236	
IL-MTFN-001-G-F-0460-001-R0009	10237	
IL-MTFN-001-G-F-0460-001-R0010	10238	
IL-MTFN-001-G-F-0463-001-R0001	10239	
IL-MTFN-001-G-F-0463-001-R0002	10240	
IL-MTFN-001-G-F-0464-001-R0003	10241	
IL-MTFN-001-G-F-0465-001-R0001	10242	
IL-MTFN-001-G-F-0467-001-R0001	10243	
IL-MTFN-001-G-F-0468-001-R0001	10244	
IL-MTFN-001-G-F-0468-001-R0002	10245	
IL-MTFN-001-G-F-0468-001-R0003	10246	
IL-MTFN-001-G-F-0468-001-R0004	10247	
IL-MTFN-001-G-F-0469-002-R0005	10248	
IL-MTFN-001-G-F-0469-003-R0001	10249	
IL-MTFN-001-G-F-0469-003-R0002	10250	
IL-MTFN-001-G-F-0469-003-R0003	10251	
IL-MTFN-001-G-F-0469-003-R0004	10252	
IL-MTFN-001-G-F-0469-003-R0005	10253	
IL-MTFN-001-G-F-0469-003-R0007	10254	
IL-MTFN-001-G-F-0469-006-R0002	10255	
IL-MTFN-001-G-F-0469-006-R0004	10256	
IL-MTFN-001-G-F-0469-008-R0001	10257	
IL-MTFN-001-G-F-0469-008-R0002	10258	
IL-MTFN-001-G-F-0469-008-R0003	10259	
IL-MTFN-001-G-F-0469-008-R0004	10260	
IL-MTFN-001-G-F-0469-008-R0005	10261	
IL-MTFN-001-G-F-0469-008-R0006	10262	
IL-MTFN-001-G-F-0469-008-R0007	10263	
IL-MTFN-001-G-F-0470-001-R0001	10264	
IL-MTFN-001-G-F-0470-001-R0002	10265	
IL-MTFN-001-G-F-0470-001-R0006	10266	
IL-MTFN-001-G-F-0470-001-R0007	10267	
IL-MTFN-001-G-F-0470-001-R0008	10268	
IL-MTFN-001-G-F-0470-002-R0001	10269	
IL-MTFN-001-G-F-0470-002-R0002	10270	
IL-MTFN-001-G-F-0470-002-R0003	10271	
IL-MTFN-001-G-F-0470-002-R0004	10272	
IL-MTFN-001-G-F-0470-003-R0001	10273	
IL-MTFN-001-G-F-0470-003-R0002	10274	
IL-MTFN-001-G-F-0470-003-R0003	10275	
IL-MTFN-001-G-F-0470-003-R0004	10276	
IL-MTFN-001-G-F-0470-003-R0005	10277	
IL-MTFN-001-G-F-0470-003-R0009	10278	
IL-MTFN-001-G-F-0470-004-R0001	10279	
IL-MTFN-001-G-F-0470-004-R0005	10280	
IL-MTFN-001-G-F-0470-004-R0006	10281	
IL-MTFN-001-G-F-0470-004-R0007	10282	
IL-MTFN-001-G-F-0470-004-R0008	10283	
IL-MTFN-001-G-F-0470-005-R0002	10284	
IL-MTFN-001-G-F-0470-005-R0003	10285	
IL-MTFN-001-G-F-0470-005-R0004	10286	
IL-MTFN-001-G-F-0470-005-R0005	10287	
IL-MTFN-001-G-F-0470-005-R0006	10288	
IL-MTFN-001-G-F-0470-005-R0008	10289	
IL-MTFN-001-G-F-0470-005-R0009	10290	
IL-MTFN-001-G-F-0470-005-R0010	10291	
IL-MTFN-001-G-F-0470-005-R0011	10292	
IL-MTFN-001-G-F-0470-005-R0012	10293	
IL-MTFN-001-G-F-0470-005-R0013	10294	
IL-MTFN-001-G-F-0470-005-R0014	10295	
IL-MTFN-001-G-F-0470-005-R0015	10296	
IL-MTFN-001-G-F-0470-006-R0001	10297	
IL-MTFN-001-G-F-0470-006-R0002	10298	
IL-MTFN-001-G-F-0470-006-R0003	10299	
IL-MTFN-001-G-F-0470-006-R0004	10300	
IL-MTFN-001-G-F-0470-006-R0006	10301	
IL-MTFN-001-G-F-0470-006-R0007	10302	
IL-MTFN-001-G-F-0470-008-R0001	10303	
IL-MTFN-001-G-F-0470-008-R0002	10304	
IL-MTFN-001-G-F-0470-008-R0003	10305	
IL-MTFN-001-G-F-0470-008-R0004	10306	
IL-MTFN-001-G-F-0470-009-R0001	10307	
IL-MTFN-001-G-F-0471-001-R0001	10308	
IL-MTFN-001-G-F-0473-001-R0001	10309	
IL-MTFN-001-G-F-0473-001-R0002	10310	
IL-MTFN-001-G-F-0473-001-R0003	10311	
IL-MTFN-001-G-F-0473-001-R0004	10312	
IL-MTFN-001-G-F-0473-001-R0005	10313	
IL-MTFN-001-G-F-0473-001-R0006	10314	
IL-MTFN-001-G-F-0473-001-R0007	10315	
IL-MTFN-001-G-F-0474-001-R0001	10316	
IL-MTFN-001-G-F-0475-001-R0001	10317	
IL-MTFN-001-G-F-0475-001-R0002	10318	
IL-MTFN-001-G-F-0475-001-R0003	10319	
IL-MTFN-001-G-F-0475-001-R0005	10320	
IL-MTFN-001-G-F-0475-001-R0007	10321	
IL-MTFN-001-G-F-0475-001-R0008	10322	
IL-MTFN-001-G-F-0475-001-R0009	10323	
IL-MTFN-001-G-F-0475-001-R0010	10324	
IL-MTFN-001-G-F-0475-001-R0011	10325	
IL-MTFN-001-G-F-0475-001-R0012	10326	
IL-MTFN-001-G-F-0475-001-R0013	10327	
IL-MTFN-001-G-F-0475-001-R0014	10328	
IL-MTFN-001-G-F-0475-001-R0015	10329	
IL-MTFN-001-G-F-0475-001-R0016	10330	
IL-MTFN-001-G-F-0475-001-R0017	10331	
IL-MTFN-001-G-F-0476-001-R0001	10332	
IL-MTFN-001-G-F-0476-001-R0002	10333	
IL-MTFN-001-G-F-0477-001-R0001	10334	
IL-MTFN-001-G-F-0477-001-R0002	10335	
IL-MTFN-001-G-F-0477-001-R0003	10336	
IL-MTFN-001-G-F-0477-001-R0004	10337	
IL-MTFN-001-G-F-0478-001-R0001	10338	
IL-MTFN-001-G-F-0478-001-R0002	10339	
IL-MTFN-001-G-F-0478-001-R0003	10340	
IL-MTFN-001-G-F-0478-001-R0004	10341	
IL-MTFN-001-G-F-0478-004-R0001	10342	
IL-MTFN-001-G-F-0478-005-R0002	10343	
IL-MTFN-001-G-F-0478-005-R0007	10344	
IL-MTFN-001-G-F-0478-008-R0005	10345	
IL-MTFN-001-G-F-0478-008-R0008	10346	
IL-MTFN-001-G-F-0478-008-R0009	10347	
IL-MTFN-001-G-F-0478-008-R0011	10348	
IL-MTFN-001-G-F-0478-009-R0001	10349	
IL-MTFN-001-G-F-0478-011-R0003	10350	
IL-MTFN-001-G-F-0478-012-R0003	10351	
IL-MTFN-001-G-F-0478-012-R0004	10352	
IL-MTFN-001-G-F-0478-013-R0001	10353	
IL-MTFN-001-G-F-0478-014-R0006	10354	
IL-MTFN-001-G-F-0478-017-R0001	10355	
IL-MTFN-001-G-F-0478-017-R0002	10356	
IL-MTFN-001-G-F-0478-017-R0003	10357	
IL-MTFN-001-G-F-0478-017-R0004	10358	
IL-MTFN-001-G-F-0478-017-R0005	10359	
IL-MTFN-001-G-F-0478-017-R0007	10360	
IL-MTFN-001-G-F-0478-017-R0009	10361	
IL-MTFN-001-G-F-0478-018-R0001	10362	
IL-MTFN-001-G-F-0478-018-R0002	10363	
IL-MTFN-001-G-F-0478-018-R0003	10364	
IL-MTFN-001-G-F-0478-018-R0004	10365	
IL-MTFN-001-G-F-0478-018-R0005	10366	
IL-MTFN-001-G-F-0478-018-R0006	10367	
IL-MTFN-001-G-F-0479-001-R0001	10368	
IL-MTFN-001-G-F-0480-001-R0001	10369	
IL-MTFN-001-G-F-0480-001-R0004	10370	
IL-MTFN-001-G-F-0480-001-R0007	10371	
IL-MTFN-001-G-F-0480-001-R0008	10372	
IL-MTFN-001-G-F-0480-001-R0009	10373	
IL-MTFN-001-G-F-0480-001-R0012	10374	
IL-MTFN-001-G-F-0480-001-R0013	10375	
IL-MTFN-001-G-F-0480-001-R0014	10376	
IL-MTFN-001-G-F-0480-001-R0016	10377	
IL-MTFN-001-G-F-0480-001-R0017	10378	
IL-MTFN-001-G-F-0480-001-R0018	10379	
