dcterms:identifier,dcterms:isPartOf,dcterms:title,description_he,description_de,description_en,ric-o:hasOrHadLanguage,ric-o:hasDocumentaryFormType,ric-o:hasProductionTechniqueType,ric-o:hasRecordState,ric-o:hasOrHadMainSubject,ric-o:hasCreationDate,ric-o:hasPublicationDate,arkivo:creationPlace,bibo:numPages
IL-MTFN-001-G-F-0004-001-R0001,IL-MTFN-001-G-F-0004-001,Guest Book 1949-1953,"ספר אורחים 1949-1953: אורחים רושמים רשימות, שירים, ציורים ומדביקים תמונות מתעדות. לצד ישראלים מתארחים גם אנשי או""מ ותיירים רבים מארה""ב, יפן, גרמניה, שוויץ, והולנד. הספר כתוב בעיקר בעברית, גרמנית ואנגלית. רבים הוסיפו ליד שמם גם את עיסוקם, כגון: ""בעל מכבסת יהודית בחיפה"". רבים מהאורחים נהגו לחזור ולהתארח מדי שנה בשנה בפנסיון. הכותבים משבחים את האווירה, האוכל והטיפול. בין היתר מופיעים בספר האורחים: משה שרת, שרשם ב-1951: ""רק עוד קצת עברית - והכל יהיה נפלא""; אורח אחר רשם מתחת לדברי שרת: ""רק עוד קצת שרת - והכל יהיה עברית"". אורחים נוספים: אבא אבן, גרשם שלום, נחום גולדמן, גרדה והרמן צונדק, סוסקין, קבוצות עיתונאים שליד שמו של כל אחד מופיע שם העיתון בו עבד (בולט מספר העיתונים הרב); פקידים של משרדי ממשלה, ביניהם הנציג של ""המשרד הדרוזי"".","Gästebuch 1949-1953: Gäste schreiben Notizen, Gedichte, Zeichnungen und kleben dokumentierende Fotos ein. Neben Israelis sind auch UN-Mitarbeiter und viele Touristen aus den USA, Japan, Deutschland, der Schweiz und den Niederlanden zu Gast. Das Buch ist hauptsächlich in Hebräisch, Deutsch und Englisch geschrieben. Viele fügten neben ihrem Namen auch ihren Beruf hinzu, wie z.B.: ""Besitzer einer jüdischen Wäscherei in Haifa"". Viele der Gäste kehrten jedes Jahr in die Pension zurück. Die Autoren loben die Atmosphäre, das Essen und die Betreuung. Unter anderem erscheinen im Gästebuch: Mosche Scharet, der 1951 schrieb: ""Nur noch ein bisschen Hebräisch - und alles wird wunderbar""; ein anderer Gast schrieb unter Scharets Worten: ""Nur noch ein bisschen Scharet - und alles wird Hebräisch"". Weitere Gäste: Abba Eban, Gershom Scholem, Nahum Goldmann, Gerda und Hermann Zondek, Soskin, Journalistengruppen, bei denen neben jedem Namen der Name der Zeitung steht, in der er arbeitete (die Vielzahl der Zeitungen ist auffällig); Beamte von Regierungsbüros, darunter der Vertreter des ""Drusischen Büros"".","Guest Book 1949-1953: Guests write notes, poems, drawings, and paste documenting photos. Alongside Israelis, there are also UN personnel and many tourists from the USA, Japan, Germany, Switzerland, and the Netherlands. The book is mainly written in Hebrew, German, and English. Many added their occupation next to their name, such as: ""Owner of a Jewish laundry in Haifa"". Many of the guests used to return and stay every year at the pension. The writers praise the atmosphere, the food, and the care. Among others appearing in the guest book: Moshe Sharett, who wrote in 1951: ""Just a little more Hebrew - and everything will be wonderful""; another guest wrote under Sharett's words: ""Just a little more Sharett - and everything will be Hebrew"". Other guests: Abba Eban, Gershom Scholem, Nahum Goldmann, Gerda and Hermann Zondek, Soskin, groups of journalists with the name of the newspaper they worked for next to each name (the large number of newspapers is notable); officials from government offices, including the representative of the ""Druze Office"".",Hebrew|German|English,רשימות|Personal Notes,handwriting,original,,1949,1953,,
IL-MTFN-001-G-F-0004-001-R0002,IL-MTFN-001-G-F-0004-001,Guestbook 1953-1967: Rotary Club Nahariya,"ספר אורחים 1953-1967: נשואים טריים שמבלים את ירח הדבש בנהריה. הקלוב של ""רוטרי נהריה"" נהג לערוך את פגישותיו בפנסיון כהן מאז 1952. בספר זה חתומים בין היתר: משה דיין, תיאודור הויז (אז נשיא גרמניה), רולף פאולוס (שגרירה הראשון של גרמניה בישראל), יוחאי בן-נון מפקד חיל הים, שהתארח יחד עם קבוצה של חיילים ועוד.","Gästebuch 1953-1967: Frisch verheiratete Paare, die ihre Flitterwochen in Nahariya verbringen. Der Rotary Club Nahariya hielt seit 1952 seine Treffen im Pension Cohen ab. In diesem Buch sind unter anderem unterschrieben: Moshe Dayan, Theodor Heuss (damals Präsident von Deutschland), Rolf Pauls (erster Botschafter Deutschlands in Israel), Yohai Ben-Nun, Kommandant der Marine, der zusammen mit einer Gruppe von Soldaten zu Gast war und andere.","Guestbook 1953-1967: Newlyweds spending their honeymoon in Nahariya. The Rotary Club of Nahariya used to hold its meetings at Pension Cohen since 1952. Among others, this book is signed by: Moshe Dayan, Theodor Heuss (then President of Germany), Rolf Pauls (Germany's first ambassador to Israel), Yohai Ben-Nun, Commander of the Navy, who visited with a group of soldiers, and others.",Hebrew,ספר|Book,,original,,1953,,,
IL-MTFN-001-G-F-0005-001-R0001,IL-MTFN-001-G-F-0005-001,Manuscript in Memory of Lotte Engel,"מנוסקריפט לזכרה של לוטה אנגל לבית הקר, בגרמנית ועברית ומודפס.","Manuskript zum Gedenken an Lotte Engel, geborene Ker, auf Deutsch und Hebräisch und gedruckt.","Manuscript in memory of Lotte Engel née Ker, in German and Hebrew and printed.",Hebrew|German,מכתב|Letter,typewriting,original,Lotte Engel,,,,
IL-MTFN-001-G-F-0005-002-R0002,IL-MTFN-001-G-F-0005-002,"Postcard from Udo Moses to his mother Johanna, 1914",גלויה ששולח החייל אודו מוזס אל אמו יוהנה בטיפאו 1914 (נהרג זמן קצר אחרי זה).,"Postkarte, die der Soldat Udo Moses an seine Mutter Johanna in Tifau 1914 schickt (kurz danach getötet).",Postcard sent by soldier Udo Moses to his mother Johanna in Tifau 1914 (killed shortly after).,German,גלויה|Postcard,other,original,Udo Moses,1914,,,
IL-MTFN-001-G-F-0005-002-R0006,IL-MTFN-001-G-F-0005-002,Letters of Udo Moses from Argentina,"אוסף לזכרו של אודו מוזס, ובו מכתבים של אודו מארגנטינה אל הוריו זמן קצר לפני פרוץ מלחמת העולם ומכתב קצר אחרי פרוץ המלחמה. אודו רוצה לחזור ל'מולדת' ולהלחם באויביה. הוא חזר, התגייס ונפל בשדה הקרב זמן קצר אחרי גיוסו.","Sammlung zum Gedenken an Udo Moses, mit Briefen von Udo aus Argentinien an seine Eltern kurz vor dem Ausbruch des Zweiten Weltkriegs und einem kurzen Brief nach dem Ausbruch des Krieges. Udo möchte in die 'Heimat' zurückkehren und gegen ihre Feinde kämpfen. Er kehrte zurück, trat in die Armee ein und fiel kurz nach seiner Einberufung auf dem Schlachtfeld.","Collection in memory of Udo Moses, containing letters from Udo from Argentina to his parents shortly before the outbreak of World War II and a short letter after the outbreak of the war. Udo wants to return to the 'homeland' and fight its enemies. He returned, enlisted, and fell on the battlefield shortly after his enlistment.",Hebrew,מכתב|Letter,,original,Udo Moses,,,,
IL-MTFN-001-G-F-0005-002-R0007,IL-MTFN-001-G-F-0005-002,Eulogy by Arthur Pelz,נאום הספד שנשא הידיד ארתור פלץ.,Trauerrede gehalten von Freund Arthur Pelz.,Eulogy delivered by friend Arthur Pelz.,Hebrew,נאום|Speech,,original,Arthur Pelz,,,,
IL-MTFN-001-G-F-0005-002-R0011,IL-MTFN-001-G-F-0005-002,Letters and Eulogy for Udo Moses,מכתבים והספד לאודו מוזס Udo Moses כפי שנמצאו במחברתה של פרידה הקר לבית מוזס.,"Briefe und Nachruf für Udo Moses, wie sie in Frida Hacars Notizbuch gefunden wurden.",Letters and eulogy for Udo Moses as found in Frida Hacar's notebook.,Hebrew,מכתב|Letter,,other,Udo Moses,,,,
IL-MTFN-001-G-F-0005-003-R0005,IL-MTFN-001-G-F-0005-003,Memories of Chana Frida Haker,"הספר 'כמיהות', זכרונות חנה פרידה הקר לבית מוזס, עברית","Das Buch 'Kmiot', Erinnerungen von Chana Frida Haker, geborene Moses, Hebräisch","The book 'Kmiot', Memories of Chana Frida Haker née Moses, Hebrew",Hebrew,ספר|Book,print,original,Chana Frida Haker,,,,
IL-MTFN-001-G-F-0008-001-R0005,IL-MTFN-001-G-F-0008-001,Family Tree,אילן יוחסין.,Stammbaum.,Family tree.,Unspecified,לא מזוהה,,original,,,,,
IL-MTFN-001-G-F-0008-001-R0007,IL-MTFN-001-G-F-0008-001,"Family Photos and Correspondence with Andrew Bergerson, 1993",צילומי תמונות משפחתיות והתכתבות עם Andrew Bergerson מהילדסהיים משנת 1993.,Familienfotos und Korrespondenz mit Andrew Bergerson aus Hildesheim aus dem Jahr 1993.,Family photos and correspondence with Andrew Bergerson from Hildesheim from 1993.,Hebrew|English,תצלום|Photograph|מכתב|Letter,photography,copy,Andrew Bergerson,1993,,,
IL-MTFN-001-G-F-0008-002-R0009,IL-MTFN-001-G-F-0008-002,"Letter from Lozer to Edith from Dachau, 1938","צילום מכתב שלוזר כתב לאישתו אדית ממחנה דכאו ב-22.11.1938, אחרי ליל הבדולח.","Fotografie eines Briefes, den Lozer am 22.11.1938 nach der Kristallnacht aus dem Lager Dachau an seine Frau Edith schrieb.","Photograph of a letter Lozer wrote to his wife Edith from Dachau camp on 22.11.1938, after Kristallnacht.",Hebrew|עברית,מכתב|Letter,photography,copy,Lozer,1938-11-22,,,
IL-MTFN-001-G-F-0009-002-R0001,IL-MTFN-001-G-F-0009-002,Collection of Writings and Memories by Hella Lux and Mary Holtz,"יומן של הלה לוקס מ-1910; ספרון שירים של הלה ותמונה; 2 פנקסים בהם הלה כתבה את מחשבותיה על 'חוקיות העולם' 'Das Weltrecht'; ספר זכרונות של מרי הולץ (הסבתא של רנה מצד אמו) מ-1816, שם נעוריה מתחיל באות B; צילום שני שירים שנכתבו ככל הנראה ע""י הלה, ללא תאריך; כתיבה הומוריסטית של הלה לרגל קרנבל, אין תאריך.","Tagebuch von Hella Lux aus dem Jahr 1910; ein Gedichtbuch von Hella und ein Bild; 2 Notizbücher, in denen Hella ihre Gedanken über 'Das Weltrecht' niederschrieb; Erinnerungsbuch von Mary Holtz (Renas Großmutter mütterlicherseits) aus dem Jahr 1816, ihr Mädchenname beginnt mit dem Buchstaben B; Fotografie von zwei Gedichten, die wahrscheinlich von Hella geschrieben wurden, ohne Datum; humoristische Schrift von Hella anlässlich eines Karnevals, kein Datum.","Diary of Hella Lux from 1910; a booklet of poems by Hella and a picture; 2 notebooks in which Hella wrote her thoughts on 'The World Law' 'Das Weltrecht'; memory book of Mary Holtz (Rena's maternal grandmother) from 1816, her maiden name starts with the letter B; photograph of two poems apparently written by Hella, without a date; humorous writing by Hella for a carnival, no date.",Hebrew|German,יומן|Diary|פנקס|Notepad|ספר זכרונות|Memory Book|שיר|Poem,handwriting,other,,,,,
IL-MTFN-001-G-F-0009-002-R0003,IL-MTFN-001-G-F-0009-002,Lace Cap and Annual Diaries from 1912 and 1918,"מצנפת מתחרה לתינוק, לא ברור מאיזו תקופה. שני יומנים שנתיים מ-1912 ו-1918 - קטנים מאד ומתאימים לארנק, כפי שהשם הגרמני מצביע על כך Geldtaschenkalender.","Spitzenmütze für ein Baby, unklar aus welcher Zeit. Zwei Jahreskalender von 1912 und 1918 - sehr klein und passend für eine Geldbörse, wie der deutsche Name darauf hinweist Geldtaschenkalender.","Lace cap for a baby, unclear from which period. Two annual diaries from 1912 and 1918 - very small and suitable for a wallet, as the German name indicates Geldtaschenkalender.",German,יומן|Diary,,original,,1912,,,
IL-MTFN-001-G-F-0009-002-R0009,IL-MTFN-001-G-F-0009-002,Torah Diaper of Eliyahu ben Anshel Rosenzweig,"חיתול תורה של אליהו בן אנשיל רוזנצויייג, יליד 1847. הכתיבה והקישוטים על החיתול נעשו בצביעה; מכתב כתוב גרמנית ביד (הודפס ע""י קרלה וולף) שמסביר את מקור וסיפור החיתול; בין היתר שהוא הוכן ע""י נתן לוקס, הסבא של הלה מצד אביה, ב-1847.","Tora-Windel von Eliyahu ben Anshel Rosenzweig, geboren 1847. Die Schrift und die Verzierungen auf der Windel wurden bemalt; ein handgeschriebener Brief auf Deutsch (gedruckt von Karla Wolf), der die Herkunft und Geschichte der Windel erklärt; unter anderem, dass sie 1847 von Nathan Lux, dem Großvater von Hela väterlicherseits, angefertigt wurde.","Torah diaper of Eliyahu ben Anshel Rosenzweig, born 1847. The writing and decorations on the diaper were painted; a handwritten letter in German (printed by Karla Wolf) explaining the origin and story of the diaper; among other things, that it was made by Nathan Lux, Hela's grandfather on her father's side, in 1847.",German|Hebrew,מכתב|Letter,handwriting,original,Eliyahu ben Anshel Rosenzweig,1847,,,
IL-MTFN-001-G-F-0009-003-R0003,IL-MTFN-001-G-F-0009-003,Membership Booklets of Rene and Hella Weiss,"פנקסי החברות של רנה והלה וייס בקלוב האלפים הצרפתיים. אוה, בתם, סיפרה שהוריה התמידו לטייל באלפים והיו חברים בקלוב האלפים הגרמני. כאשר השתתפותם בקלוב הגרמני נאסרה, סידר עבורם ידיד את החברות בקלוב הצרפתי ב-1939 (הם חיו כבר בפלסתינה)","Mitgliedsbücher von René und Hella Weiss im Club der französischen Alpen. Ihre Tochter Oh erzählte, dass ihre Eltern regelmäßig in den Alpen wanderten und Mitglieder im Deutschen Alpenverein waren. Als ihre Teilnahme im deutschen Club verboten wurde, arrangierte ein Freund die Mitgliedschaft im französischen Club im Jahr 1939 (sie lebten bereits in Palästina).","Membership booklets of René and Hella Weiss in the French Alps Club. Their daughter Oh said that her parents regularly hiked in the Alps and were members of the German Alps Club. When their participation in the German club was banned, a friend arranged for their membership in the French club in 1939 (they were already living in Palestine).",Hebrew,פנקס|Notepad,,original,Rene and Hella Weiss,1939,,,
IL-MTFN-001-G-F-0009-011-R0001,IL-MTFN-001-G-F-0009-011,Letters of Hela,"מכתביה של הלה, שהייתה בת 16 עם תחילת הקשר/ההתכתבות, ארוכים ומלאי תכנים. היא מדווחת על כל שקורה לה אישית, משפחתית, חברתית. היא מתמודדת עם שאלות פילוסופיות, שאלות פוליטיות כלליות ויהודיות (ציונות כן/לא), שאלות דת, ספרות, שירה ועוד. מכתביה מרשימים בגישה הבוגרת והמעמיקה - למרות גילה הצעיר.","Die Briefe von Hela, die mit Beginn der Beziehung/Korrespondenz 16 Jahre alt war, sind lang und voller Inhalte. Sie berichtet über alles, was ihr persönlich, familiär und sozial passiert. Sie beschäftigt sich mit philosophischen Fragen, allgemeinen und jüdischen politischen Fragen (Zionismus ja/nein), Fragen der Religion, Literatur, Poesie und mehr. Ihre Briefe beeindrucken durch den reifen und tiefgründigen Ansatz - trotz ihres jungen Alters.","The letters of Hela, who was 16 years old at the start of the relationship/correspondence, are long and full of content. She reports on everything happening to her personally, family-wise, and socially. She deals with philosophical questions, general and Jewish political questions (Zionism yes/no), questions of religion, literature, poetry, and more. Her letters are impressive in their mature and deep approach - despite her young age.",Hebrew,מכתב|Letter,handwriting,original,,,,,
IL-MTFN-001-G-F-0009-011-R0002,IL-MTFN-001-G-F-0009-011,Letters from Rene in Detention Camp,"רנה כתב מכתבים ארוכים, התכנים אינם כה מגוונים כמו אצל הלה שהרי מרביתם נכתבו ממחנה המעצר בהודו וחוויותיו שם אינן רבות. השניים מתגעגעים זה לזה ומחזקים זה את זה באמצעות המכתבים ולא מאבדים תקווה שבבוא היום יחיו יחד.","Rene schrieb lange Briefe, die Inhalte sind nicht so vielfältig wie bei Hela, da die meisten von ihnen aus dem Internierungslager in Indien geschrieben wurden und seine Erfahrungen dort nicht zahlreich sind. Die beiden vermissen sich gegenseitig und stärken sich durch die Briefe und verlieren nicht die Hoffnung, dass sie eines Tages zusammenleben werden.","Rene wrote long letters, the contents are not as varied as Hela's since most of them were written from the detention camp in India and his experiences there are not many. The two miss each other and strengthen each other through the letters and do not lose hope that one day they will live together.",Hebrew,מכתב|Letter,handwriting,original,,,,,
IL-MTFN-001-G-F-0009-013-R0003,IL-MTFN-001-G-F-0009-013,A Kind of Diary,מין יומן.,Eine Art Tagebuch.,A kind of diary.,Unspecified,יומן|Diary,,other,,,,,
IL-MTFN-001-G-F-0012-002-R0018,IL-MTFN-001-G-F-0012-002,Notebook Cover: Paul Fink's Arbeitsdienst Ausmusterungsschein,"כריכת פנקס מ-1935/1936: ""חייב בשרות עבודה - נפסל לשרות צבאי"" של פאול פינק Arbeitsdienst Ausmusterungsschein;","Einband eines Notizbuchs von 1935/1936: ""Arbeitsdienstpflichtig - Untauglich für den Militärdienst"" von Paul Fink Arbeitsdienst Ausmusterungsschein;","Cover of a notebook from 1935/1936: ""Obligated to work service - Unfit for military service"" of Paul Fink Arbeitsdienst Ausmusterungsschein;",German,Notepad,,original,Paul Fink,1935-1936,,,
IL-MTFN-001-G-F-0013-001-R0005,IL-MTFN-001-G-F-0013-001,יומן כיס קטנטן של פלורה מ-1880,"יומן כיס קטנטן מ-1880. מתוך היומן: פלורה בת ה-14 לומדת בפנימיה לבנות מיוחסות בפראג Prag. היא מטיילת, מבקרת בקונצרטים, תיאטרון, מסיבות, לומדת גזירה ותפירה ושמחה לבלות את החופשות בבית.","Ein kleines Taschenbuch aus dem Jahr 1880. Aus dem Tagebuch: Die 14-jährige Flora besucht ein Internat für adlige Mädchen in Prag. Sie macht Spaziergänge, besucht Konzerte, Theater, Partys, lernt Schneiderei und Nähen und freut sich, die Ferien zu Hause zu verbringen.","A tiny pocket diary from 1880. From the diary: 14-year-old Flora studies at a boarding school for noble girls in Prague. She goes for walks, attends concerts, theater, parties, learns cutting and sewing, and is happy to spend the holidays at home.",Hebrew|German,יומן|Diary,handwriting,original,Flora,1880,,,
IL-MTFN-001-G-F-0013-001-R0006,IL-MTFN-001-G-F-0013-001,"Flora's Diary ""Head and Heart"" 1884","יומן קטן של פלורה עם הכותרת ""ראש ולב"" מ-1884, פלורה בת 18.","Kleines Tagebuch von Flora mit dem Titel ""Kopf und Herz"" aus dem Jahr 1884, Flora ist 18 Jahre alt.","Small diary of Flora with the title ""Head and Heart"" from 1884, Flora is 18 years old.",Hebrew,יומן|Diary,handwriting,original,Flora,1884,,,
IL-MTFN-001-G-F-0013-001-R0011,IL-MTFN-001-G-F-0013-001,Small Notepad with Lists,"פנקס קטן עם רשימות: ביגוד אישי, כלי מיטה, כביסת מטבח.","Kleines Notizbuch mit Listen: persönliche Kleidung, Bettwäsche, Küchenwäsche.","Small notepad with lists: personal clothing, bed linen, kitchen laundry.",Hebrew,פנקס|Notepad,handwriting,original,,,,,
IL-MTFN-001-G-F-0013-001-R0012,IL-MTFN-001-G-F-0013-001,"Flora Glaser's Diary, 1883",יומן קטן של פלורה גלזר מ-1883 בראשיתו היא כותבת: עם ה' Mit Gott.,"Kleines Tagebuch von Flora Glaser aus dem Jahr 1883, am Anfang schreibt sie: Mit Gott.","Small diary of Flora Glaser from 1883, at the beginning she writes: With God.",Hebrew|German,יומן|Diary,handwriting,original,Flora Glaser,1883,,,
IL-MTFN-001-G-F-0015-002-R0002,IL-MTFN-001-G-F-0015-002,Settler Life in Nahariah 1937 by Jenny Cramer-Hess,"כתב-יד בגרמנית 'Siedlerleben in Nahariah 1937' 'המתיישבים בנהריה 1937', נכתב ע""י ג'ני קרמר-הס Jenny Cramer-Hess. בכתב-יד זה מתארת ג'ני את השמחה, הקשיים, האכזבות, הפחדים של החקלאים החדשים בנהריה.","Handschrift auf Deutsch 'Siedlerleben in Nahariah 1937', geschrieben von Jenny Cramer-Hess. In dieser Handschrift beschreibt Jenny die Freude, die Schwierigkeiten, die Enttäuschungen und die Ängste der neuen Bauern in Nahariah.","Handwriting in German 'Settler Life in Nahariah 1937', written by Jenny Cramer-Hess. In this handwriting, Jenny describes the joy, difficulties, disappointments, and fears of the new farmers in Nahariah.",German,מכתב|Letter,handwriting,original,Jenny Cramer-Hess,1937,,,
IL-MTFN-001-G-F-0015-005-R0001,IL-MTFN-001-G-F-0015-005,"Letter from 6-year-old Hites to his mother, 1889",משנת 1889 ילד בשם היטס Hites בן 6 כותב מספר שורות אל אמו; לא ברור מי האם.,"Aus dem Jahr 1889 schreibt ein 6-jähriger Junge namens Hites ein paar Zeilen an seine Mutter; es ist unklar, wer die Mutter ist.","From the year 1889, a 6-year-old boy named Hites writes a few lines to his mother; it is unclear who the mother is.",Hebrew,מכתב|Letter,handwriting,original,,1889,,,
IL-MTFN-001-G-F-0015-005-R0002,IL-MTFN-001-G-F-0015-005,"Letter from Max Kramer to his mother, 1889","משנת 1889 ילד בשם מקס בן 9 (לפי התאריך, הכותב הוא ד""ר מקס קרמר בן ה;9) כותב אל אמו שנמצאת במקום הבראה כל שהוא יחד עם הבן / האח הנס. מקס כותב שהוא מקווה שהשיעול שלה השתפר וגם שהנס בריא. הוא מספר במכתבו שהקיסר ביקר ""אתמול"" בעיר והדוכס אירח אותו ועוד כ-4000 אירגונים בגן העיר ושהיה כיבוד בבירה ונקניקיות. (יתכן שהעיר היא קרלסרואה מאחר ומקס קרמר נולד שם).","Seit 1889 schreibt ein 9-jähriger Junge namens Max (laut Datum ist der Verfasser Dr. Max Kramer, 9 Jahre alt) an seine Mutter, die sich mit dem Sohn/Bruder Hans an einem Kurort befindet. Max schreibt, dass er hofft, dass ihr Husten sich verbessert hat und dass Hans gesund ist. In seinem Brief erzählt er, dass der Kaiser ""gestern"" die Stadt besucht hat und der Herzog ihn und etwa 4000 Organisationen im Stadtgarten empfangen hat, wo es Bier und Würstchen gab. (Es ist möglich, dass die Stadt Karlsruhe ist, da Max Kramer dort geboren wurde).","Since 1889, a 9-year-old boy named Max (according to the date, the writer is Dr. Max Kramer, 9 years old) writes to his mother who is at some health resort with the son/brother Hans. Max writes that he hopes her cough has improved and that Hans is healthy. In his letter, he mentions that the emperor visited the city ""yesterday"" and the duke hosted him and about 4000 organizations in the city garden where there were refreshments of beer and sausages. (It is possible that the city is Karlsruhe since Max Kramer was born there).",Hebrew,מכתב|Letter,handwriting,original,Max Kramer,1889,,,
IL-MTFN-001-G-F-0015-005-R0003,IL-MTFN-001-G-F-0015-005,"New Year's Greetings from Johanna to Parents in Karlsruhe, 1885",משנת 1885 איחולים לראש השנה החדשה להורים בקרלסרואה Karlsruhe מאת הבת יוהנה (למקס קרמר היתה אחות בשם יוהנה).,Neujahrsgrüße aus dem Jahr 1885 an die Eltern in Karlsruhe von der Tochter Johanna (Max Kramer hatte eine Schwester namens Johanna).,New Year's greetings from 1885 to the parents in Karlsruhe from the daughter Johanna (Max Kramer had a sister named Johanna).,German,מכתב|Letter,,original,Johanna,1885,,,
IL-MTFN-001-G-F-0015-005-R0005,IL-MTFN-001-G-F-0015-005,"Letter from Johanna to her parents, 1885","משנת 1885 מכתב לראש השנה החדשה מיוהנה (הנכן) אל הוריה, כותבת מקרלסרואה. חלק תורגם חופשית לעברית.","Ein Brief aus dem Jahr 1885 zum neuen Jahr von Johanna (Hanken) an ihre Eltern, geschrieben aus Karlsruhe. Teilweise frei ins Hebräische übersetzt.","A letter from 1885 for the New Year from Johanna (Hanken) to her parents, written from Karlsruhe. Partially freely translated into Hebrew.",Hebrew|German,מכתב|Letter,handwriting,original,,1885,,,
IL-MTFN-001-G-F-0015-006-R0001,IL-MTFN-001-G-F-0015-006,Memory Books of Johanna Neumark,"שלושה ספרי זכרונות של 3 דורות במשפחה: ספר זכרונות של יוהנה נוימרק (הס) Johanna Neumark הידועה גם כ'הנכן', אמה של ג'ני קרמר. הזכרונות נכתבו בשנים 1874-1932 בנורדלינגן Nördlingen.","Drei Erinnerungsbücher von drei Generationen in der Familie: Erinnerungsbuch von Johanna Neumark (Hess), auch bekannt als 'Henchen', die Mutter von Jenny Kramer. Die Erinnerungen wurden in den Jahren 1874-1932 in Nördlingen geschrieben.","Three memory books of three generations in the family: Memory book of Johanna Neumark (Hess), also known as 'Henchen', the mother of Jenny Kramer. The memories were written in the years 1874-1932 in Nördlingen.",German|גרמנית,ספר זכרונות|Memory Book,handwriting,original,Johanna Neumark,1874-1932,,,
IL-MTFN-001-G-F-0015-006-R0002,IL-MTFN-001-G-F-0015-006,Memory Book of Jenny Hess (Kramer),"ספר זכרונות של ג'ני הס (קרמר), שנכתבו בשנים 1901-1932 בשטוטגרט Stuttgart.","Erinnerungsbuch von Jenny Hess (Kramer), geschrieben in den Jahren 1901-1932 in Stuttgart.","Memory book of Jenny Hess (Kramer), written in the years 1901-1932 in Stuttgart.",Hebrew|German,ספר זכרונות|Memory Book,handwriting,original,Jenny Hess (Kramer),1932,,,
IL-MTFN-001-G-F-0015-006-R0003,IL-MTFN-001-G-F-0015-006,Memory Book of Gertrud (Tuvit) Kramer,ספר זכרונות של גרטרוד (טובית) קרמר (שמשון) נכתבו בשנים 1928-1932 בשטוטגרט.,"Erinnerungsbuch von Gertrud (Tuvit) Kramer (Shimshon), geschrieben in den Jahren 1928-1932 in Stuttgart.","Memory book of Gertrud (Tuvit) Kramer (Shimshon), written in the years 1928-1932 in Stuttgart.",Hebrew,ספר זכרונות|Memory Book,handwriting,original,גרטרוד (טובית) קרמר (שמשון),1928-1932,,,
IL-MTFN-001-G-F-0015-006-R0004,IL-MTFN-001-G-F-0015-006,Jenny Hess School Booklet with Grades,"ספרון של ג'ני הס עם ציונים על חריצות והתנהגות בביה""ס, למדה ב-Olgastift, וחתימות של אביה לאישור שראה את הציונים מהשנים 1898-1901.","Ein Büchlein von Jenny Hess mit Noten über Fleiß und Verhalten in der Schule, sie lernte im Olgastift, und Unterschriften ihres Vaters zur Bestätigung, dass er die Noten aus den Jahren 1898-1901 gesehen hat.","A booklet by Jenny Hess with grades on diligence and behavior at school, studied at Olgastift, and signatures of her father to confirm he saw the grades from the years 1898-1901.",Hebrew|German,חוברת|Booklet,print,original,Jenny Hess,1901,,,
IL-MTFN-001-G-F-0015-007-R0001,IL-MTFN-001-G-F-0015-007,Mein Ahnenbuch by Jenny Kramer,"מחברת עבה כתובה גרמנית בכתב ידה של ג'ני קרמר לבית הס. כותרתה ""Mein Ahnenbuch"" בעברית: ספר אבותיי. הפרק הראשון הוא: משפחת קרומוול Die Kromwells שהם ראשית המשפחה.","Ein dickes Notizbuch, geschrieben auf Deutsch in der Handschrift von Jenny Kramer, geborene Hess. Sein Titel ist ""Mein Ahnenbuch"". Der erste Abschnitt ist: Die Familie Kromwell, die der Ursprung der Familie ist.","A thick notebook written in German in the handwriting of Jenny Kramer, née Hess. Its title is ""Mein Ahnenbuch"" in Hebrew: My Ancestry Book. The first chapter is: The Cromwell Family, who are the beginning of the family.",German,יומן|Diary,handwriting,original,Jenny Kramer,,,,
IL-MTFN-001-G-F-0015-007-R0002,IL-MTFN-001-G-F-0015-007,Translation of Notebook Excerpts,"בתיק 3 דפים מודפסים בעברית; תרגום של קטעים מתוך המחברת שנעשו ע""י קרלה וולף ונילי דוידסון.","Im Ordner befinden sich 3 gedruckte Seiten auf Hebräisch; Übersetzung von Auszügen aus dem Notizbuch, erstellt von Karla Wolf und Nili Davidson.","In the file, there are 3 printed pages in Hebrew; translation of excerpts from the notebook made by Karla Wolf and Nili Davidson.",Hebrew,מסמך מתורגם|Translated Document,typewriting,copy,,,,,3
IL-MTFN-001-G-F-0015-007-R0003,IL-MTFN-001-G-F-0015-007,Computer Printout of Notebook with Scanned Images,במרץ 2003 התווספה הדפסה במחשב של כל המחברת עם סריקה של כל התמונות שבמחברת.,Im März 2003 wurde eine Computerausdruck des gesamten Notizbuchs mit einem Scan aller Bilder im Notizbuch hinzugefügt.,"In March 2003, a computer printout of the entire notebook with a scan of all the images in the notebook was added.",Hebrew,Notepad,typewriting,copy,,,2003-03,,
IL-MTFN-001-G-F-0015-008-R0001,IL-MTFN-001-G-F-0015-008,Geschichte der Familie Hess von Aufhausen,כותרת המחברת: Geschichte der Familie Hess von Aufhausen - סיפור משפחת הס מאופהאוזן.,Titel des Notizbuchs: Geschichte der Familie Hess von Aufhausen - Die Geschichte der Familie Hess aus Aufhausen.,Notebook title: Geschichte der Familie Hess von Aufhausen - The story of the Hess family from Aufhausen.,German|Hebrew,Book,,original,Familie Hess,,,,
IL-MTFN-001-G-F-0015-008-R0002,IL-MTFN-001-G-F-0015-008,Notebook Writing in Nahariya,כתיבת המחברת נעשתה בנהריה.,Das Schreiben des Notizbuchs wurde in Nahariya gemacht.,The writing of the notebook was done in Nahariya.,Hebrew,Notepad,handwriting,original,,,,,
IL-MTFN-001-G-F-0015-008-R0003,IL-MTFN-001-G-F-0015-008,Notebook Contents Description,"לתיאור תכולת המחברת, ראו: הערות. המשך תיאור תכולת המחברת: כאבי המשפחה מציינת ג'ני את יוסף הס Josef Hess, יליד 1794, ולו צאצאים רבים עד עצם היום הזה.","Für die Beschreibung des Inhalts des Notizbuchs siehe: Anmerkungen. Fortsetzung der Beschreibung des Inhalts des Notizbuchs: Die Schmerzen der Familie erwähnt Jenny Josef Hess, geboren 1794, und er hat bis heute viele Nachkommen.","For the description of the contents of the notebook, see: notes. Continuation of the description of the contents of the notebook: The family's pains mention Jenny Josef Hess, born 1794, and he has many descendants to this day.",Hebrew,Notepad,,other,Josef Hess,,,,
IL-MTFN-001-G-F-0015-008-R0004,IL-MTFN-001-G-F-0015-008,Family Relations of Abraham Hess,"לאחיינו של יוסף הס, שמו אברהם הס Abraham Hess, היו 4 בנים, אחד מהם היה דוד הס David Hess - אביה של ג'ני קרמר.","Der Neffe von Joseph Hess, sein Name war Abraham Hess, hatte 4 Söhne, einer von ihnen war David Hess - der Vater von Jenny Kramer.","The nephew of Joseph Hess, his name was Abraham Hess, had 4 sons, one of them was David Hess - the father of Jenny Kramer.",Unspecified,Unrecognized,,other,Abraham Hess,,,,
IL-MTFN-001-G-F-0015-008-R0005,IL-MTFN-001-G-F-0015-008,Notebook with Descriptions of the Hess Family and Jewish Life,"בין היתר יש במחברת: תאור מפורט של כל ענפי משפחת הס, תאורים מפורטים של חיי הקהילה וחיי יהודי החסות, חינוך, החיים עם הדת, צורות פרנסה למיניהן, הגבלות וקשיים בחיי היהודים ועוד.","Unter anderem gibt es im Notizbuch: eine detaillierte Beschreibung aller Zweige der Familie Hess, detaillierte Beschreibungen des Gemeinschaftslebens und des Lebens der Schutzjuden, Bildung, das Leben mit der Religion, verschiedene Einkommensarten, Beschränkungen und Schwierigkeiten im Leben der Juden und mehr.","Among other things, the notebook contains: a detailed description of all branches of the Hess family, detailed descriptions of community life and the life of the protected Jews, education, life with religion, various forms of livelihood, restrictions and difficulties in the life of the Jews, and more.",Hebrew,פנקס|Notepad,handwriting,original,,,,,
IL-MTFN-001-G-F-0015-008-R0007,IL-MTFN-001-G-F-0015-008,Data from Notebook in Hebrew,"בתיק הארכיון הנ""ל מספר נתונים מתוך המחברת כתובים עברית.",In der obigen Archivdatei sind einige Daten aus dem Notizbuch auf Hebräisch geschrieben.,"In the above archive file, some data from the notebook is written in Hebrew.",Hebrew,Notepad,,original,,,,,
IL-MTFN-001-G-F-0015-009-R0001,IL-MTFN-001-G-F-0015-009,Das Hannchen-Buch - The Book of Hannchen,"מחברת זו מוקדשת להנכן (יוהנה) הס לבית נוימרק, אמה של ג'ני קרמר. Hannchen, Johanna Hess geb. Neumark. כותרת המחברת Das Hannchen-Buch - הספר של הנכן. ג'ני כותבת בגרמנית, מוסיפה תמונות רבות. בין היתר יש בספר אילנות יוחסין של המשפחות: קרומוול, ברגמן, נוימרק, גרנגרוס, אוברמאייר, הס. Kromwell, Bergmann, Neumark, Gerngross, Obermayer, Hess. ג'ני כותבת על תקופת השנים 1791-1944.","Dieses Notizbuch ist Hannchen (Johanna) Hess, geborene Neumark, der Mutter von Jenny Kramer, gewidmet. Hannchen, Johanna Hess geb. Neumark. Der Titel des Notizbuchs ist Das Hannchen-Buch - das Buch von Hannchen. Jenny schreibt auf Deutsch und fügt viele Bilder hinzu. Unter anderem enthält das Buch Stammbäume der Familien: Cromwell, Bergmann, Neumark, Gerngross, Obermayer, Hess. Jenny schreibt über den Zeitraum 1791-1944.","This notebook is dedicated to Hannchen (Johanna) Hess, née Neumark, the mother of Jenny Kramer. Hannchen, Johanna Hess née Neumark. The title of the notebook is Das Hannchen-Buch - the book of Hannchen. Jenny writes in German and adds many pictures. Among other things, the book contains family trees of the families: Cromwell, Bergmann, Neumark, Gerngross, Obermayer, Hess. Jenny writes about the period 1791-1944.",German|Hebrew,Notebook,handwriting,original,Jenny Kramer,,,,
IL-MTFN-001-G-F-0015-010-R0002,IL-MTFN-001-G-F-0015-010,Speech for Dr. Max Kramer's 50th Birthday,"נאום מ-1930 ליום הולדתו ה-50 של ד""ר מקס קרמר, שהוא עצמו כתב בכתב ידו בגרמנית.","Rede von 1930 zum 50. Geburtstag von Dr. Max Kramer, die er selbst in seiner Handschrift auf Deutsch verfasst hat.","Speech from 1930 for the 50th birthday of Dr. Max Kramer, which he himself wrote in his own handwriting in German.",German,נאום|Speech,handwriting,original,Dr. Max Kramer,1930,,,
IL-MTFN-001-G-F-0015-012-R0001,IL-MTFN-001-G-F-0015-012,"Letters from Jenny Kramer to Dr. Max Kramer, 1916","מכתבים בגרמנית כרוכים למחברת: ג'ני קרמר כותבת לבעלה ד""ר מקס קרמר בזמן ששירת כרופא בצבא במלח""ע I. המכתבים נכתבו מפברואר עד ספטמבר 1916. בין היתר כותבת ג'ני לבעלה על הפציאנטים שלו, שהיא המשיכה לטפל בהם, על המשפחה והחברים, על ביקורים בתיאטרון, על הריונה ועוד. היא שולחת מדי פעם גם תמונות.","Briefe auf Deutsch in ein Notizbuch gebunden: Jenny Kramer schreibt an ihren Ehemann Dr. Max Kramer, während er im Ersten Weltkrieg als Arzt im Militär diente. Die Briefe wurden von Februar bis September 1916 geschrieben. Unter anderem schreibt Jenny an ihren Ehemann über seine Patienten, die sie weiterhin betreut, über Familie und Freunde, über Theaterbesuche, über ihre Schwangerschaft und mehr. Sie schickt gelegentlich auch Fotos.","Letters in German bound in a notebook: Jenny Kramer writes to her husband Dr. Max Kramer while he served as a doctor in the military during World War I. The letters were written from February to September 1916. Among other things, Jenny writes to her husband about his patients, whom she continued to care for, about family and friends, about visits to the theater, about her pregnancy, and more. She occasionally also sends pictures.",German|גרמנית,מכתב|Letter,handwriting,original,Jenny Kramer,1916-02,,,
IL-MTFN-001-G-F-0015-013-R0001,IL-MTFN-001-G-F-0015-013,Cards with Attached Letters and Records,לחלק מהכרטיסיות מצורפים מכתבים ורישומים שגם הם מאירים את האדם לו שייך הכרטיס.,"Einigen der Karten sind Briefe und Aufzeichnungen beigefügt, die ebenfalls die Person beleuchten, der die Karte gehört.",Some of the cards are accompanied by letters and records that also illuminate the person to whom the card belongs.,Hebrew,מכתב|Letter,,other,,,,,
IL-MTFN-001-G-F-0015-016-R0001,IL-MTFN-001-G-F-0015-016,Cards with Attached Letters and Records,לחלק מהכרטיסיות מצורפים מכתבים ורישומים שגם הם מאירים את האדם לו שייך הכרטיס.,"Einigen der Karten sind Briefe und Aufzeichnungen beigefügt, die ebenfalls die Person beleuchten, der die Karte gehört.",Some of the cards are accompanied by letters and records that also illuminate the person to whom the card belongs.,Hebrew,מכתב|Letter|רשימה|List,,other,,,,,
IL-MTFN-001-G-F-0015-016-R0002,IL-MTFN-001-G-F-0015-016,Documentation of Aaron Josef Cramer,התיעוד מתחיל עם אהרון יוסף קרמר Aaron Josef Cramer 1723-1821.,Die Dokumentation beginnt mit Aaron Josef Cramer 1723-1821.,The documentation begins with Aaron Josef Cramer 1723-1821.,Unspecified,Unrecognized,,original,Aaron Josef Cramer,,,,
IL-MTFN-001-G-F-0015-016-R0003,IL-MTFN-001-G-F-0015-016,Heinz Peter Cramer 1923-1948,"התיעוד מסתיים עם היינץ פטר קרמר 1923-1948 יליד שטוטגרט Heinz Peter Cramer, בנם של ג'ני ומקס קרמר, אחיה של טובית שמשון שנהרג במלחמת השחרור.","Die Dokumentation endet mit Heinz Peter Cramer 1923-1948, geboren in Stuttgart, Sohn von Jenny und Max Cramer, Bruder von Tuvit Samson, der im Unabhängigkeitskrieg getötet wurde.","The documentation ends with Heinz Peter Cramer 1923-1948, born in Stuttgart, son of Jenny and Max Cramer, brother of Tuvit Samson who was killed in the War of Independence.",Unspecified,לא מזוהה,,other,Heinz Peter Cramer,,,,
IL-MTFN-001-G-F-0015-018-R0001,IL-MTFN-001-G-F-0015-018,"Getta Neumark, mother of Hannchen","גטה נוימרק Getta Neumark, אמא של חנכן Hannchen, המאה ה-19.","Getta Neumark, Mutter von Hannchen, 19. Jahrhundert.","Getta Neumark, mother of Hannchen, 19th century.",Unspecified,Unrecognized,,other,Getta Neumark,,,,
IL-MTFN-001-G-F-0015-018-R0003,IL-MTFN-001-G-F-0015-018,David Hess 1896,דוד הס 1896.,David Hess 1896.,David Hess 1896.,Unspecified,לא מזוהה,,original,David Hess,1896,,,
IL-MTFN-001-G-F-0015-018-R0005,IL-MTFN-001-G-F-0015-018,ברטה הס,ברטה הס.,Berta Hess.,Berta Hess.,Unspecified,לא מזוהה,,other,ברטה הס,,,,
IL-MTFN-001-G-F-0015-018-R0006,IL-MTFN-001-G-F-0015-018,אברהם הס,אברהם הס.,Abraham Hess.,Abraham Hess.,Unspecified,לא מזוהה,,other,אברהם הס,,,,
IL-MTFN-001-G-F-0015-018-R0007,IL-MTFN-001-G-F-0015-018,"Heinrich Neumark, Grandfather of Jenny Kramer","היינריך נוימרק, הסבא של ג'ני קרמר מצד האם.","Heinrich Neumark, der Großvater von Jenny Kramer mütterlicherseits.","Heinrich Neumark, the grandfather of Jenny Kramer on the mother's side.",Unspecified,Unrecognized,,other,Heinrich Neumark,,,,
IL-MTFN-001-G-F-0017-002-R0002,IL-MTFN-001-G-F-0017-002,Postcards to Thekla Kallenbach,גלויות אל גב' טקלה קלנבך Thekla Kallenbach משנות ה-30; ה-50; ה-70 למאה ה-20.,"Postkarten an Frau Thekla Kallenbach aus den 30er, 50er und 70er Jahren des 20. Jahrhunderts.","Postcards to Ms. Thekla Kallenbach from the 1930s, 1950s, and 1970s of the 20th century.",Unspecified,גלויה|Postcard,,original,Thekla Kallenbach,,,,
IL-MTFN-001-G-F-0017-002-R0009,IL-MTFN-001-G-F-0017-002,Quotes on Death from Simon Klenbach's Diary,"ציטטות של סופרים ידועים על המות, מתוך יומנו של סימון קלנבך.","Zitate bekannter Schriftsteller über den Tod, aus dem Tagebuch von Simon Klenbach.","Quotes from famous writers about death, from the diary of Simon Klenbach.",Hebrew,רשימות|Personal Notes,,original,Simon Klenbach,,,,
IL-MTFN-001-G-F-0019-001-R0001,IL-MTFN-001-G-F-0019-001,"Military Notebook of Felix Redlich, 1918","1918, פנקס צבאי של פליקס רדליך Felix Redlich.","1918, Militärbuch von Felix Redlich.","1918, Military notebook of Felix Redlich.",German,פנקס|Notepad,,original,Felix Redlich,1918,,,
IL-MTFN-001-G-F-0020-001-R0002,IL-MTFN-001-G-F-0020-001,Letters to Ruth Rilf from Margot Hausenstein,"שני מכתבים אל רות רילף (רעיתו של ד""ר שלמה רילף) מאת מרגוט האוזנשטיין Margot Hausenstein; נכדתו של יצחק רילף בת ה-88, שחיה בלונדון וכותבת את הזיכרונות שלה על הסבא יצחק רילף. לונדון, גרמנית כתב יד, 1979.","Zwei Briefe an Ruth Rilf (Ehefrau von Dr. Shlomo Rilf) von Margot Hausenstein; die 88-jährige Enkelin von Yitzhak Rilf, die in London lebt und ihre Erinnerungen an den Großvater Yitzhak Rilf schreibt. London, Deutsch, Handschrift, 1979.","Two letters to Ruth Rilf (wife of Dr. Shlomo Rilf) from Margot Hausenstein; the 88-year-old granddaughter of Yitzhak Rilf, who lives in London and writes her memories of her grandfather Yitzhak Rilf. London, German, handwritten, 1979.",German,מכתב|Letter,handwriting,original,Margot Hausenstein,1979,,,
IL-MTFN-001-G-F-0020-001-R0003,IL-MTFN-001-G-F-0020-001,Lecture by Ruth Rilf on Yitzhak Rilf,"הרצאה כתובה (2 עותקים) של רות רילף על יצחק רילף. גרמנית הדפסה, רות רילף הרצתה ב-1979.","Geschriebener Vortrag (2 Kopien) von Ruth Rilf über Yitzhak Rilf. Deutsch maschinengeschrieben, Ruth Rilf hielt den Vortrag 1979.","Written lecture (2 copies) by Ruth Rilf on Yitzhak Rilf. German typewritten, Ruth Rilf lectured in 1979.",German,הרצאה|Lecture,typewriting,copy,Ruth Rilf,1979,,,
IL-MTFN-001-G-F-0021-002-R0001,IL-MTFN-001-G-F-0021-002,Autobiography of Sonia Friedman,"מנוסקריפט, 361 דפים, של האוטוביוגרפיה שכתבה סוניה פרידמן לבית וולף, גרמנית. האוטוביוגרפיה נכתבה בישראל, תל אביב ב-1961.","Manuskript, 361 Seiten, der Autobiografie geschrieben von Sonja Friedman geborene Wolf, Deutsch. Die Autobiografie wurde in Israel, Tel Aviv im Jahr 1961 geschrieben.","Manuscript, 361 pages, of the autobiography written by Sonia Friedman née Wolf, German. The autobiography was written in Israel, Tel Aviv in 1961.",German,לא מזוהה,handwriting,original,Sonia Friedman,1961,,,361
IL-MTFN-001-G-F-0021-002-R0002,IL-MTFN-001-G-F-0021-002,Biographical Summary by Esther Noter,"אסתר נוטר כתבה תמצית ביוגרפית של האם, סוניה, והסבים, מרתה ולותר וולף. עברי ואנגלית בהדפסה.","Esther Noter schrieb eine biografische Zusammenfassung der Mutter, Sonja, und der Großeltern, Martha und Lothar Wolf. Hebräisch und Englisch in Maschinenschrift.","Esther Noter wrote a biographical summary of the mother, Sonia, and the grandparents, Martha and Lothar Wolf. Hebrew and English in typewriting.",Hebrew|English,מסמך מתורגם|Translated Document,typewriting,original,,,,,
IL-MTFN-001-G-F-0021-003-R0002,IL-MTFN-001-G-F-0021-003,Hebrew Translation of Sonia Friedman's Autobiography,"התרגום לעברית למנוסקריפט האוטוביוגרפיה של סוניה פרידמן לבית וולף, 206 דפים.","Die Übersetzung ins Hebräische des Manuskripts der Autobiografie von Sonja Friedman geborene Wolf, 206 Seiten.","The Hebrew translation of the manuscript of the autobiography of Sonia Friedman née Wolf, 206 pages.",Hebrew,מסמך מתורגם|Translated Document,,copy,Sonia Friedman,,,,206
IL-MTFN-001-G-F-0021-004-R0002,IL-MTFN-001-G-F-0021-004,"Family Tree of Wolf, Ruben, and Stern Families",אילן יוחסין של משפחות וולף רובן ושטרן.,"Stammbaum der Familien Wolf, Ruben und Stern.","Family tree of the Wolf, Ruben, and Stern families.",Unspecified,לא מזוהה,,original,,,,,
IL-MTFN-001-G-F-0021-004-R0003,IL-MTFN-001-G-F-0021-004,Family Chronicle of the Seligson Family,"העתק של הכרוניקה המשפחתית, שמובילה למשפחת זליגסון. נכתבה ע""י הרמן זליגסון יליד 1880, גרמנית הדפסה, 300 עמודים (חלק חסר), נכתב ככל הנראה ב-1904.","Kopie der Familienchronik, die zur Familie Seligson führt. Geschrieben von Hermann Seligson, geboren 1880, Deutsch, Maschinenschrift, 300 Seiten (teilweise fehlend), vermutlich 1904 geschrieben.","Copy of the family chronicle, leading to the Seligson family. Written by Hermann Seligson, born 1880, German, typewritten, 300 pages (partially missing), presumably written in 1904.",German,מסמך מתורגם|Translated Document,typewriting,copy,Hermann Seligson,1904,,,300
IL-MTFN-001-G-F-0021-005-R0001,IL-MTFN-001-G-F-0021-005,Photograph of German Manuscript,"צילום המנוסקריפט הגרמני הכרוך, נמצא בתיק G.F.0021 / 2, קשה לקריאה בגלל איכות הצילום.","Fotografie des gebundenen deutschen Manuskripts, befindet sich in der Akte G.F.0021 / 2, schwer lesbar aufgrund der Fotoqualität.","Photograph of the bound German manuscript, located in file G.F.0021 / 2, difficult to read due to the quality of the photograph.",German,תצלום|Photograph,photography,copy,,,,,
IL-MTFN-001-G-F-0021-005-R0002,IL-MTFN-001-G-F-0021-005,Readable Manuscript,המנוסקריפט בתיק זה קריא הרבה יותר טוב.,Das Manuskript in dieser Akte ist viel besser lesbar.,The manuscript in this file is much more readable.,Unspecified,לא מזוהה,,original,,,,,
IL-MTFN-001-G-F-0022-001-R0002,IL-MTFN-001-G-F-0022-001,Diary Pages of Ursula Weihl,"מספר דפים מקוריים מתוך ספר יומן Tagebuch של אחות הצלב האדום אורסולה וייל Ursula Weihl מטפלת ילדים, שעבדה בבית הילדים היהודי בקלן Köln.","Einige Originalseiten aus dem Tagebuch der Rotkreuzschwester Ursula Weihl, einer Kinderpflegerin, die im jüdischen Kinderheim in Köln arbeitete.","Several original pages from the diary of Red Cross nurse Ursula Weihl, a child caregiver who worked at the Jewish children's home in Cologne.",German,יומן|Diary,handwriting,original,Ursula Weihl,,,,
IL-MTFN-001-G-F-0022-001-R0004,IL-MTFN-001-G-F-0022-001,"Notebook of Lisbeth Weil, 1946",מחברת משנת 1946 כתובה בכתב יד בגרמנית עם פירוט יומי של ארוחות בוקר וצהריים + מוצרי המזון ועלותם. המחברת היתה של ליזבט וייל נוהלה בנהריה.,"Notizbuch aus dem Jahr 1946, handgeschrieben in Deutsch, mit täglicher Auflistung von Frühstücks- und Mittagessen sowie Lebensmittelprodukten und deren Kosten. Das Notizbuch gehörte Lisbeth Weil und wurde in Nahariya geführt.","Notebook from 1946, handwritten in German, with a daily listing of breakfasts and lunches, plus food products and their costs. The notebook belonged to Lisbeth Weil and was kept in Nahariya.",German,פנקס|Notepad,handwriting,original,Lisbeth Weil,1946,,,
IL-MTFN-001-G-F-0022-001-R0007,IL-MTFN-001-G-F-0022-001,Unfinished Biography by Dr. Ernst Weil,"3 דפים כתובים גרמנית על מכונת כתיבה; ד""ר ארנסט וייל התחיל לכתוב את הביוגרפיה שלו ולא סיים.",3 Seiten auf Deutsch mit der Schreibmaschine geschrieben; Dr. Ernst Weil begann seine Biografie zu schreiben und beendete sie nicht.,3 pages written in German on a typewriter; Dr. Ernst Weil started writing his biography and did not finish.,German,Biography,typewriting,draft,Dr. Ernst Weil,,,,3
IL-MTFN-001-G-F-0022-001-R0008,IL-MTFN-001-G-F-0022-001,Photograph of Hebrew Translation by Gabi Srig,"צילום של התרגום לעברית שנעשה ע""י חתנו, גבי שריג.","Foto der Übersetzung ins Hebräische, gemacht von seinem Schwiegersohn, Gabi Srig.","Photograph of the translation into Hebrew done by his son-in-law, Gabi Srig.",Hebrew,מסמך מתורגם|Translated Document,photography,copy,Gabi Srig,,,,
IL-MTFN-001-G-F-0022-005-R0002,IL-MTFN-001-G-F-0022-005,Military Notebook of Dr. Ernst Weil,"פנקס צבאי של ד""ר ארנסט וייל, מלחמת העולם הראשונה.","Militärnotizbuch von Dr. Ernst Weil, Erster Weltkrieg.","Military notebook of Dr. Ernst Weil, World War I.",Hebrew|German,פנקס|Notepad,handwriting,original,Dr. Ernst Weil,,,,
IL-MTFN-001-G-F-0022-005-R0003,IL-MTFN-001-G-F-0022-005,"Shooting Notebook of Ernst Weil, 1917","פנקס ירי של החייל ארנסט וייל, 1917.","Schießbuch des Soldaten Ernst Weil, 1917.","Shooting notebook of the soldier Ernst Weil, 1917.",German,פנקס|Notepad,handwriting,original,Ernst Weil,1917,,,
IL-MTFN-001-G-F-0022-006-R0001,IL-MTFN-001-G-F-0022-006,Album by Julius Frank for Lisbeth,"התיק כולל: ארבעה פנקסים עם רישומים- מחברת ציור עם מספר ציורים בצבעי מים- אלבום שהכין יוליוס פרנק לאחותו ליזבט, לתוכו הדביק יצירות אמנות שלו עם כתוביות בגרמנית. 1918.","Die Akte enthält: vier Notizbücher mit Aufzeichnungen - ein Skizzenbuch mit mehreren Aquarellen - ein Album, das Julius Frank für seine Schwester Lisbeth vorbereitet hat, in das er seine Kunstwerke mit deutschen Beschriftungen geklebt hat. 1918.","The file includes: four notebooks with records - a sketchbook with several watercolor paintings - an album prepared by Julius Frank for his sister Lisbeth, into which he pasted his artworks with German captions. 1918.",German,פנקס|Notepad|אלבום|Album,drawing,original,Julius Frank,1918,,,
IL-MTFN-001-G-F-0022-006-R0003,IL-MTFN-001-G-F-0022-006,Letter from Julius Frank to Lisbeth and Dr. Ernst Weil,"יוליוס פרנק כותב אל 'אהוביי' ככל הנראה אל אחותו ליזבט וגיסו ד""ר ארנסט וייל. הוא עובד בבית מלאכה כל שהו, מרויח מעט, ממשיך לצייר ולקוות לעסקים טובים יותר. התקופה קשה לפרנסה. גרמנית כתב יד, ללא תאריך (ככל הנראה סוף שנות ה;20, תחילת ה;30 למאה העשרים).","Julius Frank schreibt an 'meine Lieben', wahrscheinlich an seine Schwester Lisbeth und seinen Schwager Dr. Ernst Weil. Er arbeitet in einer Werkstatt, verdient wenig, malt weiter und hofft auf bessere Geschäfte. Die Zeit ist schwer für den Lebensunterhalt. Handschrift auf Deutsch, ohne Datum (wahrscheinlich Ende der 1920er, Anfang der 1930er Jahre des zwanzigsten Jahrhunderts).","Julius Frank writes to 'my dear ones', probably to his sister Lisbeth and brother-in-law Dr. Ernst Weil. He works in some workshop, earns little, continues to paint and hopes for better business. The period is difficult for making a living. German handwriting, undated (probably late 1920s, early 1930s of the twentieth century).",German,מכתב|Letter,handwriting,original,,,,,
IL-MTFN-001-G-F-0022-006-R0004,IL-MTFN-001-G-F-0022-006,Envelope with Illustrated Postcards and Letters by Julius Frank,"מעטפה עם גלויות ומכתבים מאוירים, שכותב יוליוס פרנק אל משפחת ארנס וייל. לונדון, גרמנית כתב יד, שנות ה-70 למאה ה-20.","Umschlag mit illustrierten Postkarten und Briefen, geschrieben von Julius Frank an die Familie Arens Weil. London, deutsche Handschrift, 1970er Jahre.","Envelope with illustrated postcards and letters, written by Julius Frank to the Arens Weil family. London, German handwriting, 1970s.",German,מעטפה|Envelope|גלויה|Postcard|מכתב|Letter,handwriting,original,Julius Frank,1970,,,
IL-MTFN-001-G-F-0022-008-R0011,IL-MTFN-001-G-F-0022-008,List of Items Sent by Elisheva Weil to Palestine,"צילום, רשימת הפריטים, שאלישבע וייל שולחת במיכל לפלשתינה.","Fotografie, Liste der Gegenstände, die Elisheva Weil in einem Behälter nach Palästina schickt.","Photograph, list of items that Elisheva Weil sends in a container to Palestine.",Hebrew,רשימה|List,photography,copy,Elisheva Weil,,,,
IL-MTFN-001-G-F-0022-012-R0002,IL-MTFN-001-G-F-0022-012,Example of Roots Work by Miriem Steinhardt,3 דפים - דוגמא לעבודת השורשים שמרים שטיינהרדט עושה.,"3 Seiten - Beispiel für die Wurzelnarbeit, die Miriem Steinhardt macht.",3 pages - Example of the roots work that Miriem Steinhardt is doing.,Hebrew,Personal Notes,,original,Miriem Steinhardt,,,,3
IL-MTFN-001-G-F-0022-012-R0008,IL-MTFN-001-G-F-0022-012,Envelope with Names and Dates in Gold Ink,מעטפה עם רבוע נייר עתיק עליו כתובים בדיו זהב בעברית/יידיש שמות של מתים ותאריכים עבריים במאה ה-19. מצורף עמוד עם שחזור הכתוב במקור.,"Ein Umschlag mit einem alten Papierquadrat, auf dem in goldener Tinte auf Hebräisch/Jiddisch Namen von Verstorbenen und hebräische Daten aus dem 19. Jahrhundert geschrieben sind. Eine Seite mit der Rekonstruktion des ursprünglichen Textes ist beigefügt.",An envelope with an old square of paper on which names of deceased and Hebrew dates from the 19th century are written in gold ink in Hebrew/Yiddish. A page with the reconstruction of the original text is attached.,Hebrew|Yiddish,מעטפה|Envelope,handwriting,original,,,,,
IL-MTFN-001-G-F-0022-012-R0012,IL-MTFN-001-G-F-0022-012,"יומן כיס קטן ""יומן מאיר לאשה"" 1960","יומן כיס קטן ""יומן מאיר לאשה"" 1960.","Kleines Taschenbuch ""Meir Tagebuch für Frauen"" 1960.","Small pocket diary ""Meir Diary for Women"" 1960.",Hebrew,יומן|Diary,,original,,1960,1960,,
IL-MTFN-001-G-F-0029-001-R0001,IL-MTFN-001-G-F-0029-001,Biography by Hedwig Mayer,"חוברת/ביוגרפיה שנכתבה ע""י אשת אלכסנדר מאייר, הדוויג מאייר לבית שירר;","Broschüre/Biografie geschrieben von der Frau von Alexander Mayer, Hedwig Mayer geborene Schirer;","Booklet/Biography written by Alexander Mayer's wife, Hedwig Mayer née Schirer;",Hebrew,חוברת|Booklet|קורות חיים|Biography,,original,,,,,
IL-MTFN-001-G-F-0031-001-R0001,IL-MTFN-001-G-F-0031-001,Military Notebook of Mois Liegner,פנקס צבאי של מואיס ליגנר Mois Liegner; 1914,Militärbuch von Mois Liegner; 1914,Military notebook of Mois Liegner; 1914,Hebrew,פנקס|Notepad,,original,Mois Liegner,1914,,,
IL-MTFN-001-G-F-0034-001-R0002,IL-MTFN-001-G-F-0034-001,Biography Booklet,חוברת ביוגרפיה בעברית ובגרמנית,Biografiebroschüre auf Hebräisch und Deutsch,Biography booklet in Hebrew and German,Hebrew|German,חוברת|Booklet,print,original,,,,,
IL-MTFN-001-G-F-0034-001-R0003,IL-MTFN-001-G-F-0034-001,Photographs of Articles by and about Z. Ofehuser,"צילומי מאמרים כתובים ע""י ז. אופהיוזר ומאמרים שנכתבו עליו","Fotografien von Artikeln geschrieben von Z. Ofehuser und Artikel, die über ihn geschrieben wurden",Photographs of articles written by Z. Ofehuser and articles written about him,Unspecified,מסמך מתורגם|Translated Document,photography,copy,ז. אופהיוזר,,,,
IL-MTFN-001-G-F-0039-001-R0001,IL-MTFN-001-G-F-0039-001,Family Tree of Landauer and Frenkel Families,"2 חוברות זהות באנגלית; אילן היוחסין של משפחות לנדאואר ופרנקל; נכתב ע""י בן המשפחה דר"" אליאס קרל פרנקל",2 identische Broschüren auf Englisch; Der Stammbaum der Familien Landauer und Frenkel; Geschrieben von einem Familienmitglied Dr. Elias Karl Frenkel,2 identical booklets in English; The family tree of the Landauer and Frenkel families; Written by a family member Dr. Elias Karl Frenkel,English,חוברת|Booklet,print,original,Dr. Elias Karl Frenkel,,,,
IL-MTFN-001-G-F-0040-001-R0001,IL-MTFN-001-G-F-0040-001,"Notebook with Graphology Exercises, 1941","1941, מחברת עם תרגילים במדע הגרפולוגיה;","1941, Notizbuch mit Übungen in der Graphologie;","1941, Notebook with exercises in graphology;",Hebrew,פנקס|Notepad,handwriting,original,,1941,,,
IL-MTFN-001-G-F-0041-003-R0001,IL-MTFN-001-G-F-0041-003,Commercial Diary of Bernhard Blumenthal,"1879-1888 יומן מסחרי של ברנהרד בלומנטל בצורת מכתבים עסקיים בשפות גרמנית, אנגלית, והולנדית; הדפסה של דפי היומן בגרמנית ואנגלית. ההדפסה נעשתה ע""י גב' אלישבע שנפלד;","1879-1888 Geschäftstagebuch von Bernhard Blumenthal in Form von Geschäftsbriefen in den Sprachen Deutsch, Englisch und Niederländisch; Druck der Tagebuchseiten in Deutsch und Englisch. Der Druck wurde von Frau Elisheva Schenfeld durchgeführt.","1879-1888 Commercial diary of Bernhard Blumenthal in the form of business letters in German, English, and Dutch; printing of the diary pages in German and English. The printing was done by Mrs. Elisheva Schenfeld.",German|English|Other,מכתב|Letter,typewriting,original,Bernhard Blumenthal,1879-1888,,,
IL-MTFN-001-G-F-0041-003-R0002,IL-MTFN-001-G-F-0041-003,List of Holocaust Victims from Oldendorf,רשימת שמות של קורבנות השואה מקהילת אולנדורף Oldendorf nan,Liste der Namen von Holocaust-Opfern aus der Gemeinde Oldendorf,List of names of Holocaust victims from the Oldendorf community,Hebrew,רשימה|List,,original,,,,,
IL-MTFN-001-G-F-0042-001-R0003,IL-MTFN-001-G-F-0042-001,Family Trees,אילנות יוחסין;,Stammbäume,Family Trees,Unspecified,לא מזוהה,,other,,,,,
IL-MTFN-001-G-F-0042-001-R0004,IL-MTFN-001-G-F-0042-001,Entry of Schiff Fritz from an Encyclopedia,"צילום עמוד עם הערך: שיף פריץ, מתוך לקסיקון/אנציקלופדיה, אנגלית.","Fotografie einer Seite mit dem Eintrag: Schiff Fritz, aus einem Lexikon/Enzyklopädie, Englisch.","Photograph of a page with the entry: Schiff Fritz, from a lexicon/encyclopedia, English.",English,תצלום|Photograph,photography,copy,Schiff Fritz,,,,
IL-MTFN-001-G-F-0047-002-R0010,IL-MTFN-001-G-F-0047-002,ברכה לראש השנה מאת הנרייטה סאלד,ברכה לראש השנה בעברית ללאוני מאת הנרייטה סאלד משנת 1939.,Neujahrsgruß auf Hebräisch an Leonie von Henrietta Szold aus dem Jahr 1939.,New Year's greeting in Hebrew to Leonie from Henrietta Szold from the year 1939.,Hebrew,מכתב|Letter,handwriting,original,הנרייטה סאלד,1939,,,
IL-MTFN-001-G-F-0047-002-R0013,IL-MTFN-001-G-F-0047-002,"Postcard from Hans Cohen to the Landsberg Couple, 1930","גלויה כתובה גרמנית אל הזוג לנדסברג מאת הנס כהן, מודה על הכנסת האורחים, משנת 1930.","Eine auf Deutsch geschriebene Postkarte an das Ehepaar Landsberg von Hans Cohen, dankt für die Gastfreundschaft, aus dem Jahr 1930.","A postcard written in German to the Landsberg couple from Hans Cohen, thanking for the hospitality, from the year 1930.",German,גלויה|Postcard,handwriting,original,Hans Cohen,1930,,,
IL-MTFN-001-G-F-0047-003-R0008,IL-MTFN-001-G-F-0047-003,Personal Letters from Chaim Weizmann to the Landsbergs,מכתבים אישיים משנות ה-30 וה-20 למאה ה-20 שכותב חיים ויצמן אל ידידיו לאוני ואלפרד לנדסברג לויזדן Wiesbaden.,"Persönliche Briefe aus den 20er und 30er Jahren des 20. Jahrhunderts, geschrieben von Chaim Weizmann an seine Freunde Leoni und Alfred Landsberg in Wiesbaden.",Personal letters from the 1920s and 1930s written by Chaim Weizmann to his friends Leoni and Alfred Landsberg in Wiesbaden.,Hebrew,מכתב|Letter,handwriting,original,Chaim Weizmann,,,,
IL-MTFN-001-G-F-0047-004-R0004,IL-MTFN-001-G-F-0047-004,"Photographs of Letters to Alfred Landsberg, 1932",תצלומי מכתבים בגרמנית אל אלפרד לנדסברג מאת שמריה לוין Shmarja Levin משנת 1932.,Fotografien von Briefen auf Deutsch an Alfred Landsberg von Shmarja Levin aus dem Jahr 1932.,Photographs of letters in German to Alfred Landsberg from Shmarja Levin from the year 1932.,German|גרמנית,מכתב|Letter,photography,copy,Alfred Landsberg,1932,,,
IL-MTFN-001-G-F-0047-013-R0001,IL-MTFN-001-G-F-0047-013,Notebook of Leonie Landsberg with Letters Dictated by Shmarya Levin,"תצלום של פנקס שהיה שייך ללאוני לנדסברג בו כתבה את המכתבים ששמריה לוין היה מקריא לה, מלבד החברות שלהם, היתה הכתבנית שלו.","Foto eines Notizbuchs, das Leonie Landsberg gehörte, in dem sie die Briefe schrieb, die Shmarya Levin ihr diktierte. Neben ihrer Freundschaft war sie seine Schreibkraft.","Photograph of a notebook that belonged to Leonie Landsberg in which she wrote the letters that Shmarya Levin dictated to her. Besides their friendship, she was his typist.",Hebrew|עברית,תצלום|Photograph|פנקס|Notepad,photography,original,Leonie Landsberg,,,,
IL-MTFN-001-G-F-0047-013-R0002,IL-MTFN-001-G-F-0047-013,"Letter from Leoni to Shmarya Levin, 1932","הדפים הראשונים של הפנקס, מכתב שלאוני כותבת לשמריה לוין ב-1932.","Die ersten Seiten des Notizbuchs, ein Brief, den Leoni 1932 an Shmarya Levin schreibt.","The first pages of the notebook, a letter that Leoni writes to Shmarya Levin in 1932.",Hebrew,מכתב|Letter,handwriting,original,Shmarya Levin,1932,,,
IL-MTFN-001-G-F-0047-013-R0004,IL-MTFN-001-G-F-0047-013,תצלומי מכתבים מאת שמריה לוין אל לאוני לנדסברג,תצלומי מכתבים בגרמנית מאת שמריה לוין אל לאוני לנדסברג אותה הוא מכנה 'ידידתי היקרה'. המכתבים משנות ה-30 של המאה ה-20.,"Fotografien von Briefen auf Deutsch von Shmarya Levin an Leoni Landsberg, die er 'meine liebe Freundin' nennt. Die Briefe stammen aus den 1930er Jahren des 20. Jahrhunderts.","Photographs of letters in German from Shmarya Levin to Leoni Landsberg, whom he calls 'my dear friend'. The letters are from the 1930s of the 20th century.",German|גרמנית,מכתב|Letter,photography,copy,שמריה לוין,1930,,,
IL-MTFN-001-G-F-0047-020-R0001,IL-MTFN-001-G-F-0047-020,Partial Family Tree of the Pelz Family,אילן יוחסין (חלקי) של משפחת פלץ; 3 ניסיונות/טיוטות.,Teilweise Stammbaum der Familie Pelz; 3 Versuche/Entwürfe.,Partial family tree of the Pelz family; 3 attempts/drafts.,Hebrew,Draft,,draft,Pelz family,,,,
IL-MTFN-001-G-F-0047-020-R0002,IL-MTFN-001-G-F-0047-020,Family Tree Photograph of Landsberg Family,"צילום אילן יוחסין, שמתחיל בנתן לנדסברג (אביו של אלפרד) ונגמר בנינים של אלפרד ולאוני.","Fotografie eines Stammbaums, der bei Nathan Landsberg (Vater von Alfred) beginnt und bei den Enkeln von Alfred und Leoni endet.","Photograph of a family tree, starting with Nathan Landsberg (father of Alfred) and ending with the grandchildren of Alfred and Leoni.",Unspecified,תצלום|Photograph,photography,copy,,,,,
IL-MTFN-001-G-F-0047-020-R0003,IL-MTFN-001-G-F-0047-020,Family Tree Notes Collection,אוסף של פתקים ודפים עם מידע משפחתי עבור עריכת אילן יוחסין.,Sammlung von Notizen und Blättern mit familiären Informationen zur Erstellung eines Stammbaums.,Collection of notes and pages with family information for creating a family tree.,Hebrew,פתק|Note,,original,,,,,
IL-MTFN-001-G-F-0047-022-R0001,IL-MTFN-001-G-F-0047-022,"Diary of Alfred Landsberg, 1898",יומן משנת 1898 עם רשימות כתובות בעיפרון. אלפרד לנדסברג בן 11 שנים.,"Tagebuch aus dem Jahr 1898 mit in Bleistift geschriebenen Notizen. Alfred Landsberg, 11 Jahre alt.","Diary from 1898 with notes written in pencil. Alfred Landsberg, 11 years old.",Hebrew,יומן|Diary,handwriting,original,Alfred Landsberg,1898,,,
IL-MTFN-001-G-F-0047-022-R0002,IL-MTFN-001-G-F-0047-022,Diary from 1901-1902,"יומן מהשנים 1901-1902, הרישום בו בדיו. הרבה רשימות על אירועים אמנותיים, מספר איורים בעיפרון ובדיו.","Tagebuch aus den Jahren 1901-1902, die Einträge sind in Tinte. Viele Notizen über künstlerische Ereignisse, einige Zeichnungen in Bleistift und Tinte.","Diary from the years 1901-1902, the entries are in ink. Many notes on artistic events, several drawings in pencil and ink.",Hebrew,יומן|Diary,handwriting,original,,1901,,,
IL-MTFN-001-G-F-0047-022-R0003,IL-MTFN-001-G-F-0047-022,Summary Translation of Diary by Carla Wolf,"ליומן מצורף סיכום תרגום לעברית של חלקים מתוך היומן אשר נותנים תמונה על חייו של נער בן 14/15, במשפחה יהודית בורגנית בעיר גדולה. התרגום נכתב ע""י קרלה וולף.","Dem Tagebuch ist eine Zusammenfassung der Übersetzung ins Hebräische von Teilen des Tagebuchs beigefügt, die ein Bild vom Leben eines 14/15-jährigen Jungen in einer jüdischen bürgerlichen Familie in einer großen Stadt geben. Die Übersetzung wurde von Carla Wolf geschrieben.",Attached to the diary is a summary translation into Hebrew of parts of the diary that provide a picture of the life of a 14/15-year-old boy in a Jewish bourgeois family in a large city. The translation was written by Carla Wolf.,Hebrew,מסמך מתורגם|Translated Document,,copy,,,,,
IL-MTFN-001-G-F-0047-022-R0004,IL-MTFN-001-G-F-0047-022,Diary from 1905-1906,יומן מהשנים 1905-1906 כתוב בדיו בכתב סטנוגרפי.,"Tagebuch aus den Jahren 1905-1906, geschrieben in Tinte in stenografischer Schrift.",Diary from the years 1905-1906 written in ink in shorthand script.,Unspecified,יומן|Diary,handwriting,original,,1905,,,
IL-MTFN-001-G-F-0047-025-R0004,IL-MTFN-001-G-F-0047-025,Eulogy for Walter Pelz,הספד בגרמנית לולטר פלץ Walter Pelz (אביו של אהרון בעלה של חוה פלץ לבית לנדסברג).,"Nachruf auf Walter Pelz (Vater von Aaron, dem Ehemann von Chava Pelz, geborene Landsberg).","Eulogy in German for Walter Pelz (father of Aaron, husband of Chava Pelz, née Landsberg).",German,הספד|Eulogy,,original,Walter Pelz,,,,
IL-MTFN-001-G-F-0047-028-R0001,IL-MTFN-001-G-F-0047-028,Letters from Daughter to Leoni and Alfred Landsberg,"מכתבים בגרמנית מהבת אל הוריה, לאוני ואלפרד לנדסברג, משנות ה-30, ה-40, ה-50 וה-60 למאה ה-20.","Briefe auf Deutsch von der Tochter an die Eltern, Leoni und Alfred Landsberg, aus den 30er, 40er, 50er und 60er Jahren des 20. Jahrhunderts.","Letters in German from the daughter to her parents, Leoni and Alfred Landsberg, from the 1930s, 1940s, 1950s, and 1960s.",German,מכתב|Letter,,original,Leoni and Alfred Landsberg,,,,
IL-MTFN-001-G-F-0047-031-R0002,IL-MTFN-001-G-F-0047-031,Letter from April 1952 or 53 about family move,"לעניין המכתב: הוא ככל הנראה נכתב באפריל 1952 או 53 בשה שהוריי עברו עם הילדים אורי הבחור ושני התאומים דוד ויונתן למושב מרחביה שליד עפולה. המעבר מחדר קטן לבית במושב היה שינוי עצום. שם הכינוי של אבא שלי היה 'עלי' כמו בערבית ולא אלי מאליהו, שם זה ליווה אותו כל חיו בקרב החבר'ה מגרמניה.","Zum Brief: Er wurde wahrscheinlich im April 1952 oder 53 geschrieben, als meine Eltern mit den Kindern Uri, dem Jungen, und den Zwillingen David und Jonathan nach Moshav Merhavia bei Afula zogen. Der Umzug von einem kleinen Zimmer in ein Haus im Moshav war eine enorme Veränderung. Der Spitzname meines Vaters war 'Ali', wie im Arabischen, und nicht Eli von Elijah. Dieser Name begleitete ihn sein ganzes Leben lang unter den Freunden aus Deutschland.","Regarding the letter: It was probably written in April 1952 or 53 when my parents moved with the children Uri, the boy, and the twins David and Jonathan to Moshav Merhavia near Afula. The move from a small room to a house in the moshav was a huge change. My father's nickname was 'Ali', like in Arabic, and not Eli from Elijah. This name accompanied him all his life among the friends from Germany.",Hebrew,מכתב|Letter,handwriting,original,,1952-04,,,
IL-MTFN-001-G-F-0047-038-R0004,IL-MTFN-001-G-F-0047-038,Notebook with Letter Copy by Dr. Landsberg,"מחברת למכתבים עם העתק (העתק המכתב נשאר במחברת) של ד""ר לנדסברג. תוכן המכתב שהעתקו נשאר במחברת מתייחס לפעילות רסקו על סניפיה בחיפה ותל אביב, על בעיותיה הפיננסים והאנושיים. גרמנית כתב יד, אין תאריך.","Notizbuch für Briefe mit Kopie (Kopie des Briefes bleibt im Notizbuch) von Dr. Landsberg. Der Inhalt des Briefes, dessen Kopie im Notizbuch bleibt, bezieht sich auf die Aktivitäten von Resco in seinen Niederlassungen in Haifa und Tel Aviv, auf seine finanziellen und menschlichen Probleme. Handschrift auf Deutsch, kein Datum.","Notebook for letters with a copy (copy of the letter remains in the notebook) by Dr. Landsberg. The content of the letter, whose copy remains in the notebook, refers to the activities of Resco in its branches in Haifa and Tel Aviv, and its financial and human problems. German handwriting, no date.",German,מכתב|Letter,handwriting,copy,Dr. Landsberg,,,,
IL-MTFN-001-G-F-0047-045-R0001,IL-MTFN-001-G-F-0047-045,Letters from Arthur Rupin to Leoni Landsberg,"מכתבים אל לאוני לנדסברג מאת ארתור רופין Arthur Rupin מהשנים 1938- 1940. למכתבים מצורפים פרחים/צמחים יבשים. גרמנית, כתב יד. מצורפת מעטפה עם בול מ-1940.","Briefe an Leoni Landsberg von Arthur Rupin aus den Jahren 1938-1940. Den Briefen sind getrocknete Blumen/Pflanzen beigefügt. Deutsch, Handschrift. Ein Umschlag mit einer Briefmarke von 1940 ist beigefügt.","Letters to Leoni Landsberg from Arthur Rupin from the years 1938-1940. The letters are accompanied by dried flowers/plants. German, handwritten. An envelope with a stamp from 1940 is attached.",German,מכתב|Letter|מעטפה|Envelope,handwriting,original,Arthur Rupin,1938,1940,,
IL-MTFN-001-G-F-0047-049-R0001,IL-MTFN-001-G-F-0047-049,Letters of Alfred Landsberg,"מתוך מכתביו של אלפרד לנדסברג: הוא חי ועובד בהנובר Hannover בדירת 2 חדרים שכורה, מסביב הכל הרוס וקודר, הכל השתנה וזר לו, ידיעת השפה עוזרת, הוא מתחיל להבין את הניגודים והשינויים שחלו בגרמניה, הוא מגיע למסקנה שיש דברים משותפים ליהודים ולגרמנים, פוגש אנשים נהדרים שפתוחים לנעשה בעולם כמו הנשיא הגרמני הויס Heuss, שאת נאומו הטוב לרגל 'שבוע האחווה' שמע ברדיו. ישנה גם קבוצת אנשים לא קטנה שאינה מרוצה ומקטרת ואת קולם שומעים היטב. הוא מצטער שבארץ צריך היה לותר על הרבה דברים כי ידו לא השיגה אותם, בגרמניה הוא יכול להרשות לעצמו יותר כמו למשל בגדים. הוא מתגעגע אל הילדים, היה רוצה לבקר אבל זה עדיין בלתי אפשרי.","Aus den Briefen von Alfred Landsberg: Er lebt und arbeitet in Hannover in einer gemieteten 2-Zimmer-Wohnung, alles um ihn herum ist zerstört und düster, alles hat sich verändert und ist ihm fremd, die Sprachkenntnisse helfen, er beginnt die Widersprüche und Veränderungen in Deutschland zu verstehen, er kommt zu dem Schluss, dass es gemeinsame Dinge zwischen Juden und Deutschen gibt, er trifft wunderbare Menschen, die offen für das Geschehen in der Welt sind, wie den deutschen Präsidenten Heuss, dessen gute Rede anlässlich der 'Woche der Brüderlichkeit' er im Radio hörte. Es gibt auch eine nicht kleine Gruppe von Menschen, die unzufrieden sind und meckern, und ihre Stimmen sind deutlich zu hören. Er bedauert, dass er im Land auf viele Dinge verzichten musste, weil er sie sich nicht leisten konnte, in Deutschland kann er sich mehr leisten, wie zum Beispiel Kleidung. Er vermisst die Kinder, würde sie gerne besuchen, aber das ist noch nicht möglich.","From the letters of Alfred Landsberg: He lives and works in Hannover in a rented 2-room apartment, everything around is destroyed and gloomy, everything has changed and is strange to him, knowledge of the language helps, he begins to understand the contradictions and changes that have occurred in Germany, he concludes that there are common things between Jews and Germans, he meets wonderful people who are open to what is happening in the world, like the German President Heuss, whose good speech on the occasion of 'Brotherhood Week' he heard on the radio. There is also a not small group of people who are dissatisfied and complain, and their voices are well heard. He regrets that in the country he had to give up many things because he could not afford them, in Germany he can afford more, like clothes. He misses the children, would like to visit but it is still impossible.",German,מכתב|Letter,handwriting,original,Alfred Landsberg,,,,
IL-MTFN-001-G-F-0048-001-R0001,IL-MTFN-001-G-F-0048-001,Memorial Page for Hermann Kahn,דף יזכור עם תאריכים להרמן קאן נפטר ב-1915.,"Gedenkblatt mit Daten für Hermann Kahn, gestorben 1915.","Memorial page with dates for Hermann Kahn, died in 1915.",Hebrew,לא מזוהה,,original,Hermann Kahn,,,,
IL-MTFN-001-G-F-0048-001-R0002,IL-MTFN-001-G-F-0048-001,Memorial Page for Hertha Kahn,דף יזכור עם תאריכים להרטה קאן נפטרה ב-1918.,"Gedenkblatt mit Daten für Hertha Kahn, gestorben 1918.","Memorial page with dates for Hertha Kahn, died in 1918.",Hebrew,תעודה|Certificate,,original,Hertha Kahn,,,,
IL-MTFN-001-G-F-0050-001-R0003,IL-MTFN-001-G-F-0050-001,Short Autobiography,אוטוביוגרפיה קצרה.,Kurze Autobiografie.,Short autobiography.,Hebrew,Biography,,original,,,,,
IL-MTFN-001-G-F-0050-001-R0005,IL-MTFN-001-G-F-0050-001,Pages in Memory of Dr. Netter,"1986, דפים לזכרו של ד""ר נטר בגרמנית, נכתב ע""י שלמה מרכוס.","1986, Seiten zum Gedenken an Dr. Netter auf Deutsch, geschrieben von Shlomo Marcus.","1986, Pages in memory of Dr. Netter in German, written by Shlomo Marcus.",German,לא מזוהה,,original,Dr. Netter,1986,,,
IL-MTFN-001-G-F-0050-001-R0006,IL-MTFN-001-G-F-0050-001,Description of Life in Gurs Camp by Dr. Netter,"דפים עם תאור החיים במחנה גורס, נכתב ע""י דר"" נטר בגרמנית.","Seiten mit Beschreibung des Lebens im Lager Gurs, geschrieben von Dr. Netter auf Deutsch.","Pages with a description of life in the Gurs camp, written by Dr. Netter in German.",German,רשימות|Personal Notes,,original,,,,,
IL-MTFN-001-G-F-0052-001-R0001,IL-MTFN-001-G-F-0052-001,Letters from Adolf Blum to his Parents,1914-1918 מכתבים מהחייל אל הוריו; מכתבים מההורים אליו אשר הוחזרו למשפחה לאחר שהבן אדולף בלום נפל בקרב.,"Briefe vom Soldaten an seine Eltern; Briefe von den Eltern an ihn, die der Familie zurückgegeben wurden, nachdem der Sohn Adolf Blum im Kampf gefallen war.",Letters from the soldier to his parents; letters from the parents to him which were returned to the family after the son Adolf Blum fell in battle.,Hebrew,מכתב|Letter,handwriting,original,Adolf Blum,1914,,,
IL-MTFN-001-G-F-0053-004-R0005,IL-MTFN-001-G-F-0053-004,"List of Jewish Families in Bodenfelde, 1816","1816, רשימת שמית של המשפחות היהודיות ב- Bodenfelde תוך ציון מספר הילדים ו, או המבוגרים שמתגוררים בכל בית משפחה.","1816, Namensliste der jüdischen Familien in Bodenfelde mit Angabe der Anzahl der Kinder und/oder Erwachsenen, die in jedem Familienhaus wohnen.","1816, a list of Jewish families in Bodenfelde indicating the number of children and/or adults residing in each family house.",Hebrew,רשימה|List,,original,,1816,,,
IL-MTFN-001-G-F-0054-001-R0002,IL-MTFN-001-G-F-0054-001,Diary of Judah's Grandfather from the 1870/71 War,יומן של סבו של יהודה ממלחמת 1870/71;,Tagebuch von Judas Großvater aus dem Krieg 1870/71,Diary of Judah's grandfather from the 1870/71 war,Hebrew,יומן|Diary,handwriting,original,,,,,
IL-MTFN-001-G-F-0055-001-R0003,IL-MTFN-001-G-F-0055-001,Military Notebook of Yitzhak Klein,"פנקס צבאי של יצחק קליין, יליד 1873;","Militärbuch von Yitzhak Klein, geboren 1873;","Military notebook of Yitzhak Klein, born 1873;",Hebrew,פנקס|Notepad,,original,יצחק קליין,,,,
IL-MTFN-001-G-F-0057-001-R0005,IL-MTFN-001-G-F-0057-001,Biography of Leopold Loewenstein,ביוגרפיה בגרמנית ועברית קצרה על לאופולד לוונשטיין;,Kurze Biografie in Deutsch und Hebräisch über Leopold Loewenstein,Short biography in German and Hebrew about Leopold Loewenstein,Hebrew|German,Biography,,original,Leopold Loewenstein,,,,
IL-MTFN-001-G-F-0058-001-R0002,IL-MTFN-001-G-F-0058-001,"Photograph of a Letter by Gusta Rechov to Her Father, 1919",צילום מכתב שגוסטה רכב כתבה לאביה 1919 בעיברית;,"Fotografie eines Briefes, den Gusta Rechov 1919 an ihren Vater auf Hebräisch schrieb;",Photograph of a letter that Gusta Rechov wrote to her father in 1919 in Hebrew;,Hebrew,מכתב|Letter,photography,copy,Gusta Rechov,1919,,,
IL-MTFN-001-G-F-0060-001-R0001,IL-MTFN-001-G-F-0060-001,Short Biography by Shoshana Rosen,ביוגרפיה קצרצרה שכתבה הבת שושנה רוזן;,"Eine kurze Biografie, geschrieben von der Tochter Shoshana Rosen.",A short biography written by the daughter Shoshana Rosen.,Hebrew,Biography,handwriting,original,Shoshana Rosen,,,,
IL-MTFN-001-G-F-0061-001-R0001,IL-MTFN-001-G-F-0061-001,Letter from Grandson Gil,"מכתב מהנכד גיל, עם פרטים ביוגרפיים;","Brief vom Enkel Gil, mit biografischen Details;","Letter from grandson Gil, with biographical details;",Hebrew,מכתב|Letter,handwriting,original,Gil,,,,
IL-MTFN-001-G-F-0063-001-R0001,IL-MTFN-001-G-F-0063-001,"Letters from Klaus Dror's Mother, 1948","1948, נהריה, מכתבים מאמו של קלאוס דרור אליו.","1948, Nahariya, Briefe von Klaus Drors Mutter an ihn.","1948, Nahariya, letters from Klaus Dror's mother to him.",עברית,מכתב|Letter,handwriting,original,Klaus Dror,1948,,,
IL-MTFN-001-G-F-0065-001-R0001,IL-MTFN-001-G-F-0065-001,Manuscript by Heinrich Korn on Jewish Family Life,"מנוסקריפט בגרמנית, 40 עמודים שכתב היינריך קורן על משפחתו מתעדים החיים בקהילה היהודית ומחוצה לה, קשרי נישואים וכלכלים, תיאור מגורים, תיאור החיים במשפחה יהודית מורחבת. המנוסקריפט מתחיל מאמצע המאה ה-19 בין היתר מוזכרים השמות Korn, Fraenkel, Ostrowo;Posen, Kalisch, Sosnowice, Priebus, Kattowitz; התעסוקות: מסבאה, תעשיית טכסטיל, סחר בעצים ופחם, טחינת עצמות Knochenmühle, צורפות; סחר באבנים יקרות ותכשיטים. בין היתר דווח על יהודי פולני;לאומני. חלק ניכר מהדוח הוא החיים של המשפחה היהודית על רקע התחים והעוינות בין רוסיה לפולין;","Ein Manuskript auf Deutsch, 40 Seiten, geschrieben von Heinrich Korn über seine Familie, dokumentiert das Leben in der jüdischen Gemeinde und außerhalb, Heirats- und Wirtschaftsbeziehungen, Wohnbeschreibungen, das Leben in einer erweiterten jüdischen Familie. Das Manuskript beginnt Mitte des 19. Jahrhunderts, unter anderem werden die Namen Korn, Fraenkel, Ostrowo; Posen, Kalisch, Sosnowice, Priebus, Kattowitz erwähnt; Beschäftigungen: Schänke, Textilindustrie, Holz- und Kohlehandel, Knochenmühle, Goldschmiedekunst; Handel mit Edelsteinen und Schmuck. Unter anderem wird über einen polnischen Juden berichtet; Nationalist. Ein wesentlicher Teil des Berichts ist das Leben der jüdischen Familie vor dem Hintergrund der Spannungen und Feindseligkeiten zwischen Russland und Polen.","A manuscript in German, 40 pages written by Heinrich Korn about his family, documenting life in the Jewish community and beyond, marriage and economic relations, housing descriptions, life in an extended Jewish family. The manuscript begins in the mid-19th century, among others, the names Korn, Fraenkel, Ostrowo; Posen, Kalisch, Sosnowice, Priebus, Kattowitz are mentioned; occupations: tavern, textile industry, wood and coal trade, bone milling, goldsmithing; trade in precious stones and jewelry. Among other things, a Polish Jew is reported; nationalist. A significant part of the report is the life of the Jewish family against the backdrop of tensions and hostilities between Russia and Poland.",German,לא מזוהה,,original,Heinrich Korn,,,,40
IL-MTFN-001-G-F-0065-001-R0002,IL-MTFN-001-G-F-0065-001,Photographs of Certificates and Documents of Georg Israel and Lena,"צילומי תעודות ומסמכים של גאורג ישראל Georg Israel ואישתו לנה Lena geb Gedin, גאורג ישראל אח אמה של גב. חוה רון נפטר בשוודיה.","Fotografien von Zertifikaten und Dokumenten von Georg Israel und seiner Frau Lena geb. Gedin, Georg Israel, Bruder von Frau Chava Ron, verstorben in Schweden.","Photographs of certificates and documents of Georg Israel and his wife Lena née Gedin, Georg Israel, brother of Mrs. Chava Ron, passed away in Sweden.",Hebrew|German,תעודה|Certificate,photography,copy,Georg Israel,,,,
IL-MTFN-001-G-F-0066-001-R0004,IL-MTFN-001-G-F-0066-001,Testimony of Walter Preuss,"עדות מפ. פרויס, נגבתה ע""י אילה זך;כספי. החוברת ערוכה בצורת שאלות ותשובות לחייו ופעילותו של ולטר פרויס","Zeugnis von P. Preuß, aufgenommen von Ayala Zach; Kaspi. Die Broschüre ist in Form von Fragen und Antworten zu Leben und Wirken von Walter Preuß gestaltet.","Testimony from P. Preuss, collected by Ayala Zach; Kaspi. The booklet is arranged in the form of questions and answers about the life and activities of Walter Preuss.",Hebrew,עדות|Testimony,print,original,Walter Preuss,,,,
IL-MTFN-001-G-F-0071-001-R0003,IL-MTFN-001-G-F-0071-001,Notebook of Irene Tannenblatt on Arithmetic,"מחברת של אירנה טננבלט Irene Tannenblatt, אישתו של דר' דרייפוס מביה""ס הגבוהה למסחר בנושא אריטמטיקה; בשפה הצרפתית; 1925","Notizbuch von Irene Tannenblatt, der Frau von Dr. Dreyfus von der Hochschule für Handel, zum Thema Arithmetik; in französischer Sprache; 1925","Notebook of Irene Tannenblatt, the wife of Dr. Dreyfus from the Higher School of Commerce on the subject of arithmetic; in French; 1925",Other,פנקס|Notepad,,original,Irene Tannenblatt,1925,,,
IL-MTFN-001-G-F-0071-001-R0004,IL-MTFN-001-G-F-0071-001,Notebook on Botany by Mrs. Dreyfus,מחברת של גב' דרייפוס בנושא בוטניקה עם פרחים ועלים מיובשים,Notizbuch von Frau Dreyfus über Botanik mit getrockneten Blumen und Blättern,Notebook of Mrs. Dreyfus on botany with dried flowers and leaves,Hebrew,פנקס|Notepad,handwriting,original,דרייפוס,,,,
IL-MTFN-001-G-F-0071-001-R0005,IL-MTFN-001-G-F-0071-001,Notebook of Mr. Dreyfus,מחברת של מר. דרייפוס עם מחשבות על אלוהים וחייהם בגרמניה;,Notizbuch von Herrn Dreyfus mit Gedanken über Gott und ihr Leben in Deutschland;,Notebook of Mr. Dreyfus with thoughts about God and their lives in Germany;,German|Hebrew,פנקס|Notepad,handwriting,original,Mr. Dreyfus,,,,
IL-MTFN-001-G-F-0071-001-R0006,IL-MTFN-001-G-F-0071-001,Notebook of Mr. Dreyfus,"מחברת של מר. דרייפוס, רשימות לעבודתו המדעית, בגרמנית;","Notizbuch von Herrn Dreyfus, Notizen für seine wissenschaftliche Arbeit, auf Deutsch;","Notebook of Mr. Dreyfus, notes for his scientific work, in German;",German,פנקס|Notepad,handwriting,original,דרייפוס,,,,
IL-MTFN-001-G-F-0077-001-R0003,IL-MTFN-001-G-F-0077-001,Article by Jedidja Kauli on Her Father,"העתק, כתבה, שכתבה הבת ידידה קאולי לבית רילף על קורות אביה כרב בגרמניה וכמחנך בישראל עמודים 1-14.; תרגום לעברית של מאמר הפרידה מגרמניה, עמודים 15-19.","Kopie, Artikel, geschrieben von der Tochter Jedidja Kauli, geborene Rilf, über die Geschichte ihres Vaters als Rabbiner in Deutschland und als Erzieher in Israel, Seiten 1-14.; Übersetzung ins Hebräische des Abschiedsartikels aus Deutschland, Seiten 15-19.","Copy, article, written by the daughter Jedidja Kauli, née Rilf, about her father's history as a rabbi in Germany and as an educator in Israel, pages 1-14.; Translation into Hebrew of the farewell article from Germany, pages 15-19.",Hebrew|German,מסמך מתורגם|Translated Document|מאמר|Article,,copy,Jedidja Kauli,,,,19
IL-MTFN-001-G-F-0077-002-R0001,IL-MTFN-001-G-F-0077-002,Letters from Friedrich Rilf to his parents during WWI,"ד""ר שלמה (פרידריך) רילף 1896-1976, אוגדן עם עשרות מכתבים, שכתב החייל הרב פרידריך רילף משדה הקרב מלה""ע I אל הוריו. המכתבים נכתבו בשנים 1916 ובעיקר ב-1917. לרוב המכתבים יש ציון תאריך והמכתבים ממוספרים, ככל הנראה ע""י הנמען, ונושאים את המספרים 1-78. באוגדן מספר מכתבים ללא תאריכים וללא ציון מספר למכתב. האוגדן מוצג בתצוגת המוזיאון בליווי תמונתו של החייל פרידריך רילף.","Dr. Shlomo (Friedrich) Rilf 1896-1976, ein Ordner mit Dutzenden von Briefen, die der Soldat Rabbi Friedrich Rilf vom Schlachtfeld des Ersten Weltkriegs an seine Eltern schrieb. Die Briefe wurden in den Jahren 1916 und hauptsächlich 1917 geschrieben. Die meisten Briefe sind datiert und nummeriert, wahrscheinlich vom Empfänger, und tragen die Nummern 1-78. Im Ordner befinden sich mehrere Briefe ohne Datum und ohne Nummerierung. Der Ordner wird in der Museumsausstellung zusammen mit einem Bild des Soldaten Friedrich Rilf gezeigt.","Dr. Shlomo (Friedrich) Rilf 1896-1976, a binder with dozens of letters written by the soldier Rabbi Friedrich Rilf from the battlefield of WWI to his parents. The letters were written in the years 1916 and mainly in 1917. Most of the letters are dated and numbered, apparently by the recipient, and bear the numbers 1-78. The binder contains several letters without dates and without letter numbers. The binder is displayed in the museum exhibition accompanied by a picture of the soldier Friedrich Rilf.",Hebrew|German,מכתב|Letter,handwriting,original,Friedrich Rilf,1917,,,
IL-MTFN-001-G-F-0080-001-R0001,IL-MTFN-001-G-F-0080-001,Manuscript of Events in Neu-Isenburg for Bertha Pappenheim's 50th Death Anniversary,מנוסקריפט מהאירועים שביו בעיר נוי-איזנבורג Neu Isenburg לציון השנה ה-50 למות ברטה פפנהיים Dokumentation zum 50 todestag von Bertha Pappenheim Neu Isenburg 1986,Manuskript der Ereignisse in der Stadt Neu-Isenburg zur Feier des 50. Todestages von Bertha Pappenheim Dokumentation zum 50. Todestag von Bertha Pappenheim Neu Isenburg 1986,Manuscript of the events in the city of Neu-Isenburg marking the 50th anniversary of the death of Bertha Pappenheim Documentation for the 50th anniversary of the death of Bertha Pappenheim Neu Isenburg 1986,German,Document,,original,Bertha Pappenheim,,1986,,
IL-MTFN-001-G-F-0082-001-R0001,IL-MTFN-001-G-F-0082-001,Land und Aufbau Manuscript,"מנוסקריפט על ארץ ישראל בשנים 1937-1939 לא ידוע מי כתב. מנוסקריפט כתוב גרמנית, כתב יד, על ביקור בפלשתינה/ישראל בשנים 1937-1939. כותרת המנוסקריפט: Land und Aufbau תרגום: מדינה/ארץ ובניינה. הכותב, מורה בבי""ס יהודי דתי, שעיקר עיניינו בעת הביקור הוא החינוך ומוסדות החינוך בארץ. בין תאוריו: קיבוץ יגור, רמות השבים, נהריה, כפר חסידים ושלושת הערים הגדולות: ירושלים, תל אביב וחיפה. הכותב מתרשם שיש חסר בכל הקשור לדת. מסיים את כתיבתו תוך הגדשת החשיבות העליה לארץ. במנוסקריפט מוזכר אדם בשם במברגר Bamberger.","Manuskript über das Land Israel in den Jahren 1937-1939, unbekannter Verfasser. Manuskript in deutscher Handschrift, über einen Besuch in Palästina/Israel in den Jahren 1937-1939. Titel des Manuskripts: Land und Aufbau. Der Verfasser, ein Lehrer an einer jüdisch-religiösen Schule, interessiert sich hauptsächlich für Bildung und Bildungseinrichtungen im Land während seines Besuchs. Unter seinen Beschreibungen: Kibbuz Yagur, Ramot HaShavim, Nahariya, Kfar Hasidim und die drei großen Städte: Jerusalem, Tel Aviv und Haifa. Der Verfasser stellt fest, dass es einen Mangel in Bezug auf Religion gibt. Er beendet seine Schrift mit der Betonung der Bedeutung der Einwanderung ins Land. Im Manuskript wird eine Person namens Bamberger erwähnt.","Manuscript about the Land of Israel in the years 1937-1939, unknown author. Manuscript written in German, handwritten, about a visit to Palestine/Israel in the years 1937-1939. Title of the manuscript: Land und Aufbau. The author, a teacher at a Jewish religious school, is mainly interested in education and educational institutions in the country during the visit. Among his descriptions: Kibbutz Yagur, Ramot HaShavim, Nahariya, Kfar Hasidim, and the three major cities: Jerusalem, Tel Aviv, and Haifa. The author notes a lack concerning religion. He concludes his writing by emphasizing the importance of immigration to the country. The manuscript mentions a person named Bamberger.",German,מנוסקריפט|Manuscript,handwriting,original,Bamberger,1939,,,
IL-MTFN-001-G-F-0084-001-R0002,IL-MTFN-001-G-F-0084-001,Genealogy Book of the Frank Family,צילום ספר יוחסין של משפחת פרנק 1710-1931.,Fotografie eines Stammbaums der Familie Frank 1710-1931.,Photograph of the genealogy book of the Frank family 1710-1931.,Unspecified,תצלום|Photograph,photography,copy,Frank,,,,
IL-MTFN-001-G-F-0084-001-R0004,IL-MTFN-001-G-F-0084-001,Manuscript by Werner Frank after visiting Eppingen,מנוסקריפט כתוב אנגלית שכתב ורנר פרנק אחרי ביקור הולדתו Eppingen.,"Ein englisch geschriebenes Manuskript, das Werner Frank nach einem Besuch seiner Geburtsstadt Eppingen verfasst hat.",An English-written manuscript written by Werner Frank after visiting his birthplace Eppingen.,English,מכתב|Letter,handwriting,original,Werner Frank,,,,
IL-MTFN-001-G-F-0084-001-R0005,IL-MTFN-001-G-F-0084-001,Manuscript by Kurt Liedermann on Life in French Concentration Camps,"מנוסקריפט בגרמנית שכתב קורט לידרמן Kurt Liedermann על חייו במחנות ריכוז בצרפת בין השנים 1940-1944 הועבר ממחנה למחנה, סה""כ 6 מחנות Gurs, Recebdou, Nexon, Maseube, Vernet, Noe nan.","Ein Manuskript auf Deutsch, geschrieben von Kurt Liedermann über sein Leben in Konzentrationslagern in Frankreich zwischen 1940-1944, wurde von Lager zu Lager transportiert, insgesamt 6 Lager: Gurs, Recebdou, Nexon, Maseube, Vernet, Noe nan.","A manuscript in German written by Kurt Liedermann about his life in concentration camps in France between 1940-1944, transferred from camp to camp, a total of 6 camps: Gurs, Recebdou, Nexon, Maseube, Vernet, Noe nan.",German,מסמך מתורגם|Translated Document,handwriting,original,Kurt Liedermann,1944,,,
IL-MTFN-001-G-F-0089-001-R0001,IL-MTFN-001-G-F-0089-001,"Short Biography in German, 1995","1995, ביוגרפיה קצרה בגרמנית;","1995, kurze Biografie auf Deutsch;","1995, short biography in German;",German,Biography,,original,,1995,,,
IL-MTFN-001-G-F-0091-001-R0002,IL-MTFN-001-G-F-0091-001,Memory Book of Jenny Wolpe,"ספר זיכרונות של ג'ני וולפה, הכתיבה בו החלה בשנת 1893. בין היתר: כתיבה גם בעברית משנת 1898 ע""י א.ש. יחזקאל יהודה; איש ירושלים, שאהבתו אליה לא צלחה לו. הספר מוצג בתצוגת המוזיאון.","Erinnerungsbuch von Jenny Wolpe, das Schreiben begann 1893. Unter anderem: Schreiben auch auf Hebräisch ab 1898 von A.S. Jehezkel Jehuda; ein Mann aus Jerusalem, dessen Liebe zu ihr ihm nicht gelang. Das Buch wird in der Museumsausstellung gezeigt.","Memory book of Jenny Wolpe, writing began in 1893. Among other things: writing also in Hebrew from 1898 by A.S. Yehezkel Yehuda; a man from Jerusalem, whose love for her did not succeed. The book is displayed in the museum exhibition.",Hebrew|Other,ספר זכרונות|Memory Book,handwriting,original,Jenny Wolpe,1893,,,
IL-MTFN-001-G-F-0091-001-R0003,IL-MTFN-001-G-F-0091-001,Notebook by Israel Shiloni on Jenny Wolpe,"מחברת דקה בה כתב ישראל שילוני, עברית, על ג'ני וולפה ובעלה, שהיה אחיינו של דוד וולפסון.","Ein dünnes Notizbuch, in dem Israel Shiloni auf Hebräisch über Jenny Wolpe und ihren Ehemann schrieb, der der Neffe von David Wolfson war.","A thin notebook in which Israel Shiloni wrote in Hebrew about Jenny Wolpe and her husband, who was the nephew of David Wolfson.",Hebrew,פנקס|Notepad,handwriting,original,Israel Shiloni,,,,
IL-MTFN-001-G-F-0092-001-R0001,IL-MTFN-001-G-F-0092-001,Family Tree Book,ספר אילן יוחסין,Stammbuch,Family Tree Book,Hebrew,Book,,original,,,,,
IL-MTFN-001-G-F-0093-003-R0010,IL-MTFN-001-G-F-0093-003,Notes from the Academy of Arts Archive in Berlin,רשימות מהארכיון של האקדמיה לאומנויות בברלין;,Notizen aus dem Archiv der Akademie der Künste in Berlin,Notes from the archive of the Academy of Arts in Berlin,Unspecified,רשימות|Personal Notes,,original,,,,,
IL-MTFN-001-G-F-0093-004-R0002,IL-MTFN-001-G-F-0093-004,Family Tree,אילן יוחסין;,Stammbaum,Family Tree,Unspecified,לא מזוהה|Unrecognized,,other,,,,,
IL-MTFN-001-G-F-0093-011-R0001,IL-MTFN-001-G-F-0093-011,Diary and Album by Paula Bernkopf,יומן ואלבום שמנהלת וכותבת פאולה ברנקופף לבית שלוס Paula Bernkopf geb. Schoss לבנה הנס ברנקופף nan,Tagebuch und Album geführt und geschrieben von Paula Bernkopf geb. Schoss für ihren Sohn Hans Bernkopf,Diary and album managed and written by Paula Bernkopf née Schoss for her son Hans Bernkopf,Hebrew|German,יומן|Diary,,original,Paula Bernkopf,,,,
IL-MTFN-001-G-F-0096-001-R0002,IL-MTFN-001-G-F-0096-001,Family Tree of the Katzenstein Family,"העתק, אילנות יוחסין של משפחת כצנשטיין.","Kopie, Stammbaum der Familie Katzenstein.","Copy, family tree of the Katzenstein family.",Hebrew,לא מזוהה,,copy,כצנשטיין,,,,
IL-MTFN-001-G-F-0097-001-R0003,IL-MTFN-001-G-F-0097-001,Family Tree of Ephraim Family,אילן יוחסין של משפץ אפריים מברלין;,Stammbaum der Familie Ephraim aus Berlin,Family tree of the Ephraim family from Berlin,Unspecified,לא מזוהה|Unrecognized,,original,Ephraim,,,,
IL-MTFN-001-G-F-0100-001-R0001,IL-MTFN-001-G-F-0100-001,Tallit of Mr. Goldschmidt from Hamburg,טלית של אדון גולדשמידט מהמבורגשחיי בסביבות 1800,"Tallit von Herrn Goldschmidt aus Hamburg, der um 1800 lebte","Tallit of Mr. Goldschmidt from Hamburg, who lived around 1800",Unspecified,לא מזוהה,,original,Goldschmidt,,,,
IL-MTFN-001-G-F-0103-002-R0001,IL-MTFN-001-G-F-0103-002,Biography of Max Warburg by Eric Warburg,"מתוך רשימתו של מקס ורבורג, ספר בגרמנית שהוציא לאור הבן אריק ב 1952 כביוגרפיה;","Aus der Liste von Max Warburg, ein Buch auf Deutsch, das 1952 von seinem Sohn Eric als Biografie veröffentlicht wurde.","From the list of Max Warburg, a book in German published by his son Eric in 1952 as a biography.",German|גרמנית,Biography|קורות חיים,print,original,Max Warburg,,1952,,
IL-MTFN-001-G-F-0103-002-R0002,IL-MTFN-001-G-F-0103-002,Diary Pages of Charlotte Warburg,צילום הדפים האורגינלים מתוך יומנה של שרלוטה ורבורג לבית אופנהימר;,"Fotografie der Originalseiten aus dem Tagebuch von Charlotte Warburg, geborene Oppenheimer;","Photograph of the original pages from the diary of Charlotte Warburg, née Oppenheimer;",Unspecified,יומן|Diary,photography,copy,Charlotte Warburg,,,,
IL-MTFN-001-G-F-0103-002-R0003,IL-MTFN-001-G-F-0103-002,Charlotte Warburg's Diary Pages,"הדפסה דפי היומן של שרלוטה ורבורג; העבודה נעשתה ע""י גב. מרים פולין (2002/2003)",Druck der Tagebuchseiten von Charlotte Warburg; die Arbeit wurde von Frau Miriam Polin durchgeführt (2002/2003),Printing of Charlotte Warburg's diary pages; the work was done by Mrs. Miriam Polin (2002/2003),Hebrew,יומן|Diary,typewriting,copy,Charlotte Warburg,2002-2003,,,
IL-MTFN-001-G-F-0103-002-R0004,IL-MTFN-001-G-F-0103-002,Original Diary of Charlotte and Max Warburg's Daughter,היומן המקורי המקורי המקורי נמצא אצל גב. אוה אינגר (ורבורג) הבת של שרלוטה ומקס ורבורג חיה ברחובות,"Das Originaltagebuch befindet sich bei Frau Ohe Inger (Warburg), der Tochter von Charlotte und Max Warburg, die in Rechovot lebt.","The original diary is with Mrs. Ohe Inger (Warburg), the daughter of Charlotte and Max Warburg, who lives in Rechovot.",Unspecified,יומן|Diary,,original,Ohe Inger (Warburg),,,,
IL-MTFN-001-G-F-0104-001-R0004,IL-MTFN-001-G-F-0104-001,Biographical Stations of Hadassah,"2 עמודים עם תחנות ביוגרפיות של הדסה. עברית הדפסה + כתב יד, ללא תאריך, לא ידוע מי הכותב.","2 Seiten mit biografischen Stationen von Hadassah. Hebräisch Druck + Handschrift, kein Datum, unbekannter Verfasser.","2 pages with biographical stations of Hadassah. Hebrew typewritten + handwritten, no date, unknown author.",Hebrew,רשימות|Personal Notes,typewriting,other,,,,,2
IL-MTFN-001-G-F-0104-001-R0005,IL-MTFN-001-G-F-0104-001,התרשמות הדסה מיהודי 'החלוקה',"חצי עמוד עליו רשמה הדסה את התרשמותה מיהודי 'החלוקה' בצפת, טבריה וירושלים. יהודים אלה חיים מכספי החלוקה, תלוים ביהודי הגלות. אינם עובדים את אדמת הארץ ואין להם קשר אליה. אין בהם לא חרדה ולא ציפיה, הם חיים על זיכרונות בלבד. את התקווה והאומץ שואבים מהחקלאים, הפועלים והנוער בארץ. הגלות הפכה את היהודים לעבדים, אדמת הארץ הופכת אותם לחופשיים.","Eine halbe Seite, auf der Hadassah ihre Eindrücke von den 'Chalukah'-Juden in Safed, Tiberias und Jerusalem notiert hat. Diese Juden leben von den Chalukah-Geldern, abhängig von den Juden der Diaspora. Sie arbeiten nicht das Land und haben keine Verbindung dazu. Sie haben weder Angst noch Hoffnung, sie leben nur von Erinnerungen. Hoffnung und Mut schöpfen sie von den Bauern, Arbeitern und der Jugend im Land. Das Exil hat die Juden zu Sklaven gemacht, das Land macht sie frei.","Half a page on which Hadassah wrote her impressions of the 'Chalukah' Jews in Safed, Tiberias, and Jerusalem. These Jews live off the Chalukah funds, dependent on the Jews of the diaspora. They do not work the land and have no connection to it. They have neither anxiety nor expectation, they live on memories alone. They draw hope and courage from the farmers, workers, and youth in the land. The exile has turned the Jews into slaves, the land makes them free.",Hebrew,רשימות|Personal Notes,handwriting,original,,,,,0.5
IL-MTFN-001-G-F-0104-003-R0002,IL-MTFN-001-G-F-0104-003,Excerpts from Hadassah's Letters to Her Brother Nathan,"קטעים ממכתביה של הדסה אל אחיה נתן. הקטעים לקוחים ממכתבים שנשלחו אליו משהותה הראשונה בפלשתינה, מהשנים 1917/18 את שהתה בקרוסן Crossen גרמניה, מהשנים 1923/24 עת שהותה השניה בפלשתינה. הקטעים הם קטעים נבחרים ואינפורמטיבים. באופטימיות רבה היא מפצירה באחיה לעלות לארץ ישראל ולהיות לחקלאי. במכתביה משנת 1918 היא כותבת מקרוסן על מפגשי 'בלאו-וייס' באים מכל הארץ, הם מתארחים בבתים פרטיים וגם אצלה. רבים מבני הנוער, נערים ונערות, האלה פניהם לחקלאות. ולטר מוזס Walter Moses הקים משרד ליעוץ מקצועי ודואג שהנוער ימצא מגורים מתאימים. כך מצא בהלברשטדט בעל חוה דתי אשר יקח 50 בני נוער וגם הירש ממסינגוורק רוצה להביא אליו בני נוער.","Auszüge aus den Briefen von Hadassah an ihren Bruder Nathan. Die Auszüge stammen aus Briefen, die während ihres ersten Aufenthalts in Palästina in den Jahren 1917/18 an ihn gesendet wurden. Sie hielt sich in Crossen, Deutschland, auf, in den Jahren 1923/24 während ihres zweiten Aufenthalts in Palästina. Die Auszüge sind ausgewählte und informative Abschnitte. Mit großem Optimismus drängt sie ihren Bruder, nach Israel zu kommen und Landwirt zu werden. In ihren Briefen aus dem Jahr 1918 schreibt sie aus Crossen über Treffen der 'Blau-Weiß', die aus dem ganzen Land kommen, sie werden in Privathäusern und auch bei ihr beherbergt. Viele der Jugendlichen, Jungen und Mädchen, wenden sich der Landwirtschaft zu. Walter Moses hat ein Büro für professionelle Beratung eingerichtet und sorgt dafür, dass die Jugendlichen geeignete Unterkünfte finden. So fand er in Halberstadt einen religiösen Hofbesitzer, der 50 Jugendliche aufnehmen wird, und auch Hirsch von Messingwerk möchte Jugendliche zu sich bringen.","Excerpts from the letters of Hadassah to her brother Nathan. The excerpts are taken from letters sent to him during her first stay in Palestine in the years 1917/18. She stayed in Crossen, Germany, in the years 1923/24 during her second stay in Palestine. The excerpts are selected and informative sections. With great optimism, she urges her brother to come to Israel and become a farmer. In her letters from 1918, she writes from Crossen about 'Blau-Weiß' meetings coming from all over the country, they are hosted in private homes and also at her place. Many of the youth, boys and girls, are turning to agriculture. Walter Moses established an office for professional advice and ensures that the youth find suitable accommodations. Thus, he found in Halberstadt a religious farm owner who will take 50 youths, and also Hirsch from Messingwerk wants to bring youths to him.",Hebrew|German,מכתב|Letter,handwriting,original,הדסה,1918,,,
IL-MTFN-001-G-F-0104-003-R0004,IL-MTFN-001-G-F-0104-003,"Letter to Hadassah from Shlomo Weinstein, 1915","אל הדסה מאת הדוד (אח אמה) שלמה ויינשטיין, אמסטרדם. את עלייתה הראשונה לארץ עשתה בליוויו. גרמנית כתב יד, 1915.","An Hadassah von Onkel (Bruder ihrer Mutter) Shlomo Weinstein, Amsterdam. Ihre erste Einwanderung ins Land machte sie in seiner Begleitung. Handschrift auf Deutsch, 1915.","To Hadassah from Uncle (her mother's brother) Shlomo Weinstein, Amsterdam. She made her first immigration to the country accompanied by him. German handwriting, 1915.",German,מכתב|Letter,handwriting,original,Shlomo Weinstein,1915,,,
IL-MTFN-001-G-F-0104-003-R0007,IL-MTFN-001-G-F-0104-003,Life History of Hadassah,"עמוד וחצי עם תולדות החיים של הדסה, נכתבו אחרי מותה. עברית הדפסה, ללא תאריך.","Eineinhalb Seiten mit der Lebensgeschichte von Hadassah, geschrieben nach ihrem Tod. Hebräisch, maschinenschriftlich, ohne Datum.","One and a half pages with the life history of Hadassah, written after her death. Hebrew typewritten, no date.",Hebrew,רשימות|Personal Notes,typewriting,original,הדסה,,,,1.5
IL-MTFN-001-G-F-0104-004-R0002,IL-MTFN-001-G-F-0104-004,Postcard to Moshe Kalwari from Friends in Breslau,"גלויה אל משה קלוורי בקרוסן מאת החברים, שנמצאים בברסלאו. על הגלויה חתומים כ-7 חברים, ניתן לזהות את חתימתו של סמי גרונמן. 1918.","Postkarte an Mosche Kalwari in Kroßen von den Freunden, die sich in Breslau befinden. Auf der Postkarte sind etwa 7 Freunde unterschrieben, die Unterschrift von Sami Gronemann ist erkennbar. 1918.","Postcard to Moshe Kalwari in Kroßen from friends who are in Breslau. About 7 friends have signed the postcard, Sami Gronemann's signature is recognizable. 1918.",Hebrew,גלויה|Postcard,handwriting,original,Moshe Kalwari,1918,,,
IL-MTFN-001-G-F-0104-004-R0004,IL-MTFN-001-G-F-0104-004,Diary by Moshe Kalwari after divorce from Hadassah,"מחברת/יומן שכתב משה קלוורי אחרי הגירושין מהדסה. הכתיבה ביומן מופנית בדר""כ אל הדסה, הוא משוחח איתה. גרמנית כתב יד, 1925.","Notizbuch/Tagebuch, das Moshe Kalwari nach der Scheidung von Hadassah schrieb. Das Schreiben im Tagebuch richtet sich normalerweise an Hadassah, er spricht mit ihr. Handschrift auf Deutsch, 1925.","Notebook/diary written by Moshe Kalwari after the divorce from Hadassah. The writing in the diary is usually addressed to Hadassah, he talks to her. German handwriting, 1925.",German,יומן|Diary,handwriting,original,Moshe Kalwari,1925,,,
IL-MTFN-001-G-F-0104-009-R0002,IL-MTFN-001-G-F-0104-009,"Gideon's Stay in Scheveningen, 1929","אוקטובר 1929, הוא (גדעון בן 10) שוהה אצל הורי הדסה בשבנינגן Scheveningen הולנד ומתגעגע לארץ ישראל. הוא כועס על אמו שאינה באה (נמצאת באירופה לצרכי עבודה) לקחת אותו חזרה לארץ ישראל כי עליו להיות שם לתחילת בלימודים.","Oktober 1929, er (Gideon, 10 Jahre alt) ist bei den Eltern von Hadassah in Scheveningen, Niederlande, und vermisst das Land Israel. Er ist wütend auf seine Mutter, die nicht kommt (sie ist in Europa aus beruflichen Gründen), um ihn zurück nach Israel zu bringen, da er dort zum Schulbeginn sein muss.","October 1929, he (Gideon, 10 years old) is staying with Hadassah's parents in Scheveningen, Netherlands, and misses the Land of Israel. He is angry with his mother for not coming (she is in Europe for work purposes) to take him back to the Land of Israel because he needs to be there for the start of school.",Hebrew,Letter,,original,,1929-10,,,
IL-MTFN-001-G-F-0104-009-R0003,IL-MTFN-001-G-F-0104-009,Letter to Mother about Hanukkah Play,"2 לדצמבר 1929, פותח את מכתבו ב-'אמא יקרה', מספר על התפקיד שקיבל לשחק בהצגה שתועלה בחנוכה ושואל אם היא גם תהיה נוכחת.","2. Dezember 1929, beginnt seinen Brief mit 'Liebe Mama', erzählt von der Rolle, die er in einem Stück spielen soll, das zu Chanukka aufgeführt wird, und fragt, ob sie auch anwesend sein wird.","December 2, 1929, opens his letter with 'Dear Mom', talks about the role he received to play in a play that will be performed during Hanukkah and asks if she will also be present.",Hebrew,מכתב|Letter,handwriting,original,,1929-12-02,,,
IL-MTFN-001-G-F-0104-009-R0004,IL-MTFN-001-G-F-0104-009,Gideon's Letter to His Mother,"11 לדצמבר 1929, גדעון כועס שאמו אינה מבקרת אותו ומאיים, שאם לו תבוא הוא לא ידבר איתה יותר. הוא שמח, שחנוכה מתקרב ומספר שיש לו תפקיד בהצגת חנוכה.","11. Dezember 1929, Gideon ist wütend, dass seine Mutter ihn nicht besucht und droht, dass er nicht mehr mit ihr sprechen wird, wenn sie nicht kommt. Er freut sich, dass Chanukka näher rückt und erzählt, dass er eine Rolle in der Chanukka-Aufführung hat.","December 11, 1929, Gideon is angry that his mother is not visiting him and threatens that if she does not come, he will not speak to her anymore. He is happy that Hanukkah is approaching and mentions that he has a role in the Hanukkah play.",Hebrew,מכתב|Letter,,original,Gideon,1929-12-11,,,
IL-MTFN-001-G-F-0104-009-R0005,IL-MTFN-001-G-F-0104-009,Letter from Gideon to a family member,"6 לספטמבר 1931 (גדעון בן 12), מספר שאכל עם אביו, משה קלווארי, תפוזים 'ממש תפוזים' הוא כותב. החבר שלו, בנימין מאייר Mayer חלה בשנית לכן אין הוא יכול להיות איתו. הוא נמצא הרבה עם אביו ושמח שילך איתו לים. הוא שואל לשלומה ומדוע אינה באה הביתה, הוא מתגעגע אליה.","6. September 1931 (Gideon ist 12), erzählt, dass er mit seinem Vater, Mosche Kalwari, Orangen gegessen hat, 'wirklich Orangen', schreibt er. Sein Freund, Benjamin Mayer, ist erneut krank, daher kann er nicht bei ihm sein. Er ist viel mit seinem Vater zusammen und freut sich, mit ihm ans Meer zu gehen. Er fragt nach ihrem Wohlbefinden und warum sie nicht nach Hause kommt, er vermisst sie.","September 6, 1931 (Gideon is 12), tells that he ate oranges with his father, Moshe Kalwari, 'really oranges' he writes. His friend, Benjamin Mayer, is sick again, so he cannot be with him. He is spending a lot of time with his father and is happy to go to the sea with him. He asks about her well-being and why she is not coming home, he misses her.",Hebrew,מכתב|Letter,handwriting,original,Gideon,1931-09-06,,,
IL-MTFN-001-G-F-0104-009-R0006,IL-MTFN-001-G-F-0104-009,"Letter to Mother, September 23, 1931","23 לספטמבר 1931, פותח את מכתבו ב'אמא יקרה', המכתב מתחיל בעברית ועובר לגרמנית. מספר שצם ביום כיפור ובילה את כל היום בבית הכנסת. מספר נעליו כבר 39 כותב זאת כהוכחה שהוא כבר גדול 'נכון אמא?' הוא שואל. מוסר ד""ש לסבא וסבתא (הוריה של הדסה).","23. September 1931, beginnt seinen Brief mit 'Liebe Mutter', der Brief beginnt auf Hebräisch und wechselt zu Deutsch. Er erzählt, dass er am Jom Kippur gefastet und den ganzen Tag in der Synagoge verbracht hat. Seine Schuhgröße ist bereits 39, er schreibt dies als Beweis, dass er schon groß ist, 'nicht wahr, Mutter?' fragt er. Er grüßt Opa und Oma (die Eltern von Hadassah).","September 23, 1931, opens his letter with 'Dear Mother', the letter starts in Hebrew and switches to German. He mentions that he fasted on Yom Kippur and spent the whole day in the synagogue. His shoe size is already 39, he writes this as proof that he is already grown up, 'right, Mother?' he asks. He sends regards to Grandpa and Grandma (Hadassah's parents).",Hebrew|German,מכתב|Letter,handwriting,original,,1931-09-23,,,
IL-MTFN-001-G-F-0104-010-R0002,IL-MTFN-001-G-F-0104-010,זכרונות גדעון קלוורי 1919-2004,"זכרונות גדעון קלוורי 1919-2004, עברית הדפסה.","Erinnerungen von Gideon Kalvari 1919-2004, Hebräisch, Maschinenschrift.","Memories of Gideon Kalvari 1919-2004, Hebrew, typewritten.",Hebrew,רשימות|Personal Notes,typewriting,original,גדעון קלוורי,,,,
IL-MTFN-001-G-F-0104-012-R0001,IL-MTFN-001-G-F-0104-012,Summary of Letters by Moshe Kalwari,"סיכום למכתבים בעברית, אותם הוא פותח ב: 'ידידתי... משה קלוורי נוסע עם בנו לברלין.' מפגש אקראי עם ביאליק. לקיחת מורה לעברית עבור גדעון, למרות היוקר. הוא מלווה את גדעון לבית ספר עם פנימיה שם ביה""ס Odenheimschule בסביבות העיר הפנהיים Heppenheim, המצפון מציק לו על שהוא משאיר את הבן שם, ללא אבא וללא אמא. הוא חושב על בית היתומים שירצה להקים בארץ ישראל ורואה את הקשיים שנערמים לפניו, ראשית באיזה שפה ידברו עם הילדים, ברור שזאת צריכה להיות עברית אבל, הילדים אינם דוברי עברית.","Zusammenfassung der Briefe auf Hebräisch, die er mit 'Meine Freundin...' beginnt. Mosche Kalwari reist mit seinem Sohn nach Berlin. Zufälliges Treffen mit Bialik. Einen Hebräischlehrer für Gideon nehmen, trotz der Kosten. Er begleitet Gideon zu einer Internatsschule namens Odenheimschule in der Nähe der Stadt Heppenheim. Sein Gewissen plagt ihn, weil er den Sohn dort ohne Vater und Mutter lässt. Er denkt an das Waisenhaus, das er in Israel gründen möchte, und sieht die Schwierigkeiten, die sich ihm in den Weg stellen, insbesondere welche Sprache mit den Kindern gesprochen werden soll. Es ist klar, dass es Hebräisch sein muss, aber die Kinder sprechen kein Hebräisch.","Summary of letters in Hebrew, which he opens with: 'My friend... Moshe Kalwari is traveling with his son to Berlin.' A chance meeting with Bialik. Taking a Hebrew teacher for Gideon, despite the cost. He accompanies Gideon to a boarding school named Odenheimschule near the city of Heppenheim. His conscience bothers him for leaving the son there, without a father and mother. He thinks about the orphanage he wants to establish in Israel and sees the difficulties piling up before him, primarily in which language to speak with the children. It is clear it should be Hebrew, but the children do not speak Hebrew.",Hebrew,מכתב|Letter,handwriting,original,Moshe Kalwari,,,,
IL-MTFN-001-G-F-0104-013-R0001,IL-MTFN-001-G-F-0104-013,Letter about Hadassah's Sisters,"מכתב, שתוכנו גורלן המשפחתי הקשה של שלוש אחיותיה של הדסה: נטלי, אולגה ובקה (רבקה) Natali, Olga, Bekka. המכתב מתייחס במיוחד לנישואין הקשים ובריאותה הרופפת של נטלי. לא כתוב מי הנמען שהמכתב מופנה אליו, אך הוא נתבקש להגיש עזרה כי הוא היחיד שיכול לעשות זאת. אין חתימת כותב, כתב היד יכול אולי להעיד על כך שנכתב ע""י הדסה.","Ein Brief, dessen Inhalt das schwere familiäre Schicksal von Hadassas drei Schwestern betrifft: Natali, Olga und Bekka (Rebecca). Der Brief bezieht sich besonders auf die schwierige Ehe und die schwache Gesundheit von Natali. Es ist nicht angegeben, an wen der Brief gerichtet ist, aber es wird darum gebeten, Hilfe zu leisten, da er der Einzige ist, der dies tun kann. Es gibt keine Unterschrift des Verfassers, die Handschrift könnte darauf hinweisen, dass er von Hadassa geschrieben wurde.","A letter, the content of which concerns the difficult family fate of Hadassah's three sisters: Natali, Olga, and Bekka (Rebecca). The letter particularly refers to Natali's difficult marriage and fragile health. It is not stated to whom the letter is addressed, but assistance is requested as he is the only one who can do so. There is no writer's signature, the handwriting might indicate that it was written by Hadassah.",Hebrew,מכתב|Letter,handwriting,original,Hadassah,,,,
IL-MTFN-001-G-F-0104-013-R0005,IL-MTFN-001-G-F-0104-013,Summary by Karla Wolf,"סיכום בעברית, כתב יד עפרון, נכתב ע""י קרלה וולף.","Zusammenfassung auf Hebräisch, Bleistifthandschrift, geschrieben von Karla Wolf.","Summary in Hebrew, pencil handwriting, written by Karla Wolf.",Hebrew,רשימות|Personal Notes,handwriting,original,קרלה וולף,,,,
IL-MTFN-001-G-F-0104-013-R0006,IL-MTFN-001-G-F-0104-013,Letters from Moshe to Hadassah,"מעטפה עם מכתבים, שכותב משה להדסה אחרי גירושיהם. למכתבים אין תאריכים, גדעון ציין על המעטפה, שהמכתבים נכתבו בין השנים 1933 ו-1943. כתב ידו הגרמני, של משה קשה לקריאה, לא סוכמו בעברית.","Umschlag mit Briefen, die Moshe an Hadassah nach ihrer Scheidung schreibt. Die Briefe sind undatiert, Gideon vermerkte auf dem Umschlag, dass die Briefe zwischen 1933 und 1943 geschrieben wurden. Moshes deutsche Handschrift ist schwer lesbar, nicht ins Hebräische übersetzt.","Envelope with letters that Moshe writes to Hadassah after their divorce. The letters are undated, Gideon noted on the envelope that the letters were written between 1933 and 1943. Moshe's German handwriting is difficult to read, not summarized in Hebrew.",German|Hebrew,מכתב|Letter|מעטפה|Envelope,handwriting,original,Moshe,1933-1943,,,
IL-MTFN-001-G-F-0104-015-R0009,IL-MTFN-001-G-F-0104-015,"Letter from Gertrud, 19.10.1917","19.10.1917 גרטרוד כותבת מפרנקנשטיין Frankenstein, שלזיה. הם היו בברסלאו ופגשו חברים בניהם את אופנהיימר Oppenheimer ובודנהיימר Bodenheimer. היא עובדת כמטפלת בבי""ח צבאי. היה להם חולה, רופא מפלשתינה, שחלה במלריה.","19.10.1917 Gertrud schreibt aus Frankenstein, Schlesien. Sie waren in Breslau und trafen Freunde, darunter Oppenheimer und Bodenheimer. Sie arbeitet als Krankenschwester in einem Militärkrankenhaus. Sie hatten einen Patienten, einen Arzt aus Palästina, der an Malaria erkrankt war.","19.10.1917 Gertrude writes from Frankenstein, Silesia. They were in Breslau and met friends, including Oppenheimer and Bodenheimer. She works as a nurse in a military hospital. They had a patient, a doctor from Palestine, who fell ill with malaria.",Hebrew,מכתב|Letter,handwriting,original,Gertrud,1917-10-19,,,
IL-MTFN-001-G-F-0105-001-R0001,IL-MTFN-001-G-F-0105-001,מידע על משפחתה של חנה הולמה,"דף עם מידע קצר, שכתבה חנה הולמה על משפחתה הגרעינית.","Ein Blatt mit kurzen Informationen, geschrieben von Hanna Holma über ihre Kernfamilie.",A page with brief information written by Hanna Holma about her nuclear family.,Hebrew,רשימות|Personal Notes,handwriting,original,חנה הולמה,,,,
IL-MTFN-001-G-F-0105-001-R0013,IL-MTFN-001-G-F-0105-001,Family Tree of the Bechheimer Family,"צילום, אילן יוחסין של משפחת בכנהיימר, מהעיר רדנאו Röddenau, מהמאה ה-18 עד תחילת המאה ה-20.","Fotografie, Stammbaum der Familie Bechheimer, aus der Stadt Röddenau, vom 18. Jahrhundert bis Anfang des 20. Jahrhunderts.","Photograph, family tree of the Bechheimer family, from the city of Röddenau, from the 18th century to the early 20th century.",Unspecified,תצלום|Photograph,photography,copy,Bechheimer,,,,
IL-MTFN-001-G-F-0110-001-R0001,IL-MTFN-001-G-F-0110-001,1907 Study Book of Chaim Markus Weiss,1907 ספר לימודים עם ההרצאות אותם סיים הסטודנט לרפוא חיים מרקוס וייס באוניברסיטת וינה Meldungsbuch,"1907 Lehrbuch mit den Vorlesungen, die der Medizinstudent Chaim Markus Weiss an der Universität Wien abgeschlossen hat Meldungsbuch",1907 Study book with the lectures completed by the medical student Chaim Markus Weiss at the University of Vienna Meldungsbuch,Hebrew|German,הרצאה|Lecture,print,original,Chaim Markus Weiss,1907,,,
IL-MTFN-001-G-F-0113-004-R0002,IL-MTFN-001-G-F-0113-004,Manuscript for Kulli Weidenfeld's Birthday,"1979, נהריה מנוסקריפת Sich an einen edelen Arzt erinnern כרוך שהגיש ד""ר וולף לקולי וידנפלד ליום הולדתו für Kulli Weidenfeld, zu Ihrem Geburtstag + העתק","1979, Nahariya aus dem Manuskript Sich an einen edlen Arzt erinnern, eingereicht von Dr. Wolf an Kulli Weidenfeld zu Ihrem Geburtstag + Kopie","1979, Nahariya from the manuscript Remembering a Noble Doctor, submitted by Dr. Wolf to Kulli Weidenfeld for her birthday + copy",German|Hebrew,מכתב|Letter,,copy,Dr. Wolf,1979,,,
IL-MTFN-001-G-F-0113-005-R0001,IL-MTFN-001-G-F-0113-005,Dr. Fritz Wolf's Diary,יומן כמעט יומי של דר' פריץ וולפ Aufzeichnungen / Tagebuch 1983;1985; 232 עמודים,Fast tägliches Tagebuch von Dr. Fritz Wolf Aufzeichnungen / Tagebuch 1983;1985; 232 Seiten,Almost daily diary of Dr. Fritz Wolf Notes / Diary 1983;1985; 232 pages,German,יומן|Diary,handwriting,original,Dr. Fritz Wolf,1983,1985,,232
IL-MTFN-001-G-F-0113-006-R0001,IL-MTFN-001-G-F-0113-006,Das letzte Tagebuch,"Das letzte Tagebuch, 1978, 61 עמודים.","Das letzte Tagebuch, 1978, 61 Seiten.","The last diary, 1978, 61 pages.",German,יומן|Diary,,original,,1978,,,61
IL-MTFN-001-G-F-0113-006-R0002,IL-MTFN-001-G-F-0113-006,"Unwritten Diary, 1991","Ungeschriebenes Tagebuch, 1991, 82 עמודים.","Ungeschriebenes Tagebuch, 1991, 82 Seiten.","Unwritten diary, 1991, 82 pages.",German,יומן|Diary,,original,,1991,,,82
IL-MTFN-001-G-F-0113-008-R0002,IL-MTFN-001-G-F-0113-008,Partial Autobiography by Dr. Fritz Wolf,"בתיק התרגום לאנגלית בכתב יד 106 עמודים: אוטוביוגרפיה חלקית שד""ר פריץ וולף כותב אל אחיו אלפרד לארה""ב סקירה של הקורות אותו; 1933 עד מות אשתו הראשונה.","Im Übersetzungsordner ins Englische in Handschrift 106 Seiten: Teilautobiographie, die Dr. Fritz Wolf an seinen Bruder Alfred in die USA schreibt, eine Übersicht über seine Erlebnisse; 1933 bis zum Tod seiner ersten Frau.","In the translation folder to English in handwriting 106 pages: Partial autobiography that Dr. Fritz Wolf writes to his brother Alfred in the USA, an overview of his experiences; 1933 until the death of his first wife.",Hebrew|English,מכתב|Letter,handwriting,original,Dr. Fritz Wolf,1933,,,106
IL-MTFN-001-G-F-0113-009-R0003,IL-MTFN-001-G-F-0113-009,"Jetzt und früher, damals und einst","Jetzt und früher, damals und einst תרגום: עכשיו ולפנים, אז ופעם, 233 עמודים; זכרונות ומחשבות","Jetzt und früher, damals und einst Übersetzung: jetzt und früher, damals und einst, 233 Seiten; Erinnerungen und Gedanken","Now and before, then and once Translation: now and before, then and once, 233 pages; Memories and thoughts",German|Hebrew,ספר|Book,print,original,,,,,233
IL-MTFN-001-G-F-0113-010-R0001,IL-MTFN-001-G-F-0113-010,Manuscript 'Balance' by Ehud Nahri,"Eine Bilanz / Ehud Nahri (Dr. Fritz Wolf) מנוסקריפט מחולק ל 5 ספרים בשם 'מאזן' כאן משתמש ד""ר וולף שוב בפסוידונים; אהוד נהרי. את המנוסקריפט ניתן לראות ולהבין כביוגרפיה מהילדות ועד לזמן הכתיבה 247 עמודים, אין שנה, כפי; הנראה 1984; ספרים 5;","Eine Bilanz / Ehud Nahri (Dr. Fritz Wolf) Manuskript aufgeteilt in 5 Bücher mit dem Namen 'Bilanz'. Hier verwendet Dr. Wolf erneut ein Pseudonym; Ehud Nahri. Das Manuskript kann als Biografie von der Kindheit bis zur Zeit des Schreibens verstanden werden. 247 Seiten, kein Jahr, vermutlich 1984; 5 Bücher;","A Balance / Ehud Nahri (Dr. Fritz Wolf) Manuscript divided into 5 books named 'Balance'. Here Dr. Wolf uses a pseudonym again; Ehud Nahri. The manuscript can be seen and understood as a biography from childhood to the time of writing. 247 pages, no year, apparently 1984; 5 books;",Hebrew,ספר|Book,,original,Ehud Nahri,,1984,,247
IL-MTFN-001-G-F-0113-011-R0001,IL-MTFN-001-G-F-0113-011,Tagebuch des Alters,"Tagebuch des Alters יומן הבגרות ; כתוב במכונת כתיבה בגרמנית, בערך 200 עמודים","Tagebuch des Alters; geschrieben auf einer Schreibmaschine in Deutsch, ungefähr 200 Seiten","Diary of Maturity; typewritten in German, approximately 200 pages",German,יומן|Diary,typewriting,original,,,,,200
IL-MTFN-001-G-F-0113-015-R0002,IL-MTFN-001-G-F-0113-015,Peas and Potato Peels Diary,"Erbsen und Kartoffelschale ; תרגום: אפונה וקליפות תפוח אדמה; הפרוזה ערוכה כיומן; כתיבה יום-יומית; 1993-1994 עמודים לא ממוסםרים, נספרו סה""כ 45 עמודים","Erbsen und Kartoffelschale; Übersetzung: Erbsen und Kartoffelschalen; die Prosa ist als Tagebuch strukturiert; tägliches Schreiben; 1993-1994, unnummerierte Seiten, insgesamt 45 Seiten gezählt","Peas and Potato Peels; Translation: Peas and Potato Peels; the prose is structured as a diary; daily writing; 1993-1994, unnumbered pages, a total of 45 pages counted",Hebrew|German,יומן|Diary,typewriting,original,,1993-1994,,,45
IL-MTFN-001-G-F-0113-015-R0006,IL-MTFN-001-G-F-0113-015,Thoughts and Events 1986,"Gedanken und Geschehnis 1986; תרגום: מחשבות ואירועים 1986 רשימות ביוגרפיה בצורת יומן 1986, עמודים 104","Gedanken und Ereignisse 1986; Übersetzung: Gedanken und Ereignisse 1986 Biographische Notizen in Tagebuchform 1986, Seiten 104","Thoughts and Events 1986; Translation: Thoughts and Events 1986 Biographical notes in diary form 1986, pages 104",German|Hebrew,רשימות|Personal Notes|יומן|Diary,typewriting,original,,1986,,,104
IL-MTFN-001-G-F-0113-017-R0001,IL-MTFN-001-G-F-0113-017,Excerpts from Alfred Wolf's Writings,"Das Fräulein Tochter ; Auszüge aus der Diplomarbeit von Dr. Alfred Wolf; Auszüge aus dem Kriegstagebuch von Dr. Alfred Wolf; Alfred der Bruder von Fritz Wolf 1914;1918; תרגום: הגברת בת. ד""ר פריץ וולף משתמש בקטעי כתיבה של אחיו אלפרד מתוך 1. עבודת הדיפלומה 2. יומן המלחמה 1914-1918; המנוסקריפט נכתב ע""י פריץ ב-1948 בנהריה, 87 עמודים.","Das Fräulein Tochter; Auszüge aus der Diplomarbeit von Dr. Alfred Wolf; Auszüge aus dem Kriegstagebuch von Dr. Alfred Wolf; Alfred der Bruder von Fritz Wolf 1914;1918; Übersetzung: Die Dame Tochter. Dr. Fritz Wolf verwendet Auszüge aus den Schriften seines Bruders Alfred aus 1. der Diplomarbeit 2. dem Kriegstagebuch 1914-1918; Das Manuskript wurde 1948 von Fritz in Nahariya geschrieben, 87 Seiten.","The Lady Daughter; Excerpts from the thesis of Dr. Alfred Wolf; Excerpts from the war diary of Dr. Alfred Wolf; Alfred the brother of Fritz Wolf 1914;1918; Translation: The Lady Daughter. Dr. Fritz Wolf uses excerpts from his brother Alfred's writings from 1. the thesis 2. the war diary 1914-1918; The manuscript was written by Fritz in 1948 in Nahariya, 87 pages.",Hebrew|German,Translated Document|Diary,handwriting,original,Fritz Wolf,1948,,,87
IL-MTFN-001-G-F-0113-017-R0004,IL-MTFN-001-G-F-0113-017,Excerpts from Alfred Wolf's War Diary 1914-1918,"Auszüge aus dem Kriegsbuch von Alfred Wolf 1914-1918 באותה כריכה; תרגום: קטעים מתוך יומן המלחמה של אלפרד וולף 1914-1918, 16 עמודים, אין תאריך;","Auszüge aus dem Kriegsbuch von Alfred Wolf 1914-1918 in derselben Bindung; Übersetzung: Auszüge aus dem Kriegstagebuch von Alfred Wolf 1914-1918, 16 Seiten, kein Datum;","Excerpts from the war book of Alfred Wolf 1914-1918 in the same binding; Translation: Excerpts from the war diary of Alfred Wolf 1914-1918, 16 pages, no date;",German|עברית,מסמך מתורגם|Translated Document,,other,Alfred Wolf,,,,16
IL-MTFN-001-G-F-0113-018-R0007,IL-MTFN-001-G-F-0113-018,Handwritten Notes by Dr. P. Wolf,"מספר דפים עם כתיבת יד בגרמנית של ד""ר פ. וולף",Mehrere Seiten mit handschriftlichen Notizen auf Deutsch von Dr. P. Wolf,Several pages with handwritten notes in German by Dr. P. Wolf,German,רשימות|Personal Notes,handwriting,original,Dr. P. Wolf,,,,
IL-MTFN-001-G-F-0113-020-R0002,IL-MTFN-001-G-F-0113-020,Memories of Jackie Niebock,"Memorien des Jackie Niebock / Gentelman und Frauenjäger; תרגום: זכרונות של ז'קי ניבוק, גנטלמן ורודף נשים, 8 עמודים, אין תאריך;",Erinnerungen des Jackie Niebock / Gentleman und Frauenjäger,"Memories of Jackie Niebock, Gentleman and Womanizer",German|Hebrew,Translated Document,,original,Jackie Niebock,,,,8
IL-MTFN-001-G-F-0113-023-R0005,IL-MTFN-001-G-F-0113-023,Lectures by Dr. Fritz Wolf in Nahariya 1949,"הרצאות של ד""ר פריץ וולף בנהריה 1949, 22 עמודים: Thomas Mann als Humorist, Versuch einer Analyse des Erwählten ; תרגום: תומס מאן כהומוריסט, אנליזה נסיונית לניבחר, 14 עמודים, כפי הנראה גם מ-1949","Vorträge von Dr. Fritz Wolf in Nahariya 1949, 22 Seiten: Thomas Mann als Humorist, Versuch einer Analyse des Erwählten; Übersetzung: Thomas Mann als Humorist, Experimentelle Analyse des Erwählten, 14 Seiten, vermutlich auch von 1949","Lectures by Dr. Fritz Wolf in Nahariya 1949, 22 pages: Thomas Mann as a Humorist, Attempt at an Analysis of the Chosen; Translation: Thomas Mann as a Humorist, Experimental Analysis of the Chosen, 14 pages, presumably also from 1949",German|Hebrew,הרצאה|Lecture,typewriting,original,Dr. Fritz Wolf,1949,1949,,22
IL-MTFN-001-G-F-0113-031-R0003,IL-MTFN-001-G-F-0113-031,Notebook with Lists and Notes,מחברת עם רשימות והערות ;,Notizbuch mit Listen und Anmerkungen,Notebook with lists and notes,Unspecified,פנקס|Notepad,,original,,,,,
IL-MTFN-001-G-F-0113-032-R0003,IL-MTFN-001-G-F-0113-032,Mein Leben in Deutschland vor und unter Hitler,"Mein Leben in Deutschland vor und unter Hitler, Dr. Siegfried Neumann, Nahariya; תרגום: חיי בגרמניה לפני ובזמן היטלר, מאת ד""ר זיגפריד נוימן, נהריה, אין תאריך, אין מספר דפימ.","Mein Leben in Deutschland vor und unter Hitler, Dr. Siegfried Neumann, Nahariya; Übersetzung: Mein Leben in Deutschland vor und während Hitler, von Dr. Siegfried Neumann, Nahariya, kein Datum, keine Seitenzahl.","My Life in Germany Before and During Hitler, Dr. Siegfried Neumann, Nahariya; Translation: My Life in Germany Before and During Hitler, by Dr. Siegfried Neumann, Nahariya, no date, no page number.",German|Hebrew,מסמך מתורגם|Translated Document,,original,Dr. Siegfried Neumann,,,,
IL-MTFN-001-G-F-0113-033-R0023,IL-MTFN-001-G-F-0113-033,David Soloder's Music Notebook and Printed Internet Information,מחברת תווים של דוד סולודר מ 1943 + מידע מודפס מהאינטרנט,Notenbuch von David Soloder aus 1943 + gedruckte Informationen aus dem Internet,David Soloder's music notebook from 1943 + printed information from the internet,Hebrew|Other,תווים|Scores,handwriting,original,David Soloder,1943,,,
IL-MTFN-001-G-F-0113-038-R0005,IL-MTFN-001-G-F-0113-038,List of Classical Records in Nahariya Public Library,"בעברית, רשימת התקליטים הקלאסים בספריה הציבורית בנהריה, אין תאריך;","In Hebräisch, Liste der klassischen Schallplatten in der öffentlichen Bibliothek in Nahariya, kein Datum;","In Hebrew, list of classical records in the public library in Nahariya, no date;",Hebrew,רשימה|List,,original,,,,,
IL-MTFN-001-G-F-0113-038-R0011,IL-MTFN-001-G-F-0113-038,List of Musical Works for Käte Leschnizer,"Für Käte Leschnizer;Tannenbaum; Liste von Musikwerken; תרגום: עבור קטה לשניצר; טננבאום: רשימה של יצירות מוזיקליות, 4 עמודים:","Für Käte Leschnizer; Tannenbaum: Liste von Musikwerken, 4 Seiten","For Käte Leschnizer; Tannenbaum: List of musical works, 4 pages",German|עברית,רשימה|List,typewriting,original,Käte Leschnizer,,,,4
IL-MTFN-001-G-F-0113-038-R0013,IL-MTFN-001-G-F-0113-038,Handwritten Pages and Newspaper Clippings by Dr. P. Wolf,"מספר דפים בכתב ידו של ד""ר פ.וולף, מספר קטעי עיתונות; מחברות עם תווים גם לשירים עבריימ-ישראלים","Mehrere Seiten in der Handschrift von Dr. P. Wolf, mehrere Zeitungsausschnitte; Notizbücher mit Noten auch für hebräisch-israelische Lieder","Several pages in the handwriting of Dr. P. Wolf, several newspaper clippings; notebooks with notes also for Hebrew-Israeli songs",Hebrew|Other,רשימות|Personal Notes|גזיר עיתון|News Clipping,handwriting,original,,,,,
IL-MTFN-001-G-F-0113-039-R0025,IL-MTFN-001-G-F-0113-039,Chico's Diary Excerpt,Aus Chicos Tagebuch: um Mitternacht nan,Aus Chicos Tagebuch: um Mitternacht nan,From Chico's Diary: at Midnight nan,German,יומן|Diary,,original,,,,,
IL-MTFN-001-G-F-0113-040-R0005,IL-MTFN-001-G-F-0113-040,1968 Taxi Ride in Israel,5 עמודים 1968 Taxifahrt in Israel,5 Seiten 1968 Taxifahrt in Israel,5 pages 1968 Taxi ride in Israel,Unspecified,לא מזוהה,,original,,1968,,,5
IL-MTFN-001-G-F-0113-041-R0010,IL-MTFN-001-G-F-0113-041,Lecture by Fritzika Horwitz on Escape from Yugoslavia 1941,"Fritzika Horwitz erzählt aus ihrem Leben Flucht aus Jugoslawien 1941, תרגום: פריציקה הורביץ מספרת מחייה; בריחה מיוגוסלביה 1941, הרצאה אותה נשאה פריצינקה; חברתו לחיים של ד""ר פ. וולף, לפני מועדון כל שהוא בנהריה","Fritzika Horwitz erzählt aus ihrem Leben Flucht aus Jugoslawien 1941, Übersetzung: Fritzika Horwitz erzählt aus ihrem Leben; Flucht aus Jugoslawien 1941, Vortrag gehalten von Fritzika; Lebensgefährtin von Dr. P. Wolf, vor einem Club in Nahariya","Fritzika Horwitz tells from her life Escape from Yugoslavia 1941, Translation: Fritzika Horwitz tells from her life; Escape from Yugoslavia 1941, Lecture given by Fritzika; Life partner of Dr. P. Wolf, before some club in Nahariya",Hebrew|German,הרצאה|Lecture,,original,Fritzika Horwitz,1941,,,
IL-MTFN-001-G-F-0113-041-R0013,IL-MTFN-001-G-F-0113-041,Lecture on Heine by Dr. P. Wolf,"10 עמודים, 1973, Heine, הרצאה על היינה בפני חברי הלוג'ה, הטיוטה גם היא בתיק בכתב ידו של ד""ר פ. וולף","10 Seiten, 1973, Heine, Vortrag über Heine vor den Mitgliedern der Loge, der Entwurf ist ebenfalls in der Akte in der Handschrift von Dr. P. Wolf","10 pages, 1973, Heine, lecture on Heine before the members of the lodge, the draft is also in the file in the handwriting of Dr. P. Wolf",Hebrew|German,הרצאה|Lecture|טיוטה|Draft,handwriting,draft,Heine,1973,,,10
IL-MTFN-001-G-F-0113-041-R0017,IL-MTFN-001-G-F-0113-041,Lectures for Lawak Chamber and Memorial for Deceased Brothers,"1967, 1973, הרצאות עבור לשכת לאו;בק + לזכרם של אחים שנפטרו, הנושאים מתיחסים לחגי ישראל","1967, 1973, Vorträge für die Lawak-Kammer + zum Gedenken an verstorbene Brüder, die Themen beziehen sich auf die jüdischen Feiertage","1967, 1973, Lectures for the Lawak Chamber + in memory of deceased brothers, the topics relate to the Jewish holidays",Hebrew,הרצאה|Lecture,,other,,1967,,,
IL-MTFN-001-G-F-0113-043-R0002,IL-MTFN-001-G-F-0113-043,Draft Notebook of Dr. Wolf,"מחברת טיוטה של ד""ר וולף כתובה בעיברית ובגרמנית; 26 עמודים, 1983","Entwurfheft von Dr. Wolf, geschrieben in Hebräisch und Deutsch; 26 Seiten, 1983","Draft notebook of Dr. Wolf written in Hebrew and German; 26 pages, 1983",Hebrew|German,טיוטה|Draft,handwriting,draft,Dr. Wolf,1983,,,26
IL-MTFN-001-G-F-0113-044-R0001,IL-MTFN-001-G-F-0113-044,Lesebuch für meinen Enkel Manuscript,"עמוד 241;288, 1995;1996, Lesebuch für meinen Enkel ,מתוך ספר קריא לנכד שלי, המנוסקריפט מתחיל בעמוד 241, עמודים קודמים לאנ בנמצא. הכתיבה היא בצורת יומן, מתחילה ב-2 לנובמבר 1995, 2 העתקים הושארו בתיק","Seite 241;288, 1995;1996, Lesebuch für meinen Enkel, aus dem Buch für meinen Enkel, das Manuskript beginnt auf Seite 241, vorherige Seiten sind nicht vorhanden. Das Schreiben ist in Tagebuchform, beginnt am 2. November 1995, 2 Kopien wurden in der Akte hinterlassen.","Page 241;288, 1995;1996, Lesebuch für meinen Enkel, from a reading book for my grandchild, the manuscript starts on page 241, previous pages are not available. The writing is in diary form, starting on November 2, 1995, 2 copies were left in the file.",German,יומן|Diary,,copy,,1995-11-02,,,
IL-MTFN-001-G-F-0113-046-R0001,IL-MTFN-001-G-F-0113-046,Autobiography Part II,"אוטוביוגרפיה חלק II, סה""כ 1056 עמודים","Autobiografie Teil II, insgesamt 1056 Seiten","Autobiography Part II, total 1056 pages",Unspecified,ספר|Book,,original,,,,,1056
IL-MTFN-001-G-F-0113-047-R0001,IL-MTFN-001-G-F-0113-047,Mein Kriegstagebuch by Alfred Wolf,"יומן המלחמה שלי, 1920; אלפרד וולף, Mein Kriegstagebuch; Alfred Wolf, מתיחס למלחמת עולם I. כתוב בגרמנית במכונת כתיבה וכרוך בצורה מפוארת. בפנים הכריכה אקסליבריס עם ציון השנה 1920 והשם טרודה ויקטור; Trude Victor; יתכן שזה שם אישתו שמאוחר יותר קוראת לעצמה ויקטוריה","Mein Kriegstagebuch, 1920; Alfred Wolf, Mein Kriegstagebuch; Alfred Wolf, bezieht sich auf den Ersten Weltkrieg. In deutscher Sprache auf Schreibmaschine geschrieben und aufwendig gebunden. Im Inneren des Einbands Exlibris mit der Jahresangabe 1920 und dem Namen Trude Victor; Trude Victor; möglicherweise der Name seiner Frau, die sich später Victoria nennt.","My War Diary, 1920; Alfred Wolf, Mein Kriegstagebuch; Alfred Wolf, refers to World War I. Written in German on a typewriter and luxuriously bound. Inside the cover is an ex-libris with the year 1920 and the name Trude Victor; Trude Victor; possibly the name of his wife who later calls herself Victoria.",German,יומן|Diary,typewriting,original,Alfred Wolf,1920,,,
IL-MTFN-001-G-F-0113-049-R0001,IL-MTFN-001-G-F-0113-049,Speech at Jonathan's Bar Mitzvah 1999,Rede an der Bar;Mizwa Jonathan 1999,Rede zur Bar Mizwa von Jonathan 1999,Speech at Jonathan's Bar Mitzvah 1999,Unspecified,נאום|Speech,,original,Jonathan,1999,,,
IL-MTFN-001-G-F-0113-049-R0005,IL-MTFN-001-G-F-0113-049,For Bella Bachmann 1972,Fuer Bella bachmnn 1972,Für Bella Bachmann 1972,For Bella Bachmann 1972,German,Letter,,original,Bella Bachmann,1972,,,
IL-MTFN-001-G-F-0113-049-R0008,IL-MTFN-001-G-F-0113-049,For Erich Reich 1956,Fuer Erich reich 1956,Für Erich Reich 1956,For Erich Reich 1956,Unspecified,Letter,,original,Erich Reich,1956,,,
IL-MTFN-001-G-F-0113-049-R0022,IL-MTFN-001-G-F-0113-049,For Hilde Stiel from E. Weidenfeld,Fuer Hilde Stiel von E. Weidenfeld 1972,Für Hilde Stiel von E. Weidenfeld 1972,For Hilde Stiel from E. Weidenfeld 1972,German,Letter,,original,Hilde Stiel,1972,,,
IL-MTFN-001-G-F-0113-050-R0030,IL-MTFN-001-G-F-0113-050,Fuer Dich 1970 Copy,Fuer Dich 1970 העתק,Für Dich 1970 Kopie,For You 1970 Copy,German,לא מזוהה,,copy,,1970,,,
IL-MTFN-001-G-F-0113-050-R0041,IL-MTFN-001-G-F-0113-050,For Papa and Alfred 1936,Fuer Papa und Alfred 1936,Für Papa und Alfred 1936,For Papa and Alfred 1936,Unspecified,Letter,,original,,1936,,,
IL-MTFN-001-G-F-0113-055-R0001,IL-MTFN-001-G-F-0113-055,List of Works by Dr. P. Wolf,"רשימה (צילום) יצירותיו של ד""ר פ. וולף",Liste (Fotografie) der Werke von Dr. P. Wolf,List (photograph) of the works of Dr. P. Wolf,Unspecified,רשימה|List,,copy,Dr. P. Wolf,,,,
IL-MTFN-001-G-F-0113-062-R0003,IL-MTFN-001-G-F-0113-062,Strauss Family Members,כל בני משפ. שטראוס,Alle Mitglieder der Familie Strauss,All members of the Strauss family,Unspecified,רשימה|List,,other,שטראוס,,,,
IL-MTFN-001-G-F-0113-062-R0008,IL-MTFN-001-G-F-0113-062,Stef Wertheimer,"וזאב, סטף ורטהיימר","Und Wolf, Stef Wertheimer","And Wolf, Stef Wertheimer",Unspecified,לא מזוהה,,other,Stef Wertheimer,,,,
IL-MTFN-001-G-F-0113-064-R0005,IL-MTFN-001-G-F-0113-064,Lists and Letter to Marina,"בלי תאריך, רשימות של פרשות תנ""ך, רשימת תמונות, מכתב למרינה","Ohne Datum, Listen von biblischen Geschichten, Bildliste, Brief an Marina","No date, lists of Bible stories, list of pictures, letter to Marina",Hebrew|Other,רשימות|Personal Notes|מכתב|Letter,,other,,,,,
IL-MTFN-001-G-F-0113-064-R0008,IL-MTFN-001-G-F-0113-064,Personal Letters from Fritz Wolf,"1950;1970, מכתבים אישיים מאת פריץ וולף לאנשים שונים - תיק 2","1950;1970, persönliche Briefe von Fritz Wolf an verschiedene Personen - Akte 2","1950;1970, personal letters from Fritz Wolf to various people - File 2",Hebrew|German,מכתב|Letter,typewriting,original,Fritz Wolf,1950,1970,,
IL-MTFN-001-G-F-0113-064-R0009,IL-MTFN-001-G-F-0113-064,Personal Letters to Fritz Wolf,"1940;1970, מכתבים אישיים אל פריץ וולף מאנשים שונים","1940;1970, persönliche Briefe an Fritz Wolf von verschiedenen Personen","1940;1970, personal letters to Fritz Wolf from various people",Hebrew|German|Other,מכתב|Letter,typewriting,original,Fritz Wolf,1940,1970,,
IL-MTFN-001-G-F-0126-001-R0001,IL-MTFN-001-G-F-0126-001,Jewish Birth Records from Kruschwitz,"צילומים של רשימת לידות יהודיות מהעיר קרושוויץ Kruschwitz, בה נרשמה לידתו של הרמן Herrmann.","Fotografien einer Liste jüdischer Geburten aus der Stadt Kruschwitz, in der die Geburt von Hermann verzeichnet ist.","Photographs of a list of Jewish births from the city of Kruschwitz, where the birth of Hermann is recorded.",Hebrew|German,רשימה|List,photography,copy,Herrmann,,,,
IL-MTFN-001-G-F-0128-001-R0001,IL-MTFN-001-G-F-0128-001,"Target Booklet of Reservist Solomon, 1882",ספרון קליעה למטרה של חייל המילואים סולמון מ-1882 חיל רגלים בפוזן.,"Zielbuch des Reservisten Solomon von 1882, Infanterie in Posen.","Target booklet of reservist Solomon from 1882, infantry in Posen.",Hebrew|German,חוברת|Booklet,print,original,Solomon,1882,,,
IL-MTFN-001-G-F-0128-001-R0003,IL-MTFN-001-G-F-0128-001,"Birth List of Jews from Görlitz, 1895","1895, רשימת לידה של יהודים מהעיר גורליץ Görlitz, נרשם שם 1860 נולד בן לסוחר סלומון מהעיר Rauscha ולאישתו לינה Lina לבית מנדרסאוזן Mendershausen, לבן קוראים מקס; Max.","1895, Geburtsliste von Juden aus der Stadt Görlitz, es wird erwähnt, dass 1860 ein Sohn des Kaufmanns Salomon aus der Stadt Rauscha und seiner Frau Lina geb. Mendershausen geboren wurde, der Sohn heißt Max.","1895, Birth list of Jews from the city of Görlitz, it is recorded that in 1860 a son was born to the merchant Salomon from the city of Rauscha and his wife Lina née Mendershausen, the son's name is Max.",Hebrew|German,רשימה|List,,original,,1895,,,
IL-MTFN-001-G-F-0129-001-R0002,IL-MTFN-001-G-F-0129-001,Information about Anna Kramentsky,3 דפים מידע על אנה קרמנצקי.,3 Seiten Informationen über Anna Kramentsky.,3 pages of information about Anna Kramentsky.,Unspecified,רשימות|Personal Notes,,other,Anna Kramentsky,,,,3
IL-MTFN-001-G-F-0132-001-R0004,IL-MTFN-001-G-F-0132-001,Military Notebooks of Zelig for Zervois Cohen,"2 פנקסים צבאיים של זליג, לצרויס כהן, יליד 1878","2 Militärhefte von Zelig, für Zervois Cohen, geboren 1878","2 military notebooks of Zelig, for Zervois Cohen, born 1878",Hebrew,פנקס|Notepad,,original,Zervois Cohen,,,,
IL-MTFN-001-G-F-0133-001-R0001,IL-MTFN-001-G-F-0133-001,Memory Book of Jenny Bear,"ספר זכרונות Poesie Album של נערה בשם ג'ני בר Jenny Bear (השם חרוט על כריכת הספר בזהב), הכתיבה בתוך הספר 1862;1873; מתוך הכתוב בספר ניתן להבין שגני למדה בפנימיה בפוזן Posen עד 1863 אצל גברת בשם הנריאטה היילברון Henriette Heilbronn; בספר כותבות חברותיה בפנימיה כשהן מוסיפות גם את תמונותיהן (בבגדים, כובעים ותסרוקות של אותה תקופה) לא כל התמונות השתמרו. הכתיבה;הקדש האחרונה בספר נכתבה ע""י אגתה בר Agathe Baer בשנת 1873 וזאת לרגל מסיבה שנערכה לכבוד חתונתה של ג'ני;","Poesiealbum von einem Mädchen namens Jenny Bear (der Name ist in Gold auf dem Einband des Buches eingraviert), geschrieben im Buch 1862; 1873; aus dem Inhalt des Buches geht hervor, dass Jenny bis 1863 in einem Internat in Posen bei einer Frau namens Henriette Heilbronn lernte; im Buch schreiben ihre Freundinnen aus dem Internat und fügen auch ihre Fotos hinzu (in Kleidung, Hüten und Frisuren jener Zeit), nicht alle Fotos sind erhalten geblieben. Die letzte Widmung im Buch wurde 1873 von Agathe Baer anlässlich einer Party zu Ehren von Jennys Hochzeit geschrieben.","Memory book Poesie Album of a girl named Jenny Bear (the name is engraved in gold on the cover of the book), writing inside the book 1862; 1873; from the writing in the book it can be understood that Jenny studied at a boarding school in Posen until 1863 with a lady named Henriette Heilbronn; in the book her friends from the boarding school write and also add their photos (in clothes, hats, and hairstyles of that period), not all the photos have been preserved. The last dedication in the book was written by Agathe Baer in 1873 on the occasion of a party held in honor of Jenny's wedding.",Hebrew|German,ספר זכרונות|Memory Book,handwriting,original,Jenny Bear,1862,,,
IL-MTFN-001-G-F-0133-001-R0002,IL-MTFN-001-G-F-0133-001,Memory Book of Ella Reinmann,"ספר זכרונות של אלה ריינמן Ella Reinmann לבית ריינמן 1906;1994 ממינכן בנישואין ראשונים לפרנץ אבשטיין 1888;1931 Franz Ebstein ממינכן. מנשואין אלה קורט ופנחס ;רודן. בנשואין שניים: הנס ריינמן 1981;1901, ממינכן","Erinnerungsbuch von Ella Reinmann, geborene Reinmann, 1906;1994 aus München, in erster Ehe mit Franz Ebstein 1888;1931 aus München. Aus dieser Ehe Kurt und Pinchas; Rodan. In zweiter Ehe: Hans Reinmann 1981;1901, aus München.","Memory book of Ella Reinmann, née Reinmann, 1906;1994 from Munich, in first marriage to Franz Ebstein 1888;1931 from Munich. From this marriage Kurt and Pinchas; Rodan. In second marriage: Hans Reinmann 1981;1901, from Munich.",Hebrew|German,ספר זכרונות|Memory Book,,original,Ella Reinmann,,,,
IL-MTFN-001-G-F-0136-001-R0001,IL-MTFN-001-G-F-0136-001,Memory Book by Hans Schmel,"ספר זכרונות שכתב הנס שמל, מודפס בעברית וכרוך, עשה זאת עבור צאציו. בספר תמונות משפחתיות ותעודות (צילומים)מהתקופה בגרמניה ובארץ. בין היתר כותב, הנס שמל, פרק בנושא הקשיים שהיו לו להנשא לרנה, מאחר ואמו התגיירה בברלין. הרבנות לא הכירה ביהדות האם בגלל שלא יכולה להראות תעודות; התעודות הלכו לעיבוד בגרמניה. הנס שמל נהל 'מלחמה' כנגד הרבנות וגם ניצח; יש תעוד בצילומי מאמרים שהוסיף לספר.","Ein Erinnerungsbuch, das von Hans Schmel geschrieben, auf Hebräisch gedruckt und gebunden wurde, hat er für seine Nachkommen erstellt. Im Buch befinden sich Familienfotos und Dokumente (Fotografien) aus der Zeit in Deutschland und im Land. Unter anderem schreibt Hans Schmel ein Kapitel über die Schwierigkeiten, die er hatte, Renée zu heiraten, da seine Mutter in Berlin konvertiert war. Das Rabbinat erkannte das Judentum der Mutter nicht an, weil sie keine Dokumente vorlegen konnte; die Dokumente gingen in Deutschland verloren. Hans Schmel führte einen 'Krieg' gegen das Rabbinat und gewann auch; es gibt Dokumentationen in Form von Artikelfotos, die er dem Buch hinzugefügt hat.","A memory book written by Hans Schmel, printed in Hebrew and bound, was made for his descendants. The book contains family photos and documents (photographs) from the period in Germany and in the country. Among other things, Hans Schmel writes a chapter about the difficulties he had in marrying Renée, as his mother converted in Berlin. The rabbinate did not recognize the mother's Judaism because she could not show documents; the documents were lost in Germany. Hans Schmel waged a 'war' against the rabbinate and also won; there is documentation in the form of article photos that he added to the book.",Hebrew|German,ספר זכרונות|Memory Book,print,original,Hans Schmel,,,,
IL-MTFN-001-G-F-0136-001-R0002,IL-MTFN-001-G-F-0136-001,Franz Kauder's Diary Pages and Family Photos,"1933, צילומים של דפי יומן שנהל פרנץ קאוצר בדרך לפלשתינה ובהיותו בגבעת ברנר; גרמנית, מודפס. סה""כ 7 עמודים: תרגום לעברית של דפי יומן פרנץ קאודר, שנעשה ע""י בתו רנה + תמונות משפחתיות","1933, Fotografien von Tagebuchseiten, die Franz Kauder auf dem Weg nach Palästina und in Givat Brenner führte; Deutsch, gedruckt. Insgesamt 7 Seiten: Übersetzung der Tagebuchseiten von Franz Kauder ins Hebräische, angefertigt von seiner Tochter Rena + Familienfotos","1933, Photographs of diary pages kept by Franz Kauder on the way to Palestine and in Givat Brenner; German, printed. Total 7 pages: Hebrew translation of Franz Kauder's diary pages, made by his daughter Rena + family photos",German|עברית,יומן|Diary|תצלום|Photograph|מסמך מתורגם|Translated Document,photography,copy,Franz Kauder,1933,,,7
IL-MTFN-001-G-F-0139-001-R0002,IL-MTFN-001-G-F-0139-001,מכתב של גברת להב על הוריה,מכתב בעברית שגברת להב כתבה עם הסבר קצר על הוריה.,"Ein Brief auf Hebräisch, den Frau Lehav geschrieben hat, mit einer kurzen Erklärung über ihre Eltern.",A letter in Hebrew that Mrs. Lehav wrote with a brief explanation about her parents.,Hebrew,מכתב|Letter,handwriting,original,גברת להב,,,,
IL-MTFN-001-G-F-0141-001-R0001,IL-MTFN-001-G-F-0141-001,Memory Book by Mrs. Pinner,"ספר זכרונות שכתבה גב פינר על ואל משפחתה. הספר בעברית, מחולק ל;2 פרקימ- 1. ילדות בגרמניה; 2. הטרנספורט התקוע על נהר הדנובה, במחצית השניה של הספר מסופר על העלייה הארוכה לא""י בין היתר שהות ארוכה ביוגוסלביה, מגורים של חצי שנה על האוניה ""אורנוס""; בספר יש התייחות למקומות Breslau, Posnan, Beuthen;","Ein Erinnerungsbuch, das Frau Pinner über und für ihre Familie geschrieben hat. Das Buch ist auf Hebräisch und in zwei Kapitel unterteilt: 1. Kindheit in Deutschland; 2. Der gestrandete Transport auf der Donau. In der zweiten Hälfte des Buches wird über die lange Einwanderung nach Eretz Israel berichtet, einschließlich eines langen Aufenthalts in Jugoslawien und eines sechsmonatigen Aufenthalts auf dem Schiff 'Uranus'. Im Buch wird auf die Orte Breslau, Posnan, Beuthen eingegangen.","A memory book written by Mrs. Pinner about and for her family. The book is in Hebrew, divided into two chapters: 1. Childhood in Germany; 2. The stranded transport on the Danube River. In the second half of the book, the long immigration to Eretz Israel is described, including a long stay in Yugoslavia and a six-month residence on the ship 'Uranus'. The book refers to the places Breslau, Posnan, Beuthen.",Hebrew,ספר זכרונות|Memory Book,,original,Pinner Family,,,,
IL-MTFN-001-G-F-0141-001-R0002,IL-MTFN-001-G-F-0141-001,Letters from Hanna Finner's Mother to Yugoslavia,"צילומים: מכתבים שכתבה אמה של חנה פינר;וינר מברסלאו ליוגוסלביה שם נמצאת הבת במסגרת קבוצת נוער בדרכה לפלסטינה. הקבוצה ""נתקעה"" ביוגוסלביה וארך זמן יע שיכולה להמשיך בדרכה לפלסטינה. במחנה בחוגוסלביה חוגגת הבת חנה את יום הולדתה ה-17 האוקטובר 1940; המכתבים 1940/1941 האם גרה אצל הדוד של חנה ועוזרת במשפחה. אביה של חנה עזב את גרמניה ב-1938 לאנגליה, אחרי שהיה עצור והוכרח לעזוב. המכתבים הם מכתבי אם הדואגת לבתה;","Fotos: Briefe, die die Mutter von Hanna Finner; Wiener aus Breslau nach Jugoslawien schrieb, wo sich die Tochter im Rahmen einer Jugendgruppe auf dem Weg nach Palästina befand. Die Gruppe ""steckte"" in Jugoslawien fest und es dauerte eine Weile, bis sie ihre Reise nach Palästina fortsetzen konnte. Im Lager in Jugoslawien feiert die Tochter Hanna ihren 17. Geburtstag im Oktober 1940; die Briefe 1940/1941. Die Mutter lebt bei Hannas Onkel und hilft der Familie. Hannas Vater verließ Deutschland 1938 nach England, nachdem er inhaftiert war und gezwungen wurde, das Land zu verlassen. Die Briefe sind Briefe einer Mutter, die sich um ihre Tochter sorgt.","Photographs: Letters written by Hanna Finner's mother; Wiener from Breslau to Yugoslavia where the daughter is with a youth group on her way to Palestine. The group ""got stuck"" in Yugoslavia and it took some time before they could continue their journey to Palestine. In the camp in Yugoslavia, the daughter Hanna celebrates her 17th birthday in October 1940; the letters 1940/1941. The mother lives with Hanna's uncle and helps the family. Hanna's father left Germany in 1938 for England after being detained and forced to leave. The letters are letters from a mother concerned for her daughter.",Hebrew,מכתב|Letter,,copy,חנה פינר,1940,,,
IL-MTFN-001-G-F-0143-004-R0001,IL-MTFN-001-G-F-0143-004,Memory Books of Arna Cohen,שני ספרי זכרונות של ארנה כהן; 1925;1928,Zwei Erinnerungsbücher von Arna Cohen; 1925; 1928,Two memory books of Arna Cohen; 1925; 1928,Hebrew,ספר זכרונות|Memory Book,,original,Arna Cohen,1925,,,
IL-MTFN-001-G-F-0143-004-R0002,IL-MTFN-001-G-F-0143-004,Memory Book of Lotte Gliksman,"ספר זכרונות של לוטה גליקסמן, בתה של ארנה כהן","Erinnerungsbuch von Lotte Gliksman, Tochter von Erna Cohen","Memory book of Lotte Gliksman, daughter of Erna Cohen",Hebrew,ספר זכרונות|Memory Book,,original,Lotte Gliksman,,,,
IL-MTFN-001-G-F-0145-003-R0001,IL-MTFN-001-G-F-0145-003,Military Booklet of Julius Ehrlich,פנקס צבאי Soldbuch של יוליוס ארליך Julius Ehrlich.,Militärbuch Soldbuch von Julius Ehrlich.,Military booklet Soldbuch of Julius Ehrlich.,German,פנקס|Notepad,,original,Julius Ehrlich,,,,
IL-MTFN-001-G-F-0146-001-R0001,IL-MTFN-001-G-F-0146-001,Diary of Erich Schwartz,"1915/1916, יומן שהתחיל לכבוב אריך שוורץ; יהודי ממשפחה דתית עלה לישראל ב 31.12.1920 ובשלב ראשון הצטרף לייבוש ביצות בחדרה בהיותו בארץ נשלח להדריך נוער ברודגס בגרמניה. מאוחר יותר היתישב בפתח תקווה, שם נפטר.; השתתף במלחמ""ע I; ביומן הוא מתאר את חייו ומשתמש בדברי חכמים יהודים, מצטט בעברית באותיות לטיניות","1915/1916, Tagebuch, das Erich Schwartz zu führen begann; Jude aus einer religiösen Familie, wanderte am 31.12.1920 nach Israel aus und schloss sich zunächst der Trockenlegung der Sümpfe in Hadera an. Während seines Aufenthalts im Land wurde er nach Deutschland geschickt, um Jugendliche in Rodges zu unterrichten. Später ließ er sich in Petach Tikva nieder, wo er verstarb.; nahm am Ersten Weltkrieg teil; im Tagebuch beschreibt er sein Leben und verwendet die Worte jüdischer Weiser, zitiert auf Hebräisch in lateinischen Buchstaben.","1915/1916, Diary started by Erich Schwartz; a Jew from a religious family, immigrated to Israel on 31.12.1920 and initially joined the swamp drainage in Hadera. While in the country, he was sent to instruct youth in Rodges, Germany. Later, he settled in Petach Tikva, where he passed away.; participated in WWI; in the diary, he describes his life and uses the words of Jewish sages, quoting in Hebrew with Latin letters.",Hebrew|German,יומן|Diary,handwriting,original,Erich Schwartz,1915,,,
IL-MTFN-001-G-F-0147-002-R0001,IL-MTFN-001-G-F-0147-002,Lecture by Israel Shiloni on David Wolffsohn,"הרצאתו של ישראל שילוני על חייו של דוד וולפסון בשפות גרמנית, אנגלית ועברית","Israels Shilonis Vortrag über das Leben von David Wolffsohn in den Sprachen Deutsch, Englisch und Hebräisch","Israel Shiloni's lecture on the life of David Wolffsohn in German, English, and Hebrew",Hebrew|English|German,הרצאה|Lecture,,original,David Wolffsohn,,,,
IL-MTFN-001-G-F-0149-001-R0004,IL-MTFN-001-G-F-0149-001,Family Tree with Hebrew Words in German,"אילן יוחסין; התווסף ב-13.02.2011 (נשלח בדוא""ל); 2 עמ' עם מילים עבריות שנכנסו לשפה הגרמנית כפי שהשתמשו יהודי דרום גרמניה. החומר כתוב גרמנית.","Stammbaum; hinzugefügt am 13.02.2011 (per E-Mail gesendet); 2 Seiten mit hebräischen Wörtern, die in die deutsche Sprache eingegangen sind, wie sie von den Juden Süddeutschlands verwendet wurden. Das Material ist auf Deutsch geschrieben.",Family tree; added on 13.02.2011 (sent by email); 2 pages with Hebrew words that entered the German language as used by the Jews of Southern Germany. The material is written in German.,German|Hebrew,לא מזוהה,,original,,,2011-02-13,,2
IL-MTFN-001-G-F-0149-001-R0005,IL-MTFN-001-G-F-0149-001,רשימות תפילה של לוזר/אליעזר רוזנבאום,"הסבא של רות מקובר, לוזר/אליעזר רוזנבאום/בר משה, רשם משנת 1933;1938 ב-9 באב בספר התפילה שלו את המצב ההולך ומתדרדר, עבור היהודים, בגרמניה וסיים תמיד את רשימותיו עם התקווה לעלייה לארץ ישראל.","Der Großvater von Ruth Makover, Luzer/Eliezer Rosenbaum/Bar Mosche, schrieb von 1933 bis 1938 am 9. Aw in seinem Gebetbuch über die sich verschlechternde Situation für die Juden in Deutschland und beendete immer seine Aufzeichnungen mit der Hoffnung auf eine Einwanderung nach Eretz Israel.","Ruth Makover's grandfather, Luzer/Eliezer Rosenbaum/Bar Moshe, recorded from 1933;1938 on the 9th of Av in his prayer book the worsening situation for Jews in Germany and always ended his notes with the hope of immigrating to the Land of Israel.",Hebrew,רשימות|Personal Notes,handwriting,original,לוזר/אליעזר רוזנבאום/בר משה,1933,,,
IL-MTFN-001-G-F-0149-001-R0008,IL-MTFN-001-G-F-0149-001,Ruth Makover's Research on the Wertensleben Family,"באנגלית, רות מקובר כותבת על התחכותה אחרי משפחת ורטנסלבן, מאבותיה, בגרמניה. משפחת ורטנסלבן היתה משפחת אצולה ועדיין לא ברור לרות מקובר איך נוצר הענף היהודי של המשפחה. אנגלית הדפסה.","Auf Englisch schreibt Ruth Makover über ihre Nachforschungen über die Familie Wertensleben, ihre Vorfahren, in Deutschland. Die Familie Wertensleben war eine Adelsfamilie und es ist Ruth Makover noch unklar, wie der jüdische Zweig der Familie entstanden ist. Englisch Schreibmaschine.","In English, Ruth Makover writes about her tracing of the Wertensleben family, her ancestors, in Germany. The Wertensleben family was a noble family and it is still unclear to Ruth Makover how the Jewish branch of the family was formed. English typewritten.",English,Letter,typewriting,original,Ruth Makover,,,,
IL-MTFN-001-G-F-0149-001-R0011,IL-MTFN-001-G-F-0149-001,Service in the Haganah,"4 עמ' על שרותה בהגנה, עברית הדפסה.","4 Seiten über ihren Dienst in der Haganah, Hebräisch, Maschinenschrift.","4 pages about her service in the Haganah, Hebrew, typewritten.",Hebrew,Letter,typewriting,original,,,,,4
IL-MTFN-001-G-F-0150-001-R0003,IL-MTFN-001-G-F-0150-001,Fake ID of Emil Caro,"צילום ת.ז. מזויפת של האב הביולוגי של חיים קראו; התורם. אמיל קארו; Emil Caro ניצל בשואה בעקבות קשריו אל אישה גרמניה חלהלן תעודתו המזוייפת ע""ש אריך קולין Erich Colin, הנ""ל גדל זקן דכי חטשטש זהותו.","Foto eines gefälschten Personalausweises des biologischen Vaters von Chaim Karu; der Spender. Emil Caro; Emil Caro überlebte den Holocaust aufgrund seiner Verbindungen zu einer deutschen Frau. Hier ist sein gefälschter Ausweis auf den Namen Erich Colin. Der oben genannte ließ sich einen Bart wachsen, um seine Identität zu verschleiern.",Photo of a fake ID of Chaim Karu's biological father; the donor. Emil Caro; Emil Caro survived the Holocaust due to his connections to a German woman. Here is his fake ID in the name of Erich Colin. The aforementioned grew a beard to obscure his identity.,German|Hebrew,תצלום|Photograph,photography,copy,Emil Caro,,,,
IL-MTFN-001-G-F-0152-001-R0002,IL-MTFN-001-G-F-0152-001,Personal Interview with Chaim Victor,"ראיון אישי/כתוב, עם חיים ויקטור.",Persönliches/geschriebenes Interview mit Chaim Victor.,Personal/written interview with Chaim Victor.,Hebrew,Interview,,original,Chaim Victor,,,,
IL-MTFN-001-G-F-0152-001-R0005,IL-MTFN-001-G-F-0152-001,Pages in Memory of Chaim Victor,דפים בעברית לזכרו של חיים ויקטור.,Seiten auf Hebräisch zum Gedenken an Chaim Victor.,Pages in Hebrew in memory of Chaim Victor.,Hebrew,לא מזוהה,,other,Chaim Victor,,,,
IL-MTFN-001-G-F-0155-001-R0001,IL-MTFN-001-G-F-0155-001,Family tree of R. Moses Witzenhausen,Stammbaum des R. Moses Witzenhausen; Frenkel. Vorfahren und Nachkommen;. אילן יוחסין של ר. מוזס ויצנהאוזן; פרנקל; אבות וצאצאים.,Stammbaum des R. Moses Witzenhausen; Frenkel. Vorfahren und Nachkommen.,Family tree of R. Moses Witzenhausen; Frenkel; Ancestors and Descendants.,German|Hebrew,לא מזוהה,,original,,,,,
IL-MTFN-001-G-F-0155-001-R0002,IL-MTFN-001-G-F-0155-001,Lucie Mandelstam Memories,Lucie Mandelstam; Erinnerungen; לוסי מנדלשטם; זכרונות.,Lucie Mandelstam; Erinnerungen,Lucie Mandelstam; Memories,German|Hebrew,לא מזוהה,,original,Lucie Mandelstam,,,,
IL-MTFN-001-G-F-0155-001-R0003,IL-MTFN-001-G-F-0155-001,Family Tree of the Stern Family,Stammtafel der Familie Stern; אילן יוחסין של משפחת שטרן.,Stammbaum der Familie Stern,Family tree of the Stern family,Hebrew,לא מזוהה,,original,Stern,,,,
IL-MTFN-001-G-F-0161-001-R0005,IL-MTFN-001-G-F-0161-001,Registration at Symposium on German Jewish Heritage,"1985, רישום של דוסח בסימפוזיון על מורשת יהדות גרמניה","1985, Registrierung von Dossach im Symposium über das Erbe des deutschen Judentums","1985, Registration of Dossach at the symposium on the heritage of German Jewry",Hebrew|German,רשימה|List,handwriting,original,,1985,,,
IL-MTFN-001-G-F-0161-001-R0008,IL-MTFN-001-G-F-0161-001,Memories of Otto Warburg by Hanna Lesch,זיכרונות על סבא שלה אוטו ורבורג כתבה חנה לש,"Erinnerungen an ihren Großvater Otto Warburg, geschrieben von Hanna Lesch","Memories of her grandfather Otto Warburg, written by Hanna Lesch",Hebrew,רשימות|Personal Notes,,original,Otto Warburg,,,,
IL-MTFN-001-G-F-0161-001-R0011,IL-MTFN-001-G-F-0161-001,Notes on Otto Warburg Lecture,"הערות של ישראל שילוני להרצאתו על א. ורבורג 'אוטו ורבורג, הנשיא הנשכח של נהריה'","Anmerkungen von Israel Shiloni zu seinem Vortrag über A. Warburg 'Otto Warburg, der vergessene Präsident von Nahariya'","Notes by Israel Shiloni for his lecture on A. Warburg 'Otto Warburg, the forgotten president of Nahariya'",Hebrew,הרצאה|Lecture,handwriting,original,Israel Shiloni,,,,
IL-MTFN-001-G-F-0163-001-R0001,IL-MTFN-001-G-F-0163-001,Memories of Dr. Max Rosenberg,"בלי תאריך, זכרונות של הרופאה דר מקס רוזנברג Dr. Max Rosenberg. הוא עלה 1924 לפלשתינה, עכו ועבד כרופאה. מודפס, גרמנית","Ohne Datum, Erinnerungen der Ärztin Dr. Max Rosenberg. Er wanderte 1924 nach Palästina aus, Akko und arbeitete als Arzt. Gedruckt, Deutsch","Without date, memories of the doctor Dr. Max Rosenberg. He immigrated to Palestine in 1924, Acre and worked as a doctor. Printed, German",German,רשימות|Personal Notes,typewriting,original,Dr. Max Rosenberg,,,,
IL-MTFN-001-G-F-0166-001-R0003,IL-MTFN-001-G-F-0166-001,Postcards from Zionist Friends in Germany,גלויות מאת חברים פעילים ציונים בגרמניה.,Postkarten von aktiven zionistischen Freunden in Deutschland.,Postcards from active Zionist friends in Germany.,Hebrew|German,גלויה|Postcard,,original,,,,,
IL-MTFN-001-G-F-0166-001-R0012,IL-MTFN-001-G-F-0166-001,"S. Perski from Chelb, Poland",ש. פרסקי S. Perski מחלב Chelb (פולין).,S. Perski aus Chelb (Polen).,S. Perski from Chelb (Poland).,Unspecified,לא מזוהה,,other,S. Perski,,,,
IL-MTFN-001-G-F-0166-001-R0013,IL-MTFN-001-G-F-0166-001,"P. Scheinberg from France, 1923","פ. שיינברג P. Scheinberg מצרפת, 1923.","P. Scheinberg aus Frankreich, 1923.","P. Scheinberg from France, 1923.",Unspecified,Letter,,original,P. Scheinberg,1923,,,
IL-MTFN-001-G-F-0166-001-R0014,IL-MTFN-001-G-F-0166-001,מכתב מחיים לוי על חייו החדשים בדרום אפריקה,"חיים לוי מיוהנסבורג, 1927. הנ""ל הכיר את אוריה מגרמניה, הגר לדרום אפריקה וכותב עד כמה הוא מרוצה מחייו החדשים. בין היתר הוא סטודנט. במכתב יש תיאור פילוסופי על מהות החיים והגורל. כותב בעברית.","Chaim Levi aus Johannesburg, 1927. Er kannte Uriah aus Deutschland, der nach Südafrika ausgewandert ist und schreibt, wie zufrieden er mit seinem neuen Leben ist. Unter anderem ist er Student. Der Brief enthält eine philosophische Beschreibung über die Natur des Lebens und des Schicksals. Geschrieben auf Hebräisch.","Chaim Levi from Johannesburg, 1927. He knew Uriah from Germany, who emigrated to South Africa and writes how satisfied he is with his new life. Among other things, he is a student. The letter contains a philosophical description of the nature of life and fate. Written in Hebrew.",Hebrew,מכתב|Letter,handwriting,original,חיים לוי,1927,,,
IL-MTFN-001-G-F-0166-001-R0016,IL-MTFN-001-G-F-0166-001,שמואל הורביץ Hurwitz תחילת המאה ה-20,שמואל הורביץ Hurwitz תחילת המאה ה-20.,Samuel Horowitz Hurwitz Anfang des 20. Jahrhunderts.,Samuel Horowitz Hurwitz early 20th century.,Unspecified,לא מזוהה,,original,שמואל הורביץ,,,,
IL-MTFN-001-G-F-0166-001-R0017,IL-MTFN-001-G-F-0166-001,"Letters from Moshe and Lea, 1932",האח משה והאחות לאה כותבים מארץ ישראל ב-1932 ושולחים תמונות שלהם.,Bruder Moshe und Schwester Lea schreiben aus Israel im Jahr 1932 und schicken ihre Fotos.,Brother Moshe and Sister Lea write from Israel in 1932 and send their pictures.,Hebrew,מכתב|Letter,handwriting,original,,1932,,,
IL-MTFN-001-G-F-0166-001-R0022,IL-MTFN-001-G-F-0166-001,"Leon Kesten Document, Tarnopol, 1932","לאון קסטן Leon Kesten, טרנופול Tarnopol, 1932, כתוב בגרמנית.","Leon Kesten, Tarnopol, 1932, in Deutsch geschrieben.","Leon Kesten, Tarnopol, 1932, written in German.",German,Letter,handwriting,original,Leon Kesten,1932,,,
IL-MTFN-001-G-F-0170-001-R0001,IL-MTFN-001-G-F-0170-001,Diary Pages of Painter Ernst Levy,"לנה Lena חלק מתוך הסיפור: ארנסט ויוהנס, דפי יומן של הצייר ארנסט לוי. סיפור על אחותו של יוהנס, חברו הטוב של הצייר, הילדה לנה שנפטרה ממחלת ריאות. ביקור של ארנסט בביתו וכפרו של יוהנס לחג ה Pfingsten התרשמותיו העמוקות מביתו, הוריו של יוהנס וחיימ.","Lena, Teil der Geschichte: Ernst und Johannes, Tagebuchseiten des Malers Ernst Levy. Eine Geschichte über die Schwester von Johannes, dem besten Freund des Malers, das Mädchen Lena, die an einer Lungenkrankheit starb. Besuch von Ernst im Haus und Dorf von Johannes zum Pfingstfest, seine tiefen Eindrücke vom Haus, den Eltern von Johannes und ihrem Leben.","Lena, part of the story: Ernst and Johannes, diary pages of the painter Ernst Levy. A story about the sister of Johannes, the painter's best friend, the girl Lena who died of a lung disease. Visit of Ernst to the house and village of Johannes for the Pentecost holiday, his deep impressions of the house, Johannes' parents, and their lives.",Hebrew,יומן|Diary,,original,,,,,
IL-MTFN-001-G-F-0170-001-R0002,IL-MTFN-001-G-F-0170-001,Thoughts on Jesus and Friendship with Johannes,"מחשבות, משפטים, על ישו, גאולה ומלכות השמים לא מחובר, לא מסודר; חלק מחשבות, מחשבות ודברים על הידידות עם יוהנס, בריכה? אין המשך של המחשבות / דיאלוגים.","Gedanken, Sätze, über Jesus, Erlösung und das Himmelreich nicht verbunden, nicht geordnet; einige Gedanken, Gedanken und Dinge über die Freundschaft mit Johannes, Pool? Keine Fortsetzung der Gedanken / Dialoge.","Thoughts, sentences, about Jesus, redemption and the kingdom of heaven not connected, not organized; some thoughts, thoughts and things about friendship with Johannes, pool? No continuation of the thoughts / dialogues.",Hebrew,רשימות|Personal Notes,,other,,,,,
IL-MTFN-001-G-F-0170-001-R0005,IL-MTFN-001-G-F-0170-001,Diary Pages of Painter Ernst Levy,"רשימת שמות של תמונות, נושאי שיחות; בלי תאריך, לנה; Lena, חלק מתוך הסיפור 'ארנסט ויוהנס' דפי יומן של הצייר ארנסט לוי. סיפור על אחותו של יוהנס, חברתו בטוב של הצייר, הילדה לנה נפתרה ממחלה ממחלת ריאות. ביקור של ארנסט בביתו וכפו של יוהנסמלחג בPfingsten התרשמותיו העמוקות מביתו, הוריו של יוהנס וחייהם.","Liste von Bildnamen, Gesprächsthemen; ohne Datum, Lena; Lena, Teil der Geschichte 'Ernst und Johannes' Tagebuchseiten des Malers Ernst Levy. Geschichte über die Schwester von Johannes, seine gute Freundin des Malers, das Mädchen Lena starb an einer Lungenerkrankung. Besuch von Ernst in seinem Haus und Johannes' Hand an Pfingsten, seine tiefen Eindrücke von seinem Haus, Johannes' Eltern und ihrem Leben.","List of picture names, conversation topics; no date, Lena; Lena, part of the story 'Ernst and Johannes' diary pages of the painter Ernst Levy. Story about Johannes' sister, the painter's good friend, the girl Lena died of a lung disease. Visit of Ernst to his house and Johannes' hand at Pentecost, his deep impressions of his house, Johannes' parents and their lives.",Hebrew|German,רשימה|List,,original,Ernst Levy,,,,
IL-MTFN-001-G-F-0180-001-R0002,IL-MTFN-001-G-F-0180-001,Diary of the girl Strauss,"יומן של הילדה שטראוס 1936;1945, בהוצאה פרטית.","Tagebuch von dem Mädchen Strauss 1936;1945, in privater Ausgabe.","Diary of the girl Strauss 1936;1945, in private edition.",Hebrew,יומן|Diary,,original,Strauss,1936,1945,,
IL-MTFN-001-G-F-0183-001-R0001,IL-MTFN-001-G-F-0183-001,Military Booklet of Walter Priesem,"פנקס צבאי של ולטר פריזם עליו מצוין, שהנ""ל היה בשרות הטלגרף Telegraphisten. גויס ב-1918.","Militärbuch von Walter Priesem, auf dem vermerkt ist, dass er im Telegraphendienst war. Eingezogen 1918.","Military booklet of Walter Priesem, indicating that he was in the telegraph service. Drafted in 1918.",German,פנקס|Notepad,,original,Walter Priesem,1918,,,
IL-MTFN-001-G-F-0183-001-R0005,IL-MTFN-001-G-F-0183-001,Notebooks of Walter Prism from British Army Service,"שני פנקסים של ולטר פריזם משרותו בצבא הבריטי במלח""ע II.",Zwei Notizbücher von Walter Prism aus seinem Dienst in der britischen Armee im Zweiten Weltkrieg.,Two notebooks of Walter Prism from his service in the British Army in World War II.,Hebrew|English,פנקס|Notepad,handwriting,original,Walter Prism,,,,
IL-MTFN-001-G-F-0183-001-R0015,IL-MTFN-001-G-F-0183-001,Prizm Family Book,ספר משפחת פריזם. הרישומים בספר מתחילים אצל ולטר פריזם.,Das Buch der Familie Prizm. Die Aufzeichnungen im Buch beginnen bei Walter Prizm.,The Prizm Family Book. The records in the book start with Walter Prizm.,Hebrew,ספר|Book,,original,Walter Prizm,,,,
IL-MTFN-001-G-F-0184-001-R0001,IL-MTFN-001-G-F-0184-001,Life Diaries of Mariana Konra,"יומני חיים של מריאנה קונרה לבית דוידסון מהשנים 1915;1938 ומ- 1938;1959. היומנים מודפסים (ע""י קרלה וולף) לנוחות הקריאה + סיכום מתומצת בעברית ( ע""י קרלה וולף).","Lebenstagebücher von Mariana Konra, geborene Davidson, aus den Jahren 1915;1938 und 1938;1959. Die Tagebücher sind zur besseren Lesbarkeit gedruckt (von Karla Wolf) + eine zusammengefasste Zusammenfassung auf Hebräisch (von Karla Wolf).","Life diaries of Mariana Konra, née Davidson, from the years 1915;1938 and 1938;1959. The diaries are printed (by Karla Wolf) for ease of reading + a summarized summary in Hebrew (by Karla Wolf).",Hebrew,יומן|Diary,typewriting,copy,Mariana Konra,1915,,,
IL-MTFN-001-G-F-0184-001-R0002,IL-MTFN-001-G-F-0184-001,Diaries of Mariana,מתוך היומנים מתקבל הרושם שמריאנה סבלה מחוסר שביעות רצון לאורך תקופות ארוכות בחייה.,"Aus den Tagebüchern entsteht der Eindruck, dass Mariana über lange Zeiträume in ihrem Leben unzufrieden war.","From the diaries, it appears that Mariana suffered from dissatisfaction over long periods in her life.",Hebrew,יומן|Diary,handwriting,original,Mariana,,,,
IL-MTFN-001-G-F-0184-001-R0003,IL-MTFN-001-G-F-0184-001,ספר זכרונות של מריאנה,ספר זכרונות של מריאנה מהשנים 1925;1931; תקציר קורות חיים של מריאנה מ-1931 אותו היא כותבת עבור קבלתה לקורס (לא ברור איזה).,"Erinnerungsbuch von Mariana aus den Jahren 1925; 1931; Lebenslauf von Mariana aus dem Jahr 1931, den sie für die Aufnahme in einen Kurs schreibt (nicht klar welcher).",Memory book of Mariana from the years 1925; 1931; Summary of Mariana's biography from 1931 which she writes for her acceptance into a course (unclear which).,Hebrew,ספר זכרונות|Memory Book|קורות חיים|Biography,,original,מריאנה,1931,,,
IL-MTFN-001-G-F-0184-001-R0004,IL-MTFN-001-G-F-0184-001,Diaries in the form of letters by Angi Kantorowicz,"2 יומנים בצורת מכתבים 1933;1939 ו;1943 שכותבת אנג'י קנטורוביץ Angi Kantorowicz לחברותיה :; יהודית לדרמן Judith Ledermann, גרדה קרונה Gerda Krone, הדי בר Heddi Bär.","2 Tagebücher in Form von Briefen 1933; 1939 und; 1943, geschrieben von Angi Kantorowicz an ihre Freundinnen: Judith Ledermann, Gerda Krone, Heddi Bär.","2 diaries in the form of letters 1933; 1939 and; 1943 written by Angi Kantorowicz to her friends: Judith Ledermann, Gerda Krone, Heddi Bär.",Hebrew|German,מכתב|Letter|יומן|Diary,,original,Angi Kantorowicz,1933,,,
IL-MTFN-001-G-F-0184-003-R0003,IL-MTFN-001-G-F-0184-003,Letter from Oha Peters to Micha Pietrkowski,מכתב מאוה פיטרס אל בנה מיכה פיטרקובסקי,Brief von Oha Peters an ihren Sohn Micha Pietrkowski,Letter from Oha Peters to her son Micha Pietrkowski,Hebrew,מכתב|Letter,handwriting,original,Micha Pietrkowski,,,,
IL-MTFN-001-G-F-0184-003-R0012,IL-MTFN-001-G-F-0184-003,Letters to Mariana from Dr. Clara Davidson,"מכתבים אל מריאנה מאת אמה ד""ר קלרה דוידסון משנות ה-30 וה;40 למאה ה;20.",Briefe an Mariana von ihrer Mutter Dr. Clara Davidson aus den 30er und 40er Jahren des 20. Jahrhunderts.,Letters to Mariana from her mother Dr. Clara Davidson from the 1930s and 40s of the 20th century.,Hebrew,מכתב|Letter,handwriting,original,Dr. Clara Davidson,1930,,,
IL-MTFN-001-G-F-0184-004-R0002,IL-MTFN-001-G-F-0184-004,"Mariana's Biography Summary for School, 1931","מריאנה כותבת ב-1931 תקציר של קורות חייה עבור בי""ס;",Mariana schreibt 1931 eine Zusammenfassung ihres Lebenslaufs für die Schule.,Mariana writes in 1931 a summary of her biography for the school.,Hebrew,Biography,,original,,1931,,,
IL-MTFN-001-G-F-0184-005-R0001,IL-MTFN-001-G-F-0184-005,Manuscript titled 'J' dedicated to Hans,"למנוסקריפט נתנה את הכותרת ""J"" והקדישה אותו לאחיה הנס, היא כותבת: To my brother Hans to help him find ""le temps perdu"" Marie Sackin. היא מוסיפה את המשפט In August 1936 German Police Station were instructed to stamp the passports of german Jews with a red ""J.; מתוך תוכן העיניינים: בית הוריה בהילדסהיים, מציינת אישים רבים שהשפיעו על חייה ביניהם גם את רופא א.א.ג גאורג קרבס Georg Krebs אביו של סיר הנס קרבס Sir Hans Krebs בעל פרס נובל. אודיסיאת ההגירה שווייץ, הולנד, צרפת אמריקה וההתיישבות באנגליה ב-1936.","Dem Manuskript wurde der Titel ""J"" gegeben und es wurde ihrem Bruder Hans gewidmet. Sie schreibt: An meinen Bruder Hans, um ihm zu helfen, ""le temps perdu"" zu finden. Marie Sackin. Sie fügt den Satz hinzu: Im August 1936 wurden die deutschen Polizeistationen angewiesen, die Pässe deutscher Juden mit einem roten ""J"" zu stempeln.; Aus dem Inhaltsverzeichnis: Das Elternhaus in Hildesheim, sie erwähnt viele Persönlichkeiten, die ihr Leben beeinflusst haben, darunter auch den HNO-Arzt Georg Krebs, den Vater von Sir Hans Krebs, Nobelpreisträger. Die Odyssee der Emigration in die Schweiz, die Niederlande, Frankreich, Amerika und die Ansiedlung in England im Jahr 1936.","The manuscript was given the title ""J"" and dedicated to her brother Hans. She writes: To my brother Hans to help him find ""le temps perdu"" Marie Sackin. She adds the sentence: In August 1936, German Police Stations were instructed to stamp the passports of German Jews with a red ""J"".; From the table of contents: Her parents' house in Hildesheim, she mentions many people who influenced her life, including the ENT doctor Georg Krebs, the father of Sir Hans Krebs, Nobel Prize winner. The odyssey of emigration to Switzerland, the Netherlands, France, America, and settlement in England in 1936.",German|English,Letter,,original,Hans Krebs,1936,,,
IL-MTFN-001-G-F-0185-001-R0009,IL-MTFN-001-G-F-0185-001,Professional Activities of Manfred Garson,"2 דפים באנגלית עם פירוט פעילותו המקצועית של מנפרד גרזון בשנים 1931;1982. החומר הוכן ע""י פרופ' רות אניס במסגרת מחקר שעשתה (ראה מכתב מצורף) ונשלח אל הבת יהודית.",2 Seiten auf Englisch mit Details zu den beruflichen Aktivitäten von Manfred Garson in den Jahren 1931;1982. Das Material wurde von Prof. Ruth Enis im Rahmen einer von ihr durchgeführten Forschung vorbereitet (siehe beigefügten Brief) und an die Tochter Judith gesendet.,2 pages in English detailing the professional activities of Manfred Garson in the years 1931;1982. The material was prepared by Prof. Ruth Enis as part of a research she conducted (see attached letter) and sent to the daughter Judith.,English,Letter,typewriting,original,Manfred Garson,,,,2
IL-MTFN-001-G-F-0185-001-R0010,IL-MTFN-001-G-F-0185-001,Details for Descendants of Alphonse Garzon,"צורף ביוני 2009:; פירוט שכתבה יהודית ועדי לצאצאים של אלפונס גרזון ורעייתו הגרמניה טרודל, שהשתתפה במחאה של 1943 ברחוב השושנים Rosenstrasse בברלין והצליח להביא לשיחרור של בעלה אלפונסץ","Hinzugefügt im Juni 2009:; Details, die von Judith und Adi für die Nachkommen von Alphonse Garzon und seiner deutschen Frau Trudel geschrieben wurden, die 1943 an dem Protest in der Rosenstraße in Berlin teilnahm und es schaffte, die Freilassung ihres Mannes Alphonse zu erreichen.","Added in June 2009:; Details written by Judith and Adi for the descendants of Alphonse Garzon and his German wife Trudel, who participated in the 1943 protest on Rosenstrasse in Berlin and managed to secure the release of her husband Alphonse.",Hebrew|German,Letter,,original,Alphonse Garzon,,2009-06,,
IL-MTFN-001-G-F-0185-002-R0008,IL-MTFN-001-G-F-0185-002,Family Roots Work Booklet by Henry Birnbrey,"ללא תאריך, חוברת עבודת שורשים באנגלית שנעשתה ע""י הנרי בירנבריי Henry Birnbrey מאטלנטה ארה""ב. בחוברת מופיעות בין היתר גם המשפחות: בינבריי, גרזון, לוי Birnbrey, Gerson, Levy. בחוברת יש גם צילומי תעודות שונות. בחוברת רשימה ארוכה של הנספים בשואה.","Ohne Datum, eine Stammbaum-Arbeitsbroschüre auf Englisch, erstellt von Henry Birnbrey aus Atlanta, USA. In der Broschüre erscheinen unter anderem auch die Familien: Birnbrey, Gerson, Levy. In der Broschüre gibt es auch Fotos von verschiedenen Zertifikaten. In der Broschüre gibt es eine lange Liste von Holocaust-Opfern.","Undated, a family roots work booklet in English made by Henry Birnbrey from Atlanta, USA. The booklet includes, among others, the families: Birnbrey, Gerson, Levy. The booklet also contains photographs of various certificates. The booklet includes a long list of Holocaust victims.",English,חוברת|Booklet,print,original,Henry Birnbrey,,,,
IL-MTFN-001-G-F-0185-003-R0001,IL-MTFN-001-G-F-0185-003,Booklet with Diary Photo from 1914-1915,"חוברת עם צילום יומן 1914;1915 אותו כתב בעת מלח""ע I שתורגם לעברית (בכתב יד) ע""י חיים שפיגל מגבעת ברנר.","Broschüre mit einem Foto eines Tagebuchs von 1914;1915, das während des Ersten Weltkriegs geschrieben und von Chaim Spiegel aus Givat Brenner ins Hebräische (handschriftlich) übersetzt wurde.","Booklet with a photo of a diary from 1914;1915, written during World War I and translated into Hebrew (handwritten) by Chaim Spiegel from Givat Brenner.",Hebrew|German,חוברת|Booklet|מסמך מתורגם|Translated Document,print,copy,Chaim Spiegel,1914,,,
IL-MTFN-001-G-F-0185-003-R0003,IL-MTFN-001-G-F-0185-003,Publication List of Adolf Garson,צילום רשימת הפרסומים של אדולף גרזון.,Fotografie der Publikationsliste von Adolf Garson.,Photograph of the publication list of Adolf Garson.,Unspecified,רשימה|List,photography,copy,אדולף גרזון,,,,
IL-MTFN-001-G-F-0185-004-R0001,IL-MTFN-001-G-F-0185-004,Letter from Lea Garzon about her husband Moshe,"ללא תאריך, לאה גרזון לבית וורמזר כותבת בעברית (כתב יד) על בעלה משה ועל עצמה, בגרמניה וישראל.","Ohne Datum, Lea Garzon geborene Wormser schreibt auf Hebräisch (Handschrift) über ihren Ehemann Moshe und sich selbst, in Deutschland und Israel.","Without a date, Lea Garzon née Wormser writes in Hebrew (handwriting) about her husband Moshe and herself, in Germany and Israel.",Hebrew,מכתב|Letter,handwriting,original,לאה גרזון,,,,
IL-MTFN-001-G-F-0185-004-R0002,IL-MTFN-001-G-F-0185-004,Wilma Adam's Biography of Werner Adam,"1998 צילום ביוגרפיה שוילמה אדם Wilma Adam, בת דודה של משה גרזון, כתבה בגרמנית (כתב יד) על בעלה ורנר אדם Werner Adam.","1998 Fotografie Biografie, die Wilma Adam, Cousine von Moshe Garzon, auf Deutsch (Handschrift) über ihren Ehemann Werner Adam schrieb.","1998 Photograph biography that Wilma Adam, cousin of Moshe Garzon, wrote in German (handwritten) about her husband Werner Adam.",German,ביוגרפיה|Biography,handwriting,copy,Wilma Adam,,1998,,
IL-MTFN-001-G-F-0185-004-R0004,IL-MTFN-001-G-F-0185-004,Family Information Pages to Gad in Haifa,צילום דפי מידע על המשפחה שכותבת ולי בעברית (כתב יד) אל גד בחיפה.,"Fotografie von Informationsblättern über die Familie, die auf Hebräisch (Handschrift) an GAD in Haifa schreibt.",Photograph of information pages about the family writing to Gad in Haifa in Hebrew (handwritten).,Hebrew,מכתב|Letter,handwriting,copy,,,,,
IL-MTFN-001-G-F-0185-006-R0001,IL-MTFN-001-G-F-0185-006,Ahalem Diary by Moshe Garzon,"יומן אהלם 1921;1924; מנפרד, משה גרזון מפרט ומדווח בדייקנות, כל יום, על מזג האויר, הטמפרטורות, העבודות אותן בצע. הוא עובד כשנה במחלקת הירקות ופירות שיחים, אחר כך עבד במשתלת הפרחים והעצים ובשדות תבואה למיניהן.מנפרד מסביר בכתיבה וגם בשרטוט/ציור את עבודתו החקלאית.","Tagebuch Ahalem 1921;1924; Manfred, Moshe Garzon beschreibt und berichtet genau, jeden Tag, über das Wetter, die Temperaturen, die Arbeiten, die er ausgeführt hat. Er arbeitet etwa ein Jahr in der Gemüse- und Strauchfrüchteabteilung, danach arbeitete er in der Blumen- und Baumschule und auf verschiedenen Getreidefeldern. Manfred erklärt seine landwirtschaftliche Arbeit sowohl schriftlich als auch durch Skizzen/Zeichnungen.","Ahalem Diary 1921;1924; Manfred, Moshe Garzon details and reports precisely, every day, about the weather, temperatures, and the tasks he performed. He worked for about a year in the vegetable and shrub fruit department, then worked in the flower and tree nursery and in various grain fields. Manfred explains his agricultural work both in writing and through sketches/drawings.",Hebrew,יומן|Diary,handwriting,original,Moshe Garzon,1921,,,
IL-MTFN-001-G-F-0185-006-R0002,IL-MTFN-001-G-F-0185-006,"Diary No. 1: Canada, September 1928","יומן מס. 1 : קנדה ,ספטמבר 1928; את היומן קבל למזכרת מאחיו מרטין ומאשת מרטין ברטל. מנפרד;משה גרזון מחליט בגיל 22 לנסוע לארה""ב למטרות הכרת החיים שם ולעבוד בחקלאות. מאחר ולא קבל אשרת כניסה לארה""ב הוא עושה החלטה מהירה לנסוע לקנדה כפועל חקלאי לעבודות קציר; הוא מקבל אשרת כניסה לקנדה. בקנדה הוא מוצא עבודה. המקום קרוב לגבול עם ארה""ב, איזור אגם אנטריו. בפקחות וערמומיות הוא מצליח לעבור את הגבול לארה""ב ולשהות בה 3 שנים שהייה לא חוקית. לנושא זה ראה תרגום מתומצת לעברית בתוך התיק.","Tagebuch Nr. 1: Kanada, September 1928; Das Tagebuch erhielt er als Andenken von seinem Bruder Martin und Martins Frau Bartel. Manfred; Moshe Garzon beschließt im Alter von 22 Jahren, in die USA zu reisen, um das Leben dort kennenzulernen und in der Landwirtschaft zu arbeiten. Da er kein Einreisevisum für die USA erhielt, entschied er sich schnell, als Landarbeiter für Erntearbeiten nach Kanada zu reisen; er erhält ein Einreisevisum für Kanada. In Kanada findet er Arbeit. Der Ort liegt nahe der Grenze zu den USA, in der Nähe des Ontariosees. Mit Klugheit und List gelingt es ihm, die Grenze zu den USA zu überqueren und dort drei Jahre illegal zu bleiben. Zu diesem Thema siehe die zusammengefasste Übersetzung ins Hebräische in der Akte.","Diary No. 1: Canada, September 1928; He received the diary as a souvenir from his brother Martin and Martin's wife Bartel. Manfred; Moshe Garzon decides at the age of 22 to travel to the USA to learn about life there and work in agriculture. Since he did not receive an entry visa to the USA, he quickly decides to travel to Canada as an agricultural worker for harvest work; he receives an entry visa to Canada. In Canada, he finds work. The place is close to the border with the USA, near Lake Ontario. With cleverness and cunning, he manages to cross the border into the USA and stay there illegally for 3 years. For this subject, see the summarized translation into Hebrew within the file.",Hebrew,יומן|Diary,handwriting,original,Moshe Garzon,1928-09,,,
IL-MTFN-001-G-F-0185-006-R0003,IL-MTFN-001-G-F-0185-006,Diary No. 2: December 1929,"יומן מס. 2: דצמבר 1929; גם את היומן הזה קבל ממרטין וברטל. תאורים ודווחים מדויקים בכתב ובשרטוט/ציור על עבודתו החקלאית ולימודי חקלאות בארה""ב, בין היתר במשתלה ב-Long Island. אצל שוזר פרחים מקס שלינג Max Schling עליו הוא כותב ""מקום של אומנות"" שם הוא לומד שזירת פרחים, סידור חלונות ראוה, זרים ללוויות וקבורה, זרים לכלות, קישוט שולחנות וקישוט אולמות אירועים. עבודה במשתלה גדולה קרומוול;קונטיקט Cromwell;Conneticut שרוב הגידולים בה גדלים תחת זכוכית. ביומן יש פרק מיוחד על מכונות חקלאיות עם תמונות וציורים של מנפרד גרזון.","Tagebuch Nr. 2: Dezember 1929; Auch dieses Tagebuch erhielt er von Martin und Bartel. Genaue Beschreibungen und Berichte in Schrift und Zeichnung/Skizze über seine landwirtschaftliche Arbeit und sein Landwirtschaftsstudium in den USA, unter anderem in einer Baumschule auf Long Island. Bei dem Blumenbinder Max Schling, über den er schreibt ""Ort der Kunst"", lernt er Blumenbinden, Schaufensterdekoration, Kränze für Beerdigungen und Begräbnisse, Brautsträuße, Tischdekorationen und Dekorationen für Veranstaltungssäle. Arbeit in einer großen Baumschule in Cromwell, Connecticut, wo die meisten Pflanzen unter Glas wachsen. Im Tagebuch gibt es ein besonderes Kapitel über landwirtschaftliche Maschinen mit Bildern und Zeichnungen von Manfred Garzon.","Diary No. 2: December 1929; He also received this diary from Martin and Bartel. Accurate descriptions and reports in writing and drawing/sketch about his agricultural work and agricultural studies in the USA, including at a nursery on Long Island. With the florist Max Schling, whom he describes as ""a place of art,"" he learns flower arranging, window display, funeral and burial wreaths, bridal bouquets, table decorations, and event hall decorations. Work in a large nursery in Cromwell, Connecticut, where most crops are grown under glass. The diary has a special chapter on agricultural machines with pictures and drawings by Manfred Garzon.",Hebrew|English,יומן|Diary,handwriting,original,Max Schling,1929-12,,,
IL-MTFN-001-G-F-0185-006-R0004,IL-MTFN-001-G-F-0185-006,Diary No. 3: September 1930,"יומן מס. 3: ספטמבר 1930; תאור נסיעה מניו;יורק לקליפורניה וכל הקורות אותו, בין היתר: בעיר ושינגטון Washington הוא רואה את נשיא ארה""ב הרברט הובר Herbert Hoover על מדשאת הבית הלבן. במדינת אייווה Iowa הוא מחפש קרובי משפחה שפעם בקרו בברלין ואכן מוצא אותם, החויה וההתרגשות גדולה הוא כותב. במדינת יוטה Utah הוא מבקר במפעלי המלח ובספריה של המורמונים Mormonen ןבעיר Salt Lake City; הוא מתרשם מהחולים ובעלי המום הרבים שנמצאים בעיר שהיא העיר הקדושה למורמונים, בה הם מקווים לרפוי. ו ע ו ד.","Tagebuch Nr. 3: September 1930; Beschreibung einer Reise von New York nach Kalifornien und alles, was ihm widerfährt, unter anderem: In der Stadt Washington sieht er den Präsidenten der USA, Herbert Hoover, auf dem Rasen des Weißen Hauses. Im Bundesstaat Iowa sucht er nach Verwandten, die einst Berlin besuchten, und findet sie tatsächlich, das Erlebnis und die Aufregung sind groß, schreibt er. Im Bundesstaat Utah besucht er die Salzwerke und die Bibliothek der Mormonen in Salt Lake City; er ist beeindruckt von den vielen Kranken und Behinderten, die sich in der Stadt befinden, die die heilige Stadt der Mormonen ist, in der sie auf Heilung hoffen. Und mehr.","Diary No. 3: September 1930; Description of a trip from New York to California and everything that happens to him, among other things: In the city of Washington, he sees the President of the USA, Herbert Hoover, on the lawn of the White House. In the state of Iowa, he searches for relatives who once visited Berlin and indeed finds them, the experience and excitement are great, he writes. In the state of Utah, he visits the salt works and the Mormon library in Salt Lake City; he is impressed by the many sick and disabled people in the city, which is the holy city for Mormons, where they hope for healing. And more.",Hebrew,יומן|Diary,,original,,1930-09,,,
IL-MTFN-001-G-F-0185-006-R0005,IL-MTFN-001-G-F-0185-006,Diary No. 4: California and Back to Europe,"יומן מס. 4: קליפורניה וחזרה לאירופה. בין היתר: בלוס;אנג'לס Los;Angeles הוא עובד במפעל לחוטי ברזל ונחושת, מתאר את העבודה ואת החברים לעבודה. הוא פוגש חבר מתקופת אהלם והוא בעל פרדסים, אצלו הוא מקבל הסברים על פירות הדרים. בעיר פסדנה Psadena לא רחוק מלוס;אנג'לס חוגגים כל שנה את ""חג הפרחים"" הוא מתאר את ""תחרות השושנים"" בכתב ובתמונות. כמו כן הוא מתאר את הזרמים הדתיים הרבים שבעיר. בקור בהוליווד לא מרשים אותו במיוחד. הוא מבקר גם באי הקטן קטלינה Catalina בפציפיק שבבעלות ""מלך המסטיק"" וריגלי Wriggley שמחזיק המוני צפרים בשלל צבעים בחווה מיוחדת. מנפרדגם מתפאל מהדגה והאלמוגים אותם הוא רואה בהפלגה בסירת זכוכית. מנפרד כותב שהשיא בהתרשמויותיו בארה""ב היתה הנסיעה ביער הרדוודס Redwoods הוא קורה ליער ""יער האגדות"" והוא משווה עצמו לאצבעוני בארץ הענקים.","Tagebuch Nr. 4: Kalifornien und zurück nach Europa. Unter anderem: In Los Angeles arbeitet er in einer Fabrik für Eisen- und Kupferdrähte, beschreibt die Arbeit und die Arbeitskollegen. Er trifft einen Freund aus der Zeit von Ahlem, der Besitzer von Obstgärten ist, bei dem er Erklärungen über Zitrusfrüchte erhält. In der Stadt Pasadena, nicht weit von Los Angeles, feiern sie jedes Jahr das ""Blumenfest"". Er beschreibt den ""Rosenwettbewerb"" in Schrift und Bildern. Ebenso beschreibt er die vielen religiösen Strömungen in der Stadt. Ein Besuch in Hollywood beeindruckt ihn nicht besonders. Er besucht auch die kleine Insel Catalina im Pazifik, die im Besitz des ""Kaugummikönigs"" Wrigley ist, der auf einer speziellen Farm viele bunte Vögel hält. Manfred ist auch von den Fischen und Korallen begeistert, die er bei einer Fahrt mit einem Glasbodenboot sieht. Manfred schreibt, dass der Höhepunkt seiner Eindrücke in den USA die Fahrt durch den Redwood-Wald war, den er ""Märchenwald"" nennt und sich selbst mit Däumelinchen im Land der Riesen vergleicht.","Diary No. 4: California and back to Europe. Among other things: In Los Angeles, he works in a factory for iron and copper wires, describes the work and the colleagues. He meets a friend from the Ahlem period who owns orchards, where he receives explanations about citrus fruits. In the city of Pasadena, not far from Los Angeles, they celebrate the ""Flower Festival"" every year. He describes the ""Rose Parade"" in writing and pictures. He also describes the many religious streams in the city. A visit to Hollywood does not particularly impress him. He also visits the small island of Catalina in the Pacific, owned by the ""Gum King"" Wrigley, who keeps many colorful birds on a special farm. Manfred is also fascinated by the fish and corals he sees on a glass-bottom boat trip. Manfred writes that the highlight of his impressions in the USA was the trip through the Redwood forest, which he calls the ""Fairy Tale Forest"" and compares himself to Thumbelina in the land of giants.",Hebrew,יומן|Diary,handwriting,original,,,,,
IL-MTFN-001-G-F-0185-008-R0003,IL-MTFN-001-G-F-0185-008,Writings by Judith and Adi Garzon for Gert Shlomo Lewinski's 30th Birthday,"דברים שכתבה יהודית ועדי לבית גרזון ליום ה;30 לגרט;שלמה לוינסקי. עברית, 2001.","Dinge, die Judith und Adi geb. Garzon für den 30. Geburtstag von Gert Shlomo Lewinski geschrieben haben. Hebräisch, 2001.","Things written by Judith and Adi née Garzon for the 30th birthday of Gert Shlomo Lewinski. Hebrew, 2001.",Hebrew,Letter,,original,,2001,,,
IL-MTFN-001-G-F-0185-008-R0004,IL-MTFN-001-G-F-0185-008,Writings by Ruti G. for Anniversaries of Parents,"דברים שכתבה רותי ג' ליום השנה ה;25 של אביה, אברהם אויגן מיכאליס ושנה לפטירת אמה חוה מיכאליס. עברית, 1999.","Dinge, die Ruti G. zum 25. Jahrestag ihres Vaters, Avraham Eugen Michaelis, und ein Jahr nach dem Tod ihrer Mutter Chava Michaelis geschrieben hat. Hebräisch, 1999.","Things written by Ruti G. for the 25th anniversary of her father, Avraham Eugen Michaelis, and one year after the passing of her mother Chava Michaelis. Hebrew, 1999.",Hebrew,מכתב|Letter,handwriting,original,Ruti G.,1999,,,
IL-MTFN-001-G-F-0185-009-R0001,IL-MTFN-001-G-F-0185-009,Copy of Martin's Last Letter to Manfred,העתק המכתב האחרון ששלח מרטין אל אחיו מנפרד לפני שליחתו לטרזיינשדט.,"Kopie des letzten Briefes, den Martin an seinen Bruder Manfred vor seiner Entsendung nach Theresienstadt schickte.",Copy of the last letter Martin sent to his brother Manfred before his deportation to Theresienstadt.,German,מכתב|Letter,,copy,Martin,,,,
IL-MTFN-001-G-F-0185-009-R0002,IL-MTFN-001-G-F-0185-009,List of Names Knowing Manfred Garson,רשימת שמות בגרמנית של אנשים הארץ שמכירים את מנפרד גרזון.,"Liste von Namen in Deutsch von Personen im Land, die Manfred Garson kennen.",List of names in German of people in the country who know Manfred Garson.,German,רשימה|List,,original,Manfred Garson,,,,
IL-MTFN-001-G-F-0185-009-R0009,IL-MTFN-001-G-F-0185-009,צילום מכתב מיהודית גלעד ללאה גרזון,משנת 1988 צילום מכתב בעברית שכתבה יהודית גלעד בת 91.5 מדגניה א' אל לאה גרזון. בין היתר היא כותבת שהיא עדיין עובדת 10 שעות בשבוע בסופרמרקט של הקיבוץ.,"Seit 1988 ein Foto eines Briefes auf Hebräisch, geschrieben von Yehudit Gilad, 91,5 Jahre alt, aus Degania Alef an Lea Garzon. Unter anderem schreibt sie, dass sie immer noch 10 Stunden pro Woche im Supermarkt des Kibbuz arbeitet.","Since 1988, a photograph of a letter in Hebrew written by Yehudit Gilad, 91.5 years old, from Degania Alef to Lea Garzon. Among other things, she writes that she still works 10 hours a week in the kibbutz supermarket.",Hebrew,מכתב|Letter,photography,copy,יהודית גלעד,1988,,,
IL-MTFN-001-G-F-0185-009-R0012,IL-MTFN-001-G-F-0185-009,Letters from Manfred Garzon to Lea during WWII,"ללא תאריך, שלושה מכתבים בעברית שכותב מנפרד גרזון אל רעייתו לאה מהשרות הצבאי שלו במלח""ע II.","Ohne Datum, drei Briefe auf Hebräisch, die Manfred Garzon an seine Frau Lea aus seinem Militärdienst im Zweiten Weltkrieg schreibt.","Undated, three letters in Hebrew written by Manfred Garzon to his wife Lea from his military service in WWII.",Hebrew,מכתב|Letter,handwriting,original,Manfred Garzon,,,,
IL-MTFN-001-G-F-0185-009-R0013,IL-MTFN-001-G-F-0185-009,Letter from a Child to Father in British Army,"מכתב של ילד(ה) אל האב שמשרת בצבא הבריטי, מלח""ע II.","Brief eines Kindes an den Vater, der in der britischen Armee dient, Zweiter Weltkrieg.","Letter from a child to the father serving in the British Army, WWII.",Hebrew,מכתב|Letter,handwriting,original,,,,,
IL-MTFN-001-G-F-0185-010-R0003,IL-MTFN-001-G-F-0185-010,Farewell Letter from Manfred Garzon,מכתב פרידה של מנפרד גרזון מהעבודה בקיבוץ נחשולים.,Abschiedsbrief von Manfred Garzon von der Arbeit im Kibbuz Nachsholim.,Farewell letter from Manfred Garzon from work at Kibbutz Nachsholim.,Hebrew,מכתב|Letter,handwriting,original,Manfred Garzon,,,,
IL-MTFN-001-G-F-0185-011-R0003,IL-MTFN-001-G-F-0185-011,Amit Perg's Writing on Habonim Fortress,"עמית פרג, נכדם של מנפרד ולאה גרזון כותב על המבצר בהבונים, בעברית.","Amit Perg, der Enkel von Manfred und Lea Garzon, schreibt über die Festung in Habonim, auf Hebräisch.","Amit Perg, the grandson of Manfred and Lea Garzon, writes about the fortress in Habonim, in Hebrew.",Hebrew,מכתב|Letter,handwriting,original,Amit Perg,,,,
IL-MTFN-001-G-F-0185-011-R0007,IL-MTFN-001-G-F-0185-011,Memory Photos of Kfar Lam and Moshe Garzon,"צילומי זכרונות בעברית ואנגלית על כפר לם הוא מושב הבונים ועל פועלו ותרומתו של משה גרזון כותבים: חנן וייצנר, יהודית ועדי, חביבה גולדברג, הלן לבנסטון.","Erinnerungsfotos auf Hebräisch und Englisch über Kfar Lam, ein Dorf der Erbauer, und über die Arbeit und den Beitrag von Moshe Garzon. Autoren: Hanan Weizner, Yehudit und Adi, Haviva Goldberg, Helen Levenston.","Memory photos in Hebrew and English about Kfar Lam, a village of the builders, and about the work and contribution of Moshe Garzon. Written by: Hanan Weizner, Yehudit and Adi, Haviva Goldberg, Helen Levenston.",Hebrew|English,תצלום|Photograph,,other,Moshe Garzon,,,,
IL-MTFN-001-G-F-0185-011-R0008,IL-MTFN-001-G-F-0185-011,Writings of Moshe Garzon on Settlement in Kfar Lam,"אסופת דפים מכתביו של משה גרזון לנושא ההתיישבות בכפר לם הוא מושב הבונים, בעברית.","Eine Sammlung von Blättern aus den Schriften von Moshe Garzon zum Thema der Besiedlung in Kfar Lam, einem Moshav der Bauherren, auf Hebräisch.","A collection of pages from the writings of Moshe Garzon on the subject of settlement in Kfar Lam, a moshav of the builders, in Hebrew.",Hebrew,מכתב|Letter,,original,Moshe Garzon,,,,
IL-MTFN-001-G-F-0186-002-R0008,IL-MTFN-001-G-F-0186-002,Summary of Martin Garzon,תקציר לדמותו ופועלו של מרטין גרזון. עברית.,Zusammenfassung der Figur und des Wirkens von Martin Garzon. Hebräisch.,Summary of the character and work of Martin Garzon. Hebrew.,Hebrew,Unrecognized,,original,Martin Garzon,,,,
IL-MTFN-001-G-F-0186-002-R0011,IL-MTFN-001-G-F-0186-002,Memorial Pages for Miriam and Ruth Garzon,"1994 דפי הנצחה למרים ורות גרזון ביד ושם. ההנצחה נעשתה ע""י יהודית ועדי לבית גרזון.",1994 Gedenkblätter für Miriam und Ruth Garzon in Yad Vashem. Die Gedenkfeier wurde von Judith und Adi aus der Familie Garzon durchgeführt.,1994 Memorial pages for Miriam and Ruth Garzon at Yad Vashem. The commemoration was done by Judith and Adi from the Garzon family.,Hebrew,לא מזוהה,,original,Miriam and Ruth Garzon,1994,,,
IL-MTFN-001-G-F-0186-003-R0004,IL-MTFN-001-G-F-0186-003,Drafts with Names and Addresses for Research,טיוטות עם רשימה של שמות וכתובות ששמשה את יהודית ועדי במחקריה.,"Entwürfe mit einer Liste von Namen und Adressen, die von Judith und Adi in ihren Forschungen verwendet wurden.",Drafts with a list of names and addresses used by Judith and Adi in their research.,Hebrew,טיוטה|Draft|רשימה|List,handwriting,draft,,,,,
IL-MTFN-001-G-F-0186-004-R0008,IL-MTFN-001-G-F-0186-004,Booklet with Clara Grunwald's Letters 1941-1943,ספרון בגרמנית עם המכתבים של קלרה גרונולד מ- 1941;1943 שם הספרון בגרמנית:; Und doch gefällt mir das Leben; Die Briefe der Clara Grunwald 1941;1943 nan,Ein kleines Buch auf Deutsch mit den Briefen von Clara Grunwald von 1941;1943. Der Name des Buches auf Deutsch: Und doch gefällt mir das Leben; Die Briefe der Clara Grunwald 1941;1943,A booklet in German with the letters of Clara Grunwald from 1941;1943. The name of the booklet in German: Und doch gefällt mir das Leben; Die Briefe der Clara Grunwald 1941;1943,German,מכתב|Letter,print,original,Clara Grunwald,1941,,,
IL-MTFN-001-G-F-0186-007-R0003,IL-MTFN-001-G-F-0186-007,Letters by Martin Garzon before Deportation,"3 מכתבים מקוריים שכתב מרטין גרזון זמן קצרלפני שנשלח לטרזיינשטד. המכתבים נכתבו אל חבריו בגוט וינקל ונויינדורף אל פטר גוראו, מולי ואל אחותו ולי.","3 Originalbriefe, die Martin Garzon kurz vor seiner Verschickung nach Theresienstadt schrieb. Die Briefe wurden an seine Freunde in Gut Winkel und Neuendorf, an Peter Gorau, Molli und an seine Schwester Wali geschrieben.","3 original letters written by Martin Garzon shortly before he was sent to Theresienstadt. The letters were written to his friends in Gut Winkel and Neuendorf, to Peter Gorau, Molli, and to his sister Wali.",Hebrew,מכתב|Letter,handwriting,original,Martin Garzon,,,,
IL-MTFN-001-G-F-0186-007-R0007,IL-MTFN-001-G-F-0186-007,Red Photo Album with Martin Garzon's Farewell Letters,"אלבום תמונות (אדום) שסידר פטר, שמעון גוראו ב-1950 שם נמצאו גם מכתבי הפרידה המקוריים של מרטין גרזון.","Fotoalbum (rot), das von Peter, Shimon Gurao im Jahr 1950 arrangiert wurde, wo auch die originalen Abschiedsbriefe von Martin Garzon gefunden wurden.","Photo album (red) arranged by Peter, Shimon Gurao in 1950 where the original farewell letters of Martin Garzon were also found.",Hebrew|German,מכתב|Letter|תצלום|Photograph,other,original,Martin Garzon,1950,,,
IL-MTFN-001-G-F-0187-002-R0010,IL-MTFN-001-G-F-0187-002,צילום חיבור על ההתפתחות בגרמניה,"צילום חיבור שכתב שמשון וינמילר;ריחיים בעברית בנושא: ההתפתחות בגרמניה מסוף מלח""ע I ועד לפרוץ מלח""ע II.","Fotografie eines Aufsatzes, den Shimshon Winmiller geschrieben hat; auf Hebräisch zum Thema: Die Entwicklung in Deutschland vom Ende des Ersten Weltkriegs bis zum Ausbruch des Zweiten Weltkriegs.",Photograph of an essay written by Shimshon Winmiller; in Hebrew on the topic: The development in Germany from the end of World War I until the outbreak of World War II.,Hebrew,מסמך מתורגם|Translated Document,photography,copy,שמשון וינמילר,,,,
IL-MTFN-001-G-F-0190-001-R0005,IL-MTFN-001-G-F-0190-001,CD with Family Tree Software,"תקליטור, CD, עם כל החומר שהופקד ע""י עדנה הדס ב-24.11.2013 & אילן יוחסין (תוכנת מחשב) של המשפחה המורחבת, שמייסדה ד""ר מקס פיליפ.","CD, CD, mit allen Materialien, die von Edna Hadas am 24.11.2013 hinterlegt wurden & Stammbaum (Computersoftware) der erweiterten Familie, deren Gründer Dr. Max Philipp ist.","CD, CD, with all the material deposited by Edna Hadas on 24.11.2013 & family tree (computer software) of the extended family, founded by Dr. Max Philipp.",Other,חפץ|Object,other,original,Edna Hadas,2013-11-24,,,
IL-MTFN-001-G-F-0190-003-R0002,IL-MTFN-001-G-F-0190-003,Military Notebook of Dr. Paul Philipp,"חלק מפנקס צבאי של ד""ר פאול פיליפ, הונפק ב-1891.","Teil eines militärischen Notizbuchs von Dr. Paul Philipp, ausgestellt im Jahr 1891.","Part of a military notebook of Dr. Paul Philipp, issued in 1891.",Other,פנקס|Notepad,,original,Dr. Paul Philipp,1891,,,
IL-MTFN-001-G-F-0190-004-R0001,IL-MTFN-001-G-F-0190-004,School Certificates of Max Alexander Philipp,"אוגדן (גדול מימדים) עם תעודות בי""ס של מקס אלכסנדר פיליפ, מהשנים 1913;1924.","Großer Ordner mit Schulzeugnissen von Max Alexander Philipp, aus den Jahren 1913;1924.","Large binder with school certificates of Max Alexander Philipp, from the years 1913;1924.",German,תעודה|Certificate,,original,Max Alexander Philipp,1913,1924,,
IL-MTFN-001-G-F-0190-005-R0006,IL-MTFN-001-G-F-0190-005,Erika's Admission Work for Kindergarten Seminar,"עבודה, שאריקה כתבה לקראת קבלתה ללימודים בסמינר לגננות. לעבודה מצורף אישור שעל סמך עבודתה הוחלט לצרפה לסמינר. 1931, ברלין. העבודה של אריקה כתובה גרמנית, כתב יד.","Eine Arbeit, die Erika vor ihrer Aufnahme in das Kindergartenseminar geschrieben hat. Der Arbeit ist eine Bestätigung beigefügt, dass sie aufgrund ihrer Arbeit in das Seminar aufgenommen wurde. 1931, Berlin. Erikas Arbeit ist in deutscher Sprache, Handschrift.","A work that Erika wrote before her admission to the kindergarten seminar. Attached to the work is a confirmation that she was admitted to the seminar based on her work. 1931, Berlin. Erika's work is written in German, handwritten.",German,מסמך מתורגם|Translated Document,handwriting,original,Erika,1931,,,
IL-MTFN-001-G-F-0190-005-R0016,IL-MTFN-001-G-F-0190-005,"Property Lists of Erika, 1934",רשימות של הרכוש שאריקה הביאה איתה לפלשתינה ב-1934.,"Listen des Eigentums, das Erika 1934 mit nach Palästina brachte.",Lists of the property that Erika brought with her to Palestine in 1934.,Hebrew,רשימה|List,,original,Erika,1934,,,
IL-MTFN-001-G-F-0190-005-R0019,IL-MTFN-001-G-F-0190-005,Federstein Family Tree,"אילן יוחסין של משפחת פדרשטיין, רשמה הדוויג פדרשטיין ילידת 1910.","Stammbaum der Familie Federstein, aufgezeichnet von Hedwig Federstein, geboren 1910.","Family tree of the Federstein family, recorded by Hedwig Federstein, born in 1910.",Unspecified,רשימה|List,handwriting,original,Hedwig Federstein,,,,
IL-MTFN-001-G-F-0198-001-R0001,IL-MTFN-001-G-F-0198-001,Michal Schatzman's Writing on Her Parents,"דף עם כתיבה קצרה של מיכל שצמן על הוריה, נסיבות היכרותם, נסיבות עלייתם לארץ, נסיבות ההתאקלמות המקצועית והתחביב לארכיולוגיה בארץ.","Ein Blatt mit einer kurzen Schrift von Michal Schatzman über ihre Eltern, die Umstände ihrer Bekanntschaft, die Umstände ihrer Einwanderung nach Israel, die Umstände ihrer beruflichen Eingewöhnung und das Hobby der Archäologie in Israel.","A page with a short writing by Michal Schatzman about her parents, the circumstances of their acquaintance, the circumstances of their immigration to Israel, the circumstances of their professional acclimatization, and the hobby of archaeology in Israel.",Hebrew,Note,handwriting,original,Michal Schatzman,,,,
IL-MTFN-001-G-F-0198-002-R0001,IL-MTFN-001-G-F-0198-002,Trauer Album in Memory of Hedwig Hamburger,אלבום אבל Trauer Album לזכרה של בדוויג המבורגר לבית לוי 1864;1914. הרברט המבורגר היה בן 13 במות עליו אמו. בתוך האלבום מודבקות מספר מודעות אבל מהעיתונות & הסברים בעברית.,"Traueralbum zum Gedenken an Hedwig Hamburger, geborene Levi 1864;1914. Herbert Hamburger war 13 Jahre alt, als seine Mutter starb. Im Album sind mehrere Traueranzeigen aus der Presse und Erklärungen auf Hebräisch eingeklebt.","Mourning album in memory of Hedwig Hamburger, née Levi 1864;1914. Herbert Hamburger was 13 years old when his mother died. Inside the album are pasted several mourning notices from the press & explanations in Hebrew.",Hebrew|עברית|German|גרמנית,אלבום|Album,,original,Hedwig Hamburger,,,,
IL-MTFN-001-G-F-0198-002-R0005,IL-MTFN-001-G-F-0198-002,Diary of Dr. Herbert Hamburger,"יומן של ד""ר הרברט המבורגר מהשנים 1927;1940, גרמנית כתב יד. ליומן כריכת עור חומה.","Tagebuch von Dr. Herbert Hamburger aus den Jahren 1927;1940, handschriftlich in Deutsch. Das Tagebuch hat einen braunen Ledereinband.","Diary of Dr. Herbert Hamburger from the years 1927;1940, handwritten in German. The diary has a brown leather cover.",German,יומן|Diary,handwriting,original,Dr. Herbert Hamburger,1927,,,
IL-MTFN-001-G-F-0202-001-R0001,IL-MTFN-001-G-F-0202-001,Gershon's Suitcase with Letters and Photos,"הבן, גרשון, מצא בבית אמו אחרי מותה, בין היתר, מזודה קטנה עם מכתבים ותמונות וכו'. עם המזודה הזאת הגיעה ולי מגרמניה. כל המזודה על תכולתה נמסרה למוזיאון.","Der Sohn, Gershon, fand nach dem Tod seiner Mutter unter anderem einen kleinen Koffer mit Briefen und Fotos usw. Mit diesem Koffer kam er aus Deutschland. Der gesamte Koffer mit seinem Inhalt wurde dem Museum übergeben.","The son, Gershon, found at his mother's house after her death, among other things, a small suitcase with letters and photos, etc. With this suitcase, he came from Germany. The entire suitcase with its contents was handed over to the museum.",Hebrew|German,מכתב|Letter|תצלום|Photograph,,original,,,,,
IL-MTFN-001-G-F-0202-001-R0005,IL-MTFN-001-G-F-0202-001,Vali's Book List,רשימת ספרים של ולי.,Bücherliste von Vali.,List of books by Vali.,Unspecified,רשימה|List,,original,,,,,
IL-MTFN-001-G-F-0202-001-R0022,IL-MTFN-001-G-F-0202-001,Vali Garzon's Work Notebook,פנקס עבודה של ולי גרזון בתוכו רשומים המקומות והתקופות של ההתמחות החקלאית (גינון) שלה 1936 ו;1938. (בפנקס אין שום חותמת שמעידה על תקופת הנציונאלסוציאליסטים),"Arbeitsbuch von Vali Garzon, in dem die Orte und Zeiten ihrer landwirtschaftlichen (Gartenbau) Ausbildung 1936 und 1938 verzeichnet sind. (Im Buch gibt es keinen Stempel, der auf die Zeit des Nationalsozialismus hinweist)","Work notebook of Vali Garzon, in which the places and periods of her agricultural (gardening) internship in 1936 and 1938 are recorded. (The notebook does not contain any stamp indicating the National Socialist period)",Hebrew,פנקס|Notepad,handwriting,original,Vali Garzon,1936,,,
IL-MTFN-001-G-F-0202-002-R0001,IL-MTFN-001-G-F-0202-002,"Dedication from Martin Garzon to Hanna Garzon, 1937","בספר הקדשה משנת 1937 של מרטין גרזון אל אחותו חנה גרזון. ההקדשה בגרמנית:; Zur Erinnerung an unsere gemeinsame Arbeit in Winkel im herzlicher Kameradschaft Dein Bruder Martin. Gut Winkel, Herbst 1937; ראה תמונה.","In einem Buch eine Widmung aus dem Jahr 1937 von Martin Garzon an seine Schwester Hanna Garzon. Die Widmung auf Deutsch:; Zur Erinnerung an unsere gemeinsame Arbeit in Winkel im herzlicher Kameradschaft Dein Bruder Martin. Gut Winkel, Herbst 1937; siehe Bild.","In a book, a dedication from 1937 by Martin Garzon to his sister Hanna Garzon. The dedication in German:; Zur Erinnerung an unsere gemeinsame Arbeit in Winkel im herzlicher Kameradschaft Dein Bruder Martin. Gut Winkel, Herbst 1937; see picture.",German|גרמנית,הקדשה|Dedication,handwriting,original,Martin Garzon,1937,,,
IL-MTFN-001-G-F-0202-003-R0002,IL-MTFN-001-G-F-0202-003,Dedication by Martin Gerson to Kitchen Staff at Gut Winkel,"באחד הספרים יש הקדשה של מרטין אל כל העובדים במטבח בגוט וינקל (ראה תמונה) Gut Winkel:;, Meinem Mitarbeiter in der Küche der Jürtte (?) als Wegweiser zum Abschied gewidmet; Gut Winkel, den 16 Oktober 37 Martin Gerson;","In einem der Bücher gibt es eine Widmung von Martin an alle Mitarbeiter in der Küche in Gut Winkel (siehe Bild) Gut Winkel:;, Meinem Mitarbeiter in der Küche der Jürtte (?) als Wegweiser zum Abschied gewidmet; Gut Winkel, den 16 Oktober 37 Martin Gerson;","In one of the books there is a dedication from Martin to all the employees in the kitchen at Gut Winkel (see picture) Gut Winkel:;, Dedicated to my colleague in the kitchen of the Jürtte (?) as a guide for farewell; Gut Winkel, October 16, 37 Martin Gerson;",German|Hebrew,הקדשה|Dedication,,original,Martin Gerson,1937-10-16,,,
IL-MTFN-001-G-F-0202-006-R0002,IL-MTFN-001-G-F-0202-006,Memory Booklet for Neuendorf People,"החומר צולם מתוך חוברת זיכרון לאנשי נויינדורף מ-9 לנובמבר 1988 (ליל הבדולח). בחוברת, בין היתר, התיחסות לקלרה גרונברג ו'ילדיה' ופרסום ממכתביה.",Das Material wurde aus einem Erinnerungsheft für die Menschen von Neuendorf vom 9. November 1988 (Kristallnacht) fotografiert. In dem Heft gibt es unter anderem Bezugnahmen auf Clara Grunberg und 'ihre Kinder' sowie Veröffentlichungen aus ihren Briefen.,"The material was photographed from a memory booklet for the people of Neuendorf from November 9, 1988 (Kristallnacht). In the booklet, among other things, there is reference to Clara Grunberg and 'her children' and publications from her letters.",Hebrew|German,חוברת|Booklet,print,copy,Clara Grunberg,,1988-11-09,,
IL-MTFN-001-G-F-0202-007-R0006,IL-MTFN-001-G-F-0202-007,Copy of Adolf Garzon's Diary from WWI,"העתק יומן שכתב אדולף גרזון בעת שרותו הצבאי במלח""ע 1914;1915 בגרמנית + תרגום לעברית.","Kopie eines Tagebuchs, das Adolf Garzon während seines Militärdienstes im Ersten Weltkrieg 1914;1915 auf Deutsch geschrieben hat + Übersetzung ins Hebräische.",Copy of a diary written by Adolf Garzon during his military service in World War I 1914;1915 in German + translation into Hebrew.,German|Hebrew,יומן|Diary|מסמך מתורגם|Translated Document,handwriting,copy,Adolf Garzon,1914,,,
IL-MTFN-001-G-F-0202-008-R0001,IL-MTFN-001-G-F-0202-008,History of the Garzon Family,תולדות משפחת גרזון בגרמנית. זילקה שפר Silke Schaeper ראיינה את ולי זליגמן לבית גרזון וכתבה בגרמנית את תולדות משפחת גרזון / 2000.,"Die Geschichte der Familie Garzon auf Deutsch. Silke Schaeper interviewte Wally Seligman, geborene Garzon, und schrieb die Geschichte der Familie Garzon auf Deutsch / 2000.",The history of the Garzon family in German. Silke Schaeper interviewed Wally Seligman née Garzon and wrote the history of the Garzon family in German / 2000.,German,Biography,,original,Silke Schaeper,2000,,,
IL-MTFN-001-G-F-0202-008-R0002,IL-MTFN-001-G-F-0202-008,Family Roots by Henry Birnbrey,"עבודת שורשים / תולדות משפחה שנעשתה ע""י הנרי בירנבריי Henry Birnbrey ב-1994 בה מופיעה בין היתר גם משפחת גרזון לדורותיה (חומר זה מצוי גם בעיזבון של מנפרד משה גרזון).","Stammbaum / Familiengeschichte erstellt von Henry Birnbrey im Jahr 1994, in dem unter anderem auch die Familie Garzon über Generationen hinweg erwähnt wird (dieses Material befindet sich auch im Nachlass von Manfred Moshe Garzon).","Family roots / family history created by Henry Birnbrey in 1994, which also includes the Garzon family through generations (this material is also found in the estate of Manfred Moshe Garzon).",Hebrew|English,לא מזוהה|Unrecognized,,original,Henry Birnbrey,1994,,,
IL-MTFN-001-G-F-0202-008-R0003,IL-MTFN-001-G-F-0202-008,Memories from the Garzon House for Wally Seligman's 80th Birthday,"מנפרד משה גרזון כותב בעברית ""זכרונות מבית גרזון"" לכבוד יום הולדתה ה-80 של ולי זליגמן; אחותו. כרוך בכריכה חגיגית.","Manfred Moshe Garzon schreibt auf Hebräisch ""Erinnerungen aus dem Haus Garzon"" zu Ehren des 80. Geburtstags von Wally Seligman; seiner Schwester. Gebunden in einem festlichen Einband.","Manfred Moshe Garzon writes in Hebrew ""Memories from the Garzon House"" in honor of the 80th birthday of Wally Seligman; his sister. Bound in a festive cover.",Hebrew,Book,,original,Manfred Moshe Garzon,,,,
IL-MTFN-001-G-F-0202-009-R0001,IL-MTFN-001-G-F-0202-009,List of Holocaust Victims from the Garzon Family,רשימה עם שמות הנרצחים בשואה ממשפחת גרזון.,Liste mit den Namen der im Holocaust ermordeten Mitglieder der Familie Garzon.,List of the names of the murdered in the Holocaust from the Garzon family.,Hebrew,רשימה|List,,original,,,,,
IL-MTFN-001-G-F-0202-009-R0012,IL-MTFN-001-G-F-0202-009,Photograph of Martin's Letter to Manfred,"צילום מכתבו של מרטין אל אחיו מנפרד בפלשתינה, מכתב האני מאמין של מרטין קצר לפני שנשלח לטרזיינשטטד. נכתב בנויינדורף ב-1943.","Fotografie eines Briefes von Martin an seinen Bruder Manfred in Palästina, ein Glaubensbekenntnis von Martin kurz bevor er nach Theresienstadt geschickt wurde. Geschrieben in Neuendorf im Jahr 1943.","Photograph of a letter from Martin to his brother Manfred in Palestine, Martin's creed letter shortly before being sent to Theresienstadt. Written in Neuendorf in 1943.",German|עברית,מכתב|Letter,photography,copy,Martin,1943,,,
IL-MTFN-001-G-F-0202-010-R0004,IL-MTFN-001-G-F-0202-010,Translation of Clotilde Schenk's Writings on Clara Grunwald,תרגום לעברית של דברים שכתבה קלוטילדה שנק Chlotilde Schenk על חברתה קלרה גרונולד.,"Übersetzung ins Hebräische von Dingen, die Clotilde Schenk über ihre Freundin Clara Grunwald geschrieben hat.",Translation into Hebrew of things written by Clotilde Schenk about her friend Clara Grunwald.,Hebrew,מסמך מתורגם|Translated Document,,other,Clotilde Schenk,,,,
IL-MTFN-001-G-F-0202-011-R0001,IL-MTFN-001-G-F-0202-011,Notebook for Chemistry and Agriculture Studies of Gedaliah Kornitzer,"פנקס ללימודי כימיה וחקלאות של גדליה קורניצר מ-1925;1926, כתוב בצרפתית, מבי""ס באנטוורפן.","Notizbuch für Chemie- und Landwirtschaftsstudien von Gedaliah Kornitzer aus den Jahren 1925;1926, geschrieben in Französisch, von einer Schule in Antwerpen.","Notebook for chemistry and agriculture studies of Gedaliah Kornitzer from 1925;1926, written in French, from a school in Antwerp.",Other,פנקס|Notepad,handwriting,original,גדליה קורניצר,1925,,,
IL-MTFN-001-G-F-0202-013-R0004,IL-MTFN-001-G-F-0202-013,List of Favorite Foods,רשימת מאכלים אהובים על החברה.,Liste der Lieblingsgerichte der Firma.,List of favorite foods of the company.,Hebrew,רשימה|List,,original,,,,,
IL-MTFN-001-G-F-0202-013-R0007,IL-MTFN-001-G-F-0202-013,Notebooks of Vali Garzon with Poems and Lists,2 מחברות של ולי גרזון עם שירים ורשימות למיניהן.,2 Notizbücher von Vali Garzon mit Gedichten und verschiedenen Listen.,2 notebooks by Vali Garzon with poems and various lists.,Hebrew,פנקס|Notepad|שיר|Poem|רשימות|Personal Notes,handwriting,original,Vali Garzon,,,,
IL-MTFN-001-G-F-0202-014-R0003,IL-MTFN-001-G-F-0202-014,British Army Soldier Named Amos,חייל בצבא הבריטי שפעם קראו לו עמוס.,"Ein Soldat in der britischen Armee, der früher Amos genannt wurde.",A soldier in the British army who was once called Amos.,Unspecified,Unrecognized,,other,,,,,
IL-MTFN-001-G-F-0202-014-R0008,IL-MTFN-001-G-F-0202-014,לאה גרזון על התחלת התנוע 'נוטע;בונה',"1938, חיפה, לאה גרזון מספרת ומסבירה על התחלת התנוע ""נוטע;בונה"" מושב שיתופי, על החיים והקשיים בקבוצות הראשונות.","1938, Haifa, Lea Garzon erzählt und erklärt über den Beginn der Bewegung 'Notah;Bona', eine kooperative Siedlung, über das Leben und die Schwierigkeiten in den ersten Gruppen.","1938, Haifa, Lea Garzon tells and explains about the beginning of the movement 'Notah;Bona', a cooperative settlement, about the life and difficulties in the first groups.",Hebrew,Letter,,original,לאה גרזון,1938,,,
IL-MTFN-001-G-F-0202-015-R0001,IL-MTFN-001-G-F-0202-015,"Wilma Adam's Trip to Israel, 1938",תיאור נסיע לישראל Wilma Adam; 1938,Beschreibung der Reise nach Israel Wilma Adam; 1938,Description of the trip to Israel Wilma Adam; 1938,Unspecified,לא מזוהה,,original,Wilma Adam,1938,,,
IL-MTFN-001-G-F-0202-015-R0013,IL-MTFN-001-G-F-0202-015,Handwritten Page by Wali on Martin's Farewell Letters,"בלי תאריך, דף בכתב יד של ולי על מכתבי פרידה של מרטין, עברית כתב יד","Ohne Datum, handgeschriebene Seite von Wali über Abschiedsbriefe von Martin, hebräische Handschrift","Without date, handwritten page by Wali about farewell letters of Martin, Hebrew handwriting",Hebrew,מכתב|Letter,handwriting,original,,,,,
IL-MTFN-001-G-F-0202-016-R0002,IL-MTFN-001-G-F-0202-016,Clothilde Schenck on Clara Grünwald,דברי Clothilde Schenck על Clara Grünwald,Worte von Clothilde Schenck über Clara Grünwald,Words of Clothilde Schenck about Clara Grünwald,Unspecified,לא מזוהה,,other,Clara Grünwald,,,,
IL-MTFN-001-G-F-0202-016-R0003,IL-MTFN-001-G-F-0202-016,Memories from the Garzon Luli House,"1993, זכרונות מבית גרזון לולי מאת Manfred","1993, Erinnerungen aus dem Haus Garzon Luli von Manfred","1993, Memories from the Garzon Luli House by Manfred",Unspecified,ספר|Book,,original,Manfred,1993,,,
IL-MTFN-001-G-F-0202-016-R0013,IL-MTFN-001-G-F-0202-016,Memories of Arale Deldan,"בלי תאריך, 4 דפים עם זכרונות של אראלה דלדן","Ohne Datum, 4 Seiten mit Erinnerungen von Arale Deldan","No date, 4 pages with memories of Arale Deldan",Hebrew,רשימות|Personal Notes,,original,אראלה דלדן,,,,4
IL-MTFN-001-G-F-0202-016-R0019,IL-MTFN-001-G-F-0202-016,"Postcards from Grete to Veli, 1939","1939, 2 גלויות של ולי מאחותה גרטה Grete","1939, 2 Postkarten von Veli von ihrer Schwester Grete","1939, 2 postcards from Veli from her sister Grete",German,גלויה|Postcard,,original,Grete,1939,,,
IL-MTFN-001-G-F-0207-001-R0002,IL-MTFN-001-G-F-0207-001,Short Biography of Friedrich Rodenberg by Elisheva Litan,"ביוגרפיה קצרה בגרמנית שחיברה הבת, אלישבע ליטן, על אביה פרידריך רודנברג.","Eine kurze Biografie auf Deutsch, verfasst von der Tochter Elisheva Litan über ihren Vater Friedrich Rodenberg.","A short biography in German written by the daughter, Elisheva Litan, about her father Friedrich Rodenberg.",German,Biography,,original,Friedrich Rodenberg,,,,
IL-MTFN-001-G-F-0207-003-R0003,IL-MTFN-001-G-F-0207-003,Writings by Elisheva Litan on Life in Beit HaArava,דברים שכתבה אלישבע ליטן על חייה בבית הערבה טרום קום המדינה.,"Dinge, die Elisheva Litan über ihr Leben in Beit HaArava vor der Staatsgründung schrieb.",Things written by Elisheva Litan about her life in Beit HaArava before the establishment of the state.,Hebrew,רשימות|Personal Notes,handwriting,original,אלישבע ליטן,,,,
IL-MTFN-001-G-F-0207-004-R0001,IL-MTFN-001-G-F-0207-004,Recipe Book by Emma Stockheim,"הספר בהוצאה מכובדת ויפיפיה, כל עמוד לבן ממוסגר במסגרת אדומה. כל מספר דפים ריקים/כתובים יש עמוד מאויר ציורים בצבע ועליו משפט 'חכמת חיים' כל שהי. ספר לרישום מתכונים שקבלה אמה שטוקהיים Emma Stockheim (לימים אמה רוזנפלדר סבתה;רבה, של אלישבע ליטן) מאת אלברט היים Albert Heim ב-1868. בספר המשיכה לימים לרשום מתכונים גם הבת שלה הנסי רודנברג לבית רוזנפלדר Hansi Rudenberg geb. Rosenfelder (האם של אלישבע ליטן); בעמוד הראשון של הספר כתוב בגרמנית: Koch;Notiz;Buch für gute Hausfrauen תרגום: ספר;רישומ-בישול. העמוד מאויר וצבעוני.","Das Buch in einer respektablen und schönen Ausgabe, jede weiße Seite ist von einem roten Rahmen umgeben. Alle paar leeren/beschriebenen Seiten gibt es eine illustrierte Seite mit farbigen Zeichnungen und einem Spruch 'Lebensweisheit'. Ein Rezeptbuch, das Emma Stockheim (später Emma Rosenfelder, Urgroßmutter von Elisheva Litan) 1868 von Albert Heim erhielt. Später schrieb auch ihre Tochter Hansi Rudenberg, geb. Rosenfelder (die Mutter von Elisheva Litan), Rezepte in das Buch. Auf der ersten Seite des Buches steht auf Deutsch: Koch;Notiz;Buch für gute Hausfrauen. Übersetzung: Koch-Notiz-Buch. Die Seite ist illustriert und bunt.","The book in a respectable and beautiful edition, each white page framed in a red border. Every few blank/written pages there is an illustrated page with colored drawings and a 'wisdom of life' saying. A recipe book received by Emma Stockheim (later Emma Rosenfelder, great-grandmother of Elisheva Litan) from Albert Heim in 1868. Later, her daughter Hansi Rudenberg, née Rosenfelder (the mother of Elisheva Litan), also continued to write recipes in the book. On the first page of the book, it is written in German: Koch;Notiz;Buch für gute Hausfrauen. Translation: Cooking-Note-Book. The page is illustrated and colorful.",German|Hebrew,ספר|Book,print,original,Emma Stockheim,1868,,,
IL-MTFN-001-G-F-0210-001-R0001,IL-MTFN-001-G-F-0210-001,World War I Diary of Alice Salomon,"יומן מלחמת עולם ראשונה של אישה Alice Salomon עם תרגום לעברית עם הסיפור האישי שלה ויל משפחתה; שמות: Katz, Frieda Goldberger, Salomon; מקום: Lautenburg nan","Tagebuch des Ersten Weltkriegs einer Frau Alice Salomon mit Übersetzung ins Hebräische mit ihrer persönlichen Geschichte und der ihrer Familie; Namen: Katz, Frieda Goldberger, Salomon; Ort: Lautenburg nan","World War I diary of a woman Alice Salomon with translation into Hebrew with her personal story and that of her family; Names: Katz, Frieda Goldberger, Salomon; Place: Lautenburg nan",Hebrew|German,יומן|Diary|מסמך מתורגם|Translated Document,,original,Alice Salomon,,,,
IL-MTFN-001-G-F-0214-001-R0001,IL-MTFN-001-G-F-0214-001,Memory Book of Miriam Polin,"ספר זיכרונות של מרים פולין מ-1938; דפים מודפסים עם זיכרונותיה של מרים פולין מילדותה עד לעלייתה לארץ ב-1948.; הזיכרונות מחולקים ל;3 פרקים, סה""כ 38 עמודים.","Erinnerungsbuch von Miriam Polin aus dem Jahr 1938; Gedruckte Seiten mit Erinnerungen von Miriam Polin von ihrer Kindheit bis zu ihrer Einwanderung nach Israel im Jahr 1948.; Die Erinnerungen sind in 3 Kapitel unterteilt, insgesamt 38 Seiten.","Memory book of Miriam Polin from 1938; Printed pages with memories of Miriam Polin from her childhood until her immigration to Israel in 1948.; The memories are divided into 3 chapters, a total of 38 pages.",Hebrew,ספר זכרונות|Memory Book,print,original,Miriam Polin,1938,,,38
IL-MTFN-001-G-F-0214-001-R0002,IL-MTFN-001-G-F-0214-001,"Written by Miriam in German, 2010","נכתבו ע""י מרים, גרמנית הדפסה, 2010, כפר ורדים.","Geschrieben von Miriam, Deutsch maschinenschriftlich, 2010, Kfar Vradim.","Written by Miriam, German typewritten, 2010, Kfar Vradim.",German,Letter,typewriting,original,Miriam,2010,,,
IL-MTFN-001-G-F-0214-001-R0003,IL-MTFN-001-G-F-0214-001,זיכרונותיו של אושי פולין,"דפים מודפסים עם זיכרונותיו של אושי פולין, נולד בגרה Gera ב-1924. בין היתר היה חניך במוסד ""אהבה"" בברלין, ממנו ברח בגיל 13. הנער אושי התנסה בטרם עת בחוויות חיים קשות בגרמניה, אנגליה ולבסוף שבדיה. גרמנית הדפסה.","Gedruckte Seiten mit den Erinnerungen von Oshi Polin, geboren in Gera 1924. Unter anderem war er Schüler im ""Ahava""-Institut in Berlin, von dem er im Alter von 13 Jahren floh. Der Junge Oshi machte frühzeitig schwere Lebenserfahrungen in Deutschland, England und schließlich Schweden. Deutsch Druck.","Printed pages with the memories of Oshi Polin, born in Gera in 1924. Among other things, he was a student at the ""Ahava"" institution in Berlin, from which he fled at the age of 13. The boy Oshi had early difficult life experiences in Germany, England, and finally Sweden. German print.",German,מסמך מתורגם|Translated Document,typewriting,original,אושי פולין,,,,
IL-MTFN-001-G-F-0214-001-R0005,IL-MTFN-001-G-F-0214-001,"Photo and Letter from Sweden, 1943","צילום תמונה בה מצולמת גם מרים בבית המלאכה בשבדיה וצילום מכתב כתוב שבדית ששולח לה עובד תעשיה, שככל הנראה התלהב מתמונתה ורוצה קשר אליה. קרלסבורג, שבדיה, 1943.","Foto eines Bildes, auf dem auch Miriam in der Werkstatt in Schweden zu sehen ist, und Foto eines auf Schwedisch geschriebenen Briefes, den ein Industriearbeiter an sie schickt, der offenbar von ihrem Bild begeistert ist und Kontakt zu ihr möchte. Karlsborg, Schweden, 1943.","Photo of a picture in which Miriam is also photographed in the workshop in Sweden and a photo of a letter written in Swedish sent to her by an industrial worker, who apparently was impressed by her picture and wants to connect with her. Karlsborg, Sweden, 1943.",Swedish|עברית,תצלום|מכתב,photography,copy,מרים,1943,,,
IL-MTFN-001-G-F-0214-001-R0006,IL-MTFN-001-G-F-0214-001,Letter from Miriam to Eva Warburg about life in Cyprus detention camp,"15.5.1947 מרים, בת 21 שנים, כותבת מקפריסין אל אוה ורבורג Eva Warburg ומספרת על החיים במחנה המעצר בקפריסין. בין היתר:; כבר על האנייה הקבוצה משבדיה, מציינת את שמות החברים, התארגנה והקימה פלוגה בשם ""פלוגה בדרך"". הם יזמו קופה משותפת, אחרי ויכוחים רבים. הם מחפשים קיבוץ אליו יוכלו להצטרף בהגיעם לארץ ומבקשת את עצתה של אוה ורבורג בנידון. במחנה יש רק מעט עבודה, אושי מעביר את זמנו בהרבה ספורט, אחרים בפיסול באבן רכה או יצירת קערות וסלסלות מפח קופסאות. בנות המזל שיש ברשותן שמיכות צמר, פורמות אותן וסורגות סודרים. את חדרי המגורים קישטו בעבודות היד ואת הקירות בתמונות גזורות מעיתונים. בעיה גדולה הם המים, שזורמים רק 3 שעות ביממה וזאת עבור אלפי עצורים. כך שקשה לשמור על ניקיון הגוף, הבגדים והסביבה. להרבה בנות יש את הפחד ובעיית מניעת הריון. היא ואושי, בעייתם הפוכה, הם מייחלים לתינוק. גרמנית כתב יד. מצורפת הדפסת המכתב בשפת המקור, הודפס ע""י מרים פולין מרץ 2014.","15.5.1947 Miriam, 21 Jahre alt, schreibt aus Zypern an Eva Warburg und erzählt vom Leben im Internierungslager in Zypern. Unter anderem: Schon auf dem Schiff organisierte sich die Gruppe aus Schweden, nennt die Namen der Mitglieder, und gründete eine Einheit namens 'Einheit auf dem Weg'. Sie initiierten eine gemeinsame Kasse nach vielen Diskussionen. Sie suchen nach einem Kibbuz, dem sie sich bei ihrer Ankunft im Land anschließen können, und bittet um Eva Warburgs Rat in dieser Angelegenheit. Im Lager gibt es nur wenig Arbeit, Oshi verbringt seine Zeit mit viel Sport, andere mit Bildhauerei in weichem Stein oder der Herstellung von Schalen und Körben aus Blechdosen. Die glücklichen Mädchen, die Wolldecken besitzen, lösen diese auf und stricken Pullover. Die Wohnräume wurden mit Handarbeiten dekoriert und die Wände mit aus Zeitungen ausgeschnittenen Bildern. Ein großes Problem ist das Wasser, das nur 3 Stunden am Tag für Tausende von Gefangenen fließt. Es ist daher schwierig, Körper, Kleidung und Umgebung sauber zu halten. Viele Mädchen haben Angst und das Problem der Verhütung. Sie und Oshi haben das gegenteilige Problem, sie sehnen sich nach einem Baby. Handschrift auf Deutsch. Der Originalbrief in der Originalsprache ist beigefügt, gedruckt von Miriam Polin im März 2014.","15.5.1947 Miriam, 21 years old, writes from Cyprus to Eva Warburg and talks about life in the detention camp in Cyprus. Among other things: Already on the ship, the group from Sweden, mentioning the names of the members, organized and formed a unit called 'Unit on the Way'. They initiated a joint fund after many arguments. They are looking for a kibbutz to join upon their arrival in the country and ask for Eva Warburg's advice on the matter. There is little work in the camp, Oshi spends his time with a lot of sports, others with sculpting in soft stone or making bowls and baskets from tin cans. The lucky girls who have wool blankets unravel them and knit sweaters. The living quarters were decorated with handicrafts and the walls with pictures cut from newspapers. A big problem is the water, which flows only 3 hours a day for thousands of detainees. It is therefore difficult to keep the body, clothes, and environment clean. Many girls have the fear and problem of preventing pregnancy. She and Oshi have the opposite problem, they long for a baby. German handwriting. The typewritten letter in the original language is attached, printed by Miriam Polin in March 2014.",German|עברית,מכתב|Letter,handwriting,original,Eva Warburg,1947-05-15,2014-03,,
IL-MTFN-001-G-F-0214-003-R0006,IL-MTFN-001-G-F-0214-003,Photograph of Georg Kurzbert Family History,"צילום, קורות משפחת גאורג קורצברט, ההורים, הנשים והילדים. אנגלית הדפסה 2 עמודים.","Fotografie, Geschichte der Familie Georg Kurzbert, die Eltern, die Frauen und die Kinder. Englisch Schreibmaschine 2 Seiten.","Photograph, history of the Georg Kurzbert family, the parents, the women, and the children. English typewritten 2 pages.",English,תצלום|Photograph,photography,copy,Georg Kurzbert,,,,2
IL-MTFN-001-G-F-0214-003-R0007,IL-MTFN-001-G-F-0214-003,Letter from Franky Kurz about his father,"צילום, מכתב ששולח פרנקי קורץ, הבן הצעיר מנישואיו השניים של גאורג קורצברט, אחרי מות אביו ב1976. במכתב קווים לדמות האב. אנגלית הדפסה 2 עמודים, 1977. בסוף הוא מוסיף מספר שורות לאחותו תיאה, מרים פולין.","Foto, Brief von Franky Kurz, dem jüngsten Sohn aus der zweiten Ehe von Georg Kurzbert, nach dem Tod seines Vaters im Jahr 1976. Im Brief Linien zur Figur des Vaters. Englisch Schreibmaschine 2 Seiten, 1977. Am Ende fügt er einige Zeilen an seine Schwester Thea, Miriam Polin, hinzu.","Photo, letter sent by Franky Kurz, the youngest son from Georg Kurzbert's second marriage, after his father's death in 1976. In the letter, lines about the father's character. English typewritten 2 pages, 1977. At the end, he adds a few lines to his sister Thea, Miriam Polin.",English,מכתב|Letter,typewriting,copy,Franky Kurz,1977,,,2
IL-MTFN-001-G-F-0214-003-R0011,IL-MTFN-001-G-F-0214-003,Frank Kurz on Martha Kurz after her death,"צילום, כתב פרנק קורץ על אמו מרתה קורץ לבית מנזור Mensor, אחרי מותה. אנגלית הדפסה 3 עמודים.","Foto, Frank Kurz schrieb über seine Mutter Martha Kurz, geborene Mensor, nach ihrem Tod. Englisch, Maschinenschrift, 3 Seiten.","Photo, Frank Kurz wrote about his mother Martha Kurz, née Mensor, after her death. English, typewritten, 3 pages.",English,מכתב|Letter,typewriting,copy,Frank Kurz,,,,3
IL-MTFN-001-G-F-0214-004-R0010,IL-MTFN-001-G-F-0214-004,Summary of Letters by Miriam Polin,"מרים פולין ערכה תמצית לכל מכתב, גרמנית כתב יד, בשנים 2010/2011.","Miriam Polin erstellte eine Zusammenfassung für jeden Brief, handschriftlich auf Deutsch, in den Jahren 2010/2011.","Miriam Polin prepared a summary for each letter, handwritten in German, in the years 2010/2011.",German,מכתב|Letter,handwriting,original,Miriam Polin,2010,,,
IL-MTFN-001-G-F-0214-006-R0005,IL-MTFN-001-G-F-0214-006,"Letter from Wili Tichauer to Tahe/Miriam, May 1946","מכתב אל תאה/מרים מאת וילי (וילהלם) טיכאואר Wili Tichauer, אח של האם, אלזה, שבניגוד לרעייתו ובתו שנרצחו בשואה, הוא היה 7 שנים בבוכנוולד וניצל בזכות ההומור שלו והרבה מזל; כך הוא כותב במכתבו. ברלין, גרמנית כתב יד, מאי 1946.","Brief an Tahe/Miriam von Wili (Wilhelm) Tichauer, Bruder der Mutter, Elsa, die im Gegensatz zu seiner Frau und Tochter, die im Holocaust ermordet wurden, sieben Jahre in Buchenwald war und dank seines Humors und viel Glück überlebte; so schreibt er in seinem Brief. Berlin, handschriftlich auf Deutsch, Mai 1946.","Letter to Tahe/Miriam from Wili (Wilhelm) Tichauer, brother of the mother, Elsa, who, unlike his wife and daughter who were murdered in the Holocaust, was in Buchenwald for seven years and survived thanks to his humor and a lot of luck; so he writes in his letter. Berlin, handwritten in German, May 1946.",German,מכתב|Letter,handwriting,original,Wili Tichauer,1946-05,,,
IL-MTFN-001-G-F-0214-007-R0001,IL-MTFN-001-G-F-0214-007,Postcards from Georg Kurzweil to Thea/Miriam,"גלויות שגאורג קורצברט שולח מהמבורג לבתו תיאה/מרים בשבדיה. גרמנית, פברואר; יוני 1939.","Postkarten, die Georg Kurzweil aus Hamburg an seine Tochter Thea/Miriam in Schweden schickt. Deutsch, Februar; Juni 1939.","Postcards that Georg Kurzweil sends from Hamburg to his daughter Thea/Miriam in Sweden. German, February; June 1939.",German,גלויה|Postcard,print,original,Georg Kurzweil,1939-02,,,
IL-MTFN-001-G-F-0214-008-R0001,IL-MTFN-001-G-F-0214-008,Letters from Elsa mentioning her brothers,"במכתביה מזכירה אלזה את שלושת אחיה:; דגו Dago Willy Hans; מכתבה הראשון מ-2.3.1939 מכתבה האחרון (מקור יחיד בכל האוסף, עליו שמרה מרים) נכתב ב-17.11.1941. על מכתב זה הוסיפה תאה/מרים דברי אהבה וגעגועים לאמה עוד בהיותה בשבדיה. למכתב זה (בסוף אסופת המכתבים) מצורף הסברה של מרים מיום 05.07.2011, נשלח בדוא""ל לנילי.","In ihren Briefen erwähnt Elsa ihre drei Brüder: Dago, Willy, Hans; ihr erster Brief vom 2.3.1939, ihr letzter Brief (einziges Original in der gesamten Sammlung, das Miriam aufbewahrte) wurde am 17.11.1941 geschrieben. Auf diesem Brief fügte Thea/Miriam Liebes- und Sehnsuchtsworte an ihre Mutter hinzu, als sie noch in Schweden war. Diesem Brief (am Ende der Briefsammlung) ist Miriams Erklärung vom 05.07.2011 beigefügt, die per E-Mail an Nili gesendet wurde.","In her letters, Elsa mentions her three brothers: Dago, Willy, Hans; her first letter from 2.3.1939, her last letter (the only original in the entire collection, which Miriam kept) was written on 17.11.1941. On this letter, Thea/Miriam added words of love and longing for her mother while she was still in Sweden. Attached to this letter (at the end of the letter collection) is Miriam's explanation from 05.07.2011, sent by email to Nili.",Hebrew|German,מכתב|Letter,handwriting,original,Elsa,1939-03-02,,,
IL-MTFN-001-G-F-0219-001-R0002,IL-MTFN-001-G-F-0219-001,Explanations for Deposited Material and Family Tree,"עמוד עם הסברים לחומר המופקד ולאילן היוחסין של המשפחה .בעברית, כתב מפקיד העזבון, ארנו בר.","Seite mit Erklärungen zum hinterlegten Material und zum Stammbaum der Familie. Auf Hebräisch, geschrieben vom Nachlassverwalter Arno Bar.","Page with explanations for the deposited material and the family tree. In Hebrew, written by the estate administrator, Arno Bar.",Hebrew,רשימות|Personal Notes,handwriting,original,Arno Bar,,,,
IL-MTFN-001-G-F-0219-002-R0004,IL-MTFN-001-G-F-0219-002,Report Cards for Sofie Pinas,גליונות ציונים לסופי פינאס מהשנים 1902;1910.,Zeugnisblätter für Sofie Pinas aus den Jahren 1902;1910.,Report cards for Sofie Pinas from the years 1902;1910.,Hebrew,תעודת לימודים|Academic Certificate,,original,Sofie Pinas,1902,,,
IL-MTFN-001-G-F-0223-001-R0001,IL-MTFN-001-G-F-0223-001,Family Tree of the David Family from Neuwied,"אילן יוחסין ושורשים של משפחת דוד מנויויד Neuwied, נאסף והובא לדפוס ע""י חנן דוד, גליל ים, 1984. עברית.","Stammbaum und Wurzeln der Familie David aus Neuwied, gesammelt und zum Druck gebracht von Hanan David, Galil Yam, 1984. Hebräisch.","Family tree and roots of the David family from Neuwied, collected and brought to print by Hanan David, Galil Yam, 1984. Hebrew.",Hebrew,לא מזוהה,print,original,David,1984,1984,,
IL-MTFN-001-G-F-0223-001-R0002,IL-MTFN-001-G-F-0223-001,את אשר אני זוכר; זכרונות מהבית ומהמשפחה,"אסופה, 'את אשר אני זוכר; זכרונות מהבית ומהמשפחה / חנן דוד'. קורות המשפחה מ-1918 בגרמניה, העליה וההתיישבות בארץ. עברית הדפסה. דוד חנן מיטיב לכתוב ולתאר את רוח הזמן עם הומור.","Sammlung, 'Was ich erinnere; Erinnerungen aus dem Haus und der Familie / Hanan David'. Die Familiengeschichte ab 1918 in Deutschland, die Einwanderung und Ansiedlung im Land. Hebräisch Schreibmaschine. David Hanan schreibt gut und beschreibt den Zeitgeist mit Humor.","Collection, 'What I Remember; Memories from Home and Family / Hanan David'. The family history from 1918 in Germany, immigration and settlement in the country. Hebrew typewritten. David Hanan writes well and describes the spirit of the time with humor.",Hebrew,ספר|Book,typewriting,original,חנן דוד,,,,
IL-MTFN-001-G-F-0223-001-R0003,IL-MTFN-001-G-F-0223-001,Family Tree of the Pitt Family,"אסופה, 'אילן יוחסין של משפחת פיט נאסף והובא לדפוס ע""י חנן דוד, גליל;ים, 1984'. בין היתר: ליל הבדולח, המצוקה, אי הודאות ותלאות בעליה ב' לארץ.","Sammlung, 'Stammbaum der Familie Pitt gesammelt und zum Druck gebracht von Hanan David, Galiläa; 1984'. Unter anderem: Kristallnacht, Not, Unsicherheit und Mühen der Aliyah Bet nach Israel.","Collection, 'Family tree of the Pitt family collected and brought to print by Hanan David, Galilee; 1984'. Among others: Kristallnacht, distress, uncertainty, and hardships of Aliyah Bet to Israel.",Hebrew,לא מזוהה,print,original,,,1984,,
IL-MTFN-001-G-F-0226-001-R0001,IL-MTFN-001-G-F-0226-001,Guestbook Entry by Meir Dizengoff and Menachem Soskin,"ספר/אלבום אורחים עם כתיבה אחת בלבד, של מאיר דיזנגוף ומנחם סוסקין. ציטוט הכתוב:; ""לקצין הוניה תל אביב מר רושנטהל, ברכה לבבית מאת ...(לא ברור) המעפילים לקצין החלוץ בספנות ההולך יחד עם חבריו הנועזים לכבוש להם ולנו עמדה של כבוד על גלי הימים. עלו והצליחו כי יש אלוהים בלבבכם ואנו מן היבשת עינינו תלויות אליכם ובכם הדור הצעיר כל תקותנו."" 3.7.35; חתומים מ. דיזנגוף ומ. סוסקין.","Buch/Gästebuch mit nur einem Eintrag von Meir Dizengoff und Menachem Soskin. Zitat des Textes:; ""Dem Offizier der Tel Aviv, Herr Rosenthal, herzliche Grüße von ...(unleserlich) den Einwanderern an den Pionieroffizier in der Schifffahrt, der zusammen mit seinen mutigen Kameraden eine ehrenvolle Position auf den Wellen des Meeres erobern wird. Geht voran und habt Erfolg, denn Gott ist in euren Herzen und wir vom Festland blicken zu euch und in euch, die junge Generation, liegt all unsere Hoffnung."" 3.7.35; Unterzeichnet von M. Dizengoff und M. Soskin.","Book/Guestbook with only one entry, by Meir Dizengoff and Menachem Soskin. Quoted text:; ""To the officer of the Tel Aviv ship, Mr. Rosenthal, heartfelt greetings from ...(unclear) the immigrants to the pioneer officer in shipping who, together with his brave comrades, will conquer a position of honor on the waves of the seas. Go forth and succeed, for God is in your hearts and we from the mainland look to you and in you, the young generation, lies all our hope."" 3.7.35; Signed by M. Dizengoff and M. Soskin.",Hebrew,ספר|Book,handwriting,original,Meir Dizengoff|Menachem Soskin,1935-07-03,,,
IL-MTFN-001-G-F-0226-001-R0005,IL-MTFN-001-G-F-0226-001,Photograph of a page from the guest book of the ship Tel Aviv,"תצלום של עמוד, ככלהנראה, מספר האורחים של האוניה תל אביב, כתוב עברית וגרמנית ועשרות של חתימות נוסעים.","Foto einer Seite, wahrscheinlich aus dem Gästebuch des Schiffes Tel Aviv, geschrieben in Hebräisch und Deutsch und Dutzende von Passagierunterschriften.","Photograph of a page, presumably from the guest book of the ship Tel Aviv, written in Hebrew and German and dozens of passenger signatures.",Hebrew|German,תצלום|Photograph,photography,original,,,,,
IL-MTFN-001-G-F-0236-001-R0001,IL-MTFN-001-G-F-0236-001,"Letters from Hanna Roth to her mother, 1920/22","תרגום לעברית והדפסה של מכתבים, שכתבה חנה רוט Hanna Roth לאמה ב-1920/22 מההכשרה בחוות נידרגימל Niedergimmel. במכתביה פונה חנה אל האם בשם החיבה הגרמני 'מוטי' (אמא'לה). הבת, חנה רוט, מדווחת לאם על חייה ועבודתה בחווה ומביעה את דעותיה הפוליטיות.","Übersetzung ins Hebräische und maschinenschriftliche Briefe, die Hanna Roth 1920/22 von der Ausbildung auf dem Niedergimmel-Hof an ihre Mutter schrieb. In ihren Briefen spricht Hanna ihre Mutter mit dem deutschen Kosenamen 'Mutti' an. Die Tochter, Hanna Roth, berichtet der Mutter über ihr Leben und ihre Arbeit auf dem Hof und äußert ihre politischen Ansichten.","Translation into Hebrew and typewritten letters written by Hanna Roth to her mother in 1920/22 from the training at Niedergimmel Farm. In her letters, Hanna addresses her mother with the German nickname 'Mutti' (Mommy). The daughter, Hanna Roth, reports to her mother about her life and work on the farm and expresses her political views.",Hebrew|German,מכתב|Letter,typewriting,original,Hanna Roth,1920,,,
IL-MTFN-001-G-F-0247-001-R0003,IL-MTFN-001-G-F-0247-001,Bar Mitzvah Sermon for Rosenblit Family,דרשה לבר מצווה של אחד הבנים לבית שמואל ופני רוזנבליט. ללא תאריך.,Predigt zur Bar Mizwa eines der Söhne der Familie Samuel und Pnina Rosenblit. Ohne Datum.,Sermon for the Bar Mitzvah of one of the sons of the Samuel and Pnina Rosenblit family. No date.,Hebrew,Speech,,original,Rosenblit,,,,
IL-MTFN-001-G-F-0247-002-R0003,IL-MTFN-001-G-F-0247-002,Eulogy for Dina Rosenblit,"דברי הספד לדינה רוזנבליט, בתם של פליקס ורעייתו הראשונה אני לבית לסר. תמונות הילדה מצורפות.","Trauerrede für Dina Rosenblit, Tochter von Felix und seiner ersten Frau Ani geborene Lesser. Fotos des Kindes sind beigefügt.","Eulogy for Dina Rosenblit, daughter of Felix and his first wife Ani née Lesser. Photos of the child are attached.",Hebrew,עדות|Testimony,,original,Dina Rosenblit,,,,
IL-MTFN-001-G-F-0247-002-R0004,IL-MTFN-001-G-F-0247-002,Memories of Rivka Rosenblit,"זיכורונות על רבקה רוזנבליט, בתם של פליקס ורעייתו השניה, הדסה לבית פרלמן. רבקה נפטרה בילדותה.","Erinnerungen an Rivka Rosenblit, Tochter von Felix und seiner zweiten Frau, Hadassah geborene Perlman. Rivka starb in ihrer Kindheit.","Memories of Rivka Rosenblit, daughter of Felix and his second wife, Hadassah née Perlman. Rivka died in her childhood.",Unspecified,רשימות|Personal Notes,,other,Rivka Rosenblit,,,,
IL-MTFN-001-G-F-0247-002-R0009,IL-MTFN-001-G-F-0247-002,Eulogy for Hadassah Rosenblit,דברי הספד על מות הדסה רוזנבליט.,Trauerrede über den Tod von Hadassah Rosenblit.,Eulogy on the death of Hadassah Rosenblit.,Hebrew,עדות|Testimony,,original,הדסה רוזנבליט,,,,
IL-MTFN-001-G-F-0247-002-R0010,IL-MTFN-001-G-F-0247-002,Eulogy and Condolences for Pinchas Rosen,דברי הספד ותנחומים על מות פנחס רוזן.,Trauerrede und Beileidsbekundungen zum Tod von Pinchas Rosen.,Eulogy and condolences on the death of Pinchas Rosen.,Hebrew,Letter,,original,Pinchas Rosen,,,,
IL-MTFN-001-G-F-0247-007-R0002,IL-MTFN-001-G-F-0247-007,Diary Excerpts of Martin Rosenblit,"הדפסה של פסקות מתוך יומנו של מרטין רוזנבליט, בשפת המקור, גרמנית.","Druck von Absätzen aus dem Tagebuch von Martin Rosenblit, in der Originalsprache, Deutsch.","Print of paragraphs from the diary of Martin Rosenblit, in the original language, German.",German,יומן|Diary,typewriting,copy,Martin Rosenblit,,,,
IL-MTFN-001-G-F-0250-004-R0012,IL-MTFN-001-G-F-0250-004,Memorial Writings by Prof. Franz Ollendorff for Prof. Korine's 90th Birthday,"דברים, שכתב פרופ' פרנץ אולנדורף לזכרו של פרופ' קוריין ביום ההולדת ה-90 של קוריין (לו היה בחיים). גרמנית כתב יד.","Dinge, die Professor Franz Ollendorff zum Gedenken an Professor Korine an dessen 90. Geburtstag (wenn er am Leben wäre) geschrieben hat. Deutsche Handschrift.",Things written by Professor Franz Ollendorff in memory of Professor Korine on Korine's 90th birthday (if he were alive). German handwriting.,German,Letter,handwriting,original,Franz Ollendorff,,,,
IL-MTFN-001-G-F-0250-005-R0015,IL-MTFN-001-G-F-0250-005,Curriculum Vitae of Ina Dimon,"קורות חיים של אינה דימון (בתו של פרופ' קוריין), עברית הדפסה.","Lebenslauf von Ina Dimon (Tochter von Prof. Korin), Hebräisch Schreibmaschine.","Curriculum vitae of Ina Dimon (daughter of Prof. Korin), Hebrew typewritten.",Hebrew,קורות חיים|Biography,typewriting,original,Ina Dimon,,,,
IL-MTFN-001-G-F-0250-005-R0017,IL-MTFN-001-G-F-0250-005,Family Tree of the Korien Family,אילן יוחסין של משפחת קוריין.,Stammbaum der Familie Korien.,Family tree of the Korien family.,Hebrew,לא מזוהה,,original,משפחת קוריין,,,,
IL-MTFN-001-G-F-0256-001-R0016,IL-MTFN-001-G-F-0256-001,Military Booklet of David Todtenkopf,"פנקס צבאי של דוד טודטנקופף, יליד 1871 בצמפלבורג, הונפק ב-1893.","Militärbuch von David Todtenkopf, geboren 1871 in Zempelburg, ausgestellt 1893.","Military booklet of David Todtenkopf, born 1871 in Zempelburg, issued in 1893.",Other,פנקס|Notepad,,original,David Todtenkopf,1893,,,
IL-MTFN-001-G-F-0256-001-R0017,IL-MTFN-001-G-F-0256-001,Recipe Notebook of Gertrud Todtenkopf,"מחברת מתכונים של גרטרוד טודטנקופף לבית גרבר 1882;1962, סבתה של, אביבה נהרי המפקידה מצד האם אליס (עליזה).","Rezeptbuch von Gertrud Todtenkopf, geborene Gerber 1882;1962, Großmutter von Aviva Nahari, die es von der Mutter Alice (Aliza) hinterlassen wurde.","Recipe notebook of Gertrud Todtenkopf, née Gerber 1882;1962, grandmother of Aviva Nahari, deposited by the mother Alice (Aliza).",Hebrew,מתכון|Recipe,handwriting,original,Gertrud Todtenkopf,1882,,,
IL-MTFN-001-G-F-0261-001-R0001,IL-MTFN-001-G-F-0261-001,תקליטור עם תולדות החיים של השופט דוד רייפן,"תקליטור עם תולדות החיים של השופט דוד רייפן; תולדות חיים, עברית.","CD mit der Lebensgeschichte von Richter David Reiffen; Lebensgeschichte, Hebräisch.","CD with the life history of Judge David Reiffen; Life history, Hebrew.",Hebrew,Biography,other,original,דוד רייפן,,,,
IL-MTFN-001-G-F-0262-001-R0002,IL-MTFN-001-G-F-0262-001,"Written by Eilat Berger, 2004","2004, 7 דפים כתוב על ידי אילת ברגר; דור רביעי ליוליוס ברגר אחיה של באטה","2004, 7 Seiten geschrieben von Eilat Berger; vierte Generation von Julius Berger, Bruder von Bata","2004, 7 pages written by Eilat Berger; fourth generation of Julius Berger, brother of Bata",Hebrew,מכתב|Letter,handwriting,original,Eilat Berger,2004,,,7
IL-MTFN-001-G-F-0267-002-R0002,IL-MTFN-001-G-F-0267-002,Album IV of Ex-libris Creations,"אלבום מס. IV רובו מתעד את יצירת האקסליבריסים של האמן. חלק ניכר הם יצירות אוריגינליות, חלק אחר הם העתקי צילום. על כל אקסליבריס יש מספר קטלוג. דפי האלבום ממוספרים. על דפי האלבום הועתקו בכתב יד בד""כ בגרמנית, תגובות ליצירות האקסליבריס מתוך מכתבים או מאמרים של הבעלים, שעבורם יצר האמן את האקסליבריס. מתוך התכנים: הסברים בגרמנית ולעיתים באנגלית שנכתבו ע""י אוטו ליליין (בן האמן) על דפי האלבום, על היצירה של האקסליבריס ועל בעליו; סיפורים מעניינים ופיקנטים. באלבום ישנם מספר ""קטלוגים"" (דפים) שמתעדים את כל יצירת האקסליבריסים של האמן; הקטלוג מסודר לפי האלף-בית של שם המזמין/ בעל האקסליבריס ולכל שם יש גם מספר בקטלוג שהינו זהה למספר שעל האקסליבריס אותו רשם אוטו ליליין. התכתבויות בנושא אקסליבריס ועם המזמינים את האקסליבריס; קטעי עיתונות עם מאמרים בנושא היצירה של אקסליבריסים.","Album Nr. IV dokumentiert größtenteils die Erstellung der Exlibris des Künstlers. Ein erheblicher Teil sind Originalwerke, ein anderer Teil sind Fotokopien. Auf jedem Exlibris befindet sich eine Katalognummer. Die Albumseiten sind nummeriert. Auf den Albumseiten wurden in der Regel handschriftlich auf Deutsch Reaktionen auf die Exlibris-Werke aus Briefen oder Artikeln der Besitzer, für die der Künstler das Exlibris geschaffen hat, übertragen. Aus den Inhalten: Erklärungen auf Deutsch und manchmal auf Englisch, die von Otto Lilien (dem Sohn des Künstlers) auf den Albumseiten über das Exlibris-Werk und seine Besitzer geschrieben wurden; interessante und pikante Geschichten. Im Album gibt es mehrere ""Kataloge"" (Seiten), die das gesamte Exlibris-Werk des Künstlers dokumentieren; der Katalog ist alphabetisch nach dem Namen des Auftraggebers/Besitzers des Exlibris geordnet und jedem Namen ist auch eine Katalognummer zugeordnet, die mit der Nummer auf dem Exlibris identisch ist, die Otto Lilien notiert hat. Korrespondenzen über Exlibris und mit den Bestellern des Exlibris; Zeitungsausschnitte mit Artikeln über die Erstellung von Exlibris.","Album No. IV mostly documents the creation of the artist's ex-libris. A significant part are original works, another part are photographic copies. Each ex-libris has a catalog number. The album pages are numbered. On the album pages, usually handwritten in German, are reactions to the ex-libris works from letters or articles of the owners for whom the artist created the ex-libris. From the contents: explanations in German and sometimes in English written by Otto Lilien (the artist's son) on the album pages about the ex-libris work and its owners; interesting and spicy stories. The album contains several ""catalogs"" (pages) documenting the entire ex-libris work of the artist; the catalog is arranged alphabetically by the name of the commissioner/owner of the ex-libris and each name also has a catalog number identical to the number on the ex-libris noted by Otto Lilien. Correspondences on ex-libris and with those ordering the ex-libris; newspaper clippings with articles on the creation of ex-libris.",German|English,Album|Catalog|Letter|News Clipping,handwriting,original,Otto Lilien,,,,
IL-MTFN-001-G-F-0267-002-R0003,IL-MTFN-001-G-F-0267-002,Parts of Letters and Artistic Works,"חלקי מכתבים מועתקים על דפי האלבום למשל: מכתב של האמן אל רעיתו מ-1905 על תכניתו המשותפת עם בוריס שץ להקמת ""בצלאל"" (עמ' 33); בית משפחת השופט אוטו מגנוס (הוריה של הלנה ליליין) בבראונשוייג כנושא לאקסליבריס שהאמן יצר עבור השופט (עמ' 37); יצירות האמן לאיור ספרים שונים- מונוגרמים לאישים ונשים- תחריטים לציון ראשית שנה אזרחית (מספר שנים).","Teile von Briefen, die auf den Albumseiten kopiert wurden, zum Beispiel: Ein Brief des Künstlers an seine Frau aus dem Jahr 1905 über seinen gemeinsamen Plan mit Boris Schatz zur Gründung von ""Bezalel"" (S. 33); das Haus der Familie des Richters Otto Magnus (die Eltern von Helena Lilien) in Braunschweig als Thema für ein Exlibris, das der Künstler für den Richter geschaffen hat (S. 37); die Werke des Künstlers zur Illustration verschiedener Bücher - Monogramme für Persönlichkeiten und Frauen - Gravuren zur Feier des Beginns eines neuen Kalenderjahres (mehrere Jahre).","Parts of letters copied onto the album pages, for example: A letter from the artist to his wife from 1905 about his joint plan with Boris Schatz to establish ""Bezalel"" (p. 33); the house of Judge Otto Magnus's family (the parents of Helena Lilien) in Braunschweig as a subject for an exlibris that the artist created for the judge (p. 37); the artist's works for illustrating various books - monograms for personalities and women - engravings marking the beginning of a new calendar year (several years).",Hebrew|German,Letter|Translated Document,handwriting,copy,,1905,,,
IL-MTFN-001-G-F-0267-003-R0001,IL-MTFN-001-G-F-0267-003,E.M.Lilien Letters and Catalog,"ספרים בגרמנית: E.M.Lilien Briefe an seine Frau בין דפי הספר הכניס אוטו ליליין הרבה מידע, בדר""כ בגרמנית, רלוונטי לתוכן הספר: מכתבים, מאמרים, עותקים מיצירות האמן ןדף ""קטלוג"" בו הוא מפרט את המכתבים; תאריכי הכתיבה; המקום ממנו נכתבו.","Bücher auf Deutsch: E.M.Lilien Briefe an seine Frau. Zwischen den Seiten des Buches hat Otto Lilien viele Informationen eingefügt, meist auf Deutsch, die für den Inhalt des Buches relevant sind: Briefe, Artikel, Kopien von Werken des Künstlers und ein ""Katalogblatt"", auf dem er die Briefe auflistet; Schreibdaten; der Ort, von dem sie geschrieben wurden.","Books in German: E.M.Lilien Letters to his Wife. Between the pages of the book, Otto Lilien inserted a lot of information, usually in German, relevant to the content of the book: letters, articles, copies of the artist's works, and a ""catalog"" page where he lists the letters; writing dates; the place from which they were written.",German|Hebrew,מכתב|Letter|קטלוג|Catalog,,copy,E.M.Lilien,,,,
IL-MTFN-001-G-F-0267-003-R0009,IL-MTFN-001-G-F-0267-003,Bibliography on Printing by Otto Lilien,2 פנקסים קטנים עם ביבליוגרפיה בנושא הדפוס שהוציא לאור אוטו ליליין Bibliographie 1931;1980.,"2 kleine Notizbücher mit einer Bibliographie zum Thema Druck, herausgegeben von Otto Lilien Bibliographie 1931;1980.",2 small notebooks with a bibliography on the subject of printing published by Otto Lilien Bibliography 1931;1980.,German,פנקס|Notepad,,original,Otto Lilien,,,,
IL-MTFN-001-G-F-0267-004-R0002,IL-MTFN-001-G-F-0267-004,Memory Book for Silver Wedding Anniversary 1864,"מחברת/ ספר זיכרונות למזכרת ליום נישואי הכסף 1864, של ד""ר מאייר איזלר Meyer Isler ואמה לבית מאייר (רעיתו) Emma geb. Meyer. על כריכת הספר כתוב באותיות זהב; Zur Erinnerung an den 12 Juni 1864; למזכרת ה; 12 יוני 1864.",Notizbuch/Erinnerungsbuch als Andenken an die Silberhochzeit 1864 von Dr. Meyer Isler und Emma geb. Meyer (seine Frau). Auf dem Einband des Buches steht in goldenen Buchstaben: Zur Erinnerung an den 12. Juni 1864; als Andenken an den 12. Juni 1864.,"Notebook/Memorial book as a souvenir for the silver wedding anniversary 1864, of Dr. Meyer Isler and Emma née Meyer (his wife). On the cover of the book it is written in golden letters: In memory of June 12, 1864; as a souvenir of June 12, 1864.",Hebrew|German,ספר זכרונות|Memory Book,print,original,Meyer Isler,1864-06-12,,,
IL-MTFN-001-G-F-0267-004-R0004,IL-MTFN-001-G-F-0267-004,Grossmutter Erinnerungen,"מחברת/ספר זיכרונות, שעל כריכתו כתוב באותיות זהב: Grossmutter Erinnerungen. למחברת זאת הבת, סופי מגנוס Sophie Magnus, תרגמה לגרמנית והעתיקה בכתב יד את זיכרונות אמה, אמה איזלר, שבמקור היו כתובים ביהודית;גרמנית ואשר נכתבו על ידה ב-1874. בתוך המחברת יש מכתב מודפס מ- 1958 בו מספרת בקצרה הנכדה, הלנה ליליין, את תולדות סבתה ואת תולדות המחברת ומציינת שבזיכרונותיה כתבה הסבתא גם על ד""ר גבריאל ריסר Dr. Gabriel Riesser; במחברת גם מכתב של א.מ. ליליין בכתב יד בגרמנית אותו כתב לאם רעיתו לסופי מגנוס בו הוא מודה לה על העתקת ספר הזיכרונות שמאד עניין אותו. במחברת גם דף מודפס באנגלית (לא ידוע מי הדפיס) כפי הנראה תרגום לאנגלית מתוך הזיכרונות של הסבתא בו היא מתייחסת לאביה שנפטר ב-1852. בתוך המחברת מספר תמונות דיוקן של הסבתא, אמה איזלר.","Notizbuch/Erinnerungsbuch, auf dessen Einband in goldenen Buchstaben steht: Grossmutter Erinnerungen. Dieses Notizbuch wurde von der Tochter, Sophie Magnus, ins Deutsche übersetzt und handschriftlich die Erinnerungen ihrer Mutter, Emma Eisler, die ursprünglich in Jüdisch-Deutsch geschrieben waren und 1874 von ihr verfasst wurden, abgeschrieben. Im Notizbuch befindet sich ein gedruckter Brief von 1958, in dem die Enkelin, Helena Lilien, kurz die Geschichte ihrer Großmutter und des Notizbuchs erzählt und erwähnt, dass die Großmutter in ihren Erinnerungen auch über Dr. Gabriel Riesser schrieb; im Notizbuch befindet sich auch ein handschriftlicher Brief von A.M. Lilien auf Deutsch, den er an die Mutter seiner Frau, Sophie Magnus, schrieb, in dem er ihr für das Abschreiben des Erinnerungsbuchs dankt, das ihn sehr interessierte. Im Notizbuch befindet sich auch eine gedruckte Seite auf Englisch (es ist nicht bekannt, wer sie gedruckt hat), offenbar eine englische Übersetzung aus den Erinnerungen der Großmutter, in der sie sich auf ihren Vater bezieht, der 1852 starb. Im Notizbuch befinden sich mehrere Porträtfotos der Großmutter, Emma Eisler.","Notebook/Memoir book, on whose cover is written in golden letters: Grandmother's Memories. This notebook was translated into German by the daughter, Sophie Magnus, and handwritten the memories of her mother, Emma Eisler, which were originally written in Judeo-German and were written by her in 1874. Inside the notebook is a printed letter from 1958 in which the granddaughter, Helena Lilien, briefly tells the history of her grandmother and the notebook and mentions that in her memories the grandmother also wrote about Dr. Gabriel Riesser; in the notebook there is also a handwritten letter by A.M. Lilien in German which he wrote to his wife's mother, Sophie Magnus, in which he thanks her for copying the memoir book which interested him very much. In the notebook there is also a printed page in English (it is not known who printed it), apparently a translation into English from the grandmother's memories in which she refers to her father who died in 1852. Inside the notebook are several portrait photos of the grandmother, Emma Eisler.",German|English|Other,יומן|Diary,handwriting,original,Emma Eisler,1874,1958,,
IL-MTFN-001-G-F-0267-004-R0005,IL-MTFN-001-G-F-0267-004,Notebook with Festive Essay for Israel Eisler,"מחברת עם חיבור חגיגי בגרמנית כתוב ביד לישראל איזלר (אביו של ד""ר מאייר איזלר), שהיה מורה בהמבורג. תלמידיו משבחים אותו לרגל יובל ה;50 לעבודתו בביה""ס. ולרגל אותו אירוע שיר מודפס בעברית מאת שלום הכהן, שגם הוא משבח את ישראל איזלר. היובל הנ""ל היה ב-1843.","Ein Notizbuch mit einem festlichen Aufsatz in deutscher Handschrift für Israel Eisler (Vater von Dr. Mayer Eisler), der Lehrer in Hamburg war. Seine Schüler loben ihn anlässlich seines 50-jährigen Jubiläums an der Schule. Zu diesem Anlass ein auf Hebräisch gedrucktes Gedicht von Shalom HaCohen, das ebenfalls Israel Eisler lobt. Das genannte Jubiläum war 1843.","A notebook with a festive essay in German written by hand for Israel Eisler (father of Dr. Mayer Eisler), who was a teacher in Hamburg. His students praise him on the occasion of his 50th anniversary of working at the school. On the same occasion, a poem printed in Hebrew by Shalom HaCohen, which also praises Israel Eisler. The aforementioned jubilee was in 1843.",German|Hebrew,מחברת|Notepad|שיר|Poem,handwriting,original,Israel Eisler,1843,,,
IL-MTFN-001-G-F-0267-005-R0002,IL-MTFN-001-G-F-0267-005,Letters from Sigmund Mayer to Emma Eisler,מכתבים שכתב זיגמונד מאייר לאחותו אמה איזלר מהשנים 1839;1853; דף המכתב הוא גם המעטפת (בקיפול).,"Briefe, die Sigmund Mayer an seine Schwester Emma Eisler in den Jahren 1839;1853 schrieb; das Blatt des Briefes ist auch der Umschlag (gefaltet).",Letters written by Sigmund Mayer to his sister Emma Eisler from the years 1839;1853; the letter sheet is also the envelope (folded).,Hebrew,מכתב|Letter|מעטפה|Envelope,handwriting,original,Sigmund Mayer,1839,,,
IL-MTFN-001-G-F-0267-005-R0006,IL-MTFN-001-G-F-0267-005,Speech by Israel Eisler for his son's Bar Mitzvah,"נאום שנשא ישראל איזלר לרגל בר המצוה של בנו, מאייר איזלר ב-1820.","Rede gehalten von Israel Eisler anlässlich der Bar Mizwa seines Sohnes, Meir Eisler im Jahr 1820.",Speech given by Israel Eisler on the occasion of his son Meir Eisler's Bar Mitzvah in 1820.,Hebrew,נאום|Speech,,original,Israel Eisler,1820,,,
IL-MTFN-001-G-F-0267-008-R0003,IL-MTFN-001-G-F-0267-008,List of Ex-libris by Otto Lilien,"רשימה (שהכין ככל הנראה אוטו ליליין) של האקליבריסים, שנת היצירה ושם מזמין היצירה.","Liste (wahrscheinlich von Otto Lilien erstellt) der Exlibris, das Jahr der Erstellung und der Name des Auftraggebers.","List (probably prepared by Otto Lilien) of the ex-libris, year of creation, and name of the commissioner.",Hebrew,רשימה|List,,original,אוטו ליליין,,,,
IL-MTFN-001-G-F-0267-009-R0003,IL-MTFN-001-G-F-0267-009,Printed Collection of Lilien's Writings,אוסף מודפס של כתיבת ליליין ככל הנראה מיומנים + מכתבים מהשנים 1918;1925;,"Gedruckte Sammlung von Lilien's Schriften, wahrscheinlich aus Tagebüchern + Briefe aus den Jahren 1918;1925;","Printed collection of Lilien's writings, probably from diaries + letters from the years 1918;1925;",Hebrew,מכתב|Letter,print,original,,1918,,,
IL-MTFN-001-G-F-0267-011-R0011,IL-MTFN-001-G-F-0267-011,Short Family Tree Entry,"רישום של אילן יוחסין קצר שממקד את הרש ""הקדוש"" כאבי המשפחה","Eintrag eines kurzen Stammbaums, der den ""Heiligen"" Resh als Familienvater hervorhebt","Entry of a short family tree focusing on Resh ""the Holy"" as the family patriarch",Hebrew,רשימה|List,,original,,,,,
IL-MTFN-001-G-F-0267-012-R0001,IL-MTFN-001-G-F-0267-012,Draft Interview with A.M. Lilien,"טיוטת ראיון, ללא תאריך, שנעשה עם א.מ. ליליין, לא ידוע מי ראיין, הראיון מתמקד באמן עצמו, בוריס שץ ובצלאל;","Entwurf eines Interviews, ohne Datum, das mit A.M. Lilien geführt wurde, unbekannt, wer das Interview geführt hat, das Interview konzentriert sich auf den Künstler selbst, Boris Schatz und Bezalel;","Draft of an interview, undated, conducted with A.M. Lilien, unknown who interviewed, the interview focuses on the artist himself, Boris Schatz and Bezalel;",Unspecified,טיוטה|Draft,,draft,א.מ. ליליין,,,,
IL-MTFN-001-G-F-0267-015-R0005,IL-MTFN-001-G-F-0267-015,List of Buchschmuck by E.M. Lilien,"רשימה בגרמנית Buchschmuck von E.M. Lilien עם 27 הוצאות לאור בין השנים 1898;1985 בהם ישנן איורים ועבודות של א.מ. ליליין; מצורפת הרשימה שתורגמה לעברית ע""י גב' קרלה וולף.","Liste in Deutsch Buchschmuck von E.M. Lilien mit 27 Verlagen zwischen 1898;1985, die Illustrationen und Arbeiten von E.M. Lilien enthalten; die Liste wurde von Frau Karla Wolf ins Hebräische übersetzt.","List in German Buchschmuck by E.M. Lilien with 27 publishers between 1898;1985, which include illustrations and works by E.M. Lilien; the list was translated into Hebrew by Ms. Karla Wolf.",German|Hebrew,רשימה|List|מסמך מתורגם|Translated Document,,other,E.M. Lilien,,,,
IL-MTFN-001-G-F-0267-015-R0006,IL-MTFN-001-G-F-0267-015,List of Books with E.M. Lilien's Works,"רשימה של ספרים שעל כריכתם מופיעות יצירותיו של א.מ. ליליין בין השנים 1899;1981; מצורפת הרשימה שתורגמה לעברית ע""י גב' קרלה וולף.","Liste von Büchern, auf deren Umschlägen Werke von E.M. Lilien zwischen den Jahren 1899 und 1981 erscheinen; die Liste wurde von Frau Karla Wolf ins Hebräische übersetzt.",A list of books on whose covers appear the works of E.M. Lilien between the years 1899 and 1981; the list was translated into Hebrew by Ms. Karla Wolf.,Hebrew,רשימה|List|מסמך מתורגם|Translated Document,typewriting,copy,,,,,
IL-MTFN-001-G-F-0267-015-R0011,IL-MTFN-001-G-F-0267-015,Festive Birthday Letter to Otto from Grandparents,1919 מכתב חגיגי לאוטו ליום הולדתו מאת הסבא אוטו מגנוס והסבתא סופי מגנוס לבית איזלר.,1919 Festbrief an Otto zu seinem Geburtstag von Großvater Otto Magnus und Großmutter Sophie Magnus geborene Eisler.,1919 Festive letter to Otto for his birthday from grandfather Otto Magnus and grandmother Sophie Magnus née Eisler.,German,מכתב|Letter,handwriting,original,Otto Magnus,1919,,,
IL-MTFN-001-G-F-0267-022-R0003,IL-MTFN-001-G-F-0267-022,Summary by Carla Wolf,בנושא זה מצורף סיכום בעברית אותו רשמה גב' קרלה וולף.,"Zu diesem Thema ist eine Zusammenfassung auf Hebräisch beigefügt, die von Frau Carla Wolf geschrieben wurde.",Attached to this topic is a summary in Hebrew written by Ms. Carla Wolf.,Hebrew,רשימות|Personal Notes,handwriting,original,קרלה וולף,,,,
IL-MTFN-001-G-F-0267-025-R0019,IL-MTFN-001-G-F-0267-025,Biographical Notes on E.M. Lilien by Otto Lilien,"העתק הרשימות הביוגרפיות לא.מ. ליליין, שכתב בנו אוטו ליליין בגרמנית, ללא תאריך.","Kopie der biographischen Notizen über E.M. Lilien, geschrieben von seinem Sohn Otto Lilien auf Deutsch, ohne Datum.","Copy of the biographical notes on E.M. Lilien, written by his son Otto Lilien in German, undated.",German,רשימות|Personal Notes,,copy,E.M. Lilien,,,,
IL-MTFN-001-G-F-0268-001-R0003,IL-MTFN-001-G-F-0268-001,Draft of Zionist Work in Germany 1933-1939,טיוטת עבודה שכתב בגרמנית 115 עמ':; Disposition der Vorgeschichte zur: Die zionistische Arbeit in Deutschland von 1933 bis 1939; ללא תאריך.,Arbeitsentwurf auf Deutsch 115 Seiten:; Disposition der Vorgeschichte zur: Die zionistische Arbeit in Deutschland von 1933 bis 1939; ohne Datum.,Work draft written in German 115 pages:; Disposition of the prehistory to: The Zionist work in Germany from 1933 to 1939; no date.,German,טיוטה|Draft,handwriting,draft,,,,,115
IL-MTFN-001-G-F-0268-001-R0005,IL-MTFN-001-G-F-0268-001,Staatliche Kräfte in Zionismus,טיוטת עבודה שכתב בגרמנית 5 עמ':; Staatliche Kräfte in Zionismus; ללא תאריך.,"Arbeitsentwurf in deutscher Sprache, 5 Seiten:; Staatliche Kräfte im Zionismus; ohne Datum.","Work draft written in German, 5 pages:; State Forces in Zionism; no date.",German,טיוטה|Draft,handwriting,draft,,,,,5
IL-MTFN-001-G-F-0274-001-R0008,IL-MTFN-001-G-F-0274-001,"Member Booklet of Reuven Levenstein, 1939","פנקס חבר ""קלוב ארצישראלי לסקי"" תל;אביב, של ראובן לבנסטיין משנת 1939;","Mitgliedsbuch ""Palästina-Skiclub"" Tel Aviv, von Reuven Levenstein aus dem Jahr 1939;","Member booklet ""Palestine Ski Club"" Tel Aviv, of Reuven Levenstein from the year 1939;",Hebrew,פנקס|Notepad,,original,Reuven Levenstein,1939,,,
IL-MTFN-001-G-F-0276-003-R0003,IL-MTFN-001-G-F-0276-003,Moses Hess: Herald of Socialism and Zionism,Moses Hess 1812;1875 Künder des Sozialismus und der Zionismus / Jizchak Schwersenz,Moses Hess 1812;1875 Künder des Sozialismus und des Zionismus / Jizchak Schwersenz,Moses Hess 1812;1875 Herald of Socialism and Zionism / Jizchak Schwersenz,German,Biography,,original,Moses Hess,,,,
IL-MTFN-001-G-F-0276-003-R0008,IL-MTFN-001-G-F-0276-003,"Day trip to Maloth, 1987",Tagesausflug nach Maloth; Kfar Wradim 1987 / Heinz Oliven,Tagesausflug nach Maloth; Kfar Wradim 1987 / Heinz Oliven,Day trip to Maloth; Kfar Wradim 1987 / Heinz Oliven,German,לא מזוהה|Unrecognized,,original,Heinz Oliven,1987,,,
IL-MTFN-001-G-F-0276-020-R0006,IL-MTFN-001-G-F-0276-020,Memoirs of Konrad Adenauer,פרקים מתוך זיכרונותיו של Konrad Adenauer,Kapitel aus den Erinnerungen von Konrad Adenauer,Chapters from the memoirs of Konrad Adenauer,German,ספר|Book,,original,Konrad Adenauer,,,,
IL-MTFN-001-G-F-0277-001-R0005,IL-MTFN-001-G-F-0277-001,Congratulatory Letters for Silver Wedding Anniversary,אוסף של מכתבי איחולים וברכות ללואיס וחולדה לרגל חתונת הכסף שלהם; רשימת המברכים בתוך התיק.,Sammlung von Glückwunschbriefen und -karten an Louis und Hulda anlässlich ihres Silberhochzeitsjubiläums; Liste der Gratulanten im Ordner.,A collection of congratulatory letters and cards to Louis and Hulda on the occasion of their silver wedding anniversary; list of well-wishers inside the folder.,Hebrew,מכתב|Letter,,original,Louis and Hulda,,,,
IL-MTFN-001-G-F-0278-001-R0001,IL-MTFN-001-G-F-0278-001,Biography 'TelnuWild' in Memory of Pima Schlossberg,"2002, ביוגרפיה 'תלנוילד' לזכר פימה שלוסברג Schlossberg, יליד ברלין. 54 דפים, הוצאה פרטית, עברית","2002, Biographie 'Telnuwild' zum Gedenken an Pima Schlossberg, geboren in Berlin. 54 Seiten, private Veröffentlichung, Hebräisch","2002, Biography 'Telnuwild' in memory of Pima Schlossberg, born in Berlin. 54 pages, private publication, Hebrew",Hebrew,קורות חיים|Biography,print,original,Pima Schlossberg,,2002,,54
IL-MTFN-001-G-F-0280-001-R0002,IL-MTFN-001-G-F-0280-001,Biography of Emil Frank and Family,"דף עם קורות חיים של אמיל פרנק ומשפחתו, נכתב בעברית ובהדפסה ע""י בנו, יוחנן פרנק. 1992.","Seite mit dem Lebenslauf von Emil Frank und seiner Familie, geschrieben auf Hebräisch und maschinengeschrieben von seinem Sohn, Yohanan Frank. 1992.","Page with the biography of Emil Frank and his family, written in Hebrew and typewritten by his son, Yohanan Frank. 1992.",Hebrew,קורות חיים|Biography,typewriting,original,Emil Frank,1992,,,
IL-MTFN-001-G-F-0280-001-R0006,IL-MTFN-001-G-F-0280-001,Max Zimmering's Account of Exile and Return,"מקס צימרינג Max Zimmering יהודי;גרמני שנעצר באנגליה אחרי פרוץ מלח""ע II ונשלח על האני ""דונירה"" למחנות באוסטרליה, כותב בגרמנית( ללא ציון תאריך) בהדפסה ועם הומור על התקופה 1940/41 בה הוגלה מאנגליה ליעד הבלתי ידוע; אוסטרליה והחזרה משם לאירופה. הוא קורה לזה: ""סביב העולם ב-16 חודשים"".","Max Zimmering, Jude; Deutscher, der nach dem Ausbruch des Zweiten Weltkriegs in England verhaftet und mit dem Schiff ""Dunera"" in Lager in Australien geschickt wurde, schreibt auf Deutsch (ohne Datumsangabe) mit Humor über die Zeit 1940/41, als er von England ins unbekannte Ziel Australien verbannt wurde und von dort nach Europa zurückkehrte. Er nennt es: ""In 16 Monaten um die Welt"".","Max Zimmering, a Jewish; German who was arrested in England after the outbreak of WWII and sent on the ship ""Dunera"" to camps in Australia, writes in German (without date) with humor about the period 1940/41 when he was exiled from England to the unknown destination; Australia and the return from there to Europe. He calls it: ""Around the World in 16 Months"".",German,Letter,typewriting,original,Max Zimmering,,,,
IL-MTFN-001-G-F-0280-001-R0013,IL-MTFN-001-G-F-0280-001,Handmade Folder by Emil Frank,"תיק מכתביה עבודת ידיו של אמיל פרנק ובתוכו אוסף של טקסטים, ציורים, ברכות לאירועים וחגים הכל עבודות ידיהם של העצורים במחנות אוסטרליה; חומרים יפים מאד.","Handgefertigte Mappe von Emil Frank mit einer Sammlung von Texten, Zeichnungen, Glückwünschen zu Anlässen und Feiertagen, alles handgefertigt von den Internierten in den Lagern in Australien; sehr schöne Materialien.","Handmade folder by Emil Frank containing a collection of texts, drawings, greetings for events and holidays, all handmade by the detainees in the camps in Australia; very beautiful materials.",Hebrew|Other,Letter|Greeting Card|Drawing,handwriting,original,,,,,
IL-MTFN-001-G-F-0282-001-R0001,IL-MTFN-001-G-F-0282-001,Genealogy Project with Family Trees,עבודת שורשים באנגלית עם אילנות יוחסין מודפסת ומכורכת,"Stammbaumarbeit auf Englisch, gedruckt und gebunden",Genealogy project in English with printed and bound family trees,English,מסמך מתורגם|Translated Document,print,original,,,,,
IL-MTFN-001-G-F-0283-001-R0001,IL-MTFN-001-G-F-0283-001,"דרשה של הרב ד""ר ורשאואר","הרב ד""ר ורשאואר (ברלין), 14 עמודים עם דרשה בגרמנית בהדפסה שישלוני כתב בכתב ידו שהיא של הרב ד""ר ורשאואר (עם סימן שאלה) מהשנים 1933 או 1936. הדרשה סוכמה ותורגמה לעברית ע""י תמר זגר, נערכה והודפסה ע""י אסנת קובלנץ.","Rabbi Dr. Warschauer (Berlin), 14 Seiten mit einer Predigt auf Deutsch in Maschinenschrift, die von Rabbi Dr. Warschauer handschriftlich verfasst wurde (mit Fragezeichen) aus den Jahren 1933 oder 1936. Die Predigt wurde von Tamar Zager zusammengefasst und ins Hebräische übersetzt, von Osnat Koblentz bearbeitet und gedruckt.","Rabbi Dr. Warschauer (Berlin), 14 pages with a sermon in German in typewriting, handwritten by Rabbi Dr. Warschauer (with a question mark) from the years 1933 or 1936. The sermon was summarized and translated into Hebrew by Tamar Zager, edited and printed by Osnat Koblentz.",German|עברית,מכתב|Letter,typewriting,original,"הרב ד""ר ורשאואר",1933,,,14
IL-MTFN-001-G-F-0285-001-R0001,IL-MTFN-001-G-F-0285-001,Family Roots Project with Family Trees,עבודת שורשים באנגלית עם אילנות יוחסין מודפסת ומכורכת,Stammbaumprojekt auf Englisch mit gedruckten und gebundenen Stammbäumen,Family roots project in English with printed and bound family trees,English,מסמך מתורגם|Translated Document,print,original,,,,,
IL-MTFN-001-G-F-0286-001-R0001,IL-MTFN-001-G-F-0286-001,Genealogy Work with Family Trees,עבודת שורשים באנגלית עם אילנות יוחסין מודפסת ומכורכת,Ahnenforschung auf Englisch mit gedruckten und gebundenen Stammbäumen,Genealogy work in English with printed and bound family trees,English,מסמך מתורגם|Translated Document,print,original,,,,,
IL-MTFN-001-G-F-0289-001-R0001,IL-MTFN-001-G-F-0289-001,"מחברת מתכונים של וייל אליס, 1912",מחברת מתכונים משנת 1912 של וייל אליס,Rezeptbuch von 1912 von Weil Ellis,Recipe notebook from 1912 by Weil Ellis,Hebrew,מתכון|Recipe,handwriting,original,וייל אליס,1912,,,
IL-MTFN-001-G-F-0290-002-R0001,IL-MTFN-001-G-F-0290-002,Postcard from Manfred to Emilia Freund,"גלויה אל אמיליה פרוינד Emilia Freund מהעיר בויטן מאת בנה מנפרד Manfred החייל במלח""ע I","Postkarte an Emilia Freund aus der Stadt Beuthen von ihrem Sohn Manfred, dem Soldaten im Ersten Weltkrieg","Postcard to Emilia Freund from the city of Beuthen by her son Manfred, the soldier in World War I",German,גלויה|Postcard,handwriting,original,Emilia Freund,,,,
IL-MTFN-001-G-F-0290-002-R0005,IL-MTFN-001-G-F-0290-002,Memory Books of Arna Feig,"שני ספרי זיכרונות של ארנה פייג, לאחר נישואיה פרויד, אמה של התורמת מהשנים 1909;1917","Zwei Erinnerungsbücher von Arna Feig, nach ihrer Heirat Freud, der Mutter der Spenderin aus den Jahren 1909;1917","Two memory books of Arna Feig, after her marriage Freud, the mother of the donor from the years 1909;1917",Hebrew,ספר זכרונות|Memory Book,,original,Arna Feig,1909,,,
IL-MTFN-001-G-F-0290-004-R0001,IL-MTFN-001-G-F-0290-004,Letters from Soldier Friedrich Müller to His Parents,"מכתבים שכותב החייל פרידריך מילר אל הוריו, החייל הבריגדה היהודית בצבא הבריטי ככל הנראה במצרים, הוריו חקלאים בפרדס חנה. המכתבים מהשנים 1945;1946. במכתביו הוא שואל על החקלאות שבבית וגם נותן הוראות 'מקצועיות' להוריו. הוא כותב בצורה פיוטית והומוריסטית.","Briefe, die der Soldat Friedrich Müller an seine Eltern schreibt, der Soldat der Jüdischen Brigade in der britischen Armee, wahrscheinlich in Ägypten, seine Eltern sind Landwirte in Pardes Chana. Die Briefe stammen aus den Jahren 1945; 1946. In seinen Briefen fragt er nach der Landwirtschaft zu Hause und gibt seinen Eltern auch 'professionelle' Anweisungen. Er schreibt auf poetische und humorvolle Weise.","Letters written by the soldier Friedrich Müller to his parents, the soldier of the Jewish Brigade in the British Army, probably in Egypt, his parents are farmers in Pardes Chana. The letters are from the years 1945; 1946. In his letters, he asks about the agriculture at home and also gives 'professional' instructions to his parents. He writes in a poetic and humorous manner.",Hebrew,מכתב|Letter,handwriting,original,Friedrich Müller,1945,,,
IL-MTFN-001-G-F-0290-004-R0002,IL-MTFN-001-G-F-0290-004,Diary of Soldier Friedrich Müller,"מחברת/יומן של החייל פרידריך מילר. כותב על השרות הצבאי, על החיים בפלשתינה, זיכרונות ומחשבות.","Notizbuch/Tagebuch des Soldaten Friedrich Müller. Schreibt über den Militärdienst, das Leben in Palästina, Erinnerungen und Gedanken.","Notebook/Diary of the soldier Friedrich Müller. Writes about military service, life in Palestine, memories, and thoughts.",Hebrew|German,יומן|Diary,handwriting,original,Friedrich Müller,,,,
IL-MTFN-001-G-F-0290-004-R0003,IL-MTFN-001-G-F-0290-004,Membership Certificate and Documents of Friedrich Müller,"תעודת חבר / ההסתדרות הכללית של העובדים בארץ ישראל, דרכון גרמני של פרידריך מילר, פנקס עובד מ-1947 בחברת הנפט העירקית Iraq Petrolium Co. Ltd. Haifa מתקופת המנדט הבריטי.","Mitgliedsausweis / Allgemeine Organisation der Arbeiter in Eretz Israel, deutscher Pass von Friedrich Müller, Arbeitsbuch von 1947 bei der Iraq Petroleum Co. Ltd. Haifa aus der Zeit des britischen Mandats.","Membership certificate / General Organization of Workers in the Land of Israel, German passport of Friedrich Müller, worker's booklet from 1947 at the Iraq Petroleum Co. Ltd. Haifa from the British Mandate period.",Hebrew|German,תעודת חבר|Membership Certificate|דרכון|Passport|פנקס|Notepad,other,original,Friedrich Müller,1947,,,
IL-MTFN-001-G-F-0294-001-R0001,IL-MTFN-001-G-F-0294-001,Fate of Dr. Alexander Mar,"עמוד מודפס בעברית על גורלו של; ד""ר אלכסנדר מר, ד""ר אלכסנדר מר בן למשפחה יהודית מגליציה, למד רפואה בברלין, שרת במלח""ע I, עלה לארץ ב-1935, לא הצליח למצוא עבודה בארץ, שם קץ לחייו.","Eine gedruckte Seite auf Hebräisch über das Schicksal von Dr. Alexander Mar; Dr. Alexander Mar, ein Sohn einer jüdischen Familie aus Galizien, studierte Medizin in Berlin, diente im Ersten Weltkrieg, wanderte 1935 nach Israel aus, konnte keine Arbeit finden und nahm sich das Leben.","A printed page in Hebrew about the fate of Dr. Alexander Mar; Dr. Alexander Mar, a son of a Jewish family from Galicia, studied medicine in Berlin, served in World War I, immigrated to Israel in 1935, could not find work, and took his own life.",Hebrew,Letter,print,original,Dr. Alexander Mar,,,,
IL-MTFN-001-G-F-0294-001-R0002,IL-MTFN-001-G-F-0294-001,Essay by Naomi Ozery on the Kurt Meyerheim Family,חיבור בעברית של גב' נעמי עוזרי על משפחתה; משפחת קורט מאיירהיים.,Ein Aufsatz auf Hebräisch von Frau Naomi Ozery über ihre Familie; die Familie Kurt Meyerheim.,A Hebrew essay by Ms. Naomi Ozery about her family; the Kurt Meyerheim family.,Hebrew,רשימות|Personal Notes,,original,Naomi Ozery,,,,
IL-MTFN-001-G-F-0295-001-R0001,IL-MTFN-001-G-F-0295-001,Memory Book of Anna Vog,"ספר זיכרונות של הנערה אנה ווג, ליבק, נפטרה בישראל ב-1940. הספר מהודר מאד, כרוך בעור ועליו רקמה של זר פרחים. בתוך הספר מספר ציורים יפהפיים של הכותבים. הכתיבה בספר מתחילה ב-1884 בעיר ליבק Lübeck.","Erinnerungsbuch des Mädchens Anna Vog, Lübeck, gestorben in Israel 1940. Das Buch ist sehr elegant, in Leder gebunden und mit einer Stickerei eines Blumenkranzes versehen. Im Buch befinden sich mehrere wunderschöne Zeichnungen der Autoren. Die Schrift im Buch beginnt 1884 in der Stadt Lübeck.","Memory book of the girl Anna Vog, Lübeck, died in Israel in 1940. The book is very elegant, bound in leather and embroidered with a wreath of flowers. Inside the book are several beautiful drawings by the authors. The writing in the book begins in 1884 in the city of Lübeck.",Hebrew|German,ספר זכרונות|Memory Book,handwriting,original,Anna Vog,1884,,,
IL-MTFN-001-G-F-0299-001-R0001,IL-MTFN-001-G-F-0299-001,Notebooks with Recipes from Gertrud/Tova Michaelis,שתי מחברות עם מתכונים מעזבון גרטרוד/ טובה מיכאליס לבית בדט Badt 1893;1963,Zwei Notizbücher mit Rezepten aus dem Nachlass von Gertrud/Tova Michaelis geb. Badt 1893;1963,Two notebooks with recipes from the estate of Gertrud/Tova Michaelis née Badt 1893;1963,Other,Notepad,handwriting,original,Gertrud/Tova Michaelis,,,,
IL-MTFN-001-G-F-0299-001-R0002,IL-MTFN-001-G-F-0299-001,Family Details by Donor,"דף כתוב עברית ע""י התורמת עם פרטים על המשפחה.",Ein Blatt auf Hebräisch geschrieben von der Spenderin mit Details über die Familie.,A page written in Hebrew by the donor with details about the family.,Hebrew,Note,handwriting,original,,,,,
IL-MTFN-001-G-F-0300-001-R0001,IL-MTFN-001-G-F-0300-001,Family History by Yoel Freudenberg,"עמ' מודפס בעברית עם הסברים על המשפחה; תולדות המשפחה בקיצור, נכתב ע""י יואל פרוידנברג.","Gedruckte Seite auf Hebräisch mit Erklärungen über die Familie; Kurzgeschichte der Familie, geschrieben von Joel Freudenberg.","Printed page in Hebrew with explanations about the family; Brief history of the family, written by Yoel Freudenberg.",Hebrew,מסמך מתורגם|Translated Document,print,original,יואל פרוידנברג,,,,
IL-MTFN-001-G-F-0300-001-R0007,IL-MTFN-001-G-F-0300-001,CD with Translated Material on Gideon and Margarita,"CD עם כל החומר על סבא גדעון וסבתא מרגריטה, שתורגם לעברית.","CD mit allen Materialien über Opa Gideon und Oma Margarita, die ins Hebräische übersetzt wurden.","CD with all the material about Grandpa Gideon and Grandma Margarita, translated into Hebrew.",Hebrew,מסמך מתורגם|Translated Document,other,copy,,,,,
IL-MTFN-001-G-F-0300-002-R0001,IL-MTFN-001-G-F-0300-002,"Letters from London, 1940","מכתבים מ- 12.06.1940; 03.10.1940; מספרת על חייה בלונדון, על חברים ועל עבודתה ברקמה וגעגועיה למשפחה.","Briefe vom 12.06.1940; 03.10.1940; erzählt über ihr Leben in London, über Freunde und ihre Arbeit in der Stickerei und ihre Sehnsucht nach der Familie.","Letters from 12.06.1940; 03.10.1940; talks about her life in London, about friends and her work in embroidery and her longing for the family.",Hebrew,מכתב|Letter,,original,,1940-06-12,,,
IL-MTFN-001-G-F-0300-002-R0002,IL-MTFN-001-G-F-0300-002,Letters from 1940-1941 regarding bombings and recovery,"מכתבים מ- 11.10.1940; 19.06.1941; היא עברה לאוקספורד בגלל ההפצצות על לונדון. באחת ההפצצות היא איבדה את כל רכושה שהיה ארוז בתוך ארגזים גדולים שאוכסנו במחסן, שהופצץ. היא מתאשפזת לשם ניתוח, עוברת אותו בהצלחה ומחלימה, ממשיכה בעבודות הרקמה.","Briefe vom 11.10.1940; 19.06.1941; Sie zog nach Oxford wegen der Bombenangriffe auf London. Bei einem der Angriffe verlor sie ihr gesamtes Hab und Gut, das in großen Kisten verpackt war und in einem Lagerhaus aufbewahrt wurde, das bombardiert wurde. Sie wird für eine Operation ins Krankenhaus eingeliefert, unterzieht sich dieser erfolgreich und erholt sich, setzt ihre Stickarbeiten fort.","Letters from 11.10.1940; 19.06.1941; She moved to Oxford due to the bombings on London. In one of the bombings, she lost all her belongings, which were packed in large boxes stored in a warehouse that was bombed. She is hospitalized for surgery, undergoes it successfully and recovers, continues with her embroidery work.",Hebrew,מכתב|Letter,handwriting,original,,1941-06-19,,,
IL-MTFN-001-G-F-0300-002-R0005,IL-MTFN-001-G-F-0300-002,Letters to Children and Grandchildren,מכתבים מ- 13.09.1942; 22.11.1943 כותבת לילדיה ונכדיה. סובלת כאבים בברך. היתה שוב בלונדון. מקוה להתראות פעם עם ילדיה ונכדיה.,"Briefe vom 13.09.1942; 22.11.1943 schreibt an ihre Kinder und Enkelkinder. Sie leidet unter Knieschmerzen. War wieder in London. Hofft, ihre Kinder und Enkelkinder einmal zu sehen.",Letters from 13.09.1942; 22.11.1943 writes to her children and grandchildren. Suffers from knee pain. Was in London again. Hopes to see her children and grandchildren once.,Hebrew,מכתב|Letter,handwriting,original,,1943-11-22,,,
IL-MTFN-001-G-F-0300-003-R0003,IL-MTFN-001-G-F-0300-003,Letters to Grandchildren from Grandma and Grandpa Greenfeld,מכתבים מ- 03.02.1939; 06.11.1936; מכתבים אל הנכדים בארץ מאת סבתא וסבא גרינפלד.,Briefe vom 03.02.1939; 06.11.1936; Briefe an die Enkelkinder im Land von Oma und Opa Grünfeld.,Letters from 03.02.1939; 06.11.1936; Letters to the grandchildren in the country from Grandma and Grandpa Greenfeld.,Hebrew,מכתב|Letter,handwriting,original,,1939-02-03,,,
IL-MTFN-001-G-F-0300-003-R0005,IL-MTFN-001-G-F-0300-003,List of Names from Grandma's Letters,"רשימה, שהדפיס יואל פרוידנברג בעברית עם עשרות שמות, שמוזכרים במכתביה של סבתא; מרגרטה גרינפלד.","Liste, die Joel Freudenberg auf Hebräisch mit Dutzenden von Namen gedruckt hat, die in den Briefen der Großmutter erwähnt werden; Margaretha Grünfeld.","List, printed by Joel Freudenberg in Hebrew with dozens of names mentioned in Grandma's letters; Margareta Greenfeld.",Hebrew,רשימה|List,typewriting,original,Margareta Greenfeld,,,,
IL-MTFN-001-G-F-0300-005-R0001,IL-MTFN-001-G-F-0300-005,War Diary of Georg Freudenberg,יומן מלחמה בגרמנית של החייל גאורג פרוידנברג 12.10.1914;07.01.1915 ההדפסה נעשתה על ידו מתוך רשימותיו.,Kriegstagebuch auf Deutsch von Soldat Georg Freudenberg 12.10.1914; 07.01.1915. Der Druck wurde von ihm aus seinen Notizen gemacht.,War diary in German by soldier Georg Freudenberg 12.10.1914; 07.01.1915. The printing was done by him from his notes.,German,יומן|Diary,typewriting,original,Georg Freudenberg,1915-01-07,,,
IL-MTFN-001-G-F-0300-005-R0002,IL-MTFN-001-G-F-0300-005,Military Notebook of Georg Freudenberg,פנקס צבאי של גאורג פרוידנברג Militärpass.,Militärbuch von Georg Freudenberg,Military notebook of Georg Freudenberg,German,פנקס|Notepad,,original,Georg Freudenberg,,,,
IL-MTFN-001-G-F-0300-005-R0004,IL-MTFN-001-G-F-0300-005,List of Battles of Soldier G. P. (1914-1918),רשימת הקרבות בהם נטל חלק החייל ג. פ. מ-1914 עד סוף 1918;,"Liste der Schlachten, an denen der Soldat G. P. von 1914 bis Ende 1918 teilgenommen hat;",List of battles in which soldier G. P. participated from 1914 to the end of 1918;,Hebrew,רשימה|List,,original,G. P.,,,,
IL-MTFN-001-G-F-0300-005-R0005,IL-MTFN-001-G-F-0300-005,War Diary Chapter I Original and Hebrew Translation,מקור ותרגום לעברית של יומן המלחמה פרק א' 12.10.1914;30.12.1914;,Original und Übersetzung ins Hebräische des Kriegstagebuchs Kapitel I 12.10.1914;30.12.1914;,Original and translation into Hebrew of the war diary Chapter I 12.10.1914;30.12.1914;,Hebrew|Other,יומן|Diary|מסמך מתורגם|Translated Document,,original,,1914-12-30,,,
IL-MTFN-001-G-F-0300-005-R0006,IL-MTFN-001-G-F-0300-005,War Diary Chapter B Original and Hebrew Translation,מקור ותרגום לעברית של יומן המלחמה פרק ב' 01.01.1915;19.06.1915;,Original und Übersetzung ins Hebräische des Kriegstagebuchs Kapitel B 01.01.1915;19.06.1915;,Original and translation into Hebrew of the war diary Chapter B 01.01.1915;19.06.1915;,Hebrew|Other,יומן|Diary|מסמך מתורגם|Translated Document,,original,,1915-01-01,1915-06-19,,
IL-MTFN-001-G-F-0300-005-R0007,IL-MTFN-001-G-F-0300-005,War Diary Chapter B Original and Hebrew Translation,מקור ותרגום לעברית של יומן המלחמה פרק ב' /2 23.06.1915;30.12.1915;,Original und Übersetzung ins Hebräische des Kriegstagebuchs Kapitel B /2 23.06.1915;30.12.1915;,Original and translation into Hebrew of the war diary Chapter B /2 23.06.1915;30.12.1915;,Hebrew|Other,יומן|Diary,,original,,1915-06-23,1915-12-30,,
IL-MTFN-001-G-F-0300-005-R0008,IL-MTFN-001-G-F-0300-005,War Diary Chapter 3,מקור ותרגום לעברית של יומן המלחמה פרק ג' 01.01.1916;22.04.1916;,Original und Übersetzung ins Hebräische des Kriegstagebuchs Kapitel 3 01.01.1916;22.04.1916;,Original and translation into Hebrew of the war diary Chapter 3 01.01.1916;22.04.1916;,Hebrew|Other,יומן|Diary,,original,,1916-01-01,,,
IL-MTFN-001-G-F-0300-005-R0009,IL-MTFN-001-G-F-0300-005,Letters from Georg Freudenberg to Family,מכתבים שכתב החייל גאורג פרוידנברג אל משפחתו 09.02.1918;18.04.1918;,"Briefe, die der Soldat Georg Freudenberg an seine Familie schrieb 09.02.1918;18.04.1918;",Letters written by the soldier Georg Freudenberg to his family 09.02.1918;18.04.1918;,German,מכתב|Letter,handwriting,original,גאורג פרוידנברג,1918-04-18,,,
IL-MTFN-001-G-F-0300-005-R0010,IL-MTFN-001-G-F-0300-005,Letters from Georg Freudenberg to Family,מכתבים שכתב החייל גאורג פרוידנברג אל משפחתו 19.04.1918;18.09.1918,"Briefe, die der Soldat Georg Freudenberg an seine Familie schrieb 19.04.1918; 18.09.1918",Letters written by the soldier Georg Freudenberg to his family 19.04.1918; 18.09.1918,Hebrew|German,מכתב|Letter,handwriting,original,גאורג פרוידנברג,1918-04-19,,,
IL-MTFN-001-G-F-0300-006-R0001,IL-MTFN-001-G-F-0300-006,Explanation Page for a Book by Yoel Prudenberg,"דף הסבר לספר בעברית, נכתב ע""י המפקיד, יואל פרודנברג.","Erklärungsblatt für ein Buch auf Hebräisch, geschrieben von dem Einleger, Joel Prudenberg.","Explanation page for a book in Hebrew, written by the depositor, Yoel Prudenberg.",Hebrew,Note,handwriting,original,יואל פרודנברג,,,,
IL-MTFN-001-G-F-0302-001-R0002,IL-MTFN-001-G-F-0302-001,Memory Books of Irma Kaminer,שני ספרי זיכרונות של אירמה קמינר מהשנים 1913;1920. הספרים כרוכים בכריכות מהודרות על אחד מהם יש קישוט מתכת בסיגנון היוגנדסטיל; מאד יפה.,"Zwei Erinnerungsbücher von Irma Kaminer aus den Jahren 1913;1920. Die Bücher sind in prächtige Einbände gebunden, eines davon hat eine Metallverzierung im Jugendstil; sehr schön.","Two memory books by Irma Kaminer from the years 1913;1920. The books are bound in elegant covers, one of them has a metal decoration in the Jugendstil style; very beautiful.",Other,ספר זכרונות|Memory Book,,original,Irma Kaminer,1913,1920,,
IL-MTFN-001-G-F-0303-001-R0001,IL-MTFN-001-G-F-0303-001,Letter from Franziska Rosenkranz about her father,מכתב מאת פרנציסקה רוזנקרנץ בו היא מספרת על אביה. 26.9.1933,"Brief von Franziska Rosenkranz, in dem sie über ihren Vater berichtet. 26.9.1933",Letter from Franziska Rosenkranz in which she talks about her father. 26.9.1933,Hebrew,מכתב|Letter,handwriting,original,Franziska Rosenkranz,1933-09-26,,,
IL-MTFN-001-G-F-0303-001-R0007,IL-MTFN-001-G-F-0303-001,Eulogy for Dr. Alfred Kellner,"דברי הספד לד""ר אלפרד קלנר שנפטר ב-1978.","Trauerrede für Dr. Alfred Kellner, der 1978 verstarb.",Eulogy for Dr. Alfred Kellner who passed away in 1978.,Hebrew,נאום|Speech,,original,Dr. Alfred Kellner,1978,,,
IL-MTFN-001-G-F-0303-001-R0013,IL-MTFN-001-G-F-0303-001,Photograph of a Letter to Relatives in German from 1949,"צילום מכתב לקרובי משפחה בגרמנית מ-1949 על חוויותיו כרופא על האניה ""עצמאות"" שהעלתה עולים לארץ.","Foto eines Briefes an Verwandte auf Deutsch aus dem Jahr 1949 über seine Erfahrungen als Arzt auf dem Schiff 'Unabhängigkeit', das Einwanderer ins Land brachte.",Photograph of a letter to relatives in German from 1949 about his experiences as a doctor on the ship 'Independence' that brought immigrants to the country.,German,מכתב|Letter,photography,copy,,1949,,,
IL-MTFN-001-G-F-0304-001-R0005,IL-MTFN-001-G-F-0304-001,DVD in Memory of School Friends 1934,"DVD בגרמנית ""Zur Erinnerung an Deine Schulfreundinen 1934"" ראיונות עם ישראליות מהעיר אולם/גרמניה Ulm, ביניהן גם פני טוצ'ק (תורמת החומר) על בית ספרן באולם. אורך הסרט 90 דקות.","DVD auf Deutsch ""Zur Erinnerung an Deine Schulfreundinnen 1934"" Interviews mit Israelis aus der Stadt Ulm/Deutschland, darunter auch Pnina Tuchik (die Materialspenderin) über ihre Schule in Ulm. Filmlänge 90 Minuten.","DVD in German ""In Memory of Your School Friends 1934"" Interviews with Israelis from the city of Ulm/Germany, including Pnina Tuchik (the material donor) about their school in Ulm. Film length 90 minutes.",German,DVD,other,original,Pnina Tuchik,1934,,,
IL-MTFN-001-G-F-0305-001-R0001,IL-MTFN-001-G-F-0305-001,List of Former Students of Ahlem School,רשימת שמות של תלמידים לשעבר של בית הספר אהלם; 1980,Liste der Namen ehemaliger Schüler der Schule Ahlem; 1980,List of names of former students of the Ahlem school; 1980,Hebrew,רשימה|List,,original,,1980,,,
IL-MTFN-001-G-F-0308-001-R0002,IL-MTFN-001-G-F-0308-001,Autobiography by Inna Dentler,"ספר בגרמנית שכתבה בת משפחתה, Inna Dentler גרמניה נוצריה; אוטוביוגרפיה; Kindheit in Berlin 1945;1953","Ein Buch auf Deutsch, geschrieben von einem Familienmitglied, Inna Dentler, einer deutschen Christin; Autobiografie; Kindheit in Berlin 1945;1953","A book in German written by a family member, Inna Dentler, a German Christian; Autobiography; Childhood in Berlin 1945;1953",German|גרמנית,ספר|Book,print,original,Inna Dentler,,,,
IL-MTFN-001-G-F-0310-001-R0002,IL-MTFN-001-G-F-0310-001,"Story of the ""Judith"" Laundry by Ruth Meier","התוסף חומר:, גברת רות מאייר, בתם של רודולף ויהודית לוי מקימי ובעלי מכבסת ""יהודית"" בחיפה כתבה, בעברית, את סיפור המכבסה, 2 עמ'.","Zusatzmaterial: Frau Ruth Meier, Tochter von Rudolf und Judith Levi, den Gründern und Eigentümern der Wäscherei ""Judith"" in Haifa, schrieb auf Hebräisch die Geschichte der Wäscherei, 2 Seiten.","Additional material: Mrs. Ruth Meier, daughter of Rudolf and Judith Levi, founders and owners of the ""Judith"" laundry in Haifa, wrote the story of the laundry in Hebrew, 2 pages.",Hebrew,Letter,,original,Ruth Meier,,,,2
IL-MTFN-001-G-F-0311-001-R0008,IL-MTFN-001-G-F-0311-001,Letters from Ze'ev Wolf Meinert to his mother,מכתבים בגרמנית שכתב זאב וולף מיינרט מגרמניה לאימו בארץ ישראל בשנים 1932;1934. למכתבים מצורף סיכום מתומצת למכתבים בעברית(סיכמה וכתבה קרלה וולף). בתוכן המכתבים יש בין היתר התיחסות לנוער היהודי בגרמניה ולהתארגנות הספורטיבית והפוליטית.,"Briefe auf Deutsch, geschrieben von Ze'ev Wolf Meinert aus Deutschland an seine Mutter in Eretz Israel in den Jahren 1932; 1934. Den Briefen ist eine zusammenfassende Zusammenfassung der Briefe auf Hebräisch beigefügt (zusammengefasst und geschrieben von Karla Wolf). Der Inhalt der Briefe bezieht sich unter anderem auf die jüdische Jugend in Deutschland und die sportliche und politische Organisation.","Letters in German written by Ze'ev Wolf Meinert from Germany to his mother in Eretz Israel in the years 1932; 1934. A concise summary of the letters in Hebrew is attached to the letters (summarized and written by Karla Wolf). The content of the letters includes, among other things, references to the Jewish youth in Germany and the sports and political organization.",German|Hebrew,מכתב|Letter,handwriting,original,Ze'ev Wolf Meinert,1932,,,
IL-MTFN-001-G-F-0314-003-R0003,IL-MTFN-001-G-F-0314-003,Notebook with notes and book lists,"1929;1943, מחברת עם הערות, רשימות ספרים ועוד","1929;1943, Notizbuch mit Anmerkungen, Bücherlisten und mehr","1929;1943, Notebook with notes, book lists, and more",Unspecified,פנקס|Notepad,,original,,1929,1943,,
IL-MTFN-001-G-F-0314-003-R0004,IL-MTFN-001-G-F-0314-003,"Studies on Martin Buber in Heppenheim, 1937","1937, בין היתר לימודים בהפנהיים Heppenheim על מרטין בובר Martin Buber, רשומים, רשימות, מביא ועבודות שונות שלו","1937, unter anderem Studien in Heppenheim über Martin Buber, Aufzeichnungen, Listen, bringt und verschiedene Arbeiten von ihm","1937, among other things, studies in Heppenheim on Martin Buber, records, lists, brings and various works of his",Hebrew|German,רשימות|Personal Notes,,other,Martin Buber,1937,,,
IL-MTFN-001-G-F-0320-001-R0001,IL-MTFN-001-G-F-0320-001,"Photographs from Rafael Teplitz's Work on Settlers' Meetings Protocols, 1934","צילומים מתוך העבודה שעשה רפאל טפליץ: ""השנים הראשונות במולדת החדשה; פרוטוקולים של אסיפות המתישבים בגן;שומרון שנת 1934;1938""; צולמו רק אלו של שנת 1934.","Fotos aus der Arbeit von Rafael Teplitz: ""Die ersten Jahre in der neuen Heimat; Protokolle der Siedlerversammlungen in Gan; Schomron Jahr 1934; 1938""; Es wurden nur die aus dem Jahr 1934 fotografiert.","Photographs from the work of Rafael Teplitz: ""The First Years in the New Homeland; Protocols of Settlers' Meetings in Gan; Shomron Year 1934; 1938""; Only those from the year 1934 were photographed.",Hebrew,תצלום|Photograph,photography,copy,רפאל טפליץ,1934,,,
IL-MTFN-001-G-F-0322-001-R0001,IL-MTFN-001-G-F-0322-001,Genealogy Project with Family Trees,עבודת שורשים באנגלית עם אילנות יוחסין מודפסת ומכורכת,Stammbaumarbeit auf Englisch mit gedruckten und gebundenen Stammbäumen,Genealogy project in English with printed and bound family trees,English,מסמך מתורגם|Translated Document,typewriting,original,,,,,
IL-MTFN-001-G-F-0323-001-R0001,IL-MTFN-001-G-F-0323-001,Mourning Book of Heinrich & Rosa Neuhaus,ספר אבלים Trauer;Album של הסבא והסבתא מצד האם של פרנציסקה גלס; Heinrich & Rosa Neuhaus.,Trauerbuch der Großeltern mütterlicherseits von Franziska Glas; Heinrich & Rosa Neuhaus.,Mourning book of the maternal grandparents of Franziska Glas; Heinrich & Rosa Neuhaus.,Hebrew|German,ספר זכרונות|Memory Book,,original,Franziska Glas,,,,
IL-MTFN-001-G-F-0323-001-R0005,IL-MTFN-001-G-F-0323-001,"Letter from Grandma Rosa to Serena, 1909",מכתב בגרמנית מ-1909 אל סרנה Serena מאת סבתא רוזה Rosa. במכתב הסבתא מעודדת את נכדתה ככל הנראה אחרי אכזבה רומנטית ומציעה לה שידוך.,Ein Brief auf Deutsch aus dem Jahr 1909 an Serena von Großmutter Rosa. In dem Brief ermutigt die Großmutter ihre Enkelin offenbar nach einer romantischen Enttäuschung und schlägt ihr eine Heirat vor.,"A letter in German from 1909 to Serena from Grandma Rosa. In the letter, the grandmother encourages her granddaughter, apparently after a romantic disappointment, and suggests a match.",German,מכתב|Letter,handwriting,original,Serena,1909,,,
IL-MTFN-001-G-F-0324-001-R0012,IL-MTFN-001-G-F-0324-001,Resident Tracking Notebook of the British Mandate,"פנקס (מעקב)תושב של המנדט הבריטי. בתוכו צוין שאנה ורשאור נכנסה לפלשתינה ב-1937, לחודש אבל הצליחה להאריך את שהותה לעוד חודשיים ויצאה שוב באותה שנה לגרמניה.","Einwohnerbuch (Verfolgung) des britischen Mandats. Darin wurde vermerkt, dass Anna Vershaur 1937 nach Palästina eingereist ist, für einen Monat, aber es gelang ihr, ihren Aufenthalt um zwei weitere Monate zu verlängern und sie reiste im selben Jahr erneut nach Deutschland aus.",Resident (tracking) notebook of the British Mandate. It noted that Anna Vershaur entered Palestine in 1937 for a month but managed to extend her stay for another two months and left again that year for Germany.,Hebrew,פנקס|Notepad,handwriting,original,Anna Vershaur,1937,,,
IL-MTFN-001-G-F-0325-001-R0001,IL-MTFN-001-G-F-0325-001,Letter by Yehudit Shmuelowitz about the family,בתיק מכתב שכתבה יהודית שמואלביץ ובו פרטים על המשפחה.,In der Akte ein Brief von Yehudit Shmuelowitz mit Details über die Familie.,"In the file, a letter written by Yehudit Shmuelowitz containing details about the family.",Hebrew,מכתב|Letter,handwriting,original,יהודית שמואלביץ,,,,
IL-MTFN-001-G-F-0330-001-R0001,IL-MTFN-001-G-F-0330-001,Compilation of Father's Albums on CD,"שוש מרכוס, הבת, ערכה את ארבעת האלבומים של אביה על CD עבור הצאצאים.","Shosh Marcus, die Tochter, hat die vier Alben ihres Vaters auf CD für die Nachkommen zusammengestellt.","Shosh Marcus, the daughter, compiled her father's four albums onto a CD for the descendants.",Unspecified,לא מזוהה,other,original,Shosh Marcus,,,,
IL-MTFN-001-G-F-0331-001-R0002,IL-MTFN-001-G-F-0331-001,Presentation of School Project in Memory of Suza Weisbron,"במעמד זה הוגשה למשפחה העבודה אותה עשו שני תלמידי בית הספר שם למדה בעבר גם סוזה ויסברון שנספתה על ה""פטריה"", אחותו של משה רון.","Bei dieser Gelegenheit wurde der Familie die Arbeit überreicht, die zwei Schüler der Schule gemacht haben, an der früher auch Susa Weisbron, die auf der ""Patria"" umkam, die Schwester von Moshe Ron, gelernt hatte.","On this occasion, the work done by two students of the school where Suza Weisbron, who perished on the ""Patria"", the sister of Moshe Ron, had also studied in the past, was presented to the family.",Hebrew,לא מזוהה,,original,Suza Weisbron,,,,
IL-MTFN-001-G-F-0334-001-R0011,IL-MTFN-001-G-F-0334-001,Postcard to Mina Cohen from Tirza Gritz,"גלויה כתובה בעברית (של 'מתחילים') אל מיני/מינה כהן בברסלאו מאת תרצה גריץ, ככל הנראה חברת ילדות, אין תאריך.","Eine Postkarte in Hebräisch (von 'Anfängern') an Mini/Mina Cohen in Breslau von Tirza Gritz, wahrscheinlich eine Kindheitsfreundin, kein Datum.","A postcard written in Hebrew (by 'beginners') to Mini/Mina Cohen in Breslau from Tirza Gritz, presumably a childhood friend, no date.",Hebrew,גלויה|Postcard,handwriting,original,Mina Cohen,,,,
IL-MTFN-001-G-F-0335-001-R0001,IL-MTFN-001-G-F-0335-001,סיפור חייה של גב' לוטה פינקוס,"חוברת בעברית עם סיפור חייה של גב' לוטה פינקוס לבית להמן, תושבת בית ההורים ברח' מאפו בחיפה (המוסד שייך לארגון יוצאי מרכז אירופה).","Ein Heft auf Hebräisch mit der Lebensgeschichte von Frau Lotte Pinkus, geborene Lehmann, Bewohnerin des Elternhauses in der Mapo-Straße in Haifa (die Einrichtung gehört der Organisation der Auswanderer aus Mitteleuropa).","A booklet in Hebrew with the life story of Mrs. Lotte Pinkus, née Lehmann, a resident of the parents' home on Mapo Street in Haifa (the institution belongs to the Organization of Central European Emigrants).",Hebrew,חוברת|Booklet,print,original,לוטה פינקוס,,,,
IL-MTFN-001-G-F-0339-001-R0001,IL-MTFN-001-G-F-0339-001,Die grosse Fahrt 1922 Diary,"Die grosse Fahrt 1922 מחברת/יומן שכתב נער ב-1922, שיחד עם עוד 4 נערים עושים את דרכם ברכבת ובאוניה (על ה;Bodensee) לכנס של הבלאו;וייס Blau;Weiss. בתוך היומן ניתן לקרוא את שמות 5 הנערים אבל אין לדעת מי מהם כתב את היומן. שמותיהם: Erich, Manfred,Paul, Max Spinner, Max Schneuer. הם מסתובבים 42 בכל חלקי גרמניה.","Die große Fahrt 1922 Notizbuch/Tagebuch, das ein Junge 1922 schrieb, der zusammen mit 4 weiteren Jungen mit dem Zug und dem Schiff (auf dem Bodensee) zu einem Kongress der Blau-Weiß Blau-Weiss reist. Im Tagebuch kann man die Namen der 5 Jungen lesen, aber es ist nicht bekannt, wer von ihnen das Tagebuch geschrieben hat. Ihre Namen: Erich, Manfred, Paul, Max Spinner, Max Schneuer. Sie reisen durch ganz Deutschland.","The Great Journey 1922 Notebook/Diary written by a boy in 1922, who, along with 4 other boys, makes his way by train and ship (on Lake Constance) to a Blau-Weiss conference. Inside the diary, you can read the names of the 5 boys, but it is not known who among them wrote the diary. Their names: Erich, Manfred, Paul, Max Spinner, Max Schneuer. They travel all over Germany.",German,יומן|Diary,handwriting,original,,1922,,,
IL-MTFN-001-G-F-0339-001-R0002,IL-MTFN-001-G-F-0339-001,Diary Print in German by Sophie Buchholz,"בתיק הדפסה של היומן בשפה המקורית בגרמנית (הדפיסה סופי בוכהולץ, סטודנטית מאוניברסיטת פוטסדם שעשתה את הפרקטיקום שלה במוזיאון, 2007).","Im Ordner der Druck des Tagebuchs in der Originalsprache auf Deutsch (gedruckt von Sophie Buchholz, Studentin an der Universität Potsdam, die ihr Praktikum im Museum absolvierte, 2007).","In the folder, the print of the diary in the original language in German (printed by Sophie Buchholz, a student from the University of Potsdam who did her internship at the museum, 2007).",German,יומן|Diary,typewriting,original,Sophie Buchholz,,2007,,
IL-MTFN-001-G-F-0340-001-R0008,IL-MTFN-001-G-F-0340-001,Lekta by Lola Waltsch 1961,"רישום בעט שחורה ""לקטה מאת לולה ולטש 23.12.1961"".","Registrierung mit schwarzem Stift ""Lekta von Lola Waltsch 23.12.1961"".","Registration in black pen ""Lekta by Lola Waltsch 23.12.1961"".",Hebrew,רשימות|Personal Notes,handwriting,original,,1961-12-23,,,
IL-MTFN-001-G-F-0341-003-R0001,IL-MTFN-001-G-F-0341-003,Curriculum Vitae of Rudolf Feige,"קורות חיים של רודולף פייגה, בגרמנית.","Lebenslauf von Rudolf Feige, auf Deutsch.","Curriculum vitae of Rudolf Feige, in German.",German,קורות חיים|Biography,,original,Rudolf Feige,,,,
IL-MTFN-001-G-F-0341-007-R0012,IL-MTFN-001-G-F-0341-007,Biographies of Glider Pilots,"קורות חיים של שלושה מטייסי הדאונים, שרצו להשאר בפלשתינה ולקבל עבודה בתחנה המטאורולוגית בשדה התעופה בלוד:; לותר יוליוסברגר Lothar Juliusberger נכתבו ב-1933 בברסלאו; ל. קטלר L. Kettler נכתבו ב-1935 בתל אביב- יוס. רוזנברג Jos. Rosenberg נכתבו ב-1936 בתל אביב-","Lebensläufe von drei Segelfliegern, die in Palästina bleiben und eine Arbeit an der meteorologischen Station am Flughafen Lod erhalten wollten: Lothar Juliusberger, geschrieben 1933 in Breslau; L. Kettler, geschrieben 1935 in Tel Aviv; Jos. Rosenberg, geschrieben 1936 in Tel Aviv.","Biographies of three glider pilots who wanted to stay in Palestine and get a job at the meteorological station at Lod Airport: Lothar Juliusberger, written in 1933 in Breslau; L. Kettler, written in 1935 in Tel Aviv; Jos. Rosenberg, written in 1936 in Tel Aviv.",Hebrew|German,קורות חיים|Biography,typewriting,original,,1933,,,
IL-MTFN-001-G-F-0341-012-R0016,IL-MTFN-001-G-F-0341-012,Drafts by Rudolf Feige,16. טיוטות שונות של רודולף פייגה,Verschiedene Entwürfe von Rudolf Feige,Various drafts by Rudolf Feige,Unspecified,טיוטה|Draft,handwriting,draft,Rudolf Feige,,,,
IL-MTFN-001-G-F-0341-013-R0003,IL-MTFN-001-G-F-0341-013,Manuscript titled Draft,"מקור + צילום, מנוסקריפט עם הכותרת: Draft. אנגלית הדפסה, ללא תאריך.","Original + Fotokopie, Manuskript mit dem Titel: Entwurf. Englisch Maschinenschrift, ohne Datum.","Original + photocopy, manuscript with the title: Draft. English typewritten, no date.",English,Draft,typewriting,copy,,,,,
IL-MTFN-001-G-F-0341-014-R0002,IL-MTFN-001-G-F-0341-014,Wetterdientliche Beratung und Grossstadtverwaltung,"מנוסקריפט, גרמנית כתב יד 5 עמודים (דפים קטנים) עם הכותרת: Wetterdientliche Beratung und Grossstadtverwaltung תרגום: שירות ליעוץ אקלימי ומנהלת עיר גדולה. ללא תאריך. על דף הקטלוג המצורף לתיק מסומן מסמך זה ב-2a.","Manuskript, Deutsch Handschrift 5 Seiten (kleine Blätter) mit dem Titel: Wetterdientliche Beratung und Grossstadtverwaltung. Übersetzung: Klimaberatungsdienst und Großstadtverwaltung. Ohne Datum. Auf dem dem Ordner beigefügten Katalogblatt ist dieses Dokument mit 2a gekennzeichnet.","Manuscript, German handwriting 5 pages (small sheets) with the title: Wetterdientliche Beratung und Grossstadtverwaltung. Translation: Climate Advisory Service and Large City Administration. No date. On the catalog sheet attached to the folder, this document is marked as 2a.",German,לא מזוהה,handwriting,original,,,,,5
IL-MTFN-001-G-F-0341-015-R0001,IL-MTFN-001-G-F-0341-015,Handwritten Drafts by Rudolf Feige,19. טיוטת שונות בכתב יד של רודולף פייגה.,19. Verschiedene handschriftliche Entwürfe von Rudolf Feige.,19. Various handwritten drafts by Rudolf Feige.,Unspecified,טיוטה|Draft,handwriting,draft,Rudolf Feige,,,,
IL-MTFN-001-G-F-0341-024-R0001,IL-MTFN-001-G-F-0341-024,Handwritten Notes on Book and Weather,"Several handwritten notes on some book and weather, ect",Mehrere handschriftliche Notizen zu einem Buch und Wetter usw.,"Several handwritten notes on some book and weather, etc.",Unspecified,פתק|Note,handwriting,original,,,,,
IL-MTFN-001-G-F-0342-001-R0001,IL-MTFN-001-G-F-0342-001,Diary Documented in Booklet,"היומן מתועד בחוברת בשלושה אופנים:; 1. צילום (לא ברור) של המקור; 2. הדפסת המקור, גרמנית. 3. תרגום היומן לעברית בהדפסה; מצורפות תמונות בסריקה ותעודות בצילום.","Das Tagebuch ist in einem Heft auf drei Arten dokumentiert: 1. Foto (nicht klar) des Originals; 2. Druck des Originals, Deutsch. 3. Übersetzung des Tagebuchs ins Hebräische im Druck; beigefügt sind gescannte Bilder und fotografierte Zertifikate.","The diary is documented in a booklet in three ways: 1. Photo (unclear) of the original; 2. Print of the original, German. 3. Translation of the diary into Hebrew in print; attached are scanned images and photographed certificates.",Hebrew|German,יומן|Diary,typewriting,copy,,,,,
IL-MTFN-001-G-F-0342-002-R0002,IL-MTFN-001-G-F-0342-002,Friedlander Family Documents and Tombstone Photos,"1. העתק, צילומי המצבות הוריה של סבתו יוליה, ברטה 1861;1908 ופרדיננד 1859;1926 פרידלנדר, בבית הקברות היהודי בברלין, וייסנזה Weissensee. מפת הקברים בוייסנזה. מסמכים אישיים של הזוג פרידלנדר. תעודות פטירה וקבורה של השניים.","Kopie, Fotografien der Grabsteine der Eltern seiner Großmutter Julia, Bertha 1861;1908 und Ferdinand 1859;1926 Friedländer, auf dem jüdischen Friedhof in Berlin, Weißensee. Karte der Gräber in Weißensee. Persönliche Dokumente des Ehepaars Friedländer. Sterbe- und Beerdigungsurkunden der beiden.","Copy, photographs of the tombstones of the parents of his grandmother Julia, Bertha 1861;1908 and Ferdinand 1859;1926 Friedlander, at the Jewish cemetery in Berlin, Weissensee. Map of the graves in Weissensee. Personal documents of the Friedlander couple. Death and burial certificates of the two.",Hebrew|German,Photograph|Map|Certificate,,copy,Friedlander,,,,
IL-MTFN-001-G-F-0344-001-R0001,IL-MTFN-001-G-F-0344-001,Translation of Father's Diary by Yoram Epstein,"הבן, יורם אפשטיין, תרגם מגרמנית לעברית את יומן אביו, שהיה בין הגולים לאוסטרליה.","Der Sohn, Yoram Epstein, übersetzte das Tagebuch seines Vaters, der zu den Exilanten nach Australien gehörte, aus dem Deutschen ins Hebräische.","The son, Yoram Epstein, translated his father's diary, who was among the exiles to Australia, from German to Hebrew.",Hebrew|German,מסמך מתורגם|Translated Document,handwriting,original,Yoram Epstein,,,,
IL-MTFN-001-G-F-0344-001-R0002,IL-MTFN-001-G-F-0344-001,Diary in German with Photos,"הוא כתב יומן בגרמנית ל כל הקורות אותו באנגליה ואוסטרליה. בחוברת/יומן יש גם מספר תמונות, סה""כ 69 עמודים.","Er schrieb ein Tagebuch auf Deutsch über alles, was ihm in England und Australien widerfahren ist. In dem Heft/Tagebuch gibt es auch einige Bilder, insgesamt 69 Seiten.","He wrote a diary in German about everything that happened to him in England and Australia. The booklet/diary also contains several pictures, a total of 69 pages.",German|English,יומן|Diary,handwriting,original,,,,,69
IL-MTFN-001-G-F-0345-001-R0001,IL-MTFN-001-G-F-0345-001,יוסף גבע - פעילות ותמונת דיוקן,חמישה עמודים כתובים עברית על פעילותו של איש הצבא יוסף גבע + תמונת דיוקן (צוצגת בתערוכת המוזיאון).,Fünf Seiten auf Hebräisch über die Aktivitäten des Soldaten Josef Geva + Porträtfoto (ausgestellt im Museum).,Five pages written in Hebrew about the activities of the military man Yosef Geva + portrait photo (displayed in the museum exhibition).,Hebrew,מכתב|תצלום,handwriting,original,יוסף גבע,,,,5
IL-MTFN-001-G-F-0349-001-R0001,IL-MTFN-001-G-F-0349-001,Mohel's Notes on Circumcision,"המוהל כתב מספר שורות על 'עבודתו' תוך ציון התאריך של המילה, שם הנימול, מקום מגוריו.","Der Mohel schrieb einige Zeilen über seine 'Arbeit', einschließlich des Datums der Beschneidung, des Namens des Beschnittenen und seines Wohnortes.","The mohel wrote a few lines about his 'work', noting the date of the circumcision, the name of the circumcised, and his place of residence.",Hebrew,Note,handwriting,original,,,,,
IL-MTFN-001-G-F-0353-004-R0002,IL-MTFN-001-G-F-0353-004,Struck's Memory Book,"אלבום/ספר זיכרונות של שטרוק עם כתיבה, בין היתר, של האחים שלו פליקס Felix וסלו Salo, חברים מבית הספר ביניהם פאול כהן Paul Cohn. אלפונס שוקן Alfons Schocken. (קטלוג באה דף 1);","Album/Buch der Erinnerungen von Struck mit Schriften, unter anderem von seinen Brüdern Felix und Salo, Schulfreunden darunter Paul Cohn. Alfons Schocken. (Katalog Seite 1);","Album/Memory book of Struck with writings, among others, by his brothers Felix and Salo, school friends including Paul Cohn. Alfons Schocken. (Catalog page 1);",Hebrew|German,ספר זכרונות|Memory Book,handwriting,original,,,,,
IL-MTFN-001-G-F-0353-004-R0004,IL-MTFN-001-G-F-0353-004,Diary from 1893-1896: Trip to Italy and Encounters,יומן מהשנים 1893;1896. נסיעה לאיטליה (מתחיל עם ציטט מגתה); ביקור בוילה ציריאו Zirio (המקום בו סבל פרידריך ה;3 ממחלת סרטן הגרון לאורך זמן); ניצה (מזכיר את הקזינו); בד בריקנאו Bad Brückenau (ציין משעמם) לצייר כיתה; חוזר דרך פרנקפורט ולורליי Loreley; מזכיר כמה ממוריו בברלין; נפגש עם אנטון פון ורנר Anton von Werner; חגיגה לכבוד האקדמיה לאמנות עם נאום של הקיסר; בסוף היומן אוסף עלים יבשים אותם אסף בטיול.(קטלוג באה דף 1);,"Tagebuch aus den Jahren 1893;1896. Reise nach Italien (beginnt mit einem Zitat von Goethe); Besuch in der Villa Zirio (der Ort, an dem Friedrich III. lange an Kehlkopfkrebs litt); Nizza (erwähnt das Casino); Bad Brückenau (als langweilig bezeichnet) zum Zeichnen einer Klasse; Rückkehr über Frankfurt und Loreley; erwähnt einige seiner Lehrer in Berlin; trifft Anton von Werner; Feier zu Ehren der Kunstakademie mit einer Rede des Kaisers; am Ende des Tagebuchs eine Sammlung von getrockneten Blättern, die er auf der Reise gesammelt hat. (Katalog auf Seite 1)",Diary from the years 1893;1896. Trip to Italy (begins with a quote from Goethe); visit to Villa Zirio (the place where Friedrich III suffered from throat cancer for a long time); Nice (mentions the casino); Bad Brückenau (noted as boring) to draw a class; returns via Frankfurt and Loreley; mentions some of his teachers in Berlin; meets Anton von Werner; celebration in honor of the Academy of Arts with a speech by the Emperor; at the end of the diary a collection of dried leaves he collected on the trip. (Catalog on page 1),Hebrew|German,יומן|Diary,handwriting,original,,1893,,,
IL-MTFN-001-G-F-0353-004-R0010,IL-MTFN-001-G-F-0353-004,Diary of Struck from Travels 1896-1900,"יומן של שטרוק מנסיעותיו בשנים 1896;1900. ליומן מצורפים דפים, שמיקי ברנשטיין סיכם בעברית. נעשה ניסיון להדפיס את העברית; בהצלחה חלקית.","Tagebuch von Struck von seinen Reisen in den Jahren 1896;1900. Dem Tagebuch sind Seiten beigefügt, die Miki Bernstein auf Hebräisch zusammengefasst hat. Es wurde versucht, das Hebräische zu drucken; mit teilweisem Erfolg.","Diary of Struck from his travels in the years 1896;1900. Pages are attached to the diary, summarized in Hebrew by Miki Bernstein. An attempt was made to print the Hebrew; with partial success.",Hebrew|עברית,יומן|Diary,handwriting,original,,1896,,,
IL-MTFN-001-G-F-0353-005-R0004,IL-MTFN-001-G-F-0353-005,Anna Ticho's Letters Praising Hermann Struck,"אנה טיכו Anna Ticho כותבת גרמנית בכתב יד, 2 מכתבים, ללא תאריך אך ניתן להבין שנכתבו אחרי מות הרמן שטרוק. היא מהללת את אישיותו ועבודתו של שטרוק שהשפיע עליה ועל יצירתה.","Anna Ticho schreibt auf Deutsch in Handschrift, 2 Briefe, ohne Datum, aber es ist zu verstehen, dass sie nach dem Tod von Hermann Struck geschrieben wurden. Sie lobt seine Persönlichkeit und seine Arbeit, die sie und ihr Werk beeinflusst haben.","Anna Ticho writes in German in handwriting, 2 letters, undated but it can be understood that they were written after the death of Hermann Struck. She praises his personality and work, which influenced her and her creation.",German,מכתב|Letter,handwriting,original,Hermann Struck,,,,
IL-MTFN-001-G-F-0353-005-R0005,IL-MTFN-001-G-F-0353-005,Photographs of Letters by Alfred Einstein,"אלפרד איינשטיין, צילומים של 2 מכתבים. מהשנים 1918 ו;1921. מודה לשטרוק על הציור ששטרוק עשה לרעיתו.","Alfred Einstein, Fotografien von 2 Briefen. Aus den Jahren 1918 und 1921. Dankt Struck für das Gemälde, das Struck für seine Frau gemacht hat.","Alfred Einstein, photographs of 2 letters. From the years 1918 and 1921. Thanks Struck for the painting Struck made for his wife.",German|גרמנית,מכתב|Letter,photography,copy,Alfred Einstein,1918,,,
IL-MTFN-001-G-F-0353-005-R0011,IL-MTFN-001-G-F-0353-005,מכתב תלונה משיח צבר,"מכתב ""תלונה"" שכתב שטרוק לרעייתו בשמו של שיח צבר בגינתם. השיח פונה אל מלי בתואר ""אמי החורגת"", שאינה דואגת לו כמו אביו בעל עיני האמן, גרמנית, 1930.","Beschwerdebrief, den Struck im Namen eines Kaktus in ihrem Garten an seine Frau schrieb. Der Kaktus spricht Meli als ""meine Stiefmutter"" an, die sich nicht so um ihn kümmert wie sein Vater mit den Augen eines Künstlers, Deutsch, 1930.","A ""complaint"" letter written by Struck to his wife in the name of a cactus in their garden. The cactus addresses Meli as ""my stepmother,"" who does not care for him like his father with the eyes of an artist, German, 1930.",German,מכתב|Letter,handwriting,original,שטרוק,1930,,,
IL-MTFN-001-G-F-0353-019-R0003,IL-MTFN-001-G-F-0353-019,Reviews of Hermann Struck's Exhibition in Hungary,"דפי מחברת עליהם הדביק הרמן שטרוק מאמרי ביקורת על תערוכתו בהונגריה. המאמרים בשפות הונגרית וגרמנית, 1914. (קטלוג באה דף 1)","Seiten eines Notizbuchs, auf die Hermann Struck Kritiken zu seiner Ausstellung in Ungarn geklebt hat. Die Artikel sind in ungarischer und deutscher Sprache, 1914. (Katalog Seite 1)","Notebook pages on which Hermann Struck pasted reviews of his exhibition in Hungary. The articles are in Hungarian and German, 1914. (Catalog page 1)",German|Other,רשימות|Personal Notes,other,original,Hermann Struck,1914,,,
IL-MTFN-001-G-F-0353-021-R0006,IL-MTFN-001-G-F-0353-021,Hermann Struck in Military Service,הרמן שטרוק בשירות הצבאי.,Hermann Struck im Militärdienst.,Hermann Struck in military service.,Unspecified,Unrecognized,,other,Hermann Struck,,,,
IL-MTFN-001-G-F-0353-032-R0003,IL-MTFN-001-G-F-0353-032,Conversations with Josef Israels,צילום של 'השיחות עם יוסף ישראלס' שרשם שטרוק בשנים 1905/6. המקור נמצא בתיק; G.F.0353 / 2.,"Foto von 'Die Gespräche mit Josef Israels', die von Struck in den Jahren 1905/6 aufgezeichnet wurden. Das Original befindet sich in der Akte; G.F.0353 / 2.",Photograph of 'Conversations with Josef Israels' recorded by Struck in the years 1905/6. The original is in the file; G.F.0353 / 2.,Unspecified,תצלום|Photograph,photography,copy,יוסף ישראלס,1905,,,
IL-MTFN-001-G-F-0353-032-R0006,IL-MTFN-001-G-F-0353-032,Photograph of Struck's Diary Entry,"צילום ההעתקה/שכתוב, שכתבה רבקה וייס;בלק מתוך היומן של שטרוק, הנסיעה להולנד והפגישה עם ישראלס.","Fotografie der Kopie/Umschrift, geschrieben von Rivka Weiss; Black aus dem Tagebuch von Struck, die Reise in die Niederlande und das Treffen mit Israels.","Photograph of the copy/rewriting, written by Rivka Weiss; Black from Struck's diary, the trip to Holland and the meeting with Israels.",Hebrew|עברית,צילום|Photograph,photography,copy,Rivka Weiss,,,,
IL-MTFN-001-G-F-0353-032-R0007,IL-MTFN-001-G-F-0353-032,Blessing for Struck,"דף (קטן) עם ברכה לשטרוק, ככל הנראה ליובל כל שהו, כתוב ביד באותיות אמנותיות. התוכן: שליט האמנות ! טמיר כגנזי אל רוח אלקים מלא אותו ולחשב מחשבות קרא אותו בשם. אין חתימה ואין תאריך.","Ein (kleines) Blatt mit einem Glückwunsch an Struck, wahrscheinlich zu einem Jubiläum, handgeschrieben in künstlerischen Buchstaben. Der Inhalt: Meister der Kunst! Geheimnisvoll wie die Schätze Gottes, der Geist Gottes erfüllte ihn und nannte ihn, um Gedanken zu denken. Keine Unterschrift und kein Datum.","A (small) page with a blessing for Struck, probably for some jubilee, handwritten in artistic letters. The content: Master of art! Mysterious as the treasures of God, the spirit of God filled him and called him to think thoughts. No signature and no date.",Hebrew,פתק|Note,handwriting,original,,,,,
IL-MTFN-001-G-F-0353-037-R0002,IL-MTFN-001-G-F-0353-037,"Statement of A. H. Reich, 1935","הצהרתו של א. ה.רייך, 1935, שהיה מזכירו של הרצל בוינה, תורגם מגרמנית לעברית ואושר ע""י הנוטריון הממשלתי בוינה.","Die Erklärung von A. H. Reich, 1935, der Sekretär von Herzl in Wien war, wurde aus dem Deutschen ins Hebräische übersetzt und vom staatlichen Notar in Wien beglaubigt.","The statement of A. H. Reich, 1935, who was Herzl's secretary in Vienna, was translated from German to Hebrew and certified by the government notary in Vienna.",Hebrew|German,מסמך מתורגם|Translated Document,typewriting,original,A. H. Reich,1935,,,
IL-MTFN-001-G-F-0353-049-R0001,IL-MTFN-001-G-F-0353-049,List of Estate Documents on Music by Dr. Ignaz Emerich,"רשימה, 2 עמודים, של מסמכי עזבון בנושאי מוסיקה, ששולח ד""ר איגנץ אמריך Ignaz Emerich, חיפה, אל י. א. סטרגרד Firma I. A. Stargardt חברה למכירות פומביות במרבורג ,Marburg גרמניה. גרמנית, הדפסה, 1969.","Liste, 2 Seiten, von Nachlassdokumenten zu Musikthemen, gesendet von Dr. Ignaz Emerich, Haifa, an Firma I. A. Stargardt, Auktionshaus in Marburg, Deutschland. Deutsch, Maschinenschrift, 1969.","List, 2 pages, of estate documents on music topics, sent by Dr. Ignaz Emerich, Haifa, to Firma I. A. Stargardt, auction house in Marburg, Germany. German, typewritten, 1969.",German,רשימה|List,typewriting,original,Ignaz Emerich,1969,,,2
IL-MTFN-001-G-F-0353-049-R0003,IL-MTFN-001-G-F-0353-049,"Lists of Books, Engravings, and Lithographs","3 עמודים עם רשימות: ספרים, תחריטים וליטוגרפיות. גרמנית, הדפסה, ללא תאריך.","3 Seiten mit Listen: Bücher, Stiche und Lithographien. Deutsch, Schreibmaschine, ohne Datum.","3 pages with lists: books, engravings, and lithographs. German, typewritten, no date.",German,רשימה|List,typewriting,original,,,,,3
IL-MTFN-001-G-F-0353-049-R0004,IL-MTFN-001-G-F-0353-049,Book Lists in Multiple Languages,"19 עמודים עם רשימות של ספרים, גרמנית & אנגלית & צרפתית. גרמנית, הדפסה, ללא תאריך.","19 Seiten mit Listen von Büchern, Deutsch & Englisch & Französisch. Deutsch, Schreibmaschine, ohne Datum.","19 pages with lists of books, German & English & French. German, typewritten, no date.",German|English|Other,רשימה|List,typewriting,original,,,,,19
IL-MTFN-001-G-F-0353-049-R0005,IL-MTFN-001-G-F-0353-049,Book Lists from Guest Room Library,"21 עמודים עם רשימות ספרים, הספרים מהספריה שבחדר האורחים. גרמנית, הדפסה, ללא תאריך.","21 Seiten mit Bücherlisten, die Bücher aus der Bibliothek im Gästezimmer. Deutsch, Druck, ohne Datum.","21 pages with book lists, the books from the library in the guest room. German, typewritten, no date.",German,רשימה|List,typewriting,original,,,,,21
IL-MTFN-001-G-F-0353-049-R0006,IL-MTFN-001-G-F-0353-049,List of Works Given to Bar-Ilan Library,"רשימת יצירות של רישומים וצבעי מים, שניתנו לספריית בר אילן, סה""כ 15 יצירות. נכתבה בכתב יד בעברית ע""י רות לרר ובחתימתה. 1968.","Liste von Werken aus Zeichnungen und Aquarellen, die der Bibliothek Bar-Ilan gegeben wurden, insgesamt 15 Werke. Handschriftlich auf Hebräisch von Ruth Lerer geschrieben und unterschrieben. 1968.","List of works of drawings and watercolors, given to the Bar-Ilan Library, a total of 15 works. Written in Hebrew handwriting by Ruth Lerer and signed. 1968.",Hebrew,רשימה|List,handwriting,original,רות לרר,1968,,,
IL-MTFN-001-G-F-0353-049-R0008,IL-MTFN-001-G-F-0353-049,Book Lists in Hebrew,3 עמודים עם רשימות ספרים בעברית. ללא תאריך.,3 Seiten mit Bücherlisten auf Hebräisch. Ohne Datum.,3 pages with book lists in Hebrew. No date.,Hebrew,רשימה|List,,original,,,,,3
IL-MTFN-001-G-F-0353-049-R0012,IL-MTFN-001-G-F-0353-049,Copy of Lists of Works,"העתק, 2 עמודים עם רשימות של יצירות ושנת היצירה. גרמנית, הדפסה, אין תאריך.","Kopie, 2 Seiten mit Listen von Werken und dem Jahr der Entstehung. Deutsch, Maschinenschrift, kein Datum.","Copy, 2 pages with lists of works and year of creation. German, typewritten, no date.",German,רשימה|List,typewriting,copy,,,,,2
IL-MTFN-001-G-F-0353-049-R0014,IL-MTFN-001-G-F-0353-049,List of Works in Damascus Cabinet,"עמוד אחד עם רשימה, של יצירות, שהיו בארון דמשק. גרמנית, הדפסה, אין תאריך.","Eine Seite mit einer Liste von Werken, die im Damaskus-Schrank waren. Deutsch, Druck, kein Datum.","One page with a list of works that were in the Damascus cabinet. German, typewritten, no date.",German,רשימה|List,typewriting,original,,,,,1
IL-MTFN-001-G-F-0354-001-R0001,IL-MTFN-001-G-F-0354-001,School Certificates and Correspondence of Ohe Blum,"תעודות בי""ס של אוה בלומ- אגדה ליום כיפור ו;9 באב- התכתבות בילדות עם חברות. המכתבים מאוירימ- מחזה שכתבה להצגה לרגל יום ההולדת של אמה; שירים ודיקלומימ- יומן זכרונות של לולה משנות ה-30 וה;40 למאה ה;20;","Schulzeugnisse von Ohe Blum - Legende für Jom Kippur und den 9. Aw - Korrespondenz in der Kindheit mit Freundinnen. Die Briefe sind illustriert - ein Stück, das sie für die Geburtstagsfeier ihrer Mutter schrieb; Gedichte und Deklamationen - Erinnerungsbuch von Lola aus den 30er und 40er Jahren des 20. Jahrhunderts.",School certificates of Ohe Blum - Legend for Yom Kippur and the 9th of Av - Childhood correspondence with friends. The letters are illustrated - a play she wrote for her mother's birthday celebration; Poems and recitations - Memory diary of Lola from the 1930s and 40s of the 20th century.,Hebrew,תעודת לימודים|Academic Certificate|מכתב|Letter|יומן|Diary,,original,,,,,
IL-MTFN-001-G-F-0355-001-R0001,IL-MTFN-001-G-F-0355-001,Letters by Arthur Miron from the 1930s and 1940s,"מכתבים שכתב ארתור מירון (אטה מירון) משנות ה-30, ה;40. המכתבים תורגמו לעברית ע""י תמר זגר (כתב יד בעיפרון), מצורפים למכתבי המקור.",Briefe geschrieben von Arthur Miron (Ata Miron) aus den 30er und 40er Jahren. Die Briefe wurden von Tamar Zager ins Hebräische übersetzt (Handschrift mit Bleistift) und den Originalbriefen beigefügt.,Letters written by Arthur Miron (Ata Miron) from the 1930s and 1940s. The letters were translated into Hebrew by Tamar Zager (handwritten in pencil) and attached to the original letters.,Hebrew|עברית|Other|אחר,מכתב|Letter|מסמך מתורגם|Translated Document,handwriting,original,Arthur Miron,,,,
IL-MTFN-001-G-F-0355-003-R0002,IL-MTFN-001-G-F-0355-003,Family Tree of the Una Family,העתק אילן יוחסין של משפחת אונא.,Kopie des Stammbaums der Familie Una.,Copy of the Una family tree.,Hebrew,לא מזוהה,,copy,משפחת אונא,,,,
IL-MTFN-001-G-F-0355-003-R0004,IL-MTFN-001-G-F-0355-003,Chapters from the History of the Carlsberg Family,העתק (מתוך ספר כלשהו) פרקים מתולדות משפחת קרלסברג,Kopie (aus einem Buch) Kapitel aus der Geschichte der Familie Carlsberg,Copy (from a book) Chapters from the history of the Carlsberg family,Unspecified,מסמך מתורגם|Translated Document,,copy,קרלסברג,,,,
IL-MTFN-001-G-F-0355-003-R0006,IL-MTFN-001-G-F-0355-003,Interview with Eta Miron on German Immigration Absorption Issues,"העתק ראיון מודפס שנעשה עם אטה מירון ב-1971. הראיון נעשה ע""י אברהם איתי, האוניברסיטה העברית, המכון ליהדות זמננו, המדור לתעוד בע""פ. נושא הראיון: בעיות הקליטה של העליה הגרמנית בקבוץ.","Kopie eines gedruckten Interviews mit Eta Miron im Jahr 1971. Das Interview wurde von Avraham Itai, der Hebräischen Universität, dem Institut für zeitgenössisches Judentum, der Abteilung für mündliche Dokumentation durchgeführt. Thema des Interviews: Integrationsprobleme der deutschen Einwanderung im Kibbuz.","Copy of a printed interview conducted with Eta Miron in 1971. The interview was conducted by Avraham Itai, the Hebrew University, the Institute of Contemporary Jewry, the Oral Documentation Department. Subject of the interview: Absorption problems of the German immigration in the kibbutz.",Hebrew,מסמך מתורגם|Translated Document,typewriting,copy,Eta Miron,1971,,,
IL-MTFN-001-G-F-0357-002-R0001,IL-MTFN-001-G-F-0357-002,Album with Photos and Texts from 1934,"אלבום עם תמונות משנות 1930;1934 ועם טקסטים שהנ""ל כתב ככל הנראה ב-1934 עם הצטרפותו לתנועת הנוער קמרדן Kameraden. מאוחר יותר משתנה תנועה זאת שהופכת לתנועת הורקלויטה Werkleute. כותב על הכשרות חקלאיות בליצה Lötze בסביבת ברלין ובצרפת, על חבריו וחברותיו ובעיקר על עצמו. הטקסטים שבאלבום (כתובים גרמנית בכתב יד) הודפסו ומצורפים לתיק זה, המספרים בחומר המודפס מתייחסים לקטעי הטקסטים שבתוך האלבום, שמסומנים בעפרון מ-1 עד 20.","Ein Album mit Fotos aus den Jahren 1930;1934 und mit Texten, die der oben genannte vermutlich 1934 schrieb, als er der Jugendbewegung Kameraden beitrat. Später wird diese Bewegung zur Werkleute-Bewegung. Er schreibt über landwirtschaftliche Schulungen in Lötze in der Umgebung von Berlin und in Frankreich, über seine Freunde und Freundinnen und vor allem über sich selbst. Die Texte im Album (in deutscher Handschrift geschrieben) wurden gedruckt und sind diesem Ordner beigefügt. Die Zahlen im gedruckten Material beziehen sich auf die Textabschnitte im Album, die mit Bleistift von 1 bis 20 markiert sind.","An album with photos from the years 1930;1934 and with texts that the aforementioned likely wrote in 1934 when he joined the youth movement Kameraden. Later, this movement changes and becomes the Werkleute movement. He writes about agricultural training in Lötze near Berlin and in France, about his friends and mainly about himself. The texts in the album (written in German handwriting) were printed and attached to this file, with the numbers in the printed material referring to the text sections within the album, marked in pencil from 1 to 20.",German,אלבום|Album,handwriting,copy,,1934,,,
IL-MTFN-001-G-F-0357-003-R0009,IL-MTFN-001-G-F-0357-003,Recipe Notebooks with Name Fritz Feige,שני פנקסים עם מתכונים (ככל הנראה מתחילת המאה ה-20) על אחד רשום השם פריץ פייגה; Fritz Feige. השם פייגה היה שם אמה של הרטה לפני נישואיה.,"Zwei Notizbücher mit Rezepten (wahrscheinlich aus dem frühen 20. Jahrhundert), auf einem steht der Name Fritz Feige; Fritz Feige. Der Name Feige war der Mädchenname von Hertas Mutter vor ihrer Heirat.","Two notebooks with recipes (probably from the early 20th century), one of which has the name Fritz Feige written on it; Fritz Feige. The name Feige was Herta's mother's maiden name before her marriage.",Other,פנקס|Notepad,handwriting,original,Fritz Feige,,,,
IL-MTFN-001-G-F-0357-003-R0022,IL-MTFN-001-G-F-0357-003,"Letters from Herta to Max Walch, 1948","מכתבים מהרטה אל מקס ולך, בעלה הראשון. המכתבים סוכמו בערית ע""י תמר זגר, בכתב יד. המכתבים משנת 1948. המכתבים מאד אינפורמטיבים, התקופה בארץ סביב הכרזת המדינה. מצוקה כלכלית, מצוקה ביטחונית, גיוס גברים ונשים, קרבות, הפצצת נהריה, נפילת כפר עציון ועוד.","Briefe von Herta an Max Walch, ihren ersten Ehemann. Die Briefe wurden von Tamar Zager handschriftlich auf Hebräisch zusammengefasst. Die Briefe stammen aus dem Jahr 1948. Die Briefe sind sehr informativ, die Zeit im Land um die Staatsgründung. Wirtschaftliche Not, Sicherheitsnot, Rekrutierung von Männern und Frauen, Kämpfe, Bombardierung von Nahariya, Fall von Kfar Etzion und mehr.","Letters from Herta to Max Walch, her first husband. The letters were summarized in Hebrew by Tamar Zager, in handwriting. The letters are from 1948. The letters are very informative, the period in the country around the declaration of the state. Economic distress, security distress, recruitment of men and women, battles, bombing of Nahariya, fall of Kfar Etzion, and more.",Hebrew,מכתב|Letter,handwriting,original,Herta,1948,,,
IL-MTFN-001-G-F-0358-001-R0004,IL-MTFN-001-G-F-0358-001,Student Notebook of Samuel Rosenthal,"פנקס הסטודנט של סמואל רוזנטל, לומד רפואה באוניברסיטת וינה 1908.","Studentenbuch von Samuel Rosenthal, Medizinstudent an der Universität Wien 1908.","Student notebook of Samuel Rosenthal, studying medicine at the University of Vienna 1908.",Hebrew,פנקס|Notepad,,original,Samuel Rosenthal,1908,,,
IL-MTFN-001-G-F-0359-001-R0001,IL-MTFN-001-G-F-0359-001,Dr. Reichenstein's Life Story,"לספר מצורף CD ROM, על 23 עמודים מספר דר' ריכנשטיין את סיפור חייו בעברית.","Dem Buch ist eine CD-ROM beigefügt, auf 23 Seiten erzählt Dr. Reichenstein seine Lebensgeschichte auf Hebräisch.","A CD ROM is attached to the book, on 23 pages Dr. Reichenstein tells his life story in Hebrew.",Hebrew,Book,print,original,Dr. Reichenstein,,,,23
IL-MTFN-001-G-F-0361-001-R0014,IL-MTFN-001-G-F-0361-001,Dated List of Dr. Hubert Pollack's Life,"דף עם רשימה מתוארכת לקורות חייו של דר' הוברט פולק, גרמנית.","Seite mit einer datierten Liste über das Leben von Dr. Hubert Pollack, Deutsch.","Page with a dated list of the life of Dr. Hubert Pollack, German.",German,רשימה|List,,original,Dr. Hubert Pollack,,,,
IL-MTFN-001-G-F-0361-001-R0017,IL-MTFN-001-G-F-0361-001,Memorial Words for Dr. Hubert Polak,"העתק, דף עם דברים לזכרו של דר' הוברט פולק, גרמנית מודפסת, 1967. מתוך הדברים לזכרו למדים שהיה פעיל ציוני.","Kopie, Seite mit Erinnerungen an Dr. Hubert Polak, gedruckt auf Deutsch, 1967. Aus den Erinnerungen lernt man, dass er ein zionistischer Aktivist war.","Copy, page with memorial words for Dr. Hubert Polak, printed in German, 1967. From the memorial words, it is learned that he was a Zionist activist.",German,מכתב|Letter,print,copy,דר' הוברט פולק,1967,,,
IL-MTFN-001-G-F-0361-002-R0001,IL-MTFN-001-G-F-0361-002,Photographs of Questionnaire Pages,"בתיק צילומים של עשרות דפי שאלון אותם מילא, ככל שהיה לו המידע. בנוסף לפרטים הדמוגרפים הקפיד לציין את רמת החינוך, השרות הצבאי, חינוך מקצועי, העשייה המקצועית והעמדה לגבי מנהגים יהודים, קרה לסעיף זה Judischkeit.","In der Akte befinden sich Fotos von Dutzenden von Fragebogenseiten, die er ausgefüllt hat, soweit er die Informationen hatte. Zusätzlich zu den demografischen Details achtete er darauf, das Bildungsniveau, den Militärdienst, die Berufsausbildung, die berufliche Tätigkeit und die Haltung zu jüdischen Bräuchen anzugeben. Er nannte diesen Abschnitt Judischkeit.","In the file are photographs of dozens of questionnaire pages that he filled out, as far as he had the information. In addition to demographic details, he made sure to note the level of education, military service, professional education, professional activity, and attitude towards Jewish customs, calling this section Judischkeit.",Hebrew,מסמך מתורגם|Translated Document,photography,copy,,,,,
IL-MTFN-001-G-F-0362-002-R0007,IL-MTFN-001-G-F-0362-002,Annelise's Baby Diary by Lisbet Neumann,יומן התינוקת אנליזה Annelise שכתבה האם ליסבט נוימן לבית קארו Lisbet Neumann geb. Caro.,"Babytagebuch Annelise, geschrieben von der Mutter Lisbet Neumann geb. Caro.",Baby diary Annelise written by the mother Lisbet Neumann née Caro.,Hebrew|German,יומן|Diary,,original,Lisbet Neumann,,,,
IL-MTFN-001-G-F-0362-002-R0008,IL-MTFN-001-G-F-0362-002,Walter's Baby Diary by Lisbeth Neumann,יומן התינוק ולטר Walter שכתבה האם ליסבט נוימן לבית קארו.,"Das Baby-Tagebuch von Walter, geschrieben von der Mutter Lisbeth Neumann, geborene Caro.","The baby diary of Walter, written by the mother Lisbeth Neumann, née Caro.",Hebrew,יומן|Diary,handwriting,original,Walter,,,,
IL-MTFN-001-G-F-0362-002-R0009,IL-MTFN-001-G-F-0362-002,Notebook by Walter Neumann,"מחברת (ללא כריכה) עם כתיבה של וטלר נוימן בגרמנית, בעמוד הראשון תוכן עניינים עם ציון שסה""כ 100 עמודים כתובים. בחומר הקיים חסרים דפים/עמודים. הוא כותב לאירועים משפחתיים שונים שנחוגו בנהריה, חלקם בבית רילף. המחברת מכילה שירים חלקם עם תווים, נאומים, מחזות.","Notizbuch (ohne Einband) mit Schriften von Walter Neumann auf Deutsch, auf der ersten Seite ein Inhaltsverzeichnis mit der Angabe, dass insgesamt 100 Seiten beschrieben sind. Im vorhandenen Material fehlen Blätter/Seiten. Er schreibt über verschiedene Familienereignisse, die in Nahariya gefeiert wurden, einige davon im Haus Rilf. Das Notizbuch enthält Gedichte, einige mit Noten, Reden, Theaterstücke.","Notebook (without cover) with writings by Walter Neumann in German, on the first page a table of contents indicating a total of 100 written pages. In the existing material, pages/sheets are missing. He writes about various family events celebrated in Nahariya, some at the Rilf house. The notebook contains poems, some with scores, speeches, plays.",German|גרמנית,פנקס|Notepad,handwriting,original,Walter Neumann,,,,100
IL-MTFN-001-G-F-0362-003-R0006,IL-MTFN-001-G-F-0362-003,Walter's Bicycle Journey,"ולטר קיבל מהצוות זוג אפניים, לדברי בתו מרים סלע בקשו ממנו לו להגיע ברכיבה עליהם מנהריה לטכניון.","Walter erhielt vom Team ein Paar Fahrräder, laut seiner Tochter Miriam Sela wurde er gebeten, von Nahariya zum Technion zu fahren.","Walter received a pair of bicycles from the team, according to his daughter Miriam Sela, he was asked to ride them from Nahariya to the Technion.",Unspecified,Letter,,original,Walter,,,,
IL-MTFN-001-G-F-0362-005-R0001,IL-MTFN-001-G-F-0362-005,Lisbeth Caro's Life Journal,"ספר/מחברת מפואר/ת בו כתבה ליסבט קארו (לימים נוימן) בשנת 1893 יומן חיים. כתוב בגרמנית בכתב יד יפה, סה""כ כתבה 29 עמודים (עשרות דפים נותרו ריקים). המידע שהכתיבה היא של ליסבט נוימן לבית קארו נמסר ע""י התורמת, מרים סלע. אם משווים את הכתב של ליסבט מיומנה לבין זה שמצוי באלבום, ראה G.F.0362 / 6 ,קשה להאמין שזאת אותה היד שכתבה וזאת למרות ההפרש של 19 שנה בין כתיבת היומן ב-1893 לכתיבת הטקסטים באלבום ב-1912. לא נמצאו אפשרויות זיהוי/השואה אחרים.","Ein luxuriöses Buch/Notizbuch, in dem Lisbeth Caro (später Neumann) 1893 ein Lebensjournal schrieb. In schöner Handschrift auf Deutsch geschrieben, insgesamt 29 Seiten geschrieben (Dutzende Seiten blieben leer). Die Information, dass der Text von Lisbeth Neumann geb. Caro stammt, wurde von der Spenderin Miriam Sela übermittelt. Wenn man Lisbeths Schrift aus ihrem Tagebuch mit der im Album vergleicht, siehe G.F.0362 / 6, ist es schwer zu glauben, dass es dieselbe Hand ist, die geschrieben hat, trotz des Unterschieds von 19 Jahren zwischen dem Schreiben des Tagebuchs 1893 und dem Schreiben der Texte im Album 1912. Es wurden keine anderen Identifikations-/Vergleichsmöglichkeiten gefunden.","A luxurious book/notebook in which Lisbeth Caro (later Neumann) wrote a life journal in 1893. Written in beautiful German handwriting, a total of 29 pages written (dozens of pages remained blank). The information that the writing is by Lisbeth Neumann née Caro was provided by the donor, Miriam Sela. When comparing Lisbeth's handwriting from her diary to that found in the album, see G.F.0362 / 6, it is hard to believe it is the same hand that wrote, despite the 19-year difference between writing the diary in 1893 and writing the texts in the album in 1912. No other identification/comparison possibilities were found.",German,יומן|Diary,handwriting,original,Lisbeth Neumann,1893,,,29
IL-MTFN-001-G-F-0362-005-R0002,IL-MTFN-001-G-F-0362-005,Family Notebook of the Neumann Family,"מחברת עבה מאד לתוכה נכתבו והועתקו שירים, דיקלומים, סיפורים, תסכיתים והומור, שנכתבו ע""י בני משפחת נוימן לאירועים כמו: ימי הולדת, ימי נישואין ועוד. הכתב במחברת משתנה בהתאם לאדם שכתב במחברת. לעיתים ניתן לזהות לאיזה אירוע ושל מי נעשתה הכתיבה. לרוב יש ציון תאריך. לתוך מחברת משפחתית זאת נכתב מ-1903 עד 1948 דהיינו, התחלת הכתיבה כנראה בברסלאו, סיומה בארץ ככל הנראה בנהריה.","Ein sehr dickes Notizbuch, in das Gedichte, Rezitationen, Geschichten, Hörspiele und Humor geschrieben und kopiert wurden, die von Mitgliedern der Familie Neumann für Anlässe wie Geburtstage, Hochzeitstage und mehr geschrieben wurden. Die Schrift im Notizbuch ändert sich je nach Person, die im Notizbuch geschrieben hat. Manchmal kann man erkennen, für welchen Anlass und von wem die Schrift gemacht wurde. Meistens ist ein Datum angegeben. In dieses Familiennotizbuch wurde von 1903 bis 1948 geschrieben, das heißt, der Beginn des Schreibens war wahrscheinlich in Breslau, das Ende wahrscheinlich in Nahariya.","A very thick notebook into which poems, recitations, stories, radio plays, and humor were written and copied, written by members of the Neumann family for events such as birthdays, anniversaries, and more. The handwriting in the notebook changes according to the person who wrote in the notebook. Sometimes it is possible to identify for which event and by whom the writing was done. Usually, a date is noted. This family notebook was written from 1903 to 1948, meaning the writing probably started in Breslau and ended in Nahariya.",Hebrew,יומן|Diary,handwriting,original,Neumann,1903,1948,,
IL-MTFN-001-G-F-0362-006-R0001,IL-MTFN-001-G-F-0362-006,Album documenting Lisbeth and Arthur Neumann's 1912 trip,"בכחצי מהאלבום מודבקות גלויות אמנות ונוף/מקומות באירופה, שמלווות בטקסטים ארוכים בגרמנית, כתב יד גותי. הטקסטים והגלויות מתעדים נסיעה של ליסבט וארתור נוימן, ללא הילדים, בשנת 1912. כתיבת הטקסטים נעשתה ע""י ליסבט נוימן. הנסיעה היתה בגרמניה, אוסטריה ואיטליה.","In etwa der Hälfte des Albums sind Kunst- und Landschaftspostkarten/Orte in Europa eingeklebt, die von langen Texten in deutscher Sprache, gotische Handschrift, begleitet werden. Die Texte und Postkarten dokumentieren eine Reise von Lisbeth und Arthur Neumann, ohne die Kinder, im Jahr 1912. Die Texte wurden von Lisbeth Neumann geschrieben. Die Reise fand in Deutschland, Österreich und Italien statt.","In about half of the album, art and landscape postcards/places in Europe are pasted, accompanied by long texts in German, Gothic handwriting. The texts and postcards document a trip by Lisbeth and Arthur Neumann, without the children, in 1912. The texts were written by Lisbeth Neumann. The trip was in Germany, Austria, and Italy.",German|גרמנית,גלויה|Postcard,handwriting,original,Lisbeth Neumann|Arthur Neumann,1912,,,
IL-MTFN-001-G-F-0362-006-R0002,IL-MTFN-001-G-F-0362-006,List of Places Documented on Postcards,בתוך האלבום רשימה של המקומות/ערים שמתועדים בגלויות (רשמה קרלה וולף).,"Im Album befindet sich eine Liste der Orte/Städte, die auf Postkarten dokumentiert sind (geschrieben von Karla Wolf).",Inside the album is a list of the places/cities documented on postcards (written by Karla Wolf).,Hebrew,רשימה|List,handwriting,original,קרלה וולף,,,,
IL-MTFN-001-G-F-0363-002-R0002,IL-MTFN-001-G-F-0363-002,Leather Letter Case with Gobelin Embroidery,"מכתביית עור קטנה עם רקמת גובלן. כמו כן רקומים ראשי התיבות G R והקדשה בגרמנית: Zum Andenken 1835 תרגום: למזכרת 1835. לא ידוע מה מקור/השם בראשי התיבות. בתוך המכתביה מצויה תמונת גבר ישיש, לא ידוע מי הוא. למכתביה מצורף עפרון תואם.","Kleine Ledermappe mit Gobelinstickerei. Außerdem sind die Initialen G R und eine Widmung auf Deutsch eingestickt: Zum Andenken 1835. Übersetzung: Zur Erinnerung 1835. Es ist nicht bekannt, was die Quelle/der Name der Initialen ist. In der Mappe befindet sich ein Bild eines alten Mannes, es ist nicht bekannt, wer er ist. Der Mappe ist ein passender Bleistift beigefügt.","Small leather letter case with gobelin embroidery. Also embroidered are the initials G R and a dedication in German: Zum Andenken 1835. Translation: As a souvenir 1835. It is not known what the source/name of the initials is. Inside the letter case is a picture of an elderly man, it is not known who he is. A matching pencil is attached to the letter case.",German|גרמנית,מכתב|Letter,handwriting,original,,1835,,,
IL-MTFN-001-G-F-0363-002-R0003,IL-MTFN-001-G-F-0363-002,Memory Book/Diary of Margaretha Henschel,"ספר זיכרונות/יומן על העמוד הראשון רשום מרגרטה הנשל ב-1901. כתיבה מצויה רק בדפים האחרונים, שירים ודיקלומים לאירועים משפחתיים. הכתיבה נעשתה ככל הנראה ע""י מרגרטה הנשל. מתוך התכנים אפשר להסיק, שמרגרטה היתה בתם שח אמה וקרל הנשל. כמו כן, לאחר נישואיה היה שם משפחתה קוגלמן Kugelmann. מהתכנים ניתן להסיק, שהיו לה (לפחות) שני בנים אמיל ורוברט. הכתיבה נעשתה בשנים 1902;1910, לא מצוין מקום.","Erinnerungsbuch/Tagebuch auf der ersten Seite steht Margaretha Henschel im Jahr 1901. Schreiben findet sich nur auf den letzten Seiten, Gedichte und Rezitationen für Familienereignisse. Das Schreiben wurde wahrscheinlich von Margaretha Henschel verfasst. Aus den Inhalten lässt sich schließen, dass Margaretha die Tochter von Emma und Karl Henschel war. Außerdem war ihr Nachname nach der Heirat Kugelmann. Aus den Inhalten lässt sich schließen, dass sie (mindestens) zwei Söhne hatte, Emil und Robert. Das Schreiben erfolgte in den Jahren 1902;1910, kein Ort angegeben.","Memory book/diary on the first page is written Margaretha Henschel in 1901. Writing is found only on the last pages, poems and recitations for family events. The writing was probably done by Margaretha Henschel. From the contents, it can be inferred that Margaretha was the daughter of Emma and Karl Henschel. Also, after her marriage, her last name was Kugelmann. From the contents, it can be inferred that she had (at least) two sons, Emil and Robert. The writing was done in the years 1902;1910, no place specified.",Hebrew|German,יומן|Diary,handwriting,original,Margaretha Henschel,1902,,,
IL-MTFN-001-G-F-0363-002-R0004,IL-MTFN-001-G-F-0363-002,פנקס פיננסי של קרל הנשל,"פנקס קטנטן, 7.5 ס""מ X 4 ס""מ, ביצירה עצמית דהיינו, דפי נייר איכותי, שחוברו יחד בשרוך חבל. בפנקס זה רשם קרל הנשל את עסקיו הפיננסיים: הלוואות לבני משפחתו ולמוסדות, חישוב רווחים או הפסדים, מחיקה לאחר פרעון. לעיתים נרשמה גם השנה, הרשומים נעשו ברבע האחרון של המאה ה-19.","Ein kleines Notizbuch, 7,5 cm x 4 cm, selbstgemacht, d.h. hochwertige Papierblätter, die mit einer Schnur zusammengebunden sind. In diesem Notizbuch verzeichnete Karl Henschel seine finanziellen Geschäfte: Darlehen an Familienmitglieder und Institutionen, Berechnung von Gewinnen oder Verlusten, Löschung nach Rückzahlung. Manchmal wurde auch das Jahr notiert, die Einträge wurden im letzten Viertel des 19. Jahrhunderts gemacht.","A small notebook, 7.5 cm x 4 cm, self-made, meaning high-quality paper sheets bound together with a string. In this notebook, Karl Henschel recorded his financial transactions: loans to family members and institutions, calculation of profits or losses, deletion after repayment. Sometimes the year was also noted, the entries were made in the last quarter of the 19th century.",Hebrew,פנקס|Notepad,handwriting,original,קרל הנשל,1800-1875,,,
IL-MTFN-001-G-F-0363-002-R0005,IL-MTFN-001-G-F-0363-002,פנקס עור עם רקמת גובלן,"פנקס עור עם רקמת גובלן, מאד מפואר, אליו מצורף עפרון כסף תואם סגירת הפנקס. בפנקס רישומי אירועים שונים עם תאריכים כמו ימי הולדת וכדומה. עפ""י הכתב הפנקס היה ככל הנראה שייך לאמה הנשל לבית דויטש.","Lederbuch mit Gobelinstickerei, sehr luxuriös, mit einem passenden silbernen Bleistift zum Schließen des Buches. Im Buch sind verschiedene Ereignisse mit Daten wie Geburtstagen und Ähnlichem eingetragen. Laut der Schrift gehörte das Buch wahrscheinlich Emma Neschl aus der Familie Deutsch.","Leather notebook with gobelin embroidery, very luxurious, with a matching silver pencil for closing the notebook. The notebook contains records of various events with dates like birthdays and so on. According to the handwriting, the notebook likely belonged to Emma Neschl from the Deutsch family.",Hebrew,פנקס|Notepad,handwriting,original,אמה הנשל לבית דויטש,,,,
IL-MTFN-001-G-F-0363-002-R0006,IL-MTFN-001-G-F-0363-002,Notebook/Calendar 1886 with Financial Records,פנקס/לוח שנה 1886 עם רישומים בעפרון; נראה כישומי הוצאות כספיות למטרות שונות.,Notizbuch/Kalender 1886 mit Bleistiftzeichnungen; scheint finanzielle Ausgaben für verschiedene Zwecke zu enthalten.,Notebook/Calendar 1886 with pencil drawings; appears to contain financial expenses for various purposes.,Unspecified,פנקס|Notepad,handwriting,original,,1886,,,
IL-MTFN-001-G-F-0363-002-R0009,IL-MTFN-001-G-F-0363-002,Notebook with Recipes,"פנקס עם מתכונים למטבח, לא ידוע למי היה שייך.","Notizbuch mit Küchenrezepten, unbekannt wem es gehörte.","Notebook with kitchen recipes, unknown to whom it belonged.",Unspecified,פנקס|Notepad,handwriting,other,,,,,
IL-MTFN-001-G-F-0363-002-R0010,IL-MTFN-001-G-F-0363-002,Notebook of Poet Morgenstern's Thoughts and Works,"פנקס עם רישומים על מחשבות, ספרים ועבודותיו של המשורר מורגנשטרן Morgenstern, שנת 1919.","Notizbuch mit Aufzeichnungen über Gedanken, Bücher und Arbeiten des Dichters Morgenstern, Jahr 1919.","Notebook with notes on thoughts, books, and works of the poet Morgenstern, year 1919.",Hebrew|German,פנקס|Notepad,handwriting,original,Morgenstern,1919,,,
IL-MTFN-001-G-F-0363-007-R0001,IL-MTFN-001-G-F-0363-007,"Letter from Emma Henschel to Karl, Breslau 1877","מכתב של אמה הנשל לבית דויטש אל בעלה קרל; מכתב מלא רוך ואהבה. ברסלאו, 1877. תורגם לעברית ע""י תמר זגר.","Brief von Emma Henschel, geborene Deutsch, an ihren Ehemann Karl; ein Brief voller Zärtlichkeit und Liebe. Breslau, 1877. Übersetzt ins Hebräische von Tamar Zeger.","Letter from Emma Henschel, née Deutsch, to her husband Karl; a letter full of tenderness and love. Breslau, 1877. Translated into Hebrew by Tamar Zeger.",German|עברית,מכתב|Letter|מסמך מתורגם|Translated Document,handwriting,original,,1877,,,
IL-MTFN-001-G-F-0364-001-R0001,IL-MTFN-001-G-F-0364-001,Peiser Family Estate: Writings by Chava Eliasaf,"עיזבון של משפחת פייזר Peiser:; מספר קטעים שכתבה חוה אליאסף, בגרמנית מודפסת, על סביה והוריה.","Nachlass der Familie Peiser:; mehrere Abschnitte, die Chava Eliasaf auf Deutsch geschrieben hat, über ihre Großeltern und Eltern.","Estate of the Peiser family:; several sections written by Chava Eliasaf, in printed German, about her grandparents and parents.",German,Letter,typewriting,original,,,,,
IL-MTFN-001-G-F-0366-001-R0003,IL-MTFN-001-G-F-0366-001,Curriculum Vitae and Resume from University of Haifa,"שני העתקים/צילומים, בעברית ואנגלית, קורות חיים ורזומה שנכתבו באוניברסיטת חיפה.","Zwei Kopien/Fotografien, auf Hebräisch und Englisch, Lebenslauf und Resümee, die an der Universität Haifa geschrieben wurden.","Two copies/photographs, in Hebrew and English, curriculum vitae and resume written at the University of Haifa.",Hebrew|English,קורות חיים|Biography,,copy,,,,,
IL-MTFN-001-G-F-0367-001-R0001,IL-MTFN-001-G-F-0367-001,Photocopy of Research Work by Ernest B. Weil,"הופקד ב-18.11.2008:; צילום עבודת מחקר לשם וייל על כל אופני כתיבתו בלועזית / Weil, Weill, Weyl, De Veil, De Weille, 44 44 עמ', אנגלית. את המחקר כתב ארנסט ב. וייל Ernest B. Weil, ניו יורק, 1957.","Hinterlegt am 18.11.2008:; Fotokopie einer Forschungsarbeit über alle Schreibweisen von Weil auf Fremdsprachen / Weil, Weill, Weyl, De Veil, De Weille, 44 44 Seiten, Englisch. Die Forschung wurde von Ernest B. Weil, New York, 1957, geschrieben.","Deposited on 18.11.2008:; Photocopy of a research work on all ways of writing Weil in foreign languages / Weil, Weill, Weyl, De Veil, De Weille, 44 44 pages, English. The research was written by Ernest B. Weil, New York, 1957.",English,מסמך מתורגם|Translated Document,photography,copy,Ernest B. Weil,1957,,,44
IL-MTFN-001-G-F-0367-001-R0002,IL-MTFN-001-G-F-0367-001,Research Work on Weil & Rosenthal Families,"צילום עבודת מחקר למשפחות וייל ורוזנטל Weil & Rosenthal, שכתב זאב וייל באנגלית.","Fotografie einer Forschungsarbeit über die Familien Weil und Rosenthal, geschrieben von Ze'ev Weil auf Englisch.","Photograph of a research work on the Weil and Rosenthal families, written by Ze'ev Weil in English.",English,Photograph,photography,copy,,,,,
IL-MTFN-001-G-F-0368-001-R0001,IL-MTFN-001-G-F-0368-001,חוברת ביוגרפית על אורה רטנר,"חוברת ביוגרפית בעברית של/על אלמנת האדריכל פרופ' יוחנן רטנר, אורה רטנר., החוברת יצאה לאור בהוצאה פרטית אחרי פטירתה של אורה רטנר. בחוברת קורות חיים מגרמניה וישראל, שהודפסו ונערכו מקלטות שמע ע""י החברות שליוו אותה בתהליך עד לפטירתה. כמו כן, יש בחוברת מספר סיפורים והגות ותמונות משפחתיות.","Biografisches Heft auf Hebräisch über die Witwe des Architekten Prof. Jochanan Ratner, Ora Ratner. Das Heft wurde nach dem Tod von Ora Ratner in einem privaten Verlag veröffentlicht. Das Heft enthält Lebensläufe aus Deutschland und Israel, die aus Tonbandaufnahmen von den Freundinnen, die sie bis zu ihrem Tod begleiteten, gedruckt und bearbeitet wurden. Außerdem enthält das Heft mehrere Geschichten, Reflexionen und Familienfotos.","Biographical booklet in Hebrew about the widow of architect Prof. Yohanan Ratner, Ora Ratner. The booklet was published privately after Ora Ratner's death. The booklet contains biographies from Germany and Israel, printed and edited from audio tapes by the friends who accompanied her until her death. It also includes several stories, reflections, and family photos.",Hebrew,חוברת|Booklet,print,original,אורה רטנר,,,,
IL-MTFN-001-G-F-0369-001-R0002,IL-MTFN-001-G-F-0369-001,Family Booklet with Photos and Family Trees,"לחוברת 32 דפים, תמונות משפחתיות, אילנות יוחסין של משפחות פינצ'ובר ופריימן (משפחת רעייתו). בעמוד 14, תמונת הסנדק דניאל פינצ'ובר עם הנין בטכס הברית; ניתן לראות את החיתול הגדול והחגיגי, שמונח על ברכי הסנדק ממנו נהגו ליצור את ""חיתול תורה"".","Das Heft hat 32 Seiten, Familienfotos, Stammbäume der Familien Pinchower und Freiman (Familie seiner Frau). Auf Seite 14, das Bild des Paten Daniel Pinchower mit dem Urenkel bei der Beschneidungszeremonie; man kann das große und festliche Tuch sehen, das auf den Knien des Paten liegt, aus dem man die 'Tora-Windel' zu machen pflegte.","The booklet has 32 pages, family photos, family trees of the Pinchower and Freiman families (his wife's family). On page 14, the picture of the godfather Daniel Pinchower with the great-grandchild at the circumcision ceremony; you can see the large and festive diaper, placed on the godfather's knees, from which they used to create the 'Torah diaper'.",Hebrew,חוברת|Booklet,print,original,,,,,32
IL-MTFN-001-G-F-0371-001-R0005,IL-MTFN-001-G-F-0371-001,Diary of Ernst's First Year,"פנקס בו כתבה בכתב יד, גרמנית, יומן על בנה, ארנסט, בשנתו הראשונה. לפנקס מצורפת ההדפסה של היומן בשפת המקור, סה""כ 20 עמודים ועמוד אחד, שתורגם לעברית.","Ein Notizbuch, in dem sie auf Deutsch ein Tagebuch über ihren Sohn Ernst im ersten Jahr geschrieben hat. Dem Notizbuch ist der Originaldruck des Tagebuchs beigefügt, insgesamt 20 Seiten und eine Seite, die ins Hebräische übersetzt wurde.","A notebook in which she wrote in German, a diary about her son, Ernst, in his first year. The notebook is accompanied by the typewritten version of the diary in the original language, a total of 20 pages and one page, translated into Hebrew.",German|Hebrew,יומן|Diary,handwriting,original,Ernst,,,,21
IL-MTFN-001-G-F-0371-001-R0006,IL-MTFN-001-G-F-0371-001,Tallit sewn by Helena for her son Ernst,"טלית, שהלנה תפרה במו ידיה לבנה הקטן, ארנסט.","Ein Tallit, den Helena eigenhändig für ihren kleinen Sohn Ernst genäht hat.","A tallit that Helena sewed with her own hands for her little son, Ernst.",Unspecified,Unrecognized,,original,Helena,,,,
IL-MTFN-001-G-F-0371-002-R0004,IL-MTFN-001-G-F-0371-002,Memories of Helena Stein,"זכרונות הלנה שטיין בכתיבה המקורית, כתב יד, גרמנית.","Erinnerungen von Helena Stein in der Originalschrift, Handschrift, Deutsch.","Memories of Helena Stein in the original writing, handwriting, German.",German,יומן|Diary,handwriting,original,Helena Stein,,,,
IL-MTFN-001-G-F-0371-003-R0007,IL-MTFN-001-G-F-0371-003,Recipe Book Gift for Wedding 1894,"פנקס קטן, שכותרתו 'ספר מתכונים' Recept;Buch, הפנקס הוצא לאור במהדורה מאד מפוארת, כריכתו ודפיו מכוסים בד ירקרק מבריק; מתנה לאליזבת בילושובסקי והנס שטיין, רוקח, לרגל הנישואין בשנת 1894. בתוך הפנקס אין מתכונים אלא איחולים לזוג הצעיר.","Kleines Notizbuch mit dem Titel 'Rezeptbuch'; das Notizbuch wurde in einer sehr luxuriösen Ausgabe veröffentlicht, sein Einband und seine Seiten sind mit glänzendem grünlichem Stoff bedeckt; ein Geschenk für Elisabeth Biluschowski und Hans Stein, Apotheker, zur Hochzeit im Jahr 1894. Im Notizbuch sind keine Rezepte, sondern Glückwünsche für das junge Paar.","Small notebook titled 'Recipe Book'; the notebook was published in a very luxurious edition, its cover and pages covered with shiny greenish fabric; a gift for Elisabeth Biluschowski and Hans Stein, pharmacist, on the occasion of their wedding in 1894. Inside the notebook there are no recipes but wishes for the young couple.",German|עברית,פנקס|Notepad,print,original,Elisabeth Biluschowski|Hans Stein,1894,,,
IL-MTFN-001-G-F-0371-004-R0003,IL-MTFN-001-G-F-0371-004,Journey Description from Jerusalem to Wadi Qelt,"דף כתוב גרמנית צפופה ביד, תיאור נסיעה מירושלים לואדי קלט, יריחו, ירדן וים המלח. לא ידוע מי כתב ובאיזה שנה.","Ein dicht handgeschriebener deutscher Text, der eine Reise von Jerusalem nach Wadi Qelt, Jericho, Jordanien und dem Toten Meer beschreibt. Es ist nicht bekannt, wer es geschrieben hat und in welchem Jahr.","A densely handwritten German page, describing a journey from Jerusalem to Wadi Qelt, Jericho, Jordan, and the Dead Sea. It is not known who wrote it and in which year.",German,רשימות|Personal Notes,handwriting,original,,,,,
IL-MTFN-001-G-F-0380-002-R0006,IL-MTFN-001-G-F-0380-002,Notebook for Concerts and Theater Performances,פנקס לרישום קונצרטים והצגות תיאטרון Konzert und Theater;Merkbüchlein (רישום המופע והתאריך שלו).,Notizbuch zur Aufzeichnung von Konzerten und Theateraufführungen Konzert und Theater; Merkheft (Aufzeichnung der Aufführung und ihres Datums).,Notebook for recording concerts and theater performances Konzert und Theater; Merkheft (recording the performance and its date).,Hebrew|German,פנקס|Notepad,handwriting,original,,,,,
IL-MTFN-001-G-F-0382-001-R0003,IL-MTFN-001-G-F-0382-001,Booklet for the 100th Anniversary of Erich Lehmann's Birth,"בספטמבר 2012 התווסף: חוברת בעברית שגדעון להמן ואחותו רותי גרטנר הוציאו לרגל אירוע משפחתי לציון 100 שנה להולדתו של אביהם אריך להמן (1912;1986). בחוברת מתועדת הביוגרפיה האישית, המשפחתית והמקצועית של אריך להמן בתמונות, מכתבים, מסמכים ומאמרים אותם כתב בגרמנית לעיתונים בגרמנית ""ידיעות חדשות"" ו;""MB"".","Im September 2012 hinzugefügt: Eine Broschüre auf Hebräisch, die Gideon Lehmann und seine Schwester Ruthie Gartner anlässlich einer Familienfeier zum 100. Geburtstag ihres Vaters Erich Lehmann (1912;1986) herausgaben. In der Broschüre sind die persönliche, familiäre und berufliche Biografie von Erich Lehmann mit Fotos, Briefen, Dokumenten und Artikeln dokumentiert, die er auf Deutsch für die deutschen Zeitungen ""Neue Nachrichten"" und ""MB"" schrieb.","Added in September 2012: A booklet in Hebrew that Gideon Lehmann and his sister Ruthie Gartner published for a family event marking the 100th anniversary of their father Erich Lehmann's birth (1912;1986). The booklet documents the personal, family, and professional biography of Erich Lehmann with photos, letters, documents, and articles he wrote in German for the German newspapers ""Neue Nachrichten"" and ""MB"".",Hebrew|German,חוברת|Booklet,print,original,Erich Lehmann,,2012-09,,
IL-MTFN-001-G-F-0382-009-R0001,IL-MTFN-001-G-F-0382-009,Diaries of Erich Lehmann,"יומנים של אריך להמן, בהם יש ציון של אירועי תרבות בנהריה ואירועים פרטים של משפחת להמן, היומנים נקלטו על ידי מתנדבת Barbara Gross עד לשנת 1967","Tagebücher von Erich Lehmann, die kulturelle Ereignisse in Nahariya und private Ereignisse der Familie Lehmann erwähnen. Die Tagebücher wurden von der Freiwilligen Barbara Gross bis 1967 erfasst.","Diaries of Erich Lehmann, which mention cultural events in Nahariya and private events of the Lehmann family. The diaries were recorded by volunteer Barbara Gross until 1967.",Hebrew,יומן|Diary,handwriting,original,Erich Lehmann,,1967,,
IL-MTFN-001-G-F-0382-010-R0001,IL-MTFN-001-G-F-0382-010,Diaries of Erich Lehmann,"יומנים של אריך להמן, בהם יש ציון של אירועי תרבות בנהריה ואירועים פרטים של משפחת להמן, היומנים הקלטו על ידי מתנדבת Barbara Gross עד לשנת 1967.","Tagebücher von Erich Lehmann, die kulturelle Ereignisse in Nahariya und private Ereignisse der Familie Lehmann vermerken. Die Tagebücher wurden bis 1967 von der Freiwilligen Barbara Gross aufgezeichnet.","Diaries of Erich Lehmann, which note cultural events in Nahariya and private events of the Lehmann family. The diaries were recorded by volunteer Barbara Gross until 1967.",Hebrew|German,יומן|Diary,handwriting,original,Erich Lehmann,,1967,,
IL-MTFN-001-G-F-0385-001-R0001,IL-MTFN-001-G-F-0385-001,Zichronot by Amira Gatzov,"עמירה גצוב לבית זיזל ילדת 1929, חברת מצובה, כתבה את זכרונותיה. עברית, 2009. שם הספר: ""זכרונות"".","Amira Gatzov, geborene Zizel, geboren 1929, Mitglied von Matzuba, schrieb ihre Erinnerungen. Hebräisch, 2009. Buchtitel: ""Erinnerungen"".","Amira Gatzov, née Zizel, born 1929, member of Matzuba, wrote her memoirs. Hebrew, 2009. Book title: ""Memories"".",Hebrew,Book,,original,Amira Gatzov,2009,2009,,
IL-MTFN-001-G-F-0388-001-R0002,IL-MTFN-001-G-F-0388-001,Letters from the Ausubel Family Estate,"דר' דן אלדר מצא בעיזבון אביו, ברוך בן קלמן אוסאיבל Ausubel, מכתבים בגרמנית מהשנים 1940;1933. המכתבים מהתכתבות תוך משפחתית בין בני המשפחה שהגרו לפלשתינה לבין אלה שנשארו בגרמניה. באותם ימים חיה המשפחה בשטוטגרט Stuttgart. על סמך המכתבים האלה כתב את הספר.","Dr. Dan Elder fand im Nachlass seines Vaters, Baruch ben Kalman Ausubel, Briefe auf Deutsch aus den Jahren 1933 und 1940. Die Briefe stammen aus der innerfamiliären Korrespondenz zwischen den Familienmitgliedern, die nach Palästina ausgewandert sind, und denen, die in Deutschland geblieben sind. In jenen Tagen lebte die Familie in Stuttgart. Basierend auf diesen Briefen schrieb er das Buch.","Dr. Dan Elder found in the estate of his father, Baruch ben Kalman Ausubel, letters in German from the years 1933 and 1940. The letters are from intra-family correspondence between family members who emigrated to Palestine and those who remained in Germany. In those days, the family lived in Stuttgart. Based on these letters, he wrote the book.",German|גרמנית,מכתב|Letter,,original,Baruch ben Kalman Ausubel,1940,,,
IL-MTFN-001-G-F-0390-002-R0008,IL-MTFN-001-G-F-0390-002,Eulogy by Rudi for Meir Dahan,"בקטלוג 9R8 : הספד שכתב רודי לתלמידו, האמן מאיר דהאן Meir Dahan ב-1958. דברים שכתב רודי לאזכרת משה הלוי Mosche Halevy ב-1975.","In Katalog 9R8: Eine Trauerrede, die Rudi für seinen Schüler, den Künstler Meir Dahan, im Jahr 1958 schrieb. Worte, die Rudi zur Erinnerung an Mosche Halevy im Jahr 1975 schrieb.","In catalog 9R8: A eulogy written by Rudi for his student, the artist Meir Dahan, in 1958. Words written by Rudi for the commemoration of Mosche Halevy in 1975.",Hebrew,מכתב|Letter,,original,Meir Dahan,1958,,,
IL-MTFN-001-G-F-0390-003-R0004,IL-MTFN-001-G-F-0390-003,Notes on Sculpture and Woodcut,"בקטלוג 11R4 : רשימות בנושא פסול וגלוף עץ, נכתבו בחוג לפסול בגבעתיים. הכתיבה היא של רודי להמן, צבי תדהר ודן זרצקי. עברית, אין תאריכים.","Im Katalog 11R4: Notizen zum Thema Skulptur und Holzschnitt, geschrieben im Bildhauerkurs in Giv'atayim. Die Schrift ist von Rudi Lehmann, Zvi Tedar und Dan Zartsky. Hebräisch, keine Daten.","In catalog 11R4: Notes on the subject of sculpture and woodcut, written in the sculpture class in Giv'atayim. The writing is by Rudi Lehmann, Zvi Tedar, and Dan Zartsky. Hebrew, no dates.",Hebrew,רשימות|Personal Notes,handwriting,original,,,,,
IL-MTFN-001-G-F-0390-006-R0001,IL-MTFN-001-G-F-0390-006,Memorial Speeches for Rudi Lehmann,נאומי אזכרה לרודי להמן,Gedenkreden für Rudi Lehmann,Memorial speeches for Rudi Lehmann,Hebrew,נאום|Speech,,original,Rudi Lehmann,,,,
IL-MTFN-001-G-F-0390-006-R0005,IL-MTFN-001-G-F-0390-006,Notes and Drafts by Hedwig and Rudi,"פתקים וטיוטות, של הדויג ורודי",Notizen und Entwürfe von Hedwig und Rudi,Notes and drafts by Hedwig and Rudi,Unspecified,פתק|Note|טיוטה|Draft,handwriting,draft,Hedwig|Rudi,,,,
IL-MTFN-001-G-F-0390-008-R0001,IL-MTFN-001-G-F-0390-008,Letters to Rudi by Josef Tal,"מכתבים:; אל רודי מאת יוסף טל Josef Tal, כתובים עם הומור.גרמנית כתב יד, שנות ה-50 למאה ה-20.","Briefe: An Rudi von Josef Tal, geschrieben mit Humor. Deutsch Handschrift, 50er Jahre des 20. Jahrhunderts.","Letters: To Rudi from Josef Tal, written with humor. German handwriting, 1950s of the 20th century.",German,מכתב|Letter,handwriting,original,Josef Tal,1950,,,
IL-MTFN-001-G-F-0390-008-R0008,IL-MTFN-001-G-F-0390-008,Letter to Rudi from Micha,"אל רודי מאת מיכה Micha, מכר. גרמנית כתב יד, ללא תאריך.","An Rudi von Micha, ein Bekannter. Handschrift auf Deutsch, ohne Datum.","To Rudi from Micha, an acquaintance. German handwriting, no date.",German,מכתב|Letter,handwriting,original,Micha,,,,
IL-MTFN-001-G-F-0390-008-R0021,IL-MTFN-001-G-F-0390-008,Draft of a eulogy for Hedwig,"טיוטת הספד להדויג, לא ידוע מי כתב.","Entwurf einer Trauerrede für Hedwig, unbekannt wer es geschrieben hat.","Draft of a eulogy for Hedwig, unknown who wrote it.",Hebrew,טיוטה|Draft,handwriting,draft,Hedwig,,,,
IL-MTFN-001-G-F-0390-009-R0001,IL-MTFN-001-G-F-0390-009,Rudi Lehmann 18R1 - Hebrew Writing by Doron Bar,"רודי להמן 18R1 (לא כל החומר שרשום בקטלוג נמצא); כתיבה בעברית, של דורון בר; אדון Doron Bar; Adon על רודי;","Rudi Lehmann 18R1 (nicht das gesamte im Katalog aufgeführte Material ist vorhanden); Schreiben auf Hebräisch, von Doron Bar; Herr Doron Bar; Herr über Rudi;","Rudi Lehmann 18R1 (not all the material listed in the catalog is present); Writing in Hebrew, by Doron Bar; Mr. Doron Bar; Mr. about Rudi;",Hebrew,Letter,,other,Rudi Lehmann,,,,
IL-MTFN-001-G-F-0390-009-R0004,IL-MTFN-001-G-F-0390-009,Hedwig 19R1 Writings by Dr. Ruth Amiram and Gdula Ogen,"הדויג 19R1 (לא כל החומר שרשום בקטלוג נמצא); כתיבה של ד""ר רות עמירם Dr. Ruth Amiram (לא נמצא); כתיבה של גדולה עוגן Gdula Ogen עברית ואנגלית;",Hedwig 19R1 (nicht das gesamte im Katalog aufgeführte Material ist vorhanden); Schreiben von Dr. Ruth Amiram (nicht gefunden); Schreiben von Gdula Ogen Hebräisch und Englisch;,Hedwig 19R1 (not all the material listed in the catalog is present); Writing by Dr. Ruth Amiram (not found); Writing by Gdula Ogen Hebrew and English;,Hebrew|English,Letter,,other,,,,,
IL-MTFN-001-G-F-0390-009-R0007,IL-MTFN-001-G-F-0390-009,Writing of Amnon Yisraeli,כתיבה של אמנון ישראלי Amnon Yisraeli (לא נמצא),Schrift von Amnon Yisraeli (nicht gefunden),Writing of Amnon Yisraeli (not found),Unspecified,לא מזוהה,,other,Amnon Yisraeli,,,,
IL-MTFN-001-G-F-0390-013-R0002,IL-MTFN-001-G-F-0390-013,טיוטות של הדויג,"טיוטות של הדויג בנושאים: הוצאות לאור, תערוכות, השתלמויות.","Entwürfe von Hedwig zu den Themen: Veröffentlichungen, Ausstellungen, Fortbildungen.","Drafts by Hedwig on topics: publications, exhibitions, training.",Unspecified,טיוטה|Draft,handwriting,draft,הדוויג,,,,
IL-MTFN-001-G-F-0390-013-R0005,IL-MTFN-001-G-F-0390-013,Autobiographical Excerpt by Hedwig,"קטע אוטוביוגרפי של הדויג עם הכותרת: אין פגשתי ברודי. עברית (כתב יד + הדפסה), משנות ה-60 או ה-70 למאה ה-20.","Ein autobiografischer Abschnitt von Hedwig mit dem Titel: Als ich Brody traf. Hebräisch (Handschrift + Maschinenschrift), aus den 60er oder 70er Jahren des 20. Jahrhunderts.","An autobiographical excerpt by Hedwig titled: When I Met Brody. Hebrew (handwriting + typewriting), from the 1960s or 1970s.",Hebrew,מכתב|Letter,handwriting|typewriting,original,הדויג,,,,
IL-MTFN-001-G-F-0390-013-R0006,IL-MTFN-001-G-F-0390-013,Autobiography of Hedwig Grossman,מספר עותקים אוטוביוגרפיה של הדויג גרוסמן. אנגלית כתב יד.,Mehrere Kopien der Autobiografie von Hedwig Grossman. Englisch Handschrift.,Several copies of Hedwig Grossman's autobiography. English handwriting.,English,Biography,handwriting,copy,Hedwig Grossman,,,,
IL-MTFN-001-G-F-0390-015-R0001,IL-MTFN-001-G-F-0390-015,"יומן חלקי של הדויג גרוסמן, 1918","יומן (חלקי) שכתבה הדויג גרוסמן ב-1918, גרמנית; הדויג כותבת את מחשבותיה ורעיונותיה: איך לתת תוכן חדש לעם היהודי בארץ ישראל, איך לשמור על איחוד העם ומה תפקיד הבלאו;וייס. אירגון של ערבי מפגש בהם ידונו, יעלו רעיונות ויתכוננו לעליה והתיישבות בארץ ישראל.","Teilweises Tagebuch, das Hedwig Grossman 1918 auf Deutsch schrieb; Hedwig schreibt ihre Gedanken und Ideen: wie man dem jüdischen Volk in Eretz Israel neuen Inhalt geben kann, wie man die Einheit des Volkes bewahren kann und welche Rolle Blau-Weiss spielt. Organisation von Treffen, bei denen diskutiert, Ideen gesammelt und Vorbereitungen für die Einwanderung und Ansiedlung in Eretz Israel getroffen werden.","Partial diary written by Hedwig Grossman in 1918, German; Hedwig writes her thoughts and ideas: how to give new content to the Jewish people in the Land of Israel, how to maintain the unity of the people, and what is the role of Blau-Weiss. Organization of meetings where discussions, idea generation, and preparations for immigration and settlement in the Land of Israel will take place.",German,יומן|Diary,handwriting,original,הדויג גרוסמן,1918,,,
IL-MTFN-001-G-F-0390-015-R0002,IL-MTFN-001-G-F-0390-015,מחברת על בלאו-וייס ושוויון זכויות לנשים,"כתב יד, 1919. מחברת עבה כרוכה בבד יוטה עם רקמה בה כתבה הדויג על בלאו;וייס ואיגוד הבנות באירגון זה, 1923. בין היתר: שוויון הזכויות לאישה במאה ה;20 מתממשת ונקרת גם בבלאו;וייס כאשר בנות מתפקדות כמחנכות עם דעות עצמאיות משלהן. כאשר בנות עוסקות בחינוך בנות הרי שהכל נראה אחרת ויש שינוי חיובי בתפקודן של הבנות. הבנות בבלאו;וייס ראו עצמן כממשיכות וכמישמות את החופש ושוויון הזכויות לנשים.","Handschrift, 1919. Dickes Notizbuch in Jutestoff gebunden mit einer Stickerei, in der Hedwig über Blau-Weiß und den Mädchenverband in dieser Organisation schrieb, 1923. Unter anderem: Die Gleichberechtigung der Frau im 20. Jahrhundert wird verwirklicht und auch in Blau-Weiß sichtbar, wenn Mädchen als Erzieherinnen mit eigenen unabhängigen Meinungen fungieren. Wenn Mädchen Mädchen erziehen, sieht alles anders aus und es gibt eine positive Veränderung in ihrem Verhalten. Die Mädchen in Blau-Weiß sahen sich als Fortsetzerinnen und Umsetzerinnen der Freiheit und Gleichberechtigung für Frauen.","Handwriting, 1919. Thick notebook bound in jute fabric with embroidery in which Hedwig wrote about Blau-Weiß and the girls' association in this organization, 1923. Among other things: The equality of women's rights in the 20th century is realized and also seen in Blau-Weiß when girls function as educators with their own independent opinions. When girls engage in educating girls, everything looks different and there is a positive change in the functioning of the girls. The girls in Blau-Weiß saw themselves as continuers and implementers of freedom and equality of rights for women.",Hebrew,רשימות|Personal Notes,handwriting,original,הדויג,1919,1923,,
IL-MTFN-001-G-F-0390-015-R0003,IL-MTFN-001-G-F-0390-015,Diary and Letter from Hans to Hedwig,"גרמנית, מצורף סיכום בעברית כתב יד מאת קרלה וולף. יומן/פנקס בו כתבה/דברה הדויג עם ידידה הנס Hans בו היתה מאוהבת אך הוא לא החזיר לה אהבה. מצורף מכתב אל הדויג מאת הנס אותו הוא כתב לאחר שקיבל מהדויג לקרוא את היומן הזה, הוא מציע לה ידידות ואינו כועס עליה.","Deutsch, beigefügt eine handschriftliche Zusammenfassung auf Hebräisch von Carla Wolf. Tagebuch/Notizbuch, in dem Hedwig mit ihrem Freund Hans sprach/schrieb, in den sie verliebt war, der aber ihre Liebe nicht erwiderte. Beigefügt ist ein Brief an Hedwig von Hans, den er schrieb, nachdem er von Hedwig gebeten wurde, dieses Tagebuch zu lesen. Er bietet ihr Freundschaft an und ist nicht böse auf sie.","German, attached is a handwritten summary in Hebrew by Carla Wolf. A diary/notebook in which Hedwig wrote/spoke with her friend Hans, whom she was in love with, but he did not return her love. Attached is a letter to Hedwig from Hans, which he wrote after being asked by Hedwig to read this diary. He offers her friendship and is not angry with her.",German|Hebrew,יומן|Diary|מכתב|Letter,handwriting,original,Hans,,,,
IL-MTFN-001-G-F-0390-015-R0004,IL-MTFN-001-G-F-0390-015,"German Handwriting with Hebrew Summaries by Carla Wolf, 1925","גרמנית כתב יד, 1925. מצורפים סיכומים בעברית כתב יד, שכתבה קרלה וולף.","Deutsche Handschrift, 1925. Beigefügt sind handschriftliche Zusammenfassungen auf Hebräisch, geschrieben von Carla Wolf.","German handwriting, 1925. Attached are handwritten summaries in Hebrew, written by Carla Wolf.",German|Hebrew,רשימות|Personal Notes,handwriting,original,Carla Wolf,1925,,,
IL-MTFN-001-G-F-0390-015-R0006,IL-MTFN-001-G-F-0390-015,Notebook by Hedwig with Letters to Hans and Hilde,"פנקס בכריכה קשה בו כתבה הדויג. במחצית הראשונה של הפנקס היא כותבת להנס Hans, 1925, בחציו האחר היא כותבת להילדה Hilde בעצם עונה למכתביה, 1927. מצורף סיכום בעברית כתבה קרלה וולף, כתב יד.","Ein Notizbuch mit festem Einband, in dem Hedwig schrieb. In der ersten Hälfte des Notizbuchs schreibt sie an Hans, 1925, in der zweiten Hälfte schreibt sie an Hilde und antwortet auf ihre Briefe, 1927. Eine Zusammenfassung auf Hebräisch, geschrieben von Carla Wolf, ist beigefügt, Handschrift.","A hardcover notebook in which Hedwig wrote. In the first half of the notebook, she writes to Hans, 1925, in the second half she writes to Hilde, actually responding to her letters, 1927. A summary in Hebrew written by Carla Wolf is attached, handwritten.",Hebrew|German,פנקס|Notepad,handwriting,original,,1925,,,
IL-MTFN-001-G-F-0390-016-R0001,IL-MTFN-001-G-F-0390-016,Notebook of Letter Copies to Lisa Arlosoroff-Steinberg,"מחברת עותקי המכתבים, שהדויג כתבה לליזה ארלוזורוב-שטיינברג Lisa Arlosoroff;Steinbergl, אחותו של חיים ארלוזורוב. גרמנית כתב יד, 1933.","Kopienbuch der Briefe, die Hedwig an Lisa Arlosoroff-Steinberg, die Schwester von Chaim Arlosoroff, geschrieben hat. Handschriftlich auf Deutsch, 1933.","Notebook of letter copies that Hedwig wrote to Lisa Arlosoroff-Steinberg, the sister of Chaim Arlosoroff. German handwriting, 1933.",German,מכתב|Letter,handwriting,copy,Lisa Arlosoroff-Steinberg,1933,,,
IL-MTFN-001-G-F-0390-016-R0014,IL-MTFN-001-G-F-0390-016,Pages from Potters' Guild Notebook,"3 דפים מתוך ""פנקס חבורת הקדרים"" גרמנית כתב יד, ככל הנראה כתבה הדויג, 1933.","3 Seiten aus dem ""Notizbuch der Töpfergruppe"". Deutsch, Handschrift, vermutlich von Hedwig geschrieben, 1933.","3 pages from the ""Potters' Guild Notebook"". German, handwritten, presumably written by Hedwig, 1933.",German,Notepad,handwriting,original,Hedwig,1933,,,3
IL-MTFN-001-G-F-0390-017-R0005,IL-MTFN-001-G-F-0390-017,"Notebook with Industrial Production Records, 1934","פנקס עם רישומים חשובים ליצור תעשייתי ב'היוצר' משק יגור, 1934.","Notizbuch mit wichtigen Aufzeichnungen zur industriellen Produktion in 'HaYotzer', Kibbuz Yagur, 1934.","Notebook with important records for industrial production in 'HaYotzer', Kibbutz Yagur, 1934.",Hebrew,פנקס|Notepad,handwriting,original,,1934,,,
IL-MTFN-001-G-F-0390-018-R0001,IL-MTFN-001-G-F-0390-018,"Hedwig's Notebooks on Pottery Factory Experiments, 1934","שתי מחברות/יומנים בהם תיעדה הדויג את העבודה והניסויים השונים שנעשו בבית החרושת לעציצים, משק יגור. יגור, גרמנית כתב יד, 1934.","Zwei Notizbücher/Tagebücher, in denen Hedwig die Arbeit und die verschiedenen Experimente in der Töpferfabrik, Kibbuz Yagur, dokumentierte. Yagur, Handschrift auf Deutsch, 1934.","Two notebooks/diaries in which Hedwig documented the work and various experiments conducted at the pottery factory, Yagur farm. Yagur, German handwriting, 1934.",German,יומן|Diary,handwriting,original,,1934,,,
IL-MTFN-001-G-F-0390-018-R0002,IL-MTFN-001-G-F-0390-018,Notebook/Diary of Hedwig on Work in Yagur,"מחברת/יומן של הדויג בו היא כתבה על העבודה בבית החרושת לעציצים ביגור ועל העבודה המשותפת עם רודי. יגור, גרמנית כתב יד, 1935.","Notizbuch/Tagebuch von Hedwig, in dem sie über die Arbeit in der Blumentopffabrik in Yagur und die gemeinsame Arbeit mit Rudi schrieb. Yagur, Handschrift auf Deutsch, 1935.","Notebook/Diary of Hedwig, in which she wrote about the work at the flowerpot factory in Yagur and the joint work with Rudi. Yagur, handwritten in German, 1935.",German,יומן|Diary,handwriting,original,Hedwig,1935,,,
IL-MTFN-001-G-F-0390-018-R0005,IL-MTFN-001-G-F-0390-018,"Yagur Diary by Rudi Lehmann, 1936",יומן יגור שכתב רודי להמן עם דגש על הבעיות. מספר דפי פנקס בגרמנית כתב יד והדפסה גרמנית. יגור 1936,"Journaleintrag von Yagur, geschrieben von Rudi Lehmann mit Schwerpunkt auf den Problemen. Eine Anzahl von Notizbuchseiten auf Deutsch, handgeschrieben und maschinengeschrieben. Yagur 1936","Yagur diary written by Rudi Lehmann with emphasis on the problems. A number of notebook pages in German, handwritten and typewritten. Yagur 1936",German,יומן|Diary,handwriting|typewriting,original,Rudi Lehmann,1936,,,
IL-MTFN-001-G-F-0390-022-R0003,IL-MTFN-001-G-F-0390-022,"Membership Card Notebook, H.G.H. Jerusalem, 1942","חלק מפנקס 'כרטיס חבר' בה.ג.ה. ירושלים, 1942","Teil eines 'Mitgliedskarte'-Notizbuchs in H.G.H. Jerusalem, 1942","Part of a 'Membership Card' notebook in H.G.H. Jerusalem, 1942",Hebrew,תעודת חבר|Membership Certificate|פנקס|Notepad,,original,,1942,,,
IL-MTFN-001-G-F-0390-022-R0010,IL-MTFN-001-G-F-0390-022,Zionist Sayings Notebook,"פנקס קטן בו מודפסים אימרות ציוניות של גדולי האומה, לחיזוק האומה. הוצא לאור ע""י מחלקת התרבות של צבא הגנה לישראל","Kleines Notizbuch mit zionistischen Sprüchen von großen Persönlichkeiten der Nation, zur Stärkung der Nation. Herausgegeben von der Kulturabteilung der Israelischen Verteidigungsarmee.","Small notebook with Zionist sayings from great leaders of the nation, to strengthen the nation. Published by the Culture Department of the Israel Defense Forces.",Hebrew,פנקס|Notepad,print,original,,,,,
IL-MTFN-001-G-F-0390-025-R0003,IL-MTFN-001-G-F-0390-025,Hedwig's Dream Description with English Translation,"צילום, הדויג כותבת בעברית (איכות גרועה) על חלום, שחלמה; מצורף תרגום לאנגלית הדפסה.","Hedwig schreibt auf Hebräisch (schlechte Qualität) über einen Traum, den sie hatte; eine Übersetzung ins Englische ist beigefügt.",Hedwig writes in Hebrew (poor quality) about a dream she had; an English translation is attached.,Hebrew|English,מכתב|Letter|מסמך מתורגם|Translated Document,handwriting,copy,,,,,
IL-MTFN-001-G-F-0390-025-R0005,IL-MTFN-001-G-F-0390-025,Emotional Philosophical Writing on Relationship with Rudi Lehmann,כתיבה רגשית פילוסופית על הקשר עם רודי להמן.,Emotionale philosophische Schrift über die Beziehung zu Rudi Lehmann.,Emotional philosophical writing about the relationship with Rudi Lehmann.,Unspecified,לא מזוהה|Unrecognized,,other,Rudi Lehmann,,,,
IL-MTFN-001-G-F-0390-026-R0002,IL-MTFN-001-G-F-0390-026,Notebooks with R.S (Robert Small) on the cover,"2 מחברות, שעל כריכתן כתוב ר.ס (רוברט סמול), באחת המחברות כתיבה כמעט בלתי קריאה של הדויג באנגלית.","2 Notizbücher, auf deren Umschlag R.S (Robert Small) steht, in einem der Notizbücher ist fast unleserliches Schreiben von Hedwig auf Englisch.","2 notebooks, on whose cover is written R.S (Robert Small), in one of the notebooks there is almost unreadable writing by Hedwig in English.",English|עברית,פנקס|Notepad,handwriting,original,,,,,
IL-MTFN-001-G-F-0390-031-R0001,IL-MTFN-001-G-F-0390-031,Hedwig's and Rudi's Exhibitions,הדויג כותבת על תערוכות היחיד של רודי ושלה ועל התכרוכות המשותפות לשניהם עם התייחסות למקומות התצוגה ועבודות התצוגה. גרמנית כתב יד.,Hedwig schreibt über die Einzelausstellungen von Rudi und ihr sowie über ihre gemeinsamen Ausstellungen mit Bezug auf die Ausstellungsorte und die ausgestellten Arbeiten. Deutsch Handschrift.,"Hedwig writes about Rudi's and her solo exhibitions and their joint exhibitions, with reference to the exhibition venues and the exhibited works. German handwriting.",German,מכתב|Letter,handwriting,original,,,,,
IL-MTFN-001-G-F-0390-031-R0002,IL-MTFN-001-G-F-0390-031,Biography of Rudi Lehmann,הדויג כותבת על קורות החיים של רודי להמן מלידתו ב-1903 עד 1976. גרמנית כתב יד.,Hedwig schreibt über den Lebenslauf von Rudi Lehmann von seiner Geburt im Jahr 1903 bis 1976. Deutsche Handschrift.,Hedwig writes about the biography of Rudi Lehmann from his birth in 1903 to 1976. German handwriting.,German,קורות חיים|Biography,handwriting,original,Rudi Lehmann,,,,
IL-MTFN-001-G-F-0390-031-R0004,IL-MTFN-001-G-F-0390-031,List of Recipients for Hedwig's Souvenirs,רשימת האנשים להם הדויג רוצה לחלק את המזכרות מחפציה/יצירותיה. עברית 1988.,"Liste der Personen, denen Hedwig die Andenken aus ihren Besitztümern/Werken verteilen möchte. Hebräisch 1988.",List of people to whom Hedwig wants to distribute the souvenirs from her belongings/creations. Hebrew 1988.,Hebrew,רשימה|List,handwriting,original,Hedwig,1988,,,
IL-MTFN-001-G-F-0391-004-R0003,IL-MTFN-001-G-F-0391-004,"Letters from Claudia, Daughter of Archive Director","מכתבים מאת Claudia, הבת של מנהל ארכיון האקדמיה לאמנויות בברלין Akademie der Künste,; ולטר הודר Walter Hoder (?). גרמנית, כתב יד והדפסה, שנות ה-80 למאה ה-20. בין היתר: יוספה נותנת לצעירה עצות, שאינן לרוחה.","Briefe von Claudia, der Tochter des Archivleiters der Akademie der Künste in Berlin, Walter Hoder (?). Deutsch, Handschrift und Maschinenschrift, 1980er Jahre. Unter anderem: Josepha gibt der jungen Frau Ratschläge, die ihr nicht gefallen.","Letters from Claudia, the daughter of the director of the Academy of Arts archive in Berlin, Walter Hoder (?). German, handwriting and typewriting, 1980s. Among other things: Josepha gives the young woman advice that she does not like.",German,מכתב|Letter,handwriting|typewriting,original,Claudia,1980,,,
IL-MTFN-001-G-F-0391-004-R0008,IL-MTFN-001-G-F-0391-004,Letters to Josefa from Minni and Jakob Steinhardt,"מכתבים אל יוספה מאת ההורים, מיני ויעקב שטיינהרדט, מרבית המכתבים מהאם. גרמנית, כתב יד והדפסה, שנות ה;50; ה;60 למאה ה;20. הפניה ליוספה בשמות החיבה: Pumpelchen ו; Muttichen;","Briefe an Josefa von den Eltern, Minni und Jakob Steinhardt, die meisten Briefe von der Mutter. Deutsch, Handschrift und Maschinenschrift, 50er und 60er Jahre des 20. Jahrhunderts. Anrede an Josefa mit den Kosenamen: Pumpelchen und Muttichen.","Letters to Josefa from the parents, Minni and Jakob Steinhardt, most letters from the mother. German, handwriting and typewriting, 1950s and 1960s of the 20th century. Addressing Josefa with the nicknames: Pumpelchen and Muttichen.",German,מכתב|Letter,handwriting|typewriting,original,Josefa,1950,,,
IL-MTFN-001-G-F-0391-005-R0002,IL-MTFN-001-G-F-0391-005,"Memory Book of Elise Abraham, 1880","ספר זיכרונות של אליזה אברהם (לימים אמה של מיני) Elise Abraham, משנת 1880. בספר מעט זיכרונות, שנכתבו לאליזה.","Erinnerungsbuch von Elise Abraham (später die Mutter von Mini) aus dem Jahr 1880. Im Buch sind wenige Erinnerungen, die für Elise geschrieben wurden.",Memory book of Elise Abraham (later the mother of Mini) from the year 1880. The book contains a few memories written for Elise.,Hebrew,ספר זכרונות|Memory Book,,original,Elise Abraham,1880,,,
IL-MTFN-001-G-F-0391-009-R0013,IL-MTFN-001-G-F-0391-009,Page about Hugo Graetz,"העתק, עמוד על הוגו גרץ Hugo Graetz, שהיה סוחר עתיקות ידוע בגרמניה ובארץ הפעיל את התחנה המטאורולוגית בהר כנען. גרמנית הדפסה.","Kopie, Seite über Hugo Graetz, der ein bekannter Antiquitätenhändler in Deutschland war und die meteorologische Station auf dem Berg Kanaan betrieb. Deutsch Schreibmaschine.","Copy, page about Hugo Graetz, who was a well-known antique dealer in Germany and operated the meteorological station on Mount Canaan. German typewriting.",German,מכתב|Letter,typewriting,copy,Hugo Graetz,,,,
IL-MTFN-001-G-F-0391-009-R0014,IL-MTFN-001-G-F-0391-009,Lists by Minni Steinhardt,"העתקים, רשימות שונות של מיני שטיינהרדט על בעלה, אביה ואחרים. החומר אינו בשלמותו ולעיתים אין לזהות על מי כתבה. גרמנית הדפסה, ללא תאריכים.","Kopien, verschiedene Listen von Minni Steinhardt über ihren Ehemann, ihren Vater und andere. Das Material ist nicht vollständig und manchmal ist nicht zu erkennen, über wen sie geschrieben hat. Deutsch maschinenschriftlich, ohne Daten.","Copies, various lists by Minni Steinhardt about her husband, her father, and others. The material is incomplete and sometimes it is not clear about whom she wrote. German typewritten, without dates.",German,רשימה|List,typewriting,copy,,,,,
IL-MTFN-001-G-F-0391-010-R0002,IL-MTFN-001-G-F-0391-010,Diary of Mini Steinhardt 1910-1913,"יומן של מיני שטיינהרדט מהשנים 1910;1913, גרמנית הדפסה.","Tagebuch von Mini Steinhardt aus den Jahren 1910;1913, Deutsch, Maschinenschrift.","Diary of Mini Steinhardt from the years 1910;1913, German, typewritten.",German,יומן|Diary,typewriting,original,Mini Steinhardt,1910,,,
IL-MTFN-001-G-F-0391-010-R0003,IL-MTFN-001-G-F-0391-010,Memories Diary,"זכרונות Erinnerungen כתוב כיומן עם תאריכים. גרמנית הדפסה, 83 עמודים. 1911;1915.","Erinnerungen geschrieben als Tagebuch mit Daten. Deutsch Druck, 83 Seiten. 1911;1915.","Memories written as a diary with dates. German typewritten, 83 pages. 1911;1915.",German,יומן|Diary,typewriting,original,,1911,1915,,83
IL-MTFN-001-G-F-0391-010-R0004,IL-MTFN-001-G-F-0391-010,"Writing on the Outbreak of WWI in Pontresina, Switzerland","כותבת על פרוץ מלח""ע I בעת שהותה בפונטרזינה Pontresina, שוייץ. 1914;1915.","Schreibt über den Ausbruch des Ersten Weltkriegs während ihres Aufenthalts in Pontresina, Schweiz. 1914;1915.","Writes about the outbreak of World War I during her stay in Pontresina, Switzerland. 1914;1915.",Unspecified,Letter,,original,,1914,,,
IL-MTFN-001-G-F-0391-010-R0007,IL-MTFN-001-G-F-0391-010,Page 1 about her life in Jerusalem,עמוד 1 על חייה בירושלים.,Seite 1 über ihr Leben in Jerusalem.,Page 1 about her life in Jerusalem.,Unspecified,Unrecognized,,other,,,,,
IL-MTFN-001-G-F-0391-010-R0008,IL-MTFN-001-G-F-0391-010,Gardening Hobby and Garden in Jerusalem,11 עמודים על הובי הגננות שלה והגינה שלה בירושלים.,11 Seiten über ihr Hobby der Gartenarbeit und ihren Garten in Jerusalem.,11 pages about her gardening hobby and her garden in Jerusalem.,Hebrew,Personal Notes,,original,,,,,11
IL-MTFN-001-G-F-0391-010-R0011,IL-MTFN-001-G-F-0391-010,Acquaintance with Leo Rudloff,"2 עמודים על ההיכרות שלה עם איש הכנסיה ליאו רודלוף Leo Rudloff, שהיה יליד גרמניה אך עם עליית הנאצים לשלטון הגר לארה""ב. השניים ניפגשו באולפן לעברית בירושלים.","2 Seiten über ihre Bekanntschaft mit dem Kirchenmann Leo Rudloff, der in Deutschland geboren wurde, aber mit dem Aufstieg der Nazis an die Macht in die USA auswanderte. Die beiden trafen sich in einem Hebräischstudio in Jerusalem.","2 pages about her acquaintance with the clergyman Leo Rudloff, who was born in Germany but emigrated to the USA with the rise of the Nazis to power. The two met in a Hebrew studio in Jerusalem.",Hebrew,Letter,,original,Leo Rudloff,,,,2
IL-MTFN-001-G-F-0391-010-R0012,IL-MTFN-001-G-F-0391-010,16 pages written after a stay in France,"16 עמודים אותם כתבה אחרי שהות של 5 חודשים בצרפת ולאחר שחזרה לארץ. היא מדפיסה על דפי ""דין וחשבון"" (ריקים) של ""הסתדרות השומר הצעיר הא""י"".","16 Seiten, die sie nach einem 5-monatigen Aufenthalt in Frankreich und nach ihrer Rückkehr ins Land geschrieben hat. Sie druckt auf leeren ""Berichts""-Blättern der ""Histadrut HaShomer HaTzair Eretz Israel"".","16 pages written after a 5-month stay in France and after returning to the country. She prints on blank ""report"" pages of the ""Histadrut HaShomer HaTzair Eretz Israel"".",Hebrew,Letter,typewriting,original,,,,,16
IL-MTFN-001-G-F-0391-010-R0017,IL-MTFN-001-G-F-0391-010,Writing about life in Berlin,"כתיבה על החיים בברלין, ללא תאריך,בין היתר:; פגישה ראשונה עם יעקב שטיינהרדט; על האח, מרטין גומפרט; על הפלגה לאורך הים האדריאטי (יוגוסלביה לשעבר); על מות האם ב-1928; על שיעורי הזמרה שהיא לוקחת.","Schreiben über das Leben in Berlin, ohne Datum, unter anderem:; Erstes Treffen mit Jakob Steinhardt; über den Bruder, Martin Gompert; über eine Kreuzfahrt entlang der Adria (ehemaliges Jugoslawien); über den Tod der Mutter im Jahr 1928; über die Gesangsstunden, die sie nimmt.","Writing about life in Berlin, without a date, among other things:; First meeting with Jakob Steinhardt; about the brother, Martin Gompert; about a cruise along the Adriatic Sea (former Yugoslavia); about the mother's death in 1928; about the singing lessons she takes.",Hebrew,רשימות|Personal Notes,,original,,,,,
IL-MTFN-001-G-F-0391-010-R0018,IL-MTFN-001-G-F-0391-010,"Life in Berlin and Birth of Daughter Josepha, 1923","כתיבה על החיים בברלין בין היתר, הולדת הבת יוספה, 1923.","Schreiben über das Leben in Berlin unter anderem, die Geburt der Tochter Josepha, 1923.","Writing about life in Berlin among other things, the birth of the daughter Josepha, 1923.",Hebrew,Letter,,original,Josepha,1923,,,
IL-MTFN-001-G-F-0391-010-R0019,IL-MTFN-001-G-F-0391-010,Writings on Various Topics Without Date,"מספר עמודים ללא תאריך. כותבת על אירוע לא נעים בברלין, ללא תאריך; כותבת רשמיה מתערוכה, ללא תאריך; כתיבת הגיגיה, ללא תאריך; זכרונות מבית הוריה, בית גומפרט, ללא תאריך","Anzahl der Seiten ohne Datum. Schreibt über ein unangenehmes Ereignis in Berlin, ohne Datum; schreibt ihre Eindrücke von einer Ausstellung, ohne Datum; schreibt ihre Gedanken nieder, ohne Datum; Erinnerungen aus dem Elternhaus, Haus Gompert, ohne Datum","Number of pages without date. Writes about an unpleasant event in Berlin, without date; writes her impressions from an exhibition, without date; writes her thoughts, without date; memories from her parents' house, House Gompert, without date",Hebrew,רשימות|Personal Notes,,original,,,,,
IL-MTFN-001-G-F-0391-011-R0001,IL-MTFN-001-G-F-0391-011,Writing about Jakob Steinhardt,"8 עמודים, כתיבה על יעקב שטיינהרדט, גרמנית הדפסה, ללא תאריך.","8 Seiten, Schreiben über Jakob Steinhardt, Deutsch, Maschinenschrift, ohne Datum.","8 pages, writing about Jakob Steinhardt, German, typewritten, no date.",German,Letter,typewriting,original,Jakob Steinhardt,,,,8
IL-MTFN-001-G-F-0391-011-R0002,IL-MTFN-001-G-F-0391-011,Autobiography of Yaakov Steinhardt,"5 עמודים אוטוביוגרפיה (?) של יעקב שטיינהרדט; עמ' 195;215 מתוך מנוסקריפט שנכתב על האמן, יעקב שטיינהרדט.",5 Seiten Autobiographie (?) von Jakob Steinhardt; S. 195;215 aus einem Manuskript über den Künstler Jakob Steinhardt.,"5 pages autobiography (?) of Yaakov Steinhardt; pp. 195;215 from a manuscript written about the artist, Yaakov Steinhardt.",Hebrew,רשימות|Personal Notes,,original,יעקב שטיינהרדט,,,,5
IL-MTFN-001-G-F-0391-011-R0003,IL-MTFN-001-G-F-0391-011,יומן אוטוביוגרפי של יעקב שטיינהרדט,"עמ' 17;328 יומן אוטוביוגרפי של יעקב שטיינהרדט, מתחיל, עמ' 17, מאי 1918. בעמ' 2 לפני הסוף צוינה השנה 1960.","S. 17;328 Autobiografisches Tagebuch von Jakob Steinhardt, beginnt, S. 17, Mai 1918. Auf S. 2 vor dem Ende wurde das Jahr 1960 angegeben.","P. 17;328 Autobiographical diary of Jakob Steinhardt, begins, p. 17, May 1918. On p. 2 before the end, the year 1960 was noted.",Hebrew,יומן|Diary,,original,יעקב שטיינהרדט,1918-05,1960,,328
IL-MTFN-001-G-F-0391-011-R0005,IL-MTFN-001-G-F-0391-011,"Akiva Steinhardt's Eastern Front Diary, 1917","שני,חלקי, פנקסים לתוכם רשם החייל עקב שטיינהרדט יומן בעת שרותו בחזית המזרחית. 1917.","Zwei, teilweise, Notizbücher, in die der Soldat Akiva Steinhardt ein Tagebuch während seines Dienstes an der Ostfront schrieb. 1917.","Two, partial, notebooks into which the soldier Akiva Steinhardt recorded a diary during his service on the Eastern Front. 1917.",Hebrew,יומן|Diary,handwriting,original,,1917,,,
IL-MTFN-001-G-F-0391-013-R0002,IL-MTFN-001-G-F-0391-013,Page from Jakob Steinhardt's Biography,"העתק, עמוד (מס. 34) מתוך הביוגרפיה של יעקב שטיינהרדט. התוכן: התרשמותו של הצייר מקס ליברמן מעבודותיו של שטיינהרדט ותשובתו לאמו של הצייר הצעיר, שפנתה אליו לבדוק אם לבן יש כישרון ציור, בהקשר עם כישרונו של יעקב שטיינהרדט. גרמנית.","Kopie, Seite (Nr. 34) aus der Biografie von Jakob Steinhardt. Der Inhalt: Der Eindruck des Malers Max Liebermann von Steinhardts Arbeiten und seine Antwort an die Mutter des jungen Malers, die ihn bat zu prüfen, ob ihr Sohn Talent zum Malen hat, im Zusammenhang mit Jakob Steinhardts Talent. Deutsch.","Copy, page (No. 34) from the biography of Jakob Steinhardt. The content: The impression of the painter Max Liebermann of Steinhardt's works and his response to the young painter's mother, who asked him to check if her son has painting talent, in connection with Jakob Steinhardt's talent. German.",German,Biography,,copy,Jakob Steinhardt,,,,
IL-MTFN-001-G-F-0391-013-R0016,IL-MTFN-001-G-F-0391-013,Diaries of Mini Steinhardt,"16 עמודים, גרמנית הדפסה, ככל הנראה מתוך יומניה של מיני שטיינהרדט. מיני כותבת על השהות הארוכה שלה ושל בעלה, יעקב, בארה""ב (שנה ?). מפגשים עם אמנים, עיתונאים, מבקרי אמנות, עוצרי תערוכות, מנהלי מוזיאונים. בניו יורק התארחו אצל אורה וחיים הרצוג, מפגש עם אסתר הרליץ. כותבת על המשך נסיעתם ללונדון, שגם שם היו מפגשים רבים סביב נושאי האמנות ותערוכות. כתיבתה עוברת לשנת 1955, הביאנלה בסאו;פאולו, ברזיל. השניים נסעו לשם לרגל זכייתו של יעקב שטיינהרדט בפרס הראשון לאומן הזר בגרפיקה וחיתוכי עץ. היא מתארת בכתיבתה את המעמד המכובד והמרגש ומדגישה את פן הלאומי; זכייתו של ישראלי בפרס זה.","16 Seiten, Deutsch maschinengeschrieben, vermutlich aus den Tagebüchern von Mini Steinhardt. Mini schreibt über ihren langen Aufenthalt mit ihrem Ehemann Jakob in den USA (Jahr?). Treffen mit Künstlern, Journalisten, Kunstkritikern, Kuratoren, Museumsdirektoren. In New York waren sie bei Ora und Chaim Herzog zu Gast, Treffen mit Esther Herlitz. Sie schreibt über ihre Weiterreise nach London, wo es ebenfalls viele Treffen rund um Kunst und Ausstellungen gab. Ihr Schreiben wechselt ins Jahr 1955, die Biennale in São Paulo, Brasilien. Die beiden reisten dorthin anlässlich Jakobs Steinhardts Gewinn des ersten Preises für ausländische Künstler in Grafik und Holzschnitten. Sie beschreibt in ihrem Schreiben den ehrenvollen und aufregenden Anlass und betont den nationalen Aspekt; der Gewinn eines Israelis bei diesem Preis.","16 pages, German typewritten, presumably from the diaries of Mini Steinhardt. Mini writes about her and her husband Jacob's long stay in the USA (year?). Meetings with artists, journalists, art critics, exhibition curators, museum directors. In New York, they stayed with Ora and Chaim Herzog, meeting with Esther Herlitz. She writes about their continued journey to London, where there were also many meetings around art and exhibitions. Her writing transitions to the year 1955, the Biennale in São Paulo, Brazil. The two traveled there for Jacob Steinhardt's winning of the first prize for a foreign artist in graphics and woodcuts. She describes in her writing the honorable and exciting occasion and emphasizes the national aspect; an Israeli winning this prize.",German,יומן|Diary,typewriting,original,Mini Steinhardt,1955,,,16
IL-MTFN-001-G-F-0393-001-R0003,IL-MTFN-001-G-F-0393-001,Recipe Notebook of Marta Glaser,מחברת מתכונים של מרטה גלזר;,Rezeptbuch von Marta Glaser,Recipe notebook of Marta Glaser,Hebrew,Notepad,handwriting,original,Marta Glaser,,,,
IL-MTFN-001-G-F-0396-001-R0006,IL-MTFN-001-G-F-0396-001,"Story of the Immigrant Ship ""Liesel""","צילום דף, עברית הדפסה, עם סיפורה של אניית המעפילים ""ליזל"" Liesel עליה עלו בין השאר אחרוני יהודי גראץ, 131 במספר.","Fotografie einer Seite, hebräischer Druck, mit der Geschichte des Einwanderungsschiffs ""Liesel"", auf dem unter anderem die letzten 131 Juden aus Graz an Bord gingen.","Photograph of a page, Hebrew typewriting, with the story of the immigrant ship ""Liesel"" on which, among others, the last 131 Jews of Graz boarded.",Hebrew,צילום|Photograph,photography,copy,,,,,
IL-MTFN-001-G-F-0399-001-R0002,IL-MTFN-001-G-F-0399-001,Information Sheets on Lola Landau,דפי מידע על לולה לנדאו בגרמנית מאתר אינטרנט.,Informationsblätter über Lola Landau auf Deutsch von einer Website.,Information sheets about Lola Landau in German from a website.,German,Web Page,born-digital,other,Lola Landau,,,,
IL-MTFN-001-G-F-0399-001-R0004,IL-MTFN-001-G-F-0399-001,Biography of Lola Landau,"קורות חייה של לולה לנדאו, גרמנית הדפסה, ככל הנראה נרשמו מתוך קלטת שמע. נכתב ע""י תומס הרטוויג Thomas Hartwig, Berlin בשנת 1989.","Der Lebenslauf von Lola Landau, Deutsch maschinengeschrieben, vermutlich aus einem Tonband aufgenommen. Geschrieben von Thomas Hartwig, Berlin im Jahr 1989.","The biography of Lola Landau, German typewritten, presumably recorded from an audio tape. Written by Thomas Hartwig, Berlin in 1989.",German,קורות חיים|Biography,typewriting,original,Lola Landau,1989,,,
IL-MTFN-001-G-F-0401-001-R0001,IL-MTFN-001-G-F-0401-001,צילום מכתב של אורה הירש,"צילום המכתב, מרץ 2010, של אורה הירש, שליווה את האלבום ובו הסבר להקשרים המשפחתיים, ציון שמות ותאריכים.","Foto des Briefes, März 2010, von Ora Hirsch, der das Album begleitete und eine Erklärung zu den familiären Zusammenhängen, Namen und Daten enthält.","Photo of the letter, March 2010, by Ora Hirsch, which accompanied the album and contains an explanation of the family connections, names, and dates.",Hebrew,מכתב|Letter,photography,copy,אורה הירש,2010-03,,,
IL-MTFN-001-G-F-0402-001-R0001,IL-MTFN-001-G-F-0402-001,Homework on Immigration from Germany by Nahum Ben Yaakov,"עבודת בית 'העליה מגרמניה', כתב נחום בן יעקב, 1989, אוניברסיטת חיפה. המרצה פרופ' יואב גלבר. 15 עמודים.","Hausarbeit 'Die Einwanderung aus Deutschland', geschrieben von Nachum Ben Yaakov, 1989, Universität Haifa. Dozent: Prof. Yoav Gelber. 15 Seiten.","Homework 'The Immigration from Germany', written by Nahum Ben Yaakov, 1989, University of Haifa. Lecturer: Prof. Yoav Gelber. 15 pages.",Hebrew,רשימות|Personal Notes,typewriting,original,Nahum Ben Yaakov,1989,,,15
IL-MTFN-001-G-F-0402-001-R0003,IL-MTFN-001-G-F-0402-001,Continuity: Reference Lines to an Ultra-Orthodox Individual,"'המשכיות: קוי איזכור ליחיד מחרדי;גרמניה, ר' שמעון כהן מפרנקפורט', כתב פרופ' שלמה דשן; אוניברסיטת תל אביב (סוציולוגיה), 2002, 47 עמודים.","Kontinuität: Bezugslinien zu einem Einzelnen aus der Ultraorthodoxie; Deutschland, R' Shimon Cohen aus Frankfurt', geschrieben von Prof. Shlomo Deshen; Universität Tel Aviv (Soziologie), 2002, 47 Seiten.","Continuity: Reference lines to an individual from the ultra-Orthodox; Germany, R' Shimon Cohen from Frankfurt', written by Prof. Shlomo Deshen; Tel Aviv University (Sociology), 2002, 47 pages.",Hebrew|German,מסמך מתורגם|Translated Document,typewriting,original,R' Shimon Cohen,2002,,,47
IL-MTFN-001-G-F-0402-001-R0004,IL-MTFN-001-G-F-0402-001,Interview with Chaim Gomma,"'סיפורו של חיים גמא Gomma', רואיין בשנת 2008 ע""י מתנדבים גרמנים מארגון 'אות הכפרה והשלום' וכן מתנדבים מטעם ארגון יוצאי מרכז אירופה סניף ירושלים. 12 עמודים. (נשלח ע""י יורם מנייביץ ראה מכתבו מצורף בסוף חוברת זאת).","Die Geschichte von Chaim Gomma, interviewt im Jahr 2008 von deutschen Freiwilligen der Organisation 'Zeichen der Versöhnung und des Friedens' sowie Freiwilligen der Organisation der Auswanderer aus Mitteleuropa, Zweigstelle Jerusalem. 12 Seiten. (Gesendet von Yoram Maniewicz, siehe seinen Brief am Ende dieses Heftes beigefügt).","The story of Chaim Gomma, interviewed in 2008 by German volunteers from the 'Sign of Reconciliation and Peace' organization and volunteers from the Central European Immigrants Organization, Jerusalem branch. 12 pages. (Sent by Yoram Maniewicz, see his letter attached at the end of this booklet).",Hebrew,חוברת|Booklet,,original,Chaim Gomma,2008,,,12
IL-MTFN-001-G-F-0402-001-R0005,IL-MTFN-001-G-F-0402-001,Interview with Eka (Erika) Openheim,"'אקה (אריקה) אופנהיים' Eka (Erika) Openheim רואיינה בשנת 2008 ע""י מתנדבים גרמנים מארגון 'אות הכפרה והשלום' וכן מתנדבים מטעם ארגון יוצאי מרכז אירופה סניף ירושלים. עם תצלומי תמונות משפחתיות, 20 עמודים. (נשלח ע""י יורם מנייביץ).","'Eka (Erika) Openheim' wurde 2008 von deutschen Freiwilligen der Organisation 'Zeichen der Versöhnung und des Friedens' sowie von Freiwilligen der Organisation der Zentraleuropäischen Auswanderer, Zweigstelle Jerusalem, interviewt. Mit Familienfotos, 20 Seiten. (Gesendet von Yoram Maniewicz).","'Eka (Erika) Openheim' was interviewed in 2008 by German volunteers from the 'Sign of Reconciliation and Peace' organization as well as volunteers from the Central European Immigrants Organization, Jerusalem branch. With family photographs, 20 pages. (Sent by Yoram Maniewicz).",Hebrew|German,עדות|Testimony,,original,Eka (Erika) Openheim,2008,,,20
IL-MTFN-001-G-F-0402-002-R0003,IL-MTFN-001-G-F-0402-002,Family History of Max & Luise Palm,"תולדות המשפחה של מקס & לואיזה פאלם Max & Luise Palm. נכתב ע""י :; Karl Berger, Karlsruhe;Grötzingen, גרמנית, 2007, 29 עמודים עם תצלומי תמונות משפחתיות ומסמכים.","Die Geschichte der Familie von Max & Luise Palm. Geschrieben von: Karl Berger, Karlsruhe; Grötzingen, Deutsch, 2007, 29 Seiten mit Familienfotos und Dokumenten.","The history of the family of Max & Luise Palm. Written by: Karl Berger, Karlsruhe; Grötzingen, German, 2007, 29 pages with family photos and documents.",German|גרמנית,Book,print,original,Max & Luise Palm,,2007,,29
IL-MTFN-001-G-F-0402-002-R0004,IL-MTFN-001-G-F-0402-002,Family History Email to Cati Holand,"My family, תולדות משפחה שלחה בדוא""ל קאטי הולנד Cati Holand באוקטובר 2009. אנגלית הדפסה, 10 עמודים.","Meine Familie, Familiengeschichte per E-Mail gesendet an Cati Holand im Oktober 2009. Englisch Schreibmaschine, 10 Seiten.","My family, family history sent by email to Cati Holand in October 2009. English typewritten, 10 pages.",English,מכתב|Letter,typewriting,original,,2009-10,,,10
IL-MTFN-001-G-F-0402-002-R0005,IL-MTFN-001-G-F-0402-002,Collection of Articles on Heinz Steinitz,"אוסף כתבות מצולמים מתוך ספרים לדמותו ופועלו של היינץ שטייניץ Heinz Steinitz 1909;1971, ביולוג, זאולוג, אוציאנוגרף. אנגלית. הופקד ע""י אנדריאס מאייר, כפר ורדים, בדצמבר 2009.","Sammlung von fotografierten Artikeln aus Büchern über die Person und das Werk von Heinz Steinitz 1909;1971, Biologe, Zoologe, Ozeanograph. Englisch. Hinterlegt von Andreas Meyer, Kfar Vradim, im Dezember 2009.","Collection of photographed articles from books about the character and work of Heinz Steinitz 1909;1971, biologist, zoologist, oceanographer. English. Deposited by Andreas Meyer, Kfar Vradim, in December 2009.",English,News Clipping,photography,copy,Heinz Steinitz,,,,
IL-MTFN-001-G-F-0402-002-R0006,IL-MTFN-001-G-F-0402-002,Lectures on the History of Jews in Attendorn,"אוסף הרצאות של הרטמוט הוזנפלד Hartmut Hosenfeld בהיסטוריה של יהודי אטנדורן Attendorn, נורדריין;וסטפליה Nordrhein;Westfalen, גרמניה. כותרת האוסף:; Die Lage der Juden in Westfalen, dargestellt an den Juden in Attendorn vom frühen Mittelalter bis zur; Auflösung des Kurfürstentums Köln im Jahre 1803 תרגום לעברית: מצב היהודים בוסטפליה, על פי יהודי אטנדורן מתחילת ימי הביניים ועד לסיומה של נסיכות קלן. גרמנית הדפסה 200 עמודים.","Sammlung von Vorträgen von Hartmut Hosenfeld zur Geschichte der Juden in Attendorn, Nordrhein-Westfalen, Deutschland. Titel der Sammlung: Die Lage der Juden in Westfalen, dargestellt an den Juden in Attendorn vom frühen Mittelalter bis zur Auflösung des Kurfürstentums Köln im Jahre 1803.","Collection of lectures by Hartmut Hosenfeld on the history of the Jews in Attendorn, North Rhine-Westphalia, Germany. Title of the collection: The Situation of the Jews in Westphalia, as exemplified by the Jews in Attendorn from the early Middle Ages until the dissolution of the Electorate of Cologne in 1803.",German|עברית,הרצאה|Lecture,typewriting,original,Hartmut Hosenfeld,,,,200
IL-MTFN-001-G-F-0402-002-R0007,IL-MTFN-001-G-F-0402-002,Bernhard/ Ben-Zion Teitelbaum's Holocaust Memoirs,"ברנהרד/ בן;ציון טייטלבאום כתב ב-1993 ב-3 פרקים את קורותיו מ-1941 במחנות העבודה בתקופת השואה וזיכרונותיו ממצעד המוות. נהריה, גרמנית הדפסה סה""כ 48 + 68 + 20 עמודים.","Bernhard/ Ben-Zion Teitelbaum schrieb 1993 in 3 Kapiteln seine Erlebnisse ab 1941 in den Arbeitslagern während des Holocausts und seine Erinnerungen an den Todesmarsch. Nahariya, Deutsch, Maschinenschrift insgesamt 48 + 68 + 20 Seiten.","Bernhard/ Ben-Zion Teitelbaum wrote in 1993 in 3 chapters his experiences from 1941 in the labor camps during the Holocaust and his memories of the death march. Nahariya, German, typewritten total 48 + 68 + 20 pages.",German,Biography,typewriting,original,Bernhard/ Ben-Zion Teitelbaum,1993,,,136
IL-MTFN-001-G-F-0403-001-R0001,IL-MTFN-001-G-F-0403-001,Memories by Menachem Magen,בספר כותב מנחם מגן את זיכרונותיו עד עלייתו לארץ ישראל.,Im Buch schreibt Menachem Magen seine Erinnerungen bis zu seiner Einwanderung nach Israel.,"In the book, Menachem Magen writes his memories until his immigration to Israel.",Hebrew,ספר|Book,print,original,Menachem Magen,,,,
IL-MTFN-001-G-F-0406-001-R0001,IL-MTFN-001-G-F-0406-001,Notebooks Documenting Immigration and Deportation,"הנ""ל גם העבירה 2 מחברות כתובות גרמנית, כתב יד, שמתעדות את ההעפלה לחופי הארץ באניית ""אטלנטיק"" ואת הגירוש לאי מאוריציוס. לתורמת לא ידוע מי כתבה את היומנים, היא מצאה אותם בעיזבון בעלה.","Die oben genannte Person übergab auch 2 Hefte in deutscher Sprache, handgeschrieben, die die Einwanderung an die Küsten des Landes mit dem Schiff 'Atlantic' und die Vertreibung nach Mauritius dokumentieren. Der Spenderin ist nicht bekannt, wer die Tagebücher geschrieben hat, sie fand sie im Nachlass ihres Mannes.","The aforementioned also transferred 2 notebooks written in German, handwritten, documenting the immigration to the country's shores on the ship 'Atlantic' and the deportation to the island of Mauritius. The donor does not know who wrote the diaries, she found them in her husband's estate.",German,יומן|Diary,handwriting,original,,,,,
IL-MTFN-001-G-F-0406-001-R0005,IL-MTFN-001-G-F-0406-001,Diary of Illegal Immigration to Palestine on the Ship Atlantic,"שתי מחברות/יומן כתובות גרמנית (כתב יד ברור מאד) עם תיעוד מעניין מאד על משא העפלה לפלשתינה על האנייה אטלנטיק. יציאה מוינה ב-3.9.1940, שיט על הדנובה ל;Tulcea טולצ'יאה ומשם לפלשתינה עם הפסקות בכרתים וקפריסין. ב-24.11.1940 מגיעים אחרי הרבה תלעות לנמל חיפה.; המעפילים מועברים לעתלית ומאוחר יותר נשלחים לאי מאוריציוס Maurizius, אליה מגיעים ב-28.12.1950. ב-1945 מגיעים המעפילים (שנותרו בחיים) לפלשתינה. מהדווח למדים הרבה על התנאים, התלעות, הפחדים והסכנות אך גם על הנחישות והתעוזה של המעפילים. לא ידוע מי כתב את היומן אך מניתוח גרפולוגי, שנעשה ע""י התורמת, הכותבת זאת אישה בשנות ה;60 לחייה. מתוך קריאתי ביומן התרשמתי שהנ""ל היתה בודדה במסע זה, ללא משפחה או ילדים. התורמת משארת שהכותבת היתה חברתה של חמותה והיא ככל הנראה נפטרה במאוריציוס והיומן הובא לארץ ע""י חמותה, אם בעלה.","Zwei Notizbücher/Tagebuch in sehr klarer Handschrift auf Deutsch mit sehr interessanter Dokumentation über die illegale Einwanderung nach Palästina auf dem Schiff Atlantic. Abfahrt von Wien am 3.9.1940, Fahrt auf der Donau nach Tulcea und von dort nach Palästina mit Stopps auf Kreta und Zypern. Am 24.11.1940 erreichen sie nach vielen Strapazen den Hafen von Haifa; die Einwanderer werden nach Atlit gebracht und später nach Mauritius geschickt, wo sie am 28.12.1950 ankommen. 1945 erreichen die überlebenden Einwanderer Palästina. Aus dem Bericht erfährt man viel über die Bedingungen, Strapazen, Ängste und Gefahren, aber auch über die Entschlossenheit und den Mut der Einwanderer. Es ist nicht bekannt, wer das Tagebuch geschrieben hat, aber eine graphologische Analyse, die von der Spenderin durchgeführt wurde, legt nahe, dass die Verfasserin eine Frau in ihren 60er Jahren ist. Aus meiner Lektüre des Tagebuchs habe ich den Eindruck gewonnen, dass sie auf dieser Reise allein war, ohne Familie oder Kinder. Die Spenderin vermutet, dass die Verfasserin eine Freundin ihrer Schwiegermutter war und wahrscheinlich auf Mauritius gestorben ist und das Tagebuch von ihrer Schwiegermutter, der Mutter ihres Mannes, nach Israel gebracht wurde.","Two notebooks/diary written in very clear German handwriting with very interesting documentation about the illegal immigration to Palestine on the ship Atlantic. Departure from Vienna on 3.9.1940, sailing on the Danube to Tulcea and from there to Palestine with stops in Crete and Cyprus. On 24.11.1940, they arrive after many hardships at the port of Haifa; the immigrants are transferred to Atlit and later sent to the island of Mauritius, where they arrive on 28.12.1950. In 1945, the surviving immigrants reach Palestine. The report reveals much about the conditions, hardships, fears, and dangers, but also about the determination and courage of the immigrants. It is not known who wrote the diary, but a graphological analysis conducted by the donor suggests that the writer is a woman in her 60s. From my reading of the diary, I got the impression that she was alone on this journey, without family or children. The donor assumes that the writer was a friend of her mother-in-law and probably died in Mauritius, and the diary was brought to Israel by her mother-in-law, her husband's mother.",German,יומן|Diary,handwriting,original,,,,,
IL-MTFN-001-G-F-0406-001-R0006,IL-MTFN-001-G-F-0406-001,Diary of a Journey from Vienna to Mauritius,"ביומן מוזכרות בין היתר 3 ספינות נהר שהעבירו מעפילים מוינה לחוף הים השחור הספינות:; Helios; Uranus; Schönbrunn (הליוס אורנוס ושנברון) הכותבת הפליגה על ה;Schönbrunn. בין בולגריה לרומניה הם נתקלים בספינה Penschko פנשקו. מעיר הנמל טולצ'יאה (רומניה) מפליגות 3 אניות מעפילים לפלשתינה:; Pacific; Mollos; Atlantic (פסיפיק מילוס ואטלנטיק) הכותבת מפליגה על ה;Atlantic. כעדה היא מתארת את האירוע באניה Altalena אלטלנה, אליה הועברו מעפילים משלושת האניות. היא עצמה לא הספיקה לעבור, צפתה במתרחש מעל סיפון האטלנטיק. הכתיבה ביומן מסתיימת עם ההגעה למאוריציוס.","Im Tagebuch werden unter anderem 3 Flussschiffe erwähnt, die Einwanderer von Wien an die Schwarzmeerküste brachten: Helios, Uranus, Schönbrunn. Die Autorin fuhr auf der Schönbrunn. Zwischen Bulgarien und Rumänien begegnen sie dem Schiff Penschko. Vom Hafen Tulcea (Rumänien) fahren 3 Einwandererschiffe nach Palästina: Pacific, Mollos, Atlantic. Die Autorin fährt auf der Atlantic. Als Zeugin beschreibt sie das Ereignis auf dem Schiff Altalena, auf das Einwanderer von den drei Schiffen gebracht wurden. Sie selbst schaffte es nicht, an Bord zu gehen, sondern beobachtete das Geschehen vom Deck der Atlantic. Das Schreiben im Tagebuch endet mit der Ankunft auf Mauritius.","The diary mentions, among other things, 3 river ships that transported immigrants from Vienna to the Black Sea coast: Helios, Uranus, Schönbrunn. The writer sailed on the Schönbrunn. Between Bulgaria and Romania, they encounter the ship Penschko. From the port city of Tulcea (Romania), 3 immigrant ships sail to Palestine: Pacific, Mollos, Atlantic. The writer sails on the Atlantic. As a witness, she describes the event on the ship Altalena, to which immigrants from the three ships were transferred. She herself did not manage to board, observing the events from the deck of the Atlantic. The writing in the diary ends with the arrival in Mauritius.",Hebrew,יומן|Diary,handwriting,original,,,,,
IL-MTFN-001-G-F-0406-001-R0007,IL-MTFN-001-G-F-0406-001,Printed Diaries in German,"היומנים הודפסו סה""כ 24 עמודים בגרמנית, מצורפים למקור.","Die Tagebücher wurden insgesamt 24 Seiten auf Deutsch gedruckt, dem Original beigefügt.","The diaries were printed, a total of 24 pages in German, attached to the original.",German,יומן|Diary,typewriting,original,,,,,24
IL-MTFN-001-G-F-0406-001-R0008,IL-MTFN-001-G-F-0406-001,Graphological Analysis of Diary Writer,"דף עליו נכתב ""הניתוח הגרפולוגי"" לדמותה/אופייה של כותבת היומן.","Ein Blatt, auf dem ""Die graphologische Analyse"" des Charakters/Eigenschaften der Tagebuchschreiberin geschrieben steht.","A page on which ""The graphological analysis"" of the character/nature of the diary writer is written.",Hebrew,Note,handwriting,original,,,,,
IL-MTFN-001-G-F-0411-001-R0001,IL-MTFN-001-G-F-0411-001,Film about Margot Singer's Life,"סרט שהופק ע""י הטלויזיה הגרמנית ב-2001 על חייה של מרגוט זינגר, ילידת קלן, 1915;2007, שעלתה לארץ ב-1936 וחיה כל חייה בקיבוץ עין גב., הסרט הופק בצורת ראיון עם מרגוט זינגר ועם שיבוצם של קטעי סרטים ארכיוניים מגרמניה ובעיקר מפלשתינה/ישראל.","Ein Film, der 2001 vom deutschen Fernsehen über das Leben von Margot Singer, geboren in Köln 1915; 2007, produziert wurde. Sie wanderte 1936 nach Israel aus und lebte ihr ganzes Leben im Kibbuz Ein Gev. Der Film wurde in Form eines Interviews mit Margot Singer und mit der Einfügung von Archivfilmausschnitten aus Deutschland und vor allem aus Palästina/Israel produziert.","A film produced by German television in 2001 about the life of Margot Singer, born in Cologne, 1915; 2007, who immigrated to Israel in 1936 and lived her entire life in Kibbutz Ein Gev. The film was produced in the form of an interview with Margot Singer and with the inclusion of archival film clips from Germany and mainly from Palestine/Israel.",German|Hebrew,Unrecognized,other,original,Margot Singer,2001,,,
IL-MTFN-001-G-F-0414-002-R0008,IL-MTFN-001-G-F-0414-002,Genealogical Information on the Popper Family,דף עם מידע גניאולוגי על משפחת פופר.,Ein Blatt mit genealogischen Informationen über die Familie Popper.,A page with genealogical information about the Popper family.,Hebrew,List,,original,Popper,,,,
IL-MTFN-001-G-F-0414-002-R0009,IL-MTFN-001-G-F-0414-002,Letters and Documents of Viktor Popper,מכתבים ומסמכים שמעידים על היותו שלויקטור פופר פסנתרן ומורה למוזיקה. 1938/39.,"Briefe und Dokumente, die belegen, dass Viktor Popper Pianist und Musiklehrer war. 1938/39.",Letters and documents indicating that Viktor Popper was a pianist and music teacher. 1938/39.,Hebrew,מכתב|Letter,,original,ויקטור פופר,1938,,,
IL-MTFN-001-G-F-0415-001-R0001,IL-MTFN-001-G-F-0415-001,תקליטור עם יצירות האמן וקורות חיים,"תקליטור עם יצירות האמן; קורות חיים והגיגים, כתב אריה רוטמן ב-1977, עברית הדפסה 11 עמודים.","CD mit Werken des Künstlers; Lebenslauf und Gedanken, geschrieben von Arie Rothman im Jahr 1977, Hebräisch, Maschinenschrift, 11 Seiten.","CD with the artist's works; biography and thoughts, written by Arie Rothman in 1977, Hebrew, typewritten, 11 pages.",Hebrew,קורות חיים|Biography,typewriting,original,אריה רוטמן,1977,,,11
IL-MTFN-001-G-F-0417-001-R0002,IL-MTFN-001-G-F-0417-001,Death Mask Bequeathed by Poet,"לדבריה של חנה, המשוררת צוותה את מסכת המוות לאביה (טרם מותה), אביה היה נוכח בעת עשיית המסכה.","Laut Hanna hat die Dichterin die Totenmaske für ihren Vater (vor ihrem Tod) angefertigt, ihr Vater war bei der Anfertigung der Maske anwesend.","According to Hannah, the poet bequeathed the death mask to her father (before her death), her father was present at the making of the mask.",Unspecified,לא מזוהה,,original,,,,,
IL-MTFN-001-G-F-0418-001-R0001,IL-MTFN-001-G-F-0418-001,"Albert Goetz's Diary, June 1938","יומן כרוך, מודפס בגרמנית עם תמונות משפחתיות וגלויות שחור/לבן, שכתב אלברט גץ ביוני 1938 בגרמניה, אחרי הנסיעה שלו ושל רעייתו לביקור הבנים והנכדים בפלשתינה. הכותב מתרכז בעיקר בתנאי הנסיעה, במראות, בארוחות, בבנים ומשפחותיהם, תיאורים מוגבלים על החיים בפלשינה בכללותה. ניקר שהיה אדם משפחתי, לא פוליטי.","Gebundenes Tagebuch, gedruckt auf Deutsch mit Familienfotos und schwarz/weiß Postkarten, geschrieben von Albert Goetz im Juni 1938 in Deutschland, nach seiner und seiner Frau Reise zum Besuch der Söhne und Enkelkinder in Palästina. Der Autor konzentriert sich hauptsächlich auf die Reisebedingungen, die Sehenswürdigkeiten, die Mahlzeiten, die Söhne und ihre Familien, begrenzte Beschreibungen des Lebens in Palästina insgesamt. Es scheint, dass er ein familiärer, nicht politischer Mensch war.","Bound diary, printed in German with family photos and black/white postcards, written by Albert Goetz in June 1938 in Germany, after his and his wife's trip to visit their sons and grandchildren in Palestine. The author mainly focuses on the travel conditions, sights, meals, sons and their families, with limited descriptions of life in Palestine overall. It appears he was a family-oriented, non-political person.",German|גרמנית,יומן|Diary,print,original,Albert Goetz,1938-06,,,
IL-MTFN-001-G-F-0418-001-R0002,IL-MTFN-001-G-F-0418-001,Translation of Diary into Hebrew,"דפים עם תרגום היומן לעברית, הדפסה.","Seiten mit Übersetzung des Tagebuchs ins Hebräische, Maschinenschrift.","Pages with translation of the diary into Hebrew, typewritten.",Hebrew,מסמך מתורגם|Translated Document,typewriting,copy,,,,,
IL-MTFN-001-G-F-0420-001-R0003,IL-MTFN-001-G-F-0420-001,Resume of Herself and Her Family,דף עם קורות חיים של עצמה ומשפחתה.,Seite mit Lebenslauf von sich selbst und ihrer Familie.,Page with resume of herself and her family.,Hebrew,קורות חיים|Biography,,original,,,,,
IL-MTFN-001-G-F-0422-001-R0001,IL-MTFN-001-G-F-0422-001,Correspondence between Oha and Shimon,"התכתבות בין אוה ושמעון אחרי היכרותם בהולנד. אוה מתארגנת לעלות לארץ ישראל, שמעון חייל/חובש בצבא הבריטי ""מסתובב"" באירופה וחוזר לארץ ישראל. אנגלית וגרמנית כתב יד והדפסה, 1945/46. השניים \פונים זה לזה בשם החיבה Mäuschen (עכבר קטן).","Korrespondenz zwischen Oha und Shimon nach ihrem Kennenlernen in den Niederlanden. Oha bereitet sich darauf vor, nach Eretz Israel zu ziehen, Shimon, ein Soldat/Sanitäter in der britischen Armee, ""reist"" durch Europa und kehrt nach Eretz Israel zurück. Englisch und Deutsch, Handschrift und Maschinenschrift, 1945/46. Die beiden nennen sich gegenseitig mit dem Kosenamen Mäuschen (kleine Maus).","Correspondence between Oha and Shimon after their meeting in the Netherlands. Oha is preparing to immigrate to Eretz Israel, Shimon, a soldier/medic in the British army, is ""wandering"" around Europe and returning to Eretz Israel. English and German, handwritten and typewritten, 1945/46. The two address each other with the nickname Mäuschen (little mouse).",English|German,מכתב|Letter,handwriting|typewriting,original,,1945,,,
IL-MTFN-001-G-F-0422-001-R0004,IL-MTFN-001-G-F-0422-001,Testimony by Shimon Berlinger for Aaron Kria,"עדות כתובה, שנותן שמעון ברלינגר עבור אהרון קריא (Arthut Kraemer) על גירושו של הנ""ל ממחנה ההכשרה שטקלסדורף Steckelsdorf ועל אובדן כל רכושו. גרמנית הדפסה, 1961.","Schriftliche Aussage, die Shimon Berlinger für Aaron Kria (Arthur Kraemer) über dessen Vertreibung aus dem Ausbildungslager Steckelsdorf und den Verlust seines gesamten Besitzes gibt. Deutsch Schreibmaschine, 1961.","Written testimony given by Shimon Berlinger for Aaron Kria (Arthur Kraemer) about his expulsion from the Steckelsdorf training camp and the loss of all his property. German typewritten, 1961.",German,עדות|Testimony,typewriting,original,Shimon Berlinger,1961,,,
IL-MTFN-001-G-F-0422-001-R0007,IL-MTFN-001-G-F-0422-001,Short Autobiography by Betty Berlinger,"אוטוביוגרפיה קצרה, שכתבה בטי ברלינגר (אמו של שמעון) ב- 1963 בבית אבות בחיפה.","Kurze Autobiographie, geschrieben von Betty Berlinger (Mutter von Shimon) im Jahr 1963 in einem Altersheim in Haifa.","A short autobiography, written by Betty Berlinger (mother of Shimon) in 1963 at a nursing home in Haifa.",Hebrew,Biography,handwriting,original,Betty Berlinger,1963,,,
IL-MTFN-001-G-F-0422-001-R0012,IL-MTFN-001-G-F-0422-001,Membership Booklet of Shimon in the Association of Discharged Soldiers in Israel,"פנקס חבר עם תמונה של שמעון על חברותו ב""אגוד החיילים המשוחררים בישראל. 1950.","Mitgliedsheft mit einem Bild von Shimon über seine Mitgliedschaft in der ""Vereinigung der entlassenen Soldaten in Israel"". 1950.","Membership booklet with a picture of Shimon about his membership in the ""Association of Discharged Soldiers in Israel"". 1950.",Hebrew,פנקס|Notepad,,original,שמעון,1950,,,
IL-MTFN-001-G-F-0422-004-R0001,IL-MTFN-001-G-F-0422-004,Letters from Ellen to her husband,"מכתבים מאלן Ellen אל בעלה (אין שם פרטי ולא שם משפחה). היא כותבת ממלון מוריה בים המלח, גרמנית כתב יד, אין ציון שנה. תוכן, בין היתר: מתארת את אורחי המלון, מחשבות פילוסופיות, התייחסות לסופרים גרמנים.","Briefe von Ellen an ihren Ehemann (kein Vorname oder Nachname). Sie schreibt aus dem Hotel Moriah am Toten Meer, handschriftlich auf Deutsch, kein Jahresangabe. Inhalt unter anderem: beschreibt die Hotelgäste, philosophische Gedanken, Bezug auf deutsche Schriftsteller.","Letters from Ellen to her husband (no first name or last name). She writes from the Moriah Hotel at the Dead Sea, in German handwriting, no year indicated. Content includes: describes the hotel guests, philosophical thoughts, references to German writers.",German,מכתב|Letter,handwriting,original,,,,,
IL-MTFN-001-G-F-0423-001-R0001,IL-MTFN-001-G-F-0423-001,The Life of Dr. Ernst Eliakim Kalmus,"3 דפים כתובים עברית, כתב יד, עם הכותרת: ""תולדות חייו של ד""ר ארנסט אליקים קלמוס"", שכתבו רות ומרים, בנותיו, ב-1995.","3 handgeschriebene Seiten auf Hebräisch, mit dem Titel: ""Das Leben von Dr. Ernst Eliakim Kalmus"", geschrieben von seinen Töchtern Ruth und Miriam im Jahr 1995.","3 pages written in Hebrew, handwritten, with the title: ""The Life of Dr. Ernst Eliakim Kalmus"", written by his daughters Ruth and Miriam in 1995.",Hebrew,Biography,handwriting,original,Dr. Ernst Eliakim Kalmus,1995,,,3
IL-MTFN-001-G-F-0423-001-R0002,IL-MTFN-001-G-F-0423-001,Eulogy for Emma Federlein,"הספד לאמה פדרליין, כתב ארנסט קלמוס (אם רעייתו). גרמנית הדפסה, 1930.","Nachruf auf Emma Federlein, geschrieben von Ernst Klemus (Mutter seiner Frau). Deutsch, maschinengeschrieben, 1930.","Eulogy for Emma Federlein, written by Ernst Klemus (mother of his wife). German, typewritten, 1930.",German,הספד|Eulogy,typewriting,original,Emma Federlein,1930,,,
IL-MTFN-001-G-F-0423-003-R0015,IL-MTFN-001-G-F-0423-003,Biographical Stations of Dr. Kalmos,"דף עם תחנות ביוגרפיות, עם ציון השנים, של ד""ר קלמוס 1874;1959, עברית. & גרמנית.","Seite mit biografischen Stationen, mit Angabe der Jahre, von Dr. Kalmos 1874;1959, Hebräisch & Deutsch.","Page with biographical stations, with indication of the years, of Dr. Kalmos 1874;1959, Hebrew & German.",Hebrew|German,רשימה|List,,original,Dr. Kalmos,,,,
IL-MTFN-001-G-F-0423-003-R0016,IL-MTFN-001-G-F-0423-003,Booklet of Jewish Residents of Hamburg,"חוברת עם שמות, כתובות, של תושבי המבורג היהודים וכתובות פיזורם בעולם. העבודה נכתבה ב-1977; 1979/80; 1982/3.","Broschüre mit Namen, Adressen von jüdischen Einwohnern Hamburgs und ihren Verteilungsadressen weltweit. Die Arbeit wurde 1977; 1979/80; 1982/3 geschrieben.","Booklet with names, addresses of Jewish residents of Hamburg and their distribution addresses worldwide. The work was written in 1977; 1979/80; 1982/3.",Hebrew,חוברת|Booklet,print,original,,1982-3,,,
IL-MTFN-001-G-F-0425-001-R0001,IL-MTFN-001-G-F-0425-001,"מחברת לימוד עברית של אריה הנס ויט, 1943","מחברת קטנה, ששמשה את אריה הנס ויט ללימוד השפה העברית ב-1943. במחברת 3 חיבורים בנושאי אקטואליה לאותה תקופה:; 1. מתוך עבודתו בארגון 'משמר המולדת'; 2. זכרונות מימי השמירה; 3. התפתחות היחסים בין רוסיה לגרמניה מאז מלחמת עולם ראשונה. לצד החיבורים כתובות ההערות של המורה ותיקוני השגיאות. החיבורים מהווים תיעוד הנושאים ממקור ראשון, לאותה תקופה.","Ein kleines Notizbuch, das Arie Hans Witt 1943 zum Erlernen der hebräischen Sprache benutzte. Das Notizbuch enthält 3 Aufsätze zu aktuellen Themen jener Zeit: 1. Aus seiner Arbeit in der Organisation 'Heimatschutz'; 2. Erinnerungen an die Wachtage; 3. Die Entwicklung der Beziehungen zwischen Russland und Deutschland seit dem Ersten Weltkrieg. Neben den Aufsätzen stehen die Anmerkungen des Lehrers und die Korrekturen der Fehler. Die Aufsätze dokumentieren die Themen aus erster Hand für diese Zeit.",A small notebook used by Aryeh Hans Witt to learn the Hebrew language in 1943. The notebook contains 3 essays on contemporary topics of that period: 1. From his work in the 'Homeland Guard' organization; 2. Memories from the guard days; 3. The development of relations between Russia and Germany since the First World War. Alongside the essays are the teacher's notes and error corrections. The essays serve as first-hand documentation of the topics for that period.,Hebrew,פנקס|Notepad,handwriting,original,אריה הנס ויט,1943,,,
IL-MTFN-001-G-F-0426-001-R0001,IL-MTFN-001-G-F-0426-001,Photo of Family Information Letter,"ראה צילום מכתב עם מידע משפחתי, מצורף בתיק הארכיון.","Siehe Foto eines Briefes mit familiären Informationen, beigefügt in der Archivmappe.","See photo of a letter with family information, attached in the archive file.",Hebrew,Letter,,copy,,,,,
IL-MTFN-001-G-F-0426-001-R0002,IL-MTFN-001-G-F-0426-001,אלבום זיכרונות של אנסופי כצנשטיין,"אלבום Poesie לכתיבת זיכרונות, של אנסופי כצנשטיין, משנות ה-20 וה;30 למאה ה;20. הכתיבה בו לא רבה, בדר""כ כתבו ילדות ,חברותיה בגרמניה.","Poesiealbum zum Schreiben von Erinnerungen, von Ansofi Katzenshtein, aus den 20er und 30er Jahren des 20. Jahrhunderts. Es wurde nicht viel geschrieben, meist schrieben Mädchen, ihre Freundinnen in Deutschland.","Poesie album for writing memories, by Ansofi Katzenshtein, from the 1920s and 1930s. Not much was written in it, usually girls, her friends in Germany, wrote.",German,ספר זכרונות,handwriting,original,אנסופי כצנשטיין,1920,,,
IL-MTFN-001-G-F-0426-001-R0004,IL-MTFN-001-G-F-0426-001,חוברת על גרשם נבו ומשפחתו,"חוברת בעברית עם הכותרת: ""אבא;סבא גרשם נבו 15.9.2010;5.7.1920"" החוברת נכתבה ע""י גרשם נבו (כצנשטיין), הבן של סימון כצנשטיין. בחוברת מספר גרשם על משפחתו ועל עצמו. המשטר הנאצי פזר את המשפחה בין הולנד, שבדיה, גרמניה ופלשתינה.","Heft auf Hebräisch mit dem Titel: ""Vater; Großvater Gershom Nevo 15.9.2010; 5.7.1920"". Das Heft wurde von Gershom Nevo (Katzenstein), dem Sohn von Simon Katzenstein, geschrieben. In dem Heft erzählt Gershom über seine Familie und sich selbst. Das Nazi-Regime verstreute die Familie zwischen Holland, Schweden, Deutschland und Palästina.","Booklet in Hebrew with the title: ""Father; Grandfather Gershom Nevo 15.9.2010; 5.7.1920"". The booklet was written by Gershom Nevo (Katzenstein), the son of Simon Katzenstein. In the booklet, Gershom talks about his family and himself. The Nazi regime dispersed the family between Holland, Sweden, Germany, and Palestine.",Hebrew,חוברת|Booklet,print,original,גרשם נבו,,,,
IL-MTFN-001-G-F-0427-001-R0001,IL-MTFN-001-G-F-0427-001,History of Amikam Rosen's Parents and Families,"עמיקם רוזן חקר וכתב את קורות הוריו ומשפחותיהם. דפי הספר נשלחו אל המוזיאון באמצעות דוא""ל. בספר תצלומים של תמונות משפחתיות ומסמכים.",Amikam Rosen erforschte und schrieb die Geschichte seiner Eltern und ihrer Familien. Die Buchseiten wurden per E-Mail an das Museum gesendet. Das Buch enthält Fotos von Familienbildern und Dokumenten.,Amikam Rosen researched and wrote the history of his parents and their families. The book pages were sent to the museum via email. The book contains photographs of family pictures and documents.,Hebrew|עברית,מסמך מתורגם|Translated Document,typewriting,original,עמיקם רוזן,,,,
IL-MTFN-001-G-F-0428-001-R0001,IL-MTFN-001-G-F-0428-001,"Letter from Albert Einstein to Adelheid Levy, 26.11.1932","סריקה של מכתב בגרמנית, כתב יד, שאלברט איינשטיין כתב אל אדלהייד לוי ב-26.11.1932., איינשטיין כותב בחרוזים ובהומור אל העלמה אדלהייד לוי.","Scan eines handgeschriebenen Briefes auf Deutsch, den Albert Einstein am 26.11.1932 an Adelheid Levy schrieb. Einstein schreibt in Reimen und mit Humor an Fräulein Adelheid Levy.","Scan of a handwritten letter in German, written by Albert Einstein to Adelheid Levy on 26.11.1932. Einstein writes in rhymes and with humor to Miss Adelheid Levy.",German,מכתב|Letter,handwriting,original,Albert Einstein,1932-11-26,,,
IL-MTFN-001-G-F-0429-001-R0001,IL-MTFN-001-G-F-0429-001,Becoming Great: From Childhood to Adulthood,"ספר / להיות גדולה, מילדות לבגרות, עם הרבה תמונות משפחתיות ואילן יוחסין;","Buch / Groß werden, von der Kindheit bis zum Erwachsenenalter, mit vielen Familienfotos und einem Stammbaum;","Book / Growing up, from childhood to adulthood, with many family photos and a family tree;",Hebrew,ספר|Book,print,original,,,,,
IL-MTFN-001-G-F-0430-001-R0001,IL-MTFN-001-G-F-0430-001,Brief Biography of Ralph Hellinger,עמוד עם קיצור תולדות החיים והפעילויות של רלף הלינגר.,Seite mit einer Kurzbiografie und Aktivitäten von Ralph Hellinger.,Page with a brief biography and activities of Ralph Hellinger.,Hebrew,Biography,,original,Ralph Hellinger,,,,
IL-MTFN-001-G-F-0432-001-R0001,IL-MTFN-001-G-F-0432-001,Biography of Freddy Dora,"עמוד כתוב בעברית, כתב יד, לקורות חייו של פרדי דורה; העתק.","Eine Seite in Hebräisch geschrieben, Handschrift, über das Leben von Freddy Dora; Kopie.","A page written in Hebrew, handwriting, about the life of Freddy Dora; copy.",Hebrew,קורות חיים|Biography,handwriting,copy,פרדי דורה,,,,
IL-MTFN-001-G-F-0432-001-R0003,IL-MTFN-001-G-F-0432-001,Artistic Biography Page in German,"עמוד כתוב גרמנית, הדפסה, לביוגרפיה האמנותית שלו. ללא תאריך, 2 עותקים.","Eine Seite in deutscher Sprache, maschinenschriftlich, für seine künstlerische Biografie. Ohne Datum, 2 Kopien.","A page written in German, typewritten, for his artistic biography. No date, 2 copies.",German,Letter,typewriting,copy,,,,,
IL-MTFN-001-G-F-0433-001-R0003,IL-MTFN-001-G-F-0433-001,פנקס צבאי של איזידור פפנהיימר,"פנקס צבאי של איזידור פפנהיימר, 1915.","Militärbuch von Isidor Pappenheimer, 1915.","Military notebook of Isidor Pappenheimer, 1915.",Hebrew,פנקס|Notepad,,original,איזידור פפנהיימר,1915,,,
IL-MTFN-001-G-F-0434-001-R0001,IL-MTFN-001-G-F-0434-001,"Grade Notebook of Elfriede Freund, 1915","מחברת ציונים של אלפרידה פרוינד, 1915, מבי""ס בעיר הם Hamm.","Notenheft von Elfriede Freund, 1915, von der Schule in der Stadt Hamm.","Grade notebook of Elfriede Freund, 1915, from the school in the city of Hamm.",Hebrew,פנקס|Notepad,handwriting,original,Elfriede Freund,1915,,,
IL-MTFN-001-G-F-0436-001-R0004,IL-MTFN-001-G-F-0436-001,Biography of Emanuel Klemperer by Therese Klemperer,"ביוגרפיה של עמנואל קלמפרר, כתבה אלמנתו, תירזה קמפרר לבית לונץ. חיפה, עברית כתב יד, 2011.","Biografie von Emanuel Klemperer, geschrieben von seiner Witwe, Therese Klemperer geb. Lunz. Haifa, Hebräisch Handschrift, 2011.","Biography of Emanuel Klemperer, written by his widow, Therese Klemperer née Lunz. Haifa, Hebrew handwriting, 2011.",Hebrew,קורות חיים,handwriting,original,עמנואל קלמפרר,2011,,,
IL-MTFN-001-G-F-0437-001-R0001,IL-MTFN-001-G-F-0437-001,יומן חיים של יוחנן אורתר,"יומן חיים ""דרכי מברלין לירושלים"" של יוחנן אורתר","Lebenstagebuch ""Mein Weg von Berlin nach Jerusalem"" von Yohanan Orter","Life Diary ""My Journey from Berlin to Jerusalem"" by Yohanan Orter",Hebrew,יומן|Diary,handwriting,original,יוחנן אורתר,,,,
IL-MTFN-001-G-F-0437-001-R0002,IL-MTFN-001-G-F-0437-001,Family Tree,אילן משפחה,Stammbaum,Family tree,Unspecified,לא מזוהה,,other,,,,,
IL-MTFN-001-G-F-0441-001-R0001,IL-MTFN-001-G-F-0441-001,Personal Military File of Ernst Goitein,צילום של התיק הצבאי האישי של ארנסט גויטיין שלחם בשורות הצבא הגרמני במלחמת עולם I ונפל בקרב.,"Foto der persönlichen Militärakte von Ernst Goitein, der in den Reihen der deutschen Armee im Ersten Weltkrieg kämpfte und im Kampf fiel.","Photograph of the personal military file of Ernst Goitein, who fought in the ranks of the German army in World War I and fell in battle.",German,תצלום|Photograph,photography,copy,ארנסט גויטיין,,,,
IL-MTFN-001-G-F-0443-001-R0001,IL-MTFN-001-G-F-0443-001,Resume of Heinz Preis and Family,"הדפסה של קורות חיים של היינץ פרייס ומשפחתו, נכתבו ונשלחו בדוא""ל ע""י בנו, יוסי פרייס.","Druck eines Lebenslaufs von Heinz Preis und seiner Familie, geschrieben und per E-Mail von seinem Sohn Yossi Preis gesendet.","Print of the resume of Heinz Preis and his family, written and sent by email by his son, Yossi Preis.",Hebrew|English,קורות חיים|Biography,typewriting,copy,Heinz Preis,,,,
IL-MTFN-001-G-F-0443-001-R0005,IL-MTFN-001-G-F-0443-001,Employee Booklet for Heinz Preis at Shell,"פנקס עובד בחברת הדלק האנגלית 'של' Shell להיינץ פרייס בחיפה, שעבד בחברה כטבח. הפנקס הונפק ב-1945.","Mitarbeiterheft der englischen Ölgesellschaft 'Shell' für Heinz Preis in Haifa, der als Koch in der Firma arbeitete. Das Heft wurde 1945 ausgestellt.","Employee booklet of the English oil company 'Shell' for Heinz Preis in Haifa, who worked as a cook in the company. The booklet was issued in 1945.",Hebrew,פנקס|Notepad,,original,Heinz Preis,1945,,,
IL-MTFN-001-G-F-0443-001-R0007,IL-MTFN-001-G-F-0443-001,Translated Material from German to Hebrew by Heinz Preis,"חומר מתורגם מגרמנית לעברית:; היינץ פרייס כתב בגרמנית וסיפר לצאצאיו על שבעה הניסים, שקרו בחייו. הוא משווה אותם לנס חנוכה. החומר תורגם והודפס לעברית.","Übersetztes Material aus dem Deutschen ins Hebräische: Heinz Preis schrieb auf Deutsch und erzählte seinen Nachkommen von sieben Wundern, die in seinem Leben geschahen. Er vergleicht sie mit dem Chanukka-Wunder. Das Material wurde ins Hebräische übersetzt und gedruckt.",Translated material from German to Hebrew: Heinz Preis wrote in German and told his descendants about seven miracles that happened in his life. He compares them to the Hanukkah miracle. The material was translated and printed in Hebrew.,Hebrew|German,מסמך מתורגם|Translated Document,typewriting,other,Heinz Preis,,,,
IL-MTFN-001-G-F-0443-001-R0008,IL-MTFN-001-G-F-0443-001,Heinz Preis's Story of the Ship 'Hilda',"על עמוד אחד מודפס בעברית סיפורו של היינץ פרייס על אניית המעפילים 'הילדה'. כתב את זה עבור נכדו, עופר.","Auf einer Seite ist die Geschichte von Heinz Preis über das Einwanderungsschiff 'Hilda' auf Hebräisch gedruckt. Er schrieb es für seinen Enkel, Ofer.","On one page, the story of Heinz Preis about the immigrant ship 'Hilda' is printed in Hebrew. He wrote it for his grandson, Ofer.",Hebrew,סיפור|Fiction,typewriting,original,Heinz Preis,,,,1
IL-MTFN-001-G-F-0443-001-R0010,IL-MTFN-001-G-F-0443-001,Yad Vashem Documentation for Holocaust Victims,"מסמכים מתיעוד מיד ושם לניספים בשואה. בשואה ניספו: יוסף פרייס, אביו של היינץ פרייס. ורנר פרייס, אחיו של היינץ. לוטה פרייס רעייתו של ורנר וילדם.","Dokumente aus der Yad Vashem-Dokumentation für Holocaust-Opfer. Im Holocaust starben: Josef Preiss, der Vater von Heinz Preiss. Werner Preiss, der Bruder von Heinz. Lotte Preiss, die Ehefrau von Werner, und ihr Kind.","Documents from Yad Vashem documentation for Holocaust victims. In the Holocaust, the following perished: Josef Preiss, the father of Heinz Preiss. Werner Preiss, the brother of Heinz. Lotte Preiss, the wife of Werner, and their child.",Hebrew,מסמך מתורגם|Translated Document,,other,,,,,
IL-MTFN-001-G-F-0443-001-R0012,IL-MTFN-001-G-F-0443-001,Immigration Diary of Shlomo Arbel,"צילום יומן ההעפלה של שלמה ארבל, שעלה באניה אגיוס ניקולאוס (הילדה) לארץ, יחד עם היינץ פרייס. היומן נכתב על האניה ב- 30.01.1940;18.10.1939.","Fotografie des Einwanderungstagebuchs von Shlomo Arbel, der mit dem Schiff Agios Nikolaos (das Mädchen) zusammen mit Heinz Preis nach Israel kam. Das Tagebuch wurde auf dem Schiff am 30.01.1940; 18.10.1939 geschrieben.","Photograph of the immigration diary of Shlomo Arbel, who came to Israel on the ship Agios Nikolaos (the girl) together with Heinz Preis. The diary was written on the ship on 30.01.1940; 18.10.1939.",Hebrew,יומן|Diary,photography,copy,Shlomo Arbel,1939-10-18,,,
IL-MTFN-001-G-F-0444-003-R0005,IL-MTFN-001-G-F-0444-003,1937 Date Diary by Julius Mannheimer,"יומן תאריכים, 1937, שהוצא לאור ע""י בית הדפוס המשפחתי של יוליוס מנהיימר Julius Mannheimer.","Terminkalender, 1937, herausgegeben von der Familien-Druckerei von Julius Mannheimer.","Date diary, 1937, published by the family printing house of Julius Mannheimer.",Hebrew|German,יומן|Diary,print,original,Julius Mannheimer,1937,1937,,
IL-MTFN-001-G-F-0444-003-R0008,IL-MTFN-001-G-F-0444-003,"מכתב פקטיבי אל רש""י ליום הולדתו ה-950","מכתב פקטיבי אל רש""י, שכותב חנן הנס מנהיימר ליום הולדתו ה-950 של רש""י. במכתב ""מספר"" חנן הנס על אבותיו בוורמס ועל היותם בין אלה שבנו את בית המדרש/כנסת שבו רש""י לימד.","Fiktiver Brief an Raschi, geschrieben von Chanan Hans Mannheim zum 950. Geburtstag von Raschi. Im Brief ""erzählt"" Chanan Hans über seine Vorfahren in Worms und darüber, dass sie zu denen gehörten, die die Lehranstalt/Synagoge gebaut haben, in der Raschi lehrte.","Fictitious letter to Rashi, written by Chanan Hans Mannheim for Rashi's 950th birthday. In the letter, Chanan Hans ""tells"" about his ancestors in Worms and about them being among those who built the study house/synagogue where Rashi taught.",Hebrew,מכתב|Letter,handwriting,original,חנן הנס מנהיימר,,,,
IL-MTFN-001-G-F-0444-004-R0001,IL-MTFN-001-G-F-0444-004,Farewell Letter from Jacob Sauerbach to Hans,"מכתב פרידה מהסב יעקב זאוארבך Jacob Sauerbach לנכדו הנס בעזבו את גרמניה ועלייתו לארץ. גרמנית כתב יד, 1937. מצורף סיכום המכתב בעברית, כתבה קרלה וולף, כתב יד עפרון.","Abschiedsbrief von Großvater Jakob Sauerbach an seinen Enkel Hans beim Verlassen Deutschlands und seiner Einwanderung nach Israel. Handschriftlich auf Deutsch, 1937. Eine Zusammenfassung des Briefes auf Hebräisch, geschrieben von Carla Wolf, in Bleistifthandschrift beigefügt.","Farewell letter from grandfather Jacob Sauerbach to his grandson Hans upon leaving Germany and immigrating to Israel. German handwriting, 1937. Attached is a summary of the letter in Hebrew, written by Carla Wolf, in pencil handwriting.",German|Hebrew,מכתב|Letter,handwriting,original,Jacob Sauerbach,1937,,,
IL-MTFN-001-G-F-0448-001-R0001,IL-MTFN-001-G-F-0448-001,Memories by Erich Kessel,"גיורא וציפור רוזנטל הפקידו 'זיכרונות' (הדפסת מקור בגרמנית & תרגום לעברית) שכתב אריך קסל, 1884;1968 Erich Kessel, הדוד של גיורא מצד אמו.","Giora und Zipporah Rosenthal hinterlegten 'Erinnerungen' (Originaldruck in Deutsch & Übersetzung ins Hebräische), geschrieben von Erich Kessel, 1884;1968 Erich Kessel, der Onkel von Giora mütterlicherseits.","Giora and Zipporah Rosenthal deposited 'Memories' (original print in German & translation into Hebrew) written by Erich Kessel, 1884;1968 Erich Kessel, Giora's uncle on his mother's side.",German|Hebrew,מסמך מתורגם|Translated Document,typewriting,original,Erich Kessel,1884,,,
IL-MTFN-001-G-F-0450-002-R0002,IL-MTFN-001-G-F-0450-002,Eulogies for Lotte,בסוף האלבום מצורפים הספדים ללוטה.,Am Ende des Albums sind Nachrufe für Lotte beigefügt.,"At the end of the album, eulogies for Lotte are attached.",Hebrew,Letter,,original,Lotte,,,,
IL-MTFN-001-G-F-0451-001-R0001,IL-MTFN-001-G-F-0451-001,זיכרונות יעקב כהן 1933-1939,"זיכרונות 1933;1939, שכתב יעקב כהן בשנת 1970, בגרמנית. את זיכרונותיו הוא מסיים עם עליתו לארץ. תיאור רחב של הקורות אותו ואת משפחתו, את רכוש הקהילה, את שכניו ומכריו, בליל הבדולח. בהמשך הוא מונה מספר סיבות, שלדעת ם של יהודים היו הסיבה לפוגרום כמו: הקלגסים רצו לנטרל את כולם כדי להגיע למרתף בקבוקי השמפניה. אחרים טענו שהקלגסים לא היו בני מיינץ. בהמשך הוא מתאר את ההתארגנות הדוחקת של הקהילה על מוסדותיה אחרי ליל הבדולח. תיאור דרך ה""יסורים"" עד שקיבל את האישור לעזוב את גרמניה דבר שהיה כרוך בסכומים גדולים של כסף, שכבר לו היה ברשותו. הדחיות לקבל אשרת כניסה, מנציגויותיהן של מדינות רבות כמו צרפת וארה""ב. בתקופה שציפה לאפשרות לו ולמשפחתו לעזוב את גרמניה, עבד ועזר לנצרכים בבי""ח ובבית אבות.הם הגיעו לארץ על סיפונה שלהאניה ""מרקו;פולו""; הוא מציין, שהאוכל לא היה כשר על אוניה זאת.","Erinnerungen 1933;1939, geschrieben von Jakob Cohen im Jahr 1970, auf Deutsch. Er beendet seine Erinnerungen mit seiner Einwanderung nach Israel. Eine umfassende Beschreibung dessen, was ihm und seiner Familie widerfahren ist, des Eigentums der Gemeinde, seiner Nachbarn und Bekannten in der Kristallnacht. Später zählt er mehrere Gründe auf, die seiner Meinung nach Juden als Ursache für das Pogrom sahen, wie: Die Schläger wollten alle neutralisieren, um in den Keller der Champagnerflaschen zu gelangen. Andere behaupteten, die Schläger seien nicht aus Mainz. Später beschreibt er die dringende Organisation der Gemeinde mit ihren Institutionen nach der Kristallnacht. Beschreibung des „Leidenswegs“, bis er die Erlaubnis erhielt, Deutschland zu verlassen, was mit großen Geldsummen verbunden war, die er nicht mehr hatte. Die Verzögerungen bei der Erteilung eines Einreisevisums von den Vertretungen vieler Länder wie Frankreich und den USA. Während er auf die Möglichkeit wartete, Deutschland mit seiner Familie zu verlassen, arbeitete er und half Bedürftigen im Krankenhaus und im Altenheim. Sie kamen auf dem Schiff „Marco Polo“ nach Israel; er erwähnt, dass das Essen auf diesem Schiff nicht koscher war.","Memories 1933;1939, written by Jacob Cohen in 1970, in German. He concludes his memories with his immigration to Israel. A broad description of what happened to him and his family, the community's property, his neighbors and acquaintances during Kristallnacht. Later, he lists several reasons that Jews believed were the cause of the pogrom, such as: the thugs wanted to neutralize everyone to get to the basement of champagne bottles. Others claimed the thugs were not from Mainz. Later, he describes the urgent organization of the community with its institutions after Kristallnacht. Description of the 'path of suffering' until he received permission to leave Germany, which involved large sums of money that he no longer had. The delays in obtaining an entry visa from the representations of many countries like France and the USA. During the period he was waiting for the opportunity for him and his family to leave Germany, he worked and helped the needy in a hospital and a nursing home. They arrived in Israel on the ship 'Marco Polo'; he notes that the food on this ship was not kosher.",German|גרמנית,רשימות|Personal Notes,handwriting,original,יעקב כהן,1970,,,
IL-MTFN-001-G-F-0453-001-R0003,IL-MTFN-001-G-F-0453-001,Military Booklet of Albert Lachmann,"פנקס צבאי של אלברט לכמן Albert Lachmann יליד 1855 ב-Przemeszno, הונפק ב-1878.","Militärbuch von Albert Lachmann, geboren 1855 in Przemeszno, ausgestellt 1878.","Military booklet of Albert Lachmann, born 1855 in Przemeszno, issued in 1878.",German,פנקס|Notepad,,original,Albert Lachmann,1878,,,
IL-MTFN-001-G-F-0454-001-R0001,IL-MTFN-001-G-F-0454-001,Familienbuch of Walter Oppenheimer and Resi Schloss,"ספר המשפחה Deutsches Einheits;Familien;Stammbuch של ולטר אופנהיימר, יליד 1897 באוברהאוזן Oberhausen ורעייתו רזי לבית שלוס Schloss, ילידת 1907 במלש Malsch. בספר מספר תעודות אישיות של הזוג.","Familienbuch Deutsches Einheits;Familien;Stammbuch von Walter Oppenheimer, geboren 1897 in Oberhausen, und seiner Frau Resi geborene Schloss, geboren 1907 in Malsch. Das Buch enthält mehrere persönliche Urkunden des Paares.","Family book Deutsches Einheits;Familien;Stammbuch of Walter Oppenheimer, born 1897 in Oberhausen, and his wife Resi née Schloss, born 1907 in Malsch. The book contains several personal certificates of the couple.",German|Hebrew,תעודה|Certificate,print,original,Walter Oppenheimer|Resi Schloss,,,,
IL-MTFN-001-G-F-0457-001-R0001,IL-MTFN-001-G-F-0457-001,Memory Book by Chava Wohl,"ספר זכרונות בעברית, שכתבה חוה וול לבית טפליץ, 1919;2012, נולדה בקיל Kiel למשפחה יהודית אמידה ומשכילה. את הספר הפקידה במוזיאון דפנה דור, לבית הורן, הבת של רות הורן, חברתה הטובה של חוה וול מאז הילדות.","Erinnerungsbuch auf Hebräisch, geschrieben von Chava Wohl, geborene Teplitz, 1919;2012, geboren in Kiel in eine wohlhabende und gebildete jüdische Familie. Das Buch wurde im Museum Dafna Dor, geborene Horn, der Tochter von Ruth Horn, Chava Wohls bester Freundin seit Kindheitstagen, hinterlegt.","Memory book in Hebrew, written by Chava Wohl, née Teplitz, 1919;2012, born in Kiel to a wealthy and educated Jewish family. The book was deposited in the Dafna Dor Museum, née Horn, the daughter of Ruth Horn, Chava Wohl's best friend since childhood.",Hebrew,ספר זכרונות|Memory Book,,original,Chava Wohl,1919,2012,,
IL-MTFN-001-G-F-0458-001-R0003,IL-MTFN-001-G-F-0458-001,Recipe Notebooks of Anna Herzberg,2 מחברות רצפטים של אנה הרצברג.,2 Rezepthefte von Anna Herzberg.,2 recipe notebooks of Anna Herzberg.,Hebrew,Notepad,handwriting,original,Anna Herzberg,,,,
IL-MTFN-001-G-F-0459-007-R0001,IL-MTFN-001-G-F-0459-007,"Interview with Adi Nachmani on Judaism in Danzig, 1970","ראיון עם עדי נחמני בנושא 'יהדות דנציג', בשנת 1970. הראיון נעשה במסגרת האוניברסיטה העברית ע""י המראיין, א. שטרן.","Interview mit Adi Nachmani über 'Judentum in Danzig', im Jahr 1970. Das Interview wurde im Rahmen der Hebräischen Universität von dem Interviewer A. Stern durchgeführt.","Interview with Adi Nachmani on the topic of 'Judaism in Danzig', in 1970. The interview was conducted within the framework of the Hebrew University by the interviewer, A. Stern.",Hebrew,עדות|Testimony,,original,Adi Nachmani,1970,,,
IL-MTFN-001-G-F-0459-008-R0001,IL-MTFN-001-G-F-0459-008,In memory of Shmuel Karniel,"לזכרו של שמואל קרניאל (הירשהורן), יליד 1901, נהרג במלחמת השיחרור, 1948, בהתקפה של דרוזים על רמת יוחנן. שמואל קרניאל היה בן דוד של ז'ני נחמני. עברית.","Zum Gedenken an Shmuel Karniel (Hirschhorn), geboren 1901, getötet im Unabhängigkeitskrieg 1948 bei einem Angriff der Drusen auf Ramat Yohanan. Shmuel Karniel war ein Cousin von Jenny Nechmani. Hebräisch.","In memory of Shmuel Karniel (Hirschhorn), born in 1901, killed in the War of Independence, 1948, in a Druze attack on Ramat Yohanan. Shmuel Karniel was a cousin of Jenny Nechmani. Hebrew.",Hebrew,לא מזוהה,,other,Shmuel Karniel,1948,,,
IL-MTFN-001-G-F-0459-008-R0002,IL-MTFN-001-G-F-0459-008,In Memory of the Ginzburg Family,"לזכרם של בני משפחת גינצבורג, רמת הכובש, משפחתו של נחמיה גינצבורג. עברית.","Zum Gedenken an die Familie Ginzburg, Ramat HaKovesh, Familie von Nehemia Ginzburg. Hebräisch.","In memory of the Ginzburg family, Ramat HaKovesh, family of Nehemia Ginzburg. Hebrew.",Hebrew,Unrecognized,,original,Ginzburg Family,,,,
IL-MTFN-001-G-F-0459-008-R0003,IL-MTFN-001-G-F-0459-008,לזכרו של יוחנן גינת,"לזכרו של יוחנן גינת, חבר נעורים של ז'ני נחמני. היה איש חינוך ופעיל בעליית הנוער. עברית.","Zum Gedenken an Jochanan Ginat, ein Jugendfreund von Jenny Nechmani. Er war ein Pädagoge und Aktivist in der Jugend-Alija. Hebräisch.","In memory of Yohanan Ginat, a childhood friend of Jenny Nechmani. He was an educator and activist in Youth Aliyah. Hebrew.",Hebrew,לא מזוהה,,original,יוחנן גינת,,,,
IL-MTFN-001-G-F-0459-008-R0004,IL-MTFN-001-G-F-0459-008,In Memory of Otto Rosenbaum,"לזכרו של אוטו רוזנבאום 1912;1941, יליד דנציג, חבר ב""ברית הבונים"". (2 עותקים). עברית.","Zum Gedenken an Otto Rosenbaum 1912;1941, geboren in Danzig, Mitglied der ""Brith HaBonim"". (2 Kopien). Hebräisch.","In memory of Otto Rosenbaum 1912;1941, born in Danzig, member of ""Brith HaBonim"". (2 copies). Hebrew.",Hebrew,לא מזוהה,,copy,Otto Rosenbaum,,,,
IL-MTFN-001-G-F-0459-008-R0005,IL-MTFN-001-G-F-0459-008,In memory of Gershon Ostrowski,"לזכרו של גרשון אוסטרובסקי, 1900;1985. עברית.","Zum Gedenken an Gershon Ostrowski, 1900;1985. Hebräisch.","In memory of Gershon Ostrowski, 1900;1985. Hebrew.",Hebrew,לא מזוהה,,other,Gershon Ostrowski,,,,
IL-MTFN-001-G-F-0459-008-R0007,IL-MTFN-001-G-F-0459-008,Words in Memory of Amati Nachmani,"דברים לזכרו של אמתי נחמני, בנם של עדי וז'ני, נהרג במלחמת יום כיפור. הדברים כתובים אנגלית הדפסה, ללא שם הכותב וללא תאריך.","Worte zum Gedenken an Amati Nachmani, Sohn von Adi und Jenny, getötet im Jom-Kippur-Krieg. Die Worte sind auf Englisch in Maschinenschrift geschrieben, ohne Namen des Autors und ohne Datum.","Words in memory of Amati Nachmani, son of Adi and Jenny, killed in the Yom Kippur War. The words are written in English typewriting, without the author's name and without a date.",English,Letter,typewriting,original,Amati Nachmani,,,,
IL-MTFN-001-G-F-0459-010-R0006,IL-MTFN-001-G-F-0459-010,"Letter from Adi to Eliyahu Nachmanzon, 1942","1.12.1942 עדי, גדרה, כותב אל אביו, אליהו נחמנזון בחולתה, מברך אותו ליום הולדתו, מעודד אותו בין היתר באמצעות הצאצאים שנולדים לו. גרמנית כתב יד.","1.12.1942 Adi, Gedera, schreibt an seinen Vater, Eliyahu Nachmanzon in Hulata, gratuliert ihm zum Geburtstag und ermutigt ihn unter anderem durch die Nachkommen, die ihm geboren werden. Deutsche Handschrift.","1.12.1942 Adi, Gedera, writes to his father, Eliyahu Nachmanzon in Hulata, congratulates him on his birthday, and encourages him, among other things, through the descendants being born to him. German handwriting.",German,מכתב|Letter,handwriting,original,Eliyahu Nachmanzon,1942-12-01,,,
IL-MTFN-001-G-F-0459-011-R0001,IL-MTFN-001-G-F-0459-011,"Memorial for Georges, May 1958","דברים שנאמרו באזכרה לז'ורז', חודש אחרי פטירתו בלונדון במאי 1958. חברים מעלים את זכרו ופועלו. עברית הדפסה, סה""כ 13 עמודים. (2 עותקים). (ז'ורז' פפה יובא לקבורה בירושלים במאי 1959).","Worte, die bei der Gedenkfeier für Georges, einen Monat nach seinem Tod in London im Mai 1958, gesprochen wurden. Freunde erinnern sich an sein Leben und Werk. Hebräisch, Maschinenschrift, insgesamt 13 Seiten. (2 Kopien). (Georges Pape wurde im Mai 1959 in Jerusalem beigesetzt).","Words spoken at the memorial for Georges, a month after his death in London in May 1958. Friends recall his memory and work. Hebrew typewritten, total of 13 pages. (2 copies). (Georges Pape was buried in Jerusalem in May 1959).",Hebrew,נאום|Speech,typewriting,copy,ז'ורז' פפה,1958-06,,,13
IL-MTFN-001-G-F-0459-011-R0004,IL-MTFN-001-G-F-0459-011,"Letter from Georges Pape to his parents, 11.5.1938","11.5.1938 ז'ורז' פפה כותב להוריו מציריך, מדגיש בראש המכתב: רק לאמא ואבא. את מכתבו הארוך הוא פותח ב-: יקיריי. במכתב בן 21 העמודים הוא סוקר ומבהיר נושאים שונים: חייו האישיים, מצב היהודים בגרמניה ולדנציג, קרובים ומכירים בדנציג, אצל אני Anni, פרומה Frumma, גייה Gija, סוניה; אוסייה; Sonia; Ossia ואחרים. בסוף המכתב הוא מודה שהמכתב מאד ארוך אך הוא חייב היה לשפוך את ליבו ולדווח להם באריכות. גרמנית כתב יד.","11.5.1938 Georges Pape schreibt aus Zürich an seine Eltern, betont am Anfang des Briefes: Nur für Mama und Papa. Er beginnt seinen langen Brief mit: Meine Lieben. In dem 21-seitigen Brief behandelt und klärt er verschiedene Themen: sein persönliches Leben, die Lage der Juden in Deutschland und Danzig, Verwandte und Bekannte in Danzig, bei Anni, Frumma, Gija, Sonia, Ossia und anderen. Am Ende des Briefes gibt er zu, dass der Brief sehr lang ist, aber er musste sein Herz ausschütten und ihnen ausführlich berichten. Deutsch Handschrift.","11.5.1938 Georges Pape writes to his parents from Zurich, emphasizing at the top of the letter: Only for Mom and Dad. He begins his long letter with: My dear ones. In the 21-page letter, he reviews and clarifies various topics: his personal life, the situation of Jews in Germany and Danzig, relatives and acquaintances in Danzig, with Anni, Frumma, Gija, Sonia, Ossia, and others. At the end of the letter, he admits that the letter is very long, but he had to pour out his heart and report to them in detail. German handwriting.",German,מכתב|Letter,handwriting,original,,1938-05-11,,,21
IL-MTFN-001-G-F-0459-014-R0001,IL-MTFN-001-G-F-0459-014,Translation of Ze'ev Lisner's Memoirs,התכתבות בנושא: תרגום הזכרונות של זאב ליסנר; טיוטת התרגום עמודים 98;216,Korrespondenz zum Thema: Übersetzung der Erinnerungen von Ze'ev Lisner; Übersetzungsentwurf Seiten 98;216,Correspondence on the subject: Translation of the memoirs of Ze'ev Lisner; Translation draft pages 98;216,Hebrew,מכתב|Letter,,draft,Ze'ev Lisner,,,,
IL-MTFN-001-G-F-0459-017-R0001,IL-MTFN-001-G-F-0459-017,Life story of Gerdi Kaplan Mein Requiem,"סיפור חיים של גרדי קפלן Mein Requiem, גרמנית. 19.6.1986","Lebensgeschichte von Gerdi Kaplan Mein Requiem, Deutsch. 19.6.1986","Life story of Gerdi Kaplan Mein Requiem, German. 19.6.1986",German,Biography,,original,Gerdi Kaplan,1986-06-19,,,
IL-MTFN-001-G-F-0459-017-R0004,IL-MTFN-001-G-F-0459-017,Translation List by Adi Nachmani,כרטיסיה עם רשימת התרגומים שעשה עדי נחמני.,"Karteikarte mit einer Liste der Übersetzungen, die Adi Nachmani gemacht hat.",Card with a list of translations made by Adi Nachmani.,Hebrew,רשימה|List,handwriting,original,Adi Nachmani,,,,
IL-MTFN-001-G-F-0463-001-R0001,IL-MTFN-001-G-F-0463-001,Father's Memories by Hana Bastian,"חנה בסטיאן שלחה בדוא""ל את זיכרונות אביה אותם כתב ב-1975 בעברית.","Hana Bastian schickte per E-Mail die Erinnerungen ihres Vaters, die er 1975 auf Hebräisch schrieb.","Hana Bastian sent by email her father's memories, which he wrote in 1975 in Hebrew.",Hebrew,רשימות|Personal Notes,handwriting,original,,1975,,,
IL-MTFN-001-G-F-0463-001-R0002,IL-MTFN-001-G-F-0463-001,Memoirs of Community Rabbi and Cantors,"בזיכרונותיו יש התייחסות לרב הקהילה, שלמה ברויאר (החתן של רפאל הירש, ולחזנים פסחוביץ ושטינברגר. הוא מרחיב בכתיבתו:; על המשפחות מצד אביו (פרנקפורט) ואמו (קלן). על ביה""ס היהודי בו למד; לימודים אזרחיים-גרמנים לצד לימודי דת. על המנהגים והליטורגיה בבית הכנסת","In seinen Erinnerungen gibt es Hinweise auf den Gemeinderabbiner, Schlomo Breuer (der Schwiegersohn von Raphael Hirsch), und die Kantoren Paschowitz und Steinberger. Er erweitert seine Schriften: über die Familien väterlicherseits (Frankfurt) und mütterlicherseits (Köln). Über die jüdische Schule, die er besuchte; zivile deutsche Studien neben religiösen Studien. Über die Bräuche und Liturgie in der Synagoge.","In his memoirs, there is a reference to the community rabbi, Shlomo Breuer (the son-in-law of Raphael Hirsch), and the cantors Paschowitz and Steinberger. He expands in his writing: about the families on his father's side (Frankfurt) and his mother's side (Cologne). About the Jewish school he attended; civil German studies alongside religious studies. About the customs and liturgy in the synagogue.",Hebrew,רשימות|Personal Notes,,other,,,,,
IL-MTFN-001-G-F-0464-001-R0003,IL-MTFN-001-G-F-0464-001,Writings by Hedva Jacobson about Arnon Tamir,"עמוד כתוב עברית, הדפסה, דברים שכתבה חדווה יעקבסון (המפקידה) על דודה, ארנון תמיר (פישמן).","Eine Seite auf Hebräisch geschrieben, maschinenschriftlich, Dinge, die Hedva Jacobson (die Einlieferin) über ihren Onkel Arnon Tamir (Fishman) geschrieben hat.","A page written in Hebrew, typewritten, things written by Hedva Jacobson (the depositor) about her uncle, Arnon Tamir (Fishman).",Hebrew,Letter,typewriting,original,Arnon Tamir,,,,
IL-MTFN-001-G-F-0469-003-R0001,IL-MTFN-001-G-F-0469-003,פנקס אירועים ותאריכים של שאול ברנהרד,"פנקס קטן בו רשם שאול ברנהרד אירועים ותאריכים חשובים לו. הרישום נעשה בין השנים 1831;1859. הרשימות לא נרשמו כרונולוגית. מתוך הפנקס הודפסו מספר רשימות שמלמדים על המשפחה הגרעינית והמורחבת, העסקים וחוכמתו של הכותב. ההדפסה נעשתה ע""י מרים פולין בשפת המקור, גרמנית.","Ein kleines Notizbuch, in dem Saul Bernhard wichtige Ereignisse und Daten für ihn aufzeichnete. Die Aufzeichnungen wurden zwischen den Jahren 1831 und 1859 gemacht. Die Aufzeichnungen wurden nicht chronologisch gemacht. Aus dem Notizbuch wurden mehrere Aufzeichnungen gedruckt, die über die Kern- und erweiterte Familie, die Geschäfte und die Weisheit des Autors lehren. Der Druck wurde von Miriam Polin in der Originalsprache, Deutsch, gemacht.","A small notebook in which Saul Bernhard recorded important events and dates for him. The entries were made between the years 1831 and 1859. The entries were not recorded chronologically. Several entries were printed from the notebook, which teach about the nuclear and extended family, the businesses, and the wisdom of the writer. The printing was done by Miriam Polin in the original language, German.",German,פנקס|Notepad,handwriting,original,שאול ברנהרד,1831,,,
IL-MTFN-001-G-F-0469-003-R0002,IL-MTFN-001-G-F-0469-003,צילום פנקס עם תאריכים של שאול ברנהרד,"צילום של הפנקס הנ""ל עם ציון תאריך הלידה ופטירה של שאול ברנהרד.",Foto des oben genannten Notizbuchs mit Angabe des Geburts- und Sterbedatums von Saul Bernhard.,Photo of the aforementioned notebook with the birth and death date of Saul Bernhard.,Unspecified,פנקס|Notepad,photography,copy,שאול ברנהרד,,,,
IL-MTFN-001-G-F-0469-003-R0003,IL-MTFN-001-G-F-0469-003,יומן נסיעה של שאול ברנהרד,"יומן נסיעה, שכתב שאול ברנהרד בשנת 1844. כתב יד בעיפרון.","Reisetagebuch, geschrieben von Saul Bernhard im Jahr 1844. Handschrift mit Bleistift.","Travel diary, written by Saul Bernhard in 1844. Handwritten in pencil.",Hebrew,יומן|Diary,handwriting,original,שאול ברנהרד,1844,,,
IL-MTFN-001-G-F-0469-003-R0004,IL-MTFN-001-G-F-0469-003,פנקס צבאי של היינריך ברנהרד,"פנקס צבאי של היינריך ברנהרד (הבן של שאול), יליד 1848, התנדב לצבא ב-1869.","Militärbuch von Heinrich Bernhard (Sohn von Saul), geboren 1848, trat 1869 in die Armee ein.","Military notebook of Heinrich Bernhard (son of Saul), born in 1848, volunteered for the army in 1869.",Other,פנקס|Notepad,,original,היינריך ברנהרד,1869,,,
IL-MTFN-001-G-F-0469-003-R0005,IL-MTFN-001-G-F-0469-003,"War Diary, Franco-Prussian War 1870/71","יומן מלחמה, מלחמת גרמניה צרפת 1870/71. לא ידוע מי כתב את היומן. היומן כתוב גרמנית גותית, כתב יד. אל היומן מצורפת עבודת שכתוב של היומן בגרמנית קריאה.","Kriegstagebuch, Deutsch-Französischer Krieg 1870/71. Es ist nicht bekannt, wer das Tagebuch geschrieben hat. Das Tagebuch ist in gotischer deutscher Handschrift geschrieben. Dem Tagebuch ist eine Umschrift des Tagebuchs in lesbarer deutscher Schrift beigefügt.","War diary, Franco-Prussian War 1870/71. It is not known who wrote the diary. The diary is written in Gothic German handwriting. A rewritten version of the diary in readable German is attached to the diary.",German,יומן|Diary,handwriting,original,,,,,
IL-MTFN-001-G-F-0469-006-R0002,IL-MTFN-001-G-F-0469-006,Information about the Bernhard Family and Gurs Camp,"מידע על משפחת ברנהרד ומחנה גורס (גיירס), כתבה לילי אתאי לבית ברנהרד.","Information über die Familie Bernhard und das Lager Gurs (Giers), geschrieben von Lili Atai geborene Bernhard.","Information about the Bernhard family and the Gurs (Giers) camp, written by Lili Atai née Bernhard.",Hebrew,Article,,original,Bernhard,,,,
IL-MTFN-001-G-F-0469-008-R0007,IL-MTFN-001-G-F-0469-008,Documents of Eva Bernhard in French,"צילום, מסמכים של אווה ברנהרד בשפה הצרפתית.","Fotografie, Dokumente von Eva Bernhard in französischer Sprache.","Photograph, documents of Eva Bernhard in French.",Other,מסמך מתורגם|Translated Document,,copy,אווה ברנהרד,,,,
IL-MTFN-001-G-F-0470-001-R0002,IL-MTFN-001-G-F-0470-001,Professional Biography of Theodor Wiegand,"שני עמודים עם קורות חייו המקצועיים של תאודור ויגנד Theodor Wiegand בעברית, הדפסה.","Zwei Seiten mit dem beruflichen Lebenslauf von Theodor Wiegand auf Hebräisch, Maschinenschrift.","Two pages with the professional biography of Theodor Wiegand in Hebrew, typewritten.",Hebrew,קורות חיים|Biography,typewriting,original,Theodor Wiegand,,,,2
IL-MTFN-001-G-F-0470-001-R0008,IL-MTFN-001-G-F-0470-001,Envelope with Photographs of Julius Hilzen's Documents,"מעטפה עם תצלומי מסמכים של יוליוס הילזן, שצולמו בארכיון בפרנקפורט על המיין. המסמכים: מספר דפים מתוך ספר שנכתב לכבודו של פרופ' הילזן.","Umschlag mit Fotografien von Dokumenten von Julius Hilzen, die im Archiv in Frankfurt am Main aufgenommen wurden. Die Dokumente: mehrere Seiten aus einem Buch, das zu Ehren von Prof. Hilzen geschrieben wurde.","Envelope with photographs of documents of Julius Hilzen, taken in the archive in Frankfurt am Main. The documents: several pages from a book written in honor of Prof. Hilzen.",Hebrew|German,מעטפה|Envelope|תצלום|Photograph,photography,copy,Julius Hilzen,,,,
IL-MTFN-001-G-F-0470-002-R0001,IL-MTFN-001-G-F-0470-002,Family Tree of Hilzen & Goldschmidt Families,"אילן יוחסין של משפחות הילזן & גולדשמידט, 5 דורות, מתחילת המאה ה-18 עד שנות ה-50 למאה ה-20.","Stammbaum der Familien Hilzen & Goldschmidt, 5 Generationen, vom Anfang des 18. Jahrhunderts bis in die 50er Jahre des 20. Jahrhunderts.","Family tree of the Hilzen & Goldschmidt families, 5 generations, from the early 18th century to the 1950s.",Unspecified,לא מזוהה,,original,,,,,
IL-MTFN-001-G-F-0470-002-R0003,IL-MTFN-001-G-F-0470-002,יוליוס הילזן כתב יד,"יוליוס הילזן כתב, גרמנית כתב יד, ללא תאריך.","Julius Hilzen schrieb, Handschrift auf Deutsch, ohne Datum.","Julius Hilzen wrote, German handwriting, no date.",German,מכתב|Letter,handwriting,original,יוליוס הילזן,,,,
IL-MTFN-001-G-F-0470-003-R0002,IL-MTFN-001-G-F-0470-003,Draft Biography of Miriam Neeman,"העתק, טיוטת ביוגרפיה של מרים נאמן (נכתבה לפירסום כל שהוא), גרמנית הדפסה, 2005.","Kopie, Entwurf einer Biografie von Miriam Neeman (geschrieben für eine Veröffentlichung), Deutsch, Maschinenschrift, 2005.","Copy, draft biography of Miriam Neeman (written for some publication), German, typewritten, 2005.",German,טיוטה|Draft,typewriting,copy,מרים נאמן,2005,,,
IL-MTFN-001-G-F-0470-003-R0004,IL-MTFN-001-G-F-0470-003,Letters to Miriam from Adela Hilzen,"מכתבים אל מרים מאת אמה, אדלה הילזן 1882;1958 בישראל. בין היתר: ברכות ליום הולדת ופירוט המתנות שתשלחנה אליה. יוקר המחייה והעזרה הכספית, של אחיה, פאול באנגליה. הקרבות בין היפנים לאמריקאים. הבת רות והבן ריינהולד; אחים של מרים. גרמנית כתב יד, ללא תאריך.","Briefe an Miriam von ihrer Mutter, Adela Hilzen 1882;1958 in Israel. Unter anderem: Geburtstagsgrüße und eine Auflistung der Geschenke, die ihr geschickt werden. Die Lebenshaltungskosten und die finanzielle Unterstützung ihres Bruders Paul in England. Die Kämpfe zwischen den Japanern und Amerikanern. Die Tochter Ruth und der Sohn Reinhold; Geschwister von Miriam. Deutsche Handschrift, ohne Datum.","Letters to Miriam from her mother, Adela Hilzen 1882;1958 in Israel. Among other things: birthday greetings and a list of gifts to be sent to her. The cost of living and financial assistance from her brother Paul in England. The battles between the Japanese and Americans. The daughter Ruth and the son Reinhold; siblings of Miriam. German handwriting, undated.",German,מכתב|Letter,handwriting,original,Adela Hilzen,,,,
IL-MTFN-001-G-F-0470-003-R0005,IL-MTFN-001-G-F-0470-003,"Letter from Miriam to her mother Adela, 1937","1937/38 מרים בת ה;16/17 כותבת אל אמה, אדלה, מקיבוץ גבת (נמצאת שם ככל הנראה בחופשת הקיץ של ביה""ס). מספרת לאם על תנאי החיים, המגורים, העבודה במכבסה ובקטיף ענבים, החברים. היא מרוצה ונהנית אם כי לא קל לעבוד בחום הגדול של הצהריים. הקשר אל האם הדוק ואוהב כמו גם אל אחיה ריינהולד ואחותה רות. אחרי שהכירה את החיים בהתיישבות העובדת יהיה עליה להחליט מה מתאים לה יותר העיר או ההתיישבות העובדת. גרמנית כתב יד.","1937/38 Miriam, 16/17 Jahre alt, schreibt an ihre Mutter Adela aus dem Kibbuz Geva (vermutlich während der Sommerferien der Schule dort). Sie erzählt ihrer Mutter von den Lebensbedingungen, der Unterkunft, der Arbeit in der Wäscherei und der Traubenernte, den Freunden. Sie ist zufrieden und genießt es, obwohl es nicht einfach ist, in der großen Mittagshitze zu arbeiten. Die Verbindung zur Mutter ist eng und liebevoll, ebenso wie zu ihrem Bruder Reinhold und ihrer Schwester Ruth. Nachdem sie das Leben in der arbeitenden Siedlung kennengelernt hat, muss sie entscheiden, was ihr besser passt, die Stadt oder die arbeitende Siedlung. Deutsch Handschrift.","1937/38 Miriam, aged 16/17, writes to her mother, Adela, from Kibbutz Geva (apparently there during the school's summer vacation). She tells her mother about the living conditions, the accommodation, the work in the laundry and grape picking, the friends. She is satisfied and enjoys it, although it is not easy to work in the great midday heat. The connection to the mother is close and loving, as well as to her brother Reinhold and her sister Ruth. After experiencing life in the working settlement, she will have to decide what suits her better, the city or the working settlement. German handwriting.",German,מכתב|Letter,handwriting,original,Miriam,1937,,,
IL-MTFN-001-G-F-0470-004-R0006,IL-MTFN-001-G-F-0470-004,Notebook with texts by Prof. Julius Hilzen,פנקס עם רישומי; טקסטים של פרופ' יוליוס הילזן. הכתיבה מהשנים 1910;1914. גרמנית כתב יד.,Notizbuch mit Aufzeichnungen; Texte von Prof. Julius Hilzen. Die Schrift aus den Jahren 1910;1914. Deutsche Handschrift.,Notebook with records; texts by Prof. Julius Hilzen. The writing from the years 1910;1914. German handwriting.,German,פנקס|Notepad,handwriting,original,יוליוס הילזן,1910,,,
IL-MTFN-001-G-F-0470-005-R0005,IL-MTFN-001-G-F-0470-005,מחברת עבודת הגמר של יוליוס הילזן בארכיטקטורה עתיקה,"מחברת, עבודת הגמר של יוליוס הילזן בארכיטקטורה עתיקה, לקבלת תואר ""דוקטור"". 1896/97. לצד הכתיבה, כתב יד, יש שרטוטים וציורים רבים של פרטים ארכיטקטונים.","Notizbuch, die Abschlussarbeit von Julius Hilzen in antiker Architektur, für den Erhalt des Titels ""Doktor"". 1896/97. Neben dem Schreiben, Handschrift, gibt es viele Zeichnungen und Skizzen von architektonischen Details.","Notebook, the final thesis of Julius Hilzen in ancient architecture, for obtaining the title ""Doctor"". 1896/97. Alongside the writing, handwritten, there are many drawings and sketches of architectural details.",Hebrew,פנקס|Notepad,handwriting,original,יוליוס הילזן,1896-1897,,,
IL-MTFN-001-G-F-0470-005-R0008,IL-MTFN-001-G-F-0470-005,תולדות חיים מאת יוליוס הילזן,"תולדות חיים, טיוטה, שכתב יוליוס הילזן ב=1912.","Lebenslauf, Entwurf, geschrieben von Julius Hilzen im Jahr 1912.","Biography, draft, written by Julius Hilzen in 1912.",Hebrew,קורות חיים|Biography|טיוטה|Draft,handwriting,draft,יוליוס הילזן,1912,,,
IL-MTFN-001-G-F-0470-005-R0012,IL-MTFN-001-G-F-0470-005,Eulogy for Prof. Dr. Julius Hilzen,"הספד לפרופ' ד""ר יוליוס הילזן, שכתב ד""ר יוליוס כהן Julius Cahn. גרמנית 4 עמ'.","Nachruf auf Prof. Dr. Julius Hilzen, geschrieben von Dr. Julius Cahn. Deutsch 4 Seiten.","Eulogy for Prof. Dr. Julius Hilzen, written by Dr. Julius Cahn. German 4 pages.",German,הספד|Eulogy,,original,Julius Hilzen,,,,4
IL-MTFN-001-G-F-0470-005-R0013,IL-MTFN-001-G-F-0470-005,Family Photos with Hebrew Translation of Julius Hilzen's Life History,"תמונות משפחתיות / חלקן עם כתובית; תרגום לעברית, כתב יד, של תולדות חיים של יוליוס הילזן.","Familienfotos / einige mit Beschriftung; Übersetzung ins Hebräische, Handschrift, der Lebensgeschichte von Julius Hilzen.","Family photos / some with captions; Hebrew translation, handwritten, of the life history of Julius Hilzen.",Hebrew|Other,תצלום|Translated Document,handwriting,other,יוליוס הילזן,,,,
IL-MTFN-001-G-F-0470-005-R0014,IL-MTFN-001-G-F-0470-005,Translation by Julius for Adela,"תרגום לעברית שכתב יוליוס לרעיתו אדלה. התרגום והכתיבה נעשו ע""י בתם, מרים נאמן, אחרי שחלתה באירוע מוחי. כתב היד והתוכן המתורגם קשים לקריאה והבנה. 4 עמודים. תאריך המכתב לא צוין.","Übersetzung ins Hebräische, die Julius für seine Frau Adela schrieb. Die Übersetzung und das Schreiben wurden von ihrer Tochter Miriam Neeman durchgeführt, nachdem sie einen Schlaganfall erlitten hatte. Die Handschrift und der übersetzte Inhalt sind schwer zu lesen und zu verstehen. 4 Seiten. Das Datum des Briefes ist nicht angegeben.","Translation into Hebrew written by Julius for his wife Adela. The translation and writing were done by their daughter, Miriam Neeman, after she suffered a stroke. The handwriting and translated content are difficult to read and understand. 4 pages. The date of the letter is not specified.",Hebrew,Letter,handwriting,other,,,,,4
IL-MTFN-001-G-F-0471-001-R0001,IL-MTFN-001-G-F-0471-001,Memoirs of Rudolf Moz from 1931/32,"רודולף מוז כתב את זכרונותיו מהשנים 1931/32 1700 עמודים. את הזכרונות כתב בשנים 1934;1944. מתאר את התקופה טרום עליית היטלר לשלטון. בין היתר: מתייחס להיטלר להינדנבורג לקומוניסטים. מרחיב לכתוב על מפעל הנעליים סלמנדרה, שמשפחתו היתה בין המייסדים והמנהלים שלה. החומר מיוחס לפעילות בגרמניה ואירופה. אין איזכור לישראל.","Rudolf Moz schrieb seine Erinnerungen aus den Jahren 1931/32, 1700 Seiten. Die Erinnerungen wurden in den Jahren 1934;1944 geschrieben. Beschreibt die Zeit vor Hitlers Machtergreifung. Unter anderem: bezieht sich auf Hitler, Hindenburg, die Kommunisten. Erweitert über die Schuhfabrik Salamander, deren Mitbegründer und Manager seine Familie war. Das Material bezieht sich auf Aktivitäten in Deutschland und Europa. Es gibt keinen Hinweis auf Israel.","Rudolf Moz wrote his memoirs from the years 1931/32, 1700 pages. The memoirs were written in the years 1934;1944. Describes the period before Hitler's rise to power. Among other things: refers to Hitler, Hindenburg, the Communists. Expands on the Salamander shoe factory, which his family was among the founders and managers of. The material relates to activities in Germany and Europe. There is no mention of Israel.",German,רשימות|Personal Notes,handwriting,original,Rudolf Moz,1934,,,1700
IL-MTFN-001-G-F-0473-001-R0003,IL-MTFN-001-G-F-0473-001,Biography by Werner Baruch's Daughter,"הפקדה נוספת ב 26;09;2018; בלי תאריך, ביוגרפיה שכתבה הבת של ורנר ברוך בדף אחד, אנגלית, מודפס;","Zusätzliche Einzahlung am 26.09.2018; ohne Datum, Biografie, die von der Tochter von Werner Baruch auf einer Seite geschrieben wurde, Englisch, gedruckt;","Additional deposit on 26.09.2018; without date, biography written by the daughter of Werner Baruch on one page, English, printed;",English,ביוגרפיה|Biography,typewriting,original,Werner Baruch,,,,1
IL-MTFN-001-G-F-0474-001-R0001,IL-MTFN-001-G-F-0474-001,Memory Book by German Emigrant Girls,"ספר זכרונות בו כתבו בנות בין השנים 1938; 1941, אין איורים. הזכרונות משנת 1940 נכתבו ע""י ילדות, מהגרות מגרמניה לאוסטרליה.","Erinnerungsbuch, in dem Mädchen zwischen 1938 und 1941 schrieben, keine Illustrationen. Die Erinnerungen aus dem Jahr 1940 wurden von Mädchen geschrieben, die aus Deutschland nach Australien emigrierten.","Memory book in which girls wrote between 1938 and 1941, no illustrations. The memories from 1940 were written by girls, emigrants from Germany to Australia.",Hebrew|German,ספר זכרונות|Memory Book,handwriting,original,,1940,,,
IL-MTFN-001-G-F-0475-001-R0001,IL-MTFN-001-G-F-0475-001,Details about Carola & Adolf Natanson,"דף עם פרטים על הוריה קרולה & אדולף נתנזון, כתבה אילנה לרר לבית נתנזון.","Ein Blatt mit Details über ihre Eltern Carola & Adolf Natanson, geschrieben von Ilana Lerner geborene Natanson.","A page with details about her parents Carola & Adolf Natanson, written by Ilana Lerner née Natanson.",Hebrew,Note,,original,,,,,
IL-MTFN-001-G-F-0475-001-R0002,IL-MTFN-001-G-F-0475-001,"Carola's Work Notebook, 1934","פנקס עבודה של קרולה, 1934, מנהיים, גרמניה.","Arbeitsbuch von Carola, 1934, Mannheim, Deutschland.","Work notebook of Carola, 1934, Mannheim, Germany.",German,פנקס|Notepad,,original,Carola,1934,,,
IL-MTFN-001-G-F-0475-001-R0003,IL-MTFN-001-G-F-0475-001,Memory Book of Carola,"ספר זכרונות של קרולה, הכתיבה בין השנים 1918;1929. הספר ניתן לה במתנה ע""י אחותה הלנה.","Erinnerungsbuch von Carola, geschrieben zwischen den Jahren 1918 und 1929. Das Buch wurde ihr von ihrer Schwester Helena geschenkt.","Memory book of Carola, written between the years 1918 and 1929. The book was given to her as a gift by her sister Helena.",Unspecified,ספר זכרונות|Memory Book,,original,Carola,1918,,,
IL-MTFN-001-G-F-0475-001-R0005,IL-MTFN-001-G-F-0475-001,Notes from Karola to Police and Family,"12.8.1933 פתקאות, שקרולה כותבת ושולחת מבית המעצר אל מפקד המשטרה, אל משפחתה ועוד.","12.8.1933 Notizen, die Karola aus dem Gefängnis an den Polizeikommandanten, ihre Familie und andere schreibt und sendet.","12.8.1933 Notes that Karola writes and sends from the detention center to the police commander, her family, and others.",Hebrew,פתק|Note,handwriting,original,,1933-08-12,,,
IL-MTFN-001-G-F-0475-001-R0008,IL-MTFN-001-G-F-0475-001,Character Analysis of Carola,"28.7.1935 שני דפים עם ניתוח אופי, של קרולה. גרמנית, כתב יד.","28.7.1935 Zwei Seiten mit Charakteranalyse von Carola. Deutsch, Handschrift.","28.7.1935 Two pages with character analysis of Carola. German, handwritten.",German,רשימות|Personal Notes,handwriting,original,Carola,1935-07-28,,,2
IL-MTFN-001-G-F-0476-001-R0001,IL-MTFN-001-G-F-0476-001,Explanations for the Album by Rotem Versano,"דברי הסבר לאלבום, שכתבה רותם ורסנו.","Erklärungen zum Album, geschrieben von Rotem Versano.","Explanations for the album, written by Rotem Versano.",Hebrew,Note,,original,Rotem Versano,,,,
IL-MTFN-001-G-F-0477-001-R0001,IL-MTFN-001-G-F-0477-001,Family Explanations by Ada Pomeranz,"דף עם הסברים על המשפחה, נכתב ע""י התורמת, עדה פומרנץ לבית גרינולד.","Seite mit Erklärungen über die Familie, geschrieben von der Spenderin, Ada Pomeranz geborene Grünwald.","Page with explanations about the family, written by the donor, Ada Pomeranz née Greenwald.",Hebrew,Note,handwriting,original,Ada Pomeranz,,,,
IL-MTFN-001-G-F-0478-001-R0001,IL-MTFN-001-G-F-0478-001,Summary of Gertrud's Biography,"דף עם תמצית הביוגרפיה של גרטרוד, על פי שנים. גרמנית הדפסה.","Seite mit der Zusammenfassung der Biografie von Gertrud, nach Jahren. Deutsch Schreibmaschine.","Page with the summary of Gertrud's biography, by years. German typewriting.",German,Biography,typewriting,original,Gertrud,,,,
IL-MTFN-001-G-F-0478-001-R0002,IL-MTFN-001-G-F-0478-001,זיכרונות גרטרוד מאייר,"אסופה מודפסת, גרמנית, הזיכרונות של גרטרוד מאייר מהילדות, הנעורים והמקצוע. המקור להדפסה הם מתוך רשימותיה של גרטרוד מאייר, אשר נמצאו בעיזבונה. העריכה/הדפסה מ-1951. סה""כ 127 עמודים.","Eine gedruckte Sammlung, Deutsch, die Erinnerungen von Gertrud Meyer aus Kindheit, Jugend und Beruf. Die Quelle für den Druck sind aus den Notizen von Gertrud Meyer, die in ihrem Nachlass gefunden wurden. Die Bearbeitung/Druck von 1951. Insgesamt 127 Seiten.","A printed collection, German, the memories of Gertrud Meyer from childhood, youth, and profession. The source for the printing is from the notes of Gertrud Meyer, found in her estate. Edited/printed in 1951. Total of 127 pages.",German,מסמך מתורגם|Translated Document,print,original,גרטרוד מאייר,,1951,,127
IL-MTFN-001-G-F-0478-001-R0004,IL-MTFN-001-G-F-0478-001,Letter from Hedwig Meyer to Gertrud,"ללא תאריך, מכתב אל גרטרוד מאת, הדוויג מאייר Hedwig Meyer אמא שלה. בין היתר: האם שמחה מאד שנכדתה בריטה Britta תהיה בקרבתה לאור ההחלטה של ההורים (אוטו & גרטרוד) לשלוח אותה ללמוד בפנימיה בעיר שסבתה חיה. גם לני Leni הבת השניה שלה (אחותה של גרטרוד) שמחה מאד. האירועים במכתב מלמדים שהוא נכתב בגרמניה. גרמנית כתב יד. מצורפת הדפסת המקור, ע""י מרים פולין מרץ 2014.","Ohne Datum, Brief an Gertrud von Hedwig Meyer, ihrer Mutter. Unter anderem: Die Mutter freut sich sehr, dass ihre Enkelin Britta in ihrer Nähe sein wird, aufgrund der Entscheidung der Eltern (Otto & Gertrud), sie auf ein Internat in der Stadt zu schicken, in der die Großmutter lebt. Auch Leni, ihre zweite Tochter (Gertruds Schwester), freut sich sehr. Die Ereignisse im Brief deuten darauf hin, dass er in Deutschland geschrieben wurde. Handschrift auf Deutsch. Das Original wurde im März 2014 von Miriam Polin gedruckt.","Undated, letter to Gertrud from Hedwig Meyer, her mother. Among other things: The mother is very happy that her granddaughter Britta will be near her due to the parents' (Otto & Gertrud) decision to send her to a boarding school in the city where the grandmother lives. Leni, her second daughter (Gertrud's sister), is also very happy. The events in the letter indicate it was written in Germany. German handwriting. The original print was attached by Miriam Polin in March 2014.",German,מכתב|Letter,handwriting,original,Hedwig Meyer,,2014-03,,
IL-MTFN-001-G-F-0478-004-R0001,IL-MTFN-001-G-F-0478-004,"Letters to Susanna Meyer, 1883","המכתבים נכתבים אל הבת סוזאנה בשנת 1883, הודפסו מהמקור ע""י דינה מאייר, הבת של יוסטוס מאייר, הנכדה של אוטו מאייר, הנינה של סוזאנה מאייר.","Die Briefe sind an die Tochter Susanna im Jahr 1883 geschrieben, vom Original gedruckt von Dina Meyer, der Tochter von Justus Meyer, der Enkelin von Otto Meyer, der Urenkelin von Susanna Meyer.","The letters are written to the daughter Susanna in the year 1883, printed from the original by Dina Meyer, the daughter of Justus Meyer, the granddaughter of Otto Meyer, the great-granddaughter of Susanna Meyer.",Hebrew,מכתב|Letter,typewriting,copy,Susanna Meyer,1883,,,
IL-MTFN-001-G-F-0478-008-R0005,IL-MTFN-001-G-F-0478-008,Writing by Justus on Hermann Lietz's Book,"19.10.1992 כתיבה של יוסטוס תוך התייחסות לספרו של הרמן ליץ Hermann Lietz, זיכרונות חיים Lebenserinnerungen. גרמנית הדפסה, 5 עמודים.","19.10.1992 Schreiben von Justus unter Bezugnahme auf das Buch von Hermann Lietz, Lebenserinnerungen. Deutsch, Maschinenschrift, 5 Seiten.","19.10.1992 Writing by Justus referring to the book by Hermann Lietz, Life Memories. German, typewritten, 5 pages.",German,Letter,typewriting,original,Hermann Lietz,1992-10-19,,,5
IL-MTFN-001-G-F-0478-008-R0009,IL-MTFN-001-G-F-0478-008,Thoughts for 1991 in the Justus Meyer Family,"23.12.1991 יוסטוס כותב: Gedanken zum Jahr 1991 in der Familie Justus Meyer תרגום: מחשבות לשנת 1991 במשפחת יוסטוס מאייר. אירועים והתרחשויות פנים משפחתיות. גרמנית הדפסה, 5 עמודים.","Gedanken zum Jahr 1991 in der Familie Justus Meyer. Ereignisse und innerfamiliäre Geschehnisse. Deutsch, Maschinenschrift, 5 Seiten.","Thoughts for the year 1991 in the Justus Meyer family. Events and intra-family occurrences. German, typewritten, 5 pages.",German,מכתב|Letter,typewriting,original,Justus Meyer,1991-12-23,,,5
IL-MTFN-001-G-F-0478-008-R0011,IL-MTFN-001-G-F-0478-008,Wie ich die Hitlerzeit sah und verstand,"ללא תאריך, יוסטוס מאייר כותב: Wie ich die Hitlerzeit sah und verstand תרגום: איך ראיתי והבנתי את תקופת היטלר. גרמנית הדפסה, 12 עמודים.","Ohne Datum, Justus Meyer schreibt: Wie ich die Hitlerzeit sah und verstand Übersetzung: Wie ich die Hitlerzeit sah und verstand. Deutsch Maschinenschrift, 12 Seiten.","Without date, Justus Meyer writes: How I saw and understood the Hitler era Translation: How I saw and understood the Hitler era. German typewritten, 12 pages.",German,Translated Document,typewriting,original,Justus Meyer,,,,12
IL-MTFN-001-G-F-0478-017-R0005,IL-MTFN-001-G-F-0478-017,Michael's School Experiences,"וו. מאייר; מיכאל כתב את הקורות אותו בתקופת ביה""ס. ללא תאריך, גרמנית הדפסה. סה""כ 20 עמודים.","W. Meier; Michael schrieb seine Erlebnisse während der Schulzeit. Ohne Datum, Deutsch, Maschinenschrift. Insgesamt 20 Seiten.","W. Meier; Michael wrote about his experiences during school. No date, German, typewritten. Total of 20 pages.",German,רשימות|Personal Notes,typewriting,original,,,,,20
IL-MTFN-001-G-F-0479-001-R0001,IL-MTFN-001-G-F-0479-001,Biography of Max Rehan by Reuven Asor,"ראובן עשור כתב את קורות אביו, מקס ריהן 1891;1984, יליד קניגסברג, בעברית, 19 עמודים.","Reuven Asor schrieb die Lebensgeschichte seines Vaters, Max Rehan 1891;1984, geboren in Königsberg, auf Hebräisch, 19 Seiten.","Reuven Asor wrote the biography of his father, Max Rehan 1891;1984, born in Königsberg, in Hebrew, 19 pages.",Hebrew,קורות חיים|Biography,,original,Max Rehan,,,,19
IL-MTFN-001-G-F-0480-001-R0001,IL-MTFN-001-G-F-0480-001,Memory Book of Willy Schmelinsky,"ספר זכרונות של וילי שמלינסקי. מעט כתיבה בספר, בין השנים 1895 ו;1897.","Erinnerungsbuch von Willy Schmelinsky. Wenig Schrift im Buch, zwischen den Jahren 1895 und 1897.","Memory book of Willy Schmelinsky. Little writing in the book, between the years 1895 and 1897.",Unspecified,ספר זכרונות|Memory Book,,original,Willy Schmelinsky,1895,,,
IL-MTFN-001-G-F-0480-001-R0012,IL-MTFN-001-G-F-0480-001,Mourning Album for Max Weiss,"אלבום אבל עם ציון תאריכי ההזכרה למקס וייס Max Weiss, אביה של אדית שמלינסקי, שנפטר ב-3 לאוגוסט 1932.","Traueralbum mit Angabe der Gedenkdaten für Max Weiss, den Vater von Edith Schmelinsky, der am 3. August 1932 verstorben ist.","Mourning album with mention of the memorial dates for Max Weiss, the father of Edith Schmelinsky, who passed away on August 3, 1932.",Hebrew|German,אלבום|Album,,original,Max Weiss,1932-08-03,,,
