dcterms:identifier,dcterms:isPartOf,dcterms:title,description_he,description_de,description_en,ric-o:hasOrHadLanguage,ric-o:hasDocumentaryFormType,ric-o:hasProductionTechniqueType,ric-o:hasRecordState,ric-o:hasOrHadMainSubject,ric-o:hasCreationDate,ric-o:hasPublicationDate,arkivo:creationPlace,bibo:numPages
IL-MTFN-001-G-F-0003-002-R0001,IL-MTFN-001-G-F-0003-002,Jüdische Gemeinde Sign from Australian Camp,שלט מקרטון מצויר וצבוע עליו כתוב Jüdische Gemeinde. השלט שמור מאחורי זכוכית ממוסגרת (כתמונה). השלט הוכן ושימש את העצורים היהודים במחנה באוסטרליה. השלט הוצג במוזיאון תפן עד עיצוב המוזיאון מחדש ב-2004-2005.,Ein bemaltes und gefärbtes Kartonschild mit der Aufschrift Jüdische Gemeinde. Das Schild wird hinter gerahmtem Glas (wie ein Bild) aufbewahrt. Das Schild wurde von den jüdischen Häftlingen im Lager in Australien vorbereitet und verwendet. Das Schild wurde im Tefen Museum bis zur Neugestaltung des Museums in den Jahren 2004-2005 ausgestellt.,A painted and colored cardboard sign with the inscription Jüdische Gemeinde. The sign is preserved behind framed glass (like a picture). The sign was prepared and used by the Jewish detainees in the camp in Australia. The sign was displayed in the Tefen Museum until the redesign of the museum in 2004-2005.,German,אלמנט גרפי|Graphic Element,drawing,original,,,,,
IL-MTFN-001-G-F-0003-003-R0001,IL-MTFN-001-G-F-0003-003,Two small woodworks from Australian detention camp,שתי עבודות עץ קטנות שבוצעו המחנה המעצר באוסטרליה. העבודות הוצגו במוזיאון תפן עד 2004-2005 עת עיצוב המוזיאון מחדש.,"Zwei kleine Holzarbeiten, die im Internierungslager in Australien ausgeführt wurden. Die Arbeiten wurden bis 2004-2005 im Tefen Museum ausgestellt, als das Museum neu gestaltet wurde.",Two small woodworks made in the detention camp in Australia. The works were displayed in the Tefen Museum until 2004-2005 when the museum was redesigned.,Unspecified,חפץ|Object,,other,,,,,
IL-MTFN-001-G-F-0004-001-R0003,IL-MTFN-001-G-F-0004-001,Humorous Newspaper for the Wedding of Richard Cohn and Gretel Windmüller,"עיתון הומוריסטי מ-1920 שנכתב לרגל נישואי ריכרד כהן עם גרטל לבית וינדמילר ברדה, גרמניה; .Richard Cohn, Gretel geb. Windmüller, Rehda.","Humoristische Zeitung von 1920, geschrieben anlässlich der Hochzeit von Richard Cohn mit Gretel geb. Windmüller in Rehda, Deutschland.","Humorous newspaper from 1920 written on the occasion of the marriage of Richard Cohn with Gretel née Windmüller in Rehda, Germany.",German,עיתון|Newspaper,print,original,Richard Cohn,1920,1920,,
IL-MTFN-001-G-F-0005-002-R0014,IL-MTFN-001-G-F-0005-002,Lea Reinus' Wedding Headscarf,מטפחת ראש בה כיסתה לאה ריינוס לבית אהרונסון את ראשה בעת נישואיה לר' אליהו ריינוס ב-1845. המטפחת מוצגת בתצוגת המוזיאון.,"Ein Kopftuch, mit dem Lea Reinus geb. Aharonson ihren Kopf bei ihrer Hochzeit mit Rabbi Eliyahu Reinus im Jahr 1845 bedeckte. Das Kopftuch wird in der Museumsausstellung gezeigt.",A headscarf with which Lea Reinus née Aharonson covered her head at her wedding to Rabbi Eliyahu Reinus in 1845. The headscarf is displayed in the museum exhibition.,Irrelevant,חפץ|Object,,original,Lea Reinus,1845,,,
IL-MTFN-001-G-F-0005-003-R0004,IL-MTFN-001-G-F-0005-003,Museum Exhibition Captions,כתוביות שהיו מוצגות בתצוגת המוזיאון עד 2005,"Beschriftungen, die bis 2005 in der Museumsausstellung gezeigt wurden",Captions that were displayed in the museum exhibition until 2005,Unspecified,לא מזוהה|Unrecognized,,other,,,2005,,
IL-MTFN-001-G-F-0008-001-R0009,IL-MTFN-001-G-F-0008-001,Photograph of a German Newspaper Article on Jewish Cemetery Memorial,צילום מאמר מתוך עיתון גרמני על טכס זיכרון לרגל מלאת 100 שנה לבית הקברות היהודי בהילדסהיים.,Fotografie eines Artikels aus einer deutschen Zeitung über eine Gedenkzeremonie anlässlich des 100-jährigen Bestehens des jüdischen Friedhofs in Hildesheim.,Photograph of an article from a German newspaper about a memorial ceremony on the occasion of the 100th anniversary of the Jewish cemetery in Hildesheim.,German,גזיר עיתון|News Clipping,photography,copy,,,,,
IL-MTFN-001-G-F-0008-001-R0012,IL-MTFN-001-G-F-0008-001,Newspaper Articles from Hildesheim,"מאמרי עיתונות מהילדסהיים 1952, 1972.","Zeitungsartikel aus Hildesheim 1952, 1972.","Newspaper articles from Hildesheim 1952, 1972.",German,גזיר עיתון|News Clipping,print,original,,,,,
IL-MTFN-001-G-F-0008-001-R0013,IL-MTFN-001-G-F-0008-001,Engagement Menu of Walter Loser and Edith Goldschmidt,תפריט לחגיגת האירוסין של ולטר לוזר עם אדית גולדשמידט 1921.,Menü für die Verlobungsfeier von Walter Loser mit Edith Goldschmidt 1921.,Menu for the engagement celebration of Walter Loser with Edith Goldschmidt 1921.,German,לא מזוהה,print,original,Walter Loser|Edith Goldschmidt,1921,,,
IL-MTFN-001-G-F-0008-001-R0019,IL-MTFN-001-G-F-0008-001,Postcards with Hildesheim motifs,"גלויות, בדר""כ עם מוטיבים של העיר הילדסהיים. חלק מהגלויות כתובות עבור משפחת לוזר או משפחת גולדשמידט, המחצית הראשונה של המאה ה-20.","Postkarten, meist mit Motiven der Stadt Hildesheim. Einige der Postkarten sind an die Familie Loser oder die Familie Goldschmidt adressiert, erste Hälfte des 20. Jahrhunderts.","Postcards, usually with motifs of the city of Hildesheim. Some of the postcards are addressed to the Loser family or the Goldschmidt family, first half of the 20th century.",Hebrew|German,גלויה|Postcard,other,original,,,,,
IL-MTFN-001-G-F-0008-001-R0020,IL-MTFN-001-G-F-0008-001,Postcards from Holiday Sites,"גלויות שנשלחו מאתרי חופש, המחצית הראשונה של המאה ה-20.","Postkarten, die von Urlaubsorten in der ersten Hälfte des 20. Jahrhunderts gesendet wurden.","Postcards sent from holiday sites, the first half of the 20th century.",Unspecified,גלויה|Postcard,,original,,,,,
IL-MTFN-001-G-F-0008-002-R0001,IL-MTFN-001-G-F-0008-002,"Festive Menu for Birthday Celebration by Loser, 1919","בתיק חומר רב מהפעילות החברתית של ""שעות הפנאי"": צילום ומקור של תפריט Speise Karte חגיגי לחגיגת יום הולדת, מעשה ידי לוזר מ-1919 (המקור היה ממוסגר ותלוי במוזיאון של ישראל שילוני בנהריה, הוצא מהמסגור בפברואר 2014);","In der Akte gibt es viele Materialien aus der sozialen Aktivität von ""Freizeit"": Foto und Original einer festlichen Speisekarte für eine Geburtstagsfeier, erstellt von Loser im Jahr 1919 (das Original war gerahmt und hing im Museum von Israel Shiloni in Nahariya, wurde im Februar 2014 aus dem Rahmen entfernt);","The file contains many materials from the social activity of ""Leisure"": Photo and original of a festive menu Speise Karte for a birthday celebration, made by Loser in 1919 (the original was framed and hung in the museum of Israel Shiloni in Nahariya, removed from the frame in February 2014);",Hebrew|German,מכתב|Letter,print,original,,1919,,,
IL-MTFN-001-G-F-0008-002-R0004,IL-MTFN-001-G-F-0008-002,French and German Newspaper Pages from 1915,דפי עיתונות צרפתית וגרמנית מ-1915;,Französische und deutsche Zeitungsseiten von 1915;,French and German newspaper pages from 1915;,German|Other,גזיר עיתון|News Clipping,print,original,,1915,1915,,
IL-MTFN-001-G-F-0009-002-R0007,IL-MTFN-001-G-F-0009-002,Concert Program in Bombay,תכניה של קונצרט בבומביי.,Programmheft eines Konzerts in Bombay.,Concert program in Bombay.,Unspecified,תכניה|Playbill,print,original,,,,,
IL-MTFN-001-G-F-0009-005-R0003,IL-MTFN-001-G-F-0009-005,Arm Band with Hebrew Inscription,סרט בד לענידה על הזרוע עם הכתובת בעברית: 'ועדת המצב המחלקה הכלכלית ועדת ארגוני נשים',"Stoffband zur Befestigung am Arm mit der Aufschrift auf Hebräisch: 'Zustandskomitee, Wirtschaftsabteilung, Frauenorganisationenkomitee'","Fabric band for wearing on the arm with the inscription in Hebrew: 'State Committee, Economic Department, Women's Organizations Committee'",Hebrew,לא מזוהה,other,original,,,,,
IL-MTFN-001-G-F-0009-005-R0006,IL-MTFN-001-G-F-0009-005,Excerpts from German Press 1914,קטעים מעיתונות גרמנית מ-1914,Ausschnitte aus der deutschen Presse von 1914,Excerpts from German press from 1914,German,גזיר עיתון|News Clipping,print,original,,1914,1914,,
IL-MTFN-001-G-F-0012-002-R0023,IL-MTFN-001-G-F-0012-002,Manifesto with List of Jewish Shops in Bremen,"מנשר עם רשימת החנויות של היהודים בברמן וכותרת המזהירה שכל הקונה בחנות יהודית בוגד בפירר ובעם Wer hier kauft, verrät Führer und Volk.","Ein Manifest mit einer Liste der jüdischen Geschäfte in Bremen und einer Überschrift, die warnt, dass jeder, der in einem jüdischen Geschäft kauft, den Führer und das Volk verrät. Wer hier kauft, verrät Führer und Volk.","A manifesto with a list of Jewish shops in Bremen and a headline warning that anyone who buys in a Jewish shop betrays the Führer and the people. Wer hier kauft, verrät Führer und Volk.",Hebrew|German,מנשר|Manifesto,print,original,,,,,
IL-MTFN-001-G-F-0012-003-R0001,IL-MTFN-001-G-F-0012-003,Pillowcase for Passover with Embroidery,"התיק מכיל: ציפת כרית לפסח עם רקמת תמונה של מסובים בליל הסדר ורקמת הכיתוב: ""בשנה הבאה בירושלים"". עורך הסדר יושב נינוח (מסובה / מסובין) תוך השענות על הכרית. מעיזבון המשפחה שעלתה מגרמניה. ללא תאריך.","Die Akte enthält: Kissenbezug für Pessach mit gesticktem Bild von Teilnehmern am Sederabend und der gestickten Aufschrift: ""Nächstes Jahr in Jerusalem"". Der Leiter des Seders sitzt entspannt (angelehnt) auf dem Kissen. Aus dem Nachlass der Familie, die aus Deutschland eingewandert ist. Ohne Datum.","The file contains: Pillowcase for Passover with embroidered image of participants at the Seder night and the embroidered inscription: ""Next year in Jerusalem"". The leader of the Seder sits relaxed (leaning) on the pillow. From the estate of the family that immigrated from Germany. No date.",Hebrew|עברית,לא מזוהה|Unrecognized,other,original,,,,,
IL-MTFN-001-G-F-0015-005-R0017,IL-MTFN-001-G-F-0015-005,Wedding Invitation for Emily Bishop and Frank Ernest Arnold Sander,"הזמנה לחתונה של אמילי בישוף Emily Bishop ופרנק ארנסט ארנולד סנדר; Frank Trnest Arnold Sander שמתחתנים בפנסילבניה ארה""ב.","Einladung zur Hochzeit von Emily Bishop und Frank Ernst Arnold Sander, die in Pennsylvania, USA, heiraten.","Invitation to the wedding of Emily Bishop and Frank Ernest Arnold Sander, who are getting married in Pennsylvania, USA.",English|Hebrew,הזמנה|Invitation,,original,,,,,
IL-MTFN-001-G-F-0015-018-R0002,IL-MTFN-001-G-F-0015-018,Inauguration of Neumark House 1896,חנכן הס לבית נוימרק 1896.,Einweihung des Hauses Neumark 1896.,Inauguration of the Neumark House 1896.,Unspecified,לא מזוהה|Unrecognized,,original,,1896,,,
IL-MTFN-001-G-F-0017-002-R0001,IL-MTFN-001-G-F-0017-002,Engagement Greeting of Dr. Simon Klenbach and Tekla Harmer,"ברכה לאירוסין של ד""ר סימון קלנבך וטקלה הרמר משנת 1927.",Verlobungsgruß von Dr. Simon Klenbach und Tekla Harmer aus dem Jahr 1927.,Engagement greeting of Dr. Simon Klenbach and Tekla Harmer from 1927.,Hebrew,כרטיס ברכה|Greeting Card,,original,Dr. Simon Klenbach|Tekla Harmer,1927,,,
IL-MTFN-001-G-F-0017-002-R0004,IL-MTFN-001-G-F-0017-002,Postcards to Simon and Tekla Kallenbach,גלויות אל סימון Simon וטקלה קלנבך משנות ה-20; ה-30; ה-50; ה-60; ה-70; ה-80 למאה ה-20.,"Postkarten an Simon und Tekla Kallenbach aus den 20er, 30er, 50er, 60er, 70er, 80er Jahren des 20. Jahrhunderts.","Postcards to Simon and Tekla Kallenbach from the 1920s, 1930s, 1950s, 1960s, 1970s, 1980s of the 20th century.",Unspecified,גלויה|Postcard,,other,Simon|Tekla Kallenbach,,,,
IL-MTFN-001-G-F-0018-001-R0002,IL-MTFN-001-G-F-0018-001,"Photo of booklet ""L'zachor Ne'etzarim""","בתיק גם: צילום של חוברת ""לזכור נעצרים""","In der Akte auch: Foto des Heftes ""L'zachor Ne'etzarim""","In the file also: Photo of the booklet ""L'zachor Ne'etzarim""",Hebrew,חוברת|Booklet|תצלום|Photograph,photography,copy,,,,,
IL-MTFN-001-G-F-0022-003-R0006,IL-MTFN-001-G-F-0022-003,Advertising Booklets for Nahariya,חוברות פרסום לנהריה.,Werbebroschüren für Nahariya.,Advertising booklets for Nahariya.,Hebrew,חוברת|Booklet,print,original,,,,,
IL-MTFN-001-G-F-0022-003-R0008,IL-MTFN-001-G-F-0022-003,Event and Celebration Pages in Nahariya,"דפים לאירועים וחגיגות בנהריה, בעברית וגרמנית.","Seiten für Veranstaltungen und Feiern in Nahariya, auf Hebräisch und Deutsch.","Pages for events and celebrations in Nahariya, in Hebrew and German.",Hebrew|German,לא מזוהה,,original,,,,,
IL-MTFN-001-G-F-0022-004-R0002,IL-MTFN-001-G-F-0022-004,Newspaper Clippings from 1936-1943,קטעי עיתונות בעברית וגרמנית מהשנים 1936-1943.,Zeitungsausschnitte auf Hebräisch und Deutsch aus den Jahren 1936-1943.,Newspaper clippings in Hebrew and German from the years 1936-1943.,Hebrew|German,גזיר עיתון|News Clipping,print,other,,,,,
IL-MTFN-001-G-F-0022-008-R0004,IL-MTFN-001-G-F-0022-008,ברכה לחתונת הזהב לאלישבע וייל,"ברכה לחתונת הזהב לאלישבע וייל מאת ""חוג הסריגה"" Das Strick Kränzchen. לברכה מודבקים 16 תמונות דיוקן של החברות לחוג עם שמותיהן; באמצע תמונתה של אלישבע וייל.","Glückwünsche zur Goldenen Hochzeit an Elisheva Weil von ""Das Strick Kränzchen"". An der Glückwunschkarte sind 16 Porträtfotos der Mitglieder des Kreises mit ihren Namen angebracht; in der Mitte das Foto von Elisheva Weil.","Congratulations on the Golden Wedding Anniversary to Elisheva Weil from ""The Knitting Circle"". Attached to the card are 16 portrait photos of the circle's members with their names; in the middle is the photo of Elisheva Weil.",Hebrew|German,כרטיס ברכה|Greeting Card,other,original,אלישבע וייל,,,,
IL-MTFN-001-G-F-0022-005-R0012,IL-MTFN-001-G-F-0022-005,Binder with Postcards of the Battle of Wörth,"אוגדן עם גלויות לזכר הקרב בוורט על הסאר Der Schlacht von Wörth a. S, שיה באוגוסט 1870 בין הגרמנים לצרפתים.","Ein Ordner mit Postkarten zur Erinnerung an die Schlacht bei Wörth am Saar, die im August 1870 zwischen den Deutschen und den Franzosen stattfand.","A binder with postcards in memory of the Battle of Wörth on the Saar, which took place in August 1870 between the Germans and the French.",German|Hebrew,גלויה|Postcard|אוגד|Binder,,original,,,,,
IL-MTFN-001-G-F-0022-008-R0005,IL-MTFN-001-G-F-0022-008,Advertisement for M. Frank Winery,"צילום, פרסומת ליקב של מ. פרנק M. Frank בברייטנהיים Breitenheim.","Fotografie, Werbung für das Weingut von M. Frank in Breitenheim.","Photograph, advertisement for the winery of M. Frank in Breitenheim.",Unspecified,תצלום|Photograph,photography,copy,M. Frank,,,,
IL-MTFN-001-G-F-0022-008-R0010,IL-MTFN-001-G-F-0022-008,Grave Deed and Death Notice for Ernst Weil,"צילום, שטר אחוזת קבר לד""ר ארנסט ואלישבע וייל + צילום מודעת אבל על מותו של ארנסט וייל.","Fotografie, Graburkunde für Dr. Ernst und Elisheva Weil + Fotografie einer Todesanzeige für den Tod von Ernst Weil.","Photograph, grave deed for Dr. Ernst and Elisheva Weil + photograph of a death notice for the death of Ernst Weil.",Hebrew,תעודה|Certificate|מודעת אבל|Death Notice,photography,copy,Ernst Weil,,,,
IL-MTFN-001-G-F-0022-012-R0001,IL-MTFN-001-G-F-0022-012,Round Basket with Embroidered Slogan,"בשנת 2005 הפקידה מרים שטיינהרדט במוזיאון סלסילה עגולה מצופה בבד עליו רקומה הסיסמה: ""תאכלו שבעה ימים מצות"".","Im Jahr 2005 hinterlegte Miriam Steinhardt im Museum einen runden Korb, der mit Stoff überzogen ist, auf dem der Slogan gestickt ist: ""Esst sieben Tage lang Matzen"".","In 2005, Miriam Steinhardt deposited in the museum a round basket covered with fabric on which the slogan is embroidered: ""Eat matzos for seven days"".",Hebrew,לא מזוהה,other,original,Miriam Steinhardt,,,,
IL-MTFN-001-G-F-0022-012-R0004,IL-MTFN-001-G-F-0022-012,"Page from Saarbrücker Volkszeitung, 1914",דף מעיתון גרמני Saarbrücker Volkszeitung משנת 1914.,Seite aus der deutschen Zeitung Saarbrücker Volkszeitung aus dem Jahr 1914.,Page from the German newspaper Saarbrücker Volkszeitung from the year 1914.,German,גזיר עיתון|News Clipping,print,original,,1914,1914,,
IL-MTFN-001-G-F-0022-012-R0006,IL-MTFN-001-G-F-0022-012,Engagement Announcement of Ernst Weil and Lisbeth Frank,2 דפים מעיתון גרמני Deffentlicher Anzeiger für de Kreis Kreuznach משנת 1922. מופיעה מודעה על אירוסי ארנסט וייל עם ליזבט פרנק.,2 Seiten aus der deutschen Zeitung Deffentlicher Anzeiger für de Kreis Kreuznach aus dem Jahr 1922. Eine Anzeige über die Verlobung von Ernst Weil mit Lisbeth Frank erscheint.,2 pages from the German newspaper Deffentlicher Anzeiger für de Kreis Kreuznach from the year 1922. An announcement of the engagement of Ernst Weil with Lisbeth Frank appears.,German,גזיר עיתון|News Clipping,print,original,,1922,1922,,2
IL-MTFN-001-G-F-0022-012-R0007,IL-MTFN-001-G-F-0022-012,"Page from Der Bauer, 1926",דף מעיתון גרמני Der Bauer משנת 1926.,Seite aus der deutschen Zeitung Der Bauer aus dem Jahr 1926.,Page from the German newspaper Der Bauer from the year 1926.,German,גזיר עיתון|News Clipping,print,original,,1926,1926,,
IL-MTFN-001-G-F-0022-012-R0009,IL-MTFN-001-G-F-0022-012,Textile Armband with German Inscription from 1917,מנז'ט מטקסטיל לזרוע עם כתובת בגרמנית: U;Boot Spende Opfer Tag 1917 תרגום: תרומה לצוללת יום הקורבן/הקרבה (?) 1917.,Textilarmband mit deutscher Aufschrift: U;Boot Spende Opfer Tag 1917 Übersetzung: Spende für U-Boot Opfertag 1917.,Textile armband with German inscription: U;Boot Spende Opfer Tag 1917 Translation: Submarine Donation Sacrifice Day 1917.,German,לא מזוהה,other,original,,1917,,,
IL-MTFN-001-G-F-0022-012-R0010,IL-MTFN-001-G-F-0022-012,Handmade Textile Items,"פרטי טקסטיל, עבודות יד בין היתר: לימוד רקמת צלבים, כובע לתינוק, סינר מפואר, בגד לתינוק, שקית לפאת נשים, ציפיות לכר, מטפחת אף.","Textilien, Handarbeiten unter anderem: Kreuzstichlernen, Babymütze, prächtige Schürze, Babybekleidung, Tasche für Frauenperücke, Kissenbezüge, Taschentuch.","Textile items, handmade works including: learning cross-stitching, baby hat, fancy apron, baby garment, bag for women's wig, pillowcases, handkerchief.",Unspecified,לא מזוהה,,other,,,,,
IL-MTFN-001-G-F-0022-012-R0011,IL-MTFN-001-G-F-0022-012,Winged Words from a 1913 Calendar,אמרות כנף מלוח שנה משנת 1913.,Geflügelte Worte aus einem Kalender von 1913.,Winged words from a calendar from 1913.,Hebrew,Calendar,print,original,,1913,1913,,
IL-MTFN-001-G-F-0034-001-R0004,IL-MTFN-001-G-F-0034-001,Publications and Photographs on Union in Germany,פרסומים וצילומי פרסומים בהקשר עם נושא הסתדרות בגרמניה בה פעל ז. אופהייזר רבות,"Veröffentlichungen und Fotografien von Veröffentlichungen im Zusammenhang mit dem Thema Gewerkschaft in Deutschland, in der Z. Ophäuser viel tätig war.","Publications and photographs of publications related to the topic of the union in Germany, where Z. Ophäuser was very active.",German,לא מזוהה,,other,Z. Ophäuser,,,,
IL-MTFN-001-G-F-0047-001-R0001,IL-MTFN-001-G-F-0047-001,Newspaper Clipping on Shmaryahu Levin Memorial,"קטע מעיתון עברי ""הבקר"", 1941, על אזכרה לשמריה לוין, 6 שנים לפטירתו.","Ein Ausschnitt aus der hebräischen Zeitung ""HaBoker"", 1941, über eine Gedenkfeier für Shmaryahu Levin, 6 Jahre nach seinem Tod.","A section from the Hebrew newspaper ""HaBoker"", 1941, about a memorial for Shmaryahu Levin, 6 years after his passing.",Hebrew,גזיר עיתון|News Clipping,print,original,Shmaryahu Levin,,1941,,
IL-MTFN-001-G-F-0047-003-R0006,IL-MTFN-001-G-F-0047-003,Invitation to Memorial Day for Dr. Chaim Weizmann 1958,"הזמנה של ""הנהלת יד חיים ויצמן"" לעצרת ביום הזכרון לד""ר חיים ויצמן ז""ל שנת 1958.","Einladung der ""Verwaltung von Yad Chaim Weizmann"" zur Versammlung am Gedenktag für Dr. Chaim Weizmann seligen Andenkens im Jahr 1958.","Invitation from the ""Management of Yad Chaim Weizmann"" to the assembly on the memorial day for Dr. Chaim Weizmann of blessed memory in 1958.",Hebrew,הזמנה|Invitation,,original,,1958,,,
IL-MTFN-001-G-F-0047-003-R0007,IL-MTFN-001-G-F-0047-003,The Weizmann Archives Brochures,"2 ברושורים זהים באנגלית The Weizmann Archives, הארכיונים של וייצמן עם רשימות המסמכים שבארכיון ביד חיים ויצמן בספריית מכון ויצמן ברחובות. ללא תאריך.","2 identische Broschüren auf Englisch The Weizmann Archives, die Weizmann-Archive mit Listen der Dokumente im Archiv bei Chaim Weizmann in der Bibliothek des Weizmann-Instituts in Rechovot. Ohne Datum.","2 identical brochures in English The Weizmann Archives, the Weizmann Archives with lists of documents in the archive at Chaim Weizmann in the library of the Weizmann Institute in Rehovot. No date.",English,ברושור|Brochure,print,original,,,,,
IL-MTFN-001-G-F-0047-012-R0006,IL-MTFN-001-G-F-0047-012,Envelope with photographs sent to the Landsberg couple,מעטפה עם תצלומי המעטפות שנשלחו אל הזוג לנדסברג.,"Umschlag mit Fotografien der Umschläge, die an das Ehepaar Landsberg gesendet wurden.",Envelope with photographs of the envelopes sent to the Landsberg couple.,Unspecified,מעטפה|Envelope|תצלום|Photograph,photography,other,לנדסברג,,,,
IL-MTFN-001-G-F-0047-024-R0014,IL-MTFN-001-G-F-0047-024,Engagement Announcement of Leoni Frank and Alfred Landsberg,"קטע מהעיתון Frankfurter Zeitung בו מופיעה ההודעה על אירוסי לאוני פרנק ואלפרד לנדסברג, אפריל 1921.","Ein Ausschnitt aus der Zeitung Frankfurter Zeitung, in dem die Verlobung von Leoni Frank und Alfred Landsberg angekündigt wird, April 1921.","A newspaper clipping from the Frankfurter Zeitung announcing the engagement of Leoni Frank and Alfred Landsberg, April 1921.",German,גזיר עיתון|News Clipping,print,original,,,1921-04,,
IL-MTFN-001-G-F-0047-025-R0002,IL-MTFN-001-G-F-0047-025,Newspaper Clippings on Dr. Alfred Landsberg's Death,"קטעי עיתונות עם מודעות אבל והספשים למותו של ד""ר אלפרד לנדסברג ב-1964. עברית וגרמנית.",Zeitungsausschnitte mit Todesanzeigen und Nachrufen auf den Tod von Dr. Alfred Landsberg im Jahr 1964. Hebräisch und Deutsch.,Newspaper clippings with death notices and obituaries for the death of Dr. Alfred Landsberg in 1964. Hebrew and German.,Hebrew|German,גזיר עיתון|News Clipping|מודעת אבל|Death Notice,print,original,Dr. Alfred Landsberg,1964,1964,,
IL-MTFN-001-G-F-0047-037-R0008,IL-MTFN-001-G-F-0047-037,Invitation to Memorial Party for Dr. Shemaryahu Levin,"24.9.1938 הזמנה למסיבת רעים לזכרו של ד""ר שמריהו לוין, שייערך בביתו בניקופוריה (טלביה) המערבית.","Einladung zu einer Freundesparty zum Gedenken an Dr. Shemaryahu Levin, die in seinem Haus in Nikoforia (West-Talbieh) stattfinden wird.","Invitation to a friends' party in memory of Dr. Shemaryahu Levin, to be held at his home in Nikoforia (Western Talbieh).",Hebrew,הזמנה|Invitation,,original,Dr. Shemaryahu Levin,1938-09-24,,,
IL-MTFN-001-G-F-0047-043-R0004,IL-MTFN-001-G-F-0047-043,"Advertisement for Meals on Wheels, Tel Aviv, 1968","מודעה על ""שרות אוכל על גלגלים"" לנזקקים Mahlzeiten auf Rädern, האחראית לשרות לאוני פרנק, תל אביב, 1968.","Anzeige über ""Essen auf Rädern"" für Bedürftige Mahlzeiten auf Rädern, verantwortlich für den Dienst ist Leoni Frank, Tel Aviv, 1968.","Advertisement for ""Meals on Wheels"" for the needy Mahlzeiten auf Rädern, responsible for the service is Leoni Frank, Tel Aviv, 1968.",Hebrew|German,מודעה|Advertisement,print,original,Leoni Frank,1968,1968,,
IL-MTFN-001-G-F-0047-043-R0009,IL-MTFN-001-G-F-0047-043,Collection of Newspapers from 1933 to 1955,"עיתונים: Der Stürmer, מרץ 1933; Neue Zürcher Zeitung, שנת 1937; הד העיתונות Echo, שנת 1943; Jerusalem Post, שנת 1944; עמודים; שבועון של עליה חדשה, 1945; MB Mitteilungsblatt, שנים 1946; 1951; הארץ, שנים: 1945; 1948; 1949; 1950; דבר, 1948; 1949 : 1950; הבוקר, 1943; 1945; מעריב, 1950; Frankfurter Algemeine, משנת 1955.","Zeitungen: Der Stürmer, März 1933; Neue Zürcher Zeitung, Jahr 1937; Echo der Presse, Jahr 1943; Jerusalem Post, Jahr 1944; Seiten; Wochenblatt der neuen Einwanderung, 1945; MB Mitteilungsblatt, Jahre 1946; 1951; Haaretz, Jahre: 1945; 1948; 1949; 1950; Davar, 1948; 1949; 1950; HaBoker, 1943; 1945; Maariv, 1950; Frankfurter Allgemeine, Jahr 1955.","Newspapers: Der Stürmer, March 1933; Neue Zürcher Zeitung, year 1937; Echo of the Press, year 1943; Jerusalem Post, year 1944; Pages; Weekly of New Immigration, 1945; MB Mitteilungsblatt, years 1946; 1951; Haaretz, years: 1945; 1948; 1949; 1950; Davar, 1948; 1949; 1950; HaBoker, 1943; 1945; Maariv, 1950; Frankfurter Allgemeine, year 1955.",Hebrew|German|English|Other,עיתון|Newspaper,print,original,,,,,
IL-MTFN-001-G-F-0047-044-R0007,IL-MTFN-001-G-F-0047-044,German Newspaper Clippings on Zionist Congresses,קטעי עיתונות גרמנית מהשנים 1911; 1927; 1931 הנושא: הקונגרסים הציונים.,Deutsche Zeitungsausschnitte aus den Jahren 1911; 1927; 1931 Thema: Die zionistischen Kongresse.,German newspaper clippings from the years 1911; 1927; 1931 Subject: The Zionist Congresses.,German,גזיר עיתון|News Clipping,print,other,,,,,
IL-MTFN-001-G-F-0047-045-R0012,IL-MTFN-001-G-F-0047-045,Invitation to Michael Oser's Bar Mitzvah,"הזמנה לבר המצווה של בנו הצעיר, מיכאל עוזר, של ד""ר ויצמן בלונדון. אנגלית, ללא שנה.","Einladung zur Bar Mizwa seines jüngsten Sohnes, Michael Oser, von Dr. Weizmann in London. Englisch, ohne Jahr.","Invitation to the Bar Mitzvah of his youngest son, Michael Oser, of Dr. Weizmann in London. English, no year.",English,הזמנה|Invitation,,original,Michael Oser,,,,
IL-MTFN-001-G-F-0047-050-R0003,IL-MTFN-001-G-F-0047-050,"Wanted Flyer for Ernst Toller, 1919","צילום, פלייר 'מבוקש' תמורת 10000 מרק למידע שיביא לתפיסתו של ארנס טולר, שמואשם בבגידה. הפלייר, עליו מופיע תמונתו של ארנסט טולר, הונפק במינכן ב-1919.","Fotografie, Flyer 'Gesucht' für 10.000 Mark für Informationen, die zur Ergreifung von Ernst Toller führen, der des Verrats beschuldigt wird. Der Flyer, auf dem ein Bild von Ernst Toller erscheint, wurde 1919 in München herausgegeben.","Photograph, 'Wanted' flyer for 10,000 marks for information leading to the capture of Ernst Toller, who is accused of treason. The flyer, featuring a picture of Ernst Toller, was issued in Munich in 1919.",German,פלייר|Flyer,print,copy,Ernst Toller,1919,1919,,
IL-MTFN-001-G-F-0047-050-R0004,IL-MTFN-001-G-F-0047-050,Empty Envelope Addressed to Dr. Landsberg,"מעטפה ריקה ממוענת אל ד""ר לנדסברג רח' בצלאל 11, תל אביב. לא ניתן לפענח את חותמת הדואר.","Leerer Umschlag adressiert an Dr. Landsberg, Bezalel Straße 11, Tel Aviv. Der Poststempel ist nicht lesbar.","Empty envelope addressed to Dr. Landsberg, Bezalel St. 11, Tel Aviv. The postmark cannot be deciphered.",Unspecified,מעטפה|Envelope,,other,Dr. Landsberg,,,,
IL-MTFN-001-G-F-0047-050-R0007,IL-MTFN-001-G-F-0047-050,Aus Kunst und Leben - מאמר על הרצאה של ארנס טולר,"גזיר עיתון, מאמר קצר עם הכותרת Aus Kunst und Leben תרגום: מהאמנות והחיים. המאמר מתייחס להרצאה שנתן ארנס טולר בקזינו של ויזבדן, בו חשף את משנתו האנושית;חברתית. ללא תאריך.","Zeitungsausschnitt, kurzer Artikel mit dem Titel Aus Kunst und Leben Übersetzung: Aus der Kunst und dem Leben. Der Artikel bezieht sich auf einen Vortrag, den Erns Toller im Casino von Wiesbaden hielt, in dem er seine humanitäre; soziale Lehre enthüllte. Ohne Datum.","Newspaper clipping, short article with the title Aus Kunst und Leben Translation: From Art and Life. The article refers to a lecture given by Ernst Toller at the Wiesbaden Casino, where he revealed his humanitarian; social doctrine. No date.",German,גזיר עיתון|News Clipping,print,other,ארנס טולר,,,,
IL-MTFN-001-G-F-0047-050-R0008,IL-MTFN-001-G-F-0047-050,Envelope with Photographs Sent to Leoni Frank,מעטפה בה נשלחו צילומים מארכיון ארנסט טולר אל לאוני פרנק (לנדסברג) מאוניברסיטת דרום קליפורניה. חותמת הדואר על המעטפה: מרץ 1970.,"Ein Umschlag, in dem Fotos aus dem Ernst Toller Archiv an Leoni Frank (Landsberg) von der University of Southern California geschickt wurden. Der Poststempel auf dem Umschlag: März 1970.",An envelope in which photographs from the Ernst Toller archive were sent to Leoni Frank (Landsberg) from the University of Southern California. The postmark on the envelope: March 1970.,Unspecified,מעטפה|Envelope,,original,Leoni Frank,,1970-03,,
IL-MTFN-001-G-F-0053-002-R0001,IL-MTFN-001-G-F-0053-002,Weekly Newspaper Warning from Freudental 1861,עיתון שבועי ובו אזהרה מהיהודי Freudental 1861;,Wöchentliche Zeitung mit einer Warnung von dem Juden Freudental 1861;,Weekly newspaper with a warning from the Jew Freudental 1861;,German,עיתון|Newspaper,print,original,Freudental,1861,1861,,
IL-MTFN-001-G-F-0056-001-R0001,IL-MTFN-001-G-F-0056-001,"Ami Ami Booklet, 1978","חוברת ""עמי Ami"" עיתון האיגוד העולמי של היהדות המתקדמת משנת 1978.","Broschüre 'Ami Ami', Zeitung der Weltunion für Progressives Judentum aus dem Jahr 1978.","Booklet 'Ami Ami', newspaper of the World Union for Progressive Judaism from the year 1978.",Hebrew,חוברת|Booklet,print,original,,1978,1978,,
IL-MTFN-001-G-F-0056-001-R0006,IL-MTFN-001-G-F-0056-001,Black Leather Case with Freemason Symbol,"נרתיק מעור שחור עליו כתוב באותיות זהב: אח ד""ר גומפרט Br. Dr. Gunpert ולצידו סמל הבונים החופשיים.",Schwarzes Lederetui mit goldenen Buchstaben: Br. Dr. Gunpert und daneben das Symbol der Freimaurer.,Black leather case with gold letters: Br. Dr. Gunpert and next to it the symbol of the Freemasons.,Unspecified,חפץ|Object,other,original,Dr. Gunpert,,,,
IL-MTFN-001-G-F-0057-001-R0002,IL-MTFN-001-G-F-0057-001,Photographs of Articles on Hausdorff Zelig,צילומי מאמרים על האוסדורף זליג.,Fotografien von Artikeln über Hausdorff Zelig.,Photographs of articles about Hausdorff Zelig.,Hebrew|German,News Clipping|Photograph,photography,copy,Hausdorff Zelig,,,,
IL-MTFN-001-G-F-0057-001-R0007,IL-MTFN-001-G-F-0057-001,News Clippings,קטעי עיתונות;,Zeitungsausschnitte,News clippings,Unspecified,גזיר עיתון|News Clipping,,other,,,,,
IL-MTFN-001-G-F-0059-001-R0003,IL-MTFN-001-G-F-0059-001,"Pages from ""Natzofa"" and ""Beitenu"" newspapers","דפים מתוך העיתונות ""נצופה"" ו ""בביתנו""","Seiten aus den Zeitungen ""Natzofa"" und ""Beitenu""","Pages from the newspapers ""Natzofa"" and ""Beitenu""",Hebrew,עיתון|Newspaper,print,original,,,,,
IL-MTFN-001-G-F-0081-001-R0002,IL-MTFN-001-G-F-0081-001,Photographs of Hebrew Article on Leopold and Ida Marx,צילומים מאמר בעברית על ליאופולד ואידה מרכס,Fotografien eines Artikels auf Hebräisch über Leopold und Ida Marx,Photographs of a Hebrew article about Leopold and Ida Marx,Hebrew|עברית,תצלום|Photograph,photography,copy,Leopold Marx|Ida Marx,,,,
IL-MTFN-001-G-F-0085-001-R0004,IL-MTFN-001-G-F-0085-001,List of Foods from Dr. Shlomo Carlebach's Wedding,"1906, ברלין, רשימת מאכלים בצורת ""צקים"", גימיק מחתונת ד""ר שלמה קרלבך;","1906, Berlin, Liste von Speisen in Form von ""Schecks"", Gimmick von der Hochzeit von Dr. Shlomo Carlebach;","1906, Berlin, list of foods in the form of ""checks"", gimmick from the wedding of Dr. Shlomo Carlebach;",Hebrew,רשימה|List,,original,Dr. Shlomo Carlebach,1906,,,
IL-MTFN-001-G-F-0085-001-R0005,IL-MTFN-001-G-F-0085-001,Wedding Menu List for Dr. Shlomo Carlebach and Sarah Leith Persil,"1906, ברליןרשימת מאכלים לחתונת ד""ר שלמה קרלבך עם שרה להית פרסיל ע""י כל מאכל פשוט מהכתובים.","1906, Berlin. Liste der Speisen für die Hochzeit von Dr. Shlomo Carlebach mit Sarah Leith Persil, erstellt von jedem einfachen Gericht aus den Schriften.","1906, Berlin. List of dishes for the wedding of Dr. Shlomo Carlebach with Sarah Leith Persil, created by each simple dish from the scriptures.",Hebrew,רשימה|List,,original,,1906,,,
IL-MTFN-001-G-F-0085-001-R0006,IL-MTFN-001-G-F-0085-001,"Musical and Humorous Evening Program, 1900","1900, תכנית לערב מוסיקלי;הומוריסטי;","1900, Programm für einen musikalischen; humoristischen Abend;","1900, Program for a musical; humorous evening;",Unspecified,תכניה|Playbill,,original,,1900,,,
IL-MTFN-001-G-F-0085-001-R0007,IL-MTFN-001-G-F-0085-001,Newspaper Pages from 1905,"1905, דפי עתונות מה;Israelit, Deutsche Zeitung, Israelische Zeitung,;","1905, Zeitungsseiten aus; Israelit, Deutsche Zeitung, Israelische Zeitung,;","1905, Newspaper pages from; Israelit, Deutsche Zeitung, Israelische Zeitung,;",German,גזיר עיתון|News Clipping,print,original,,1905,1905,,
IL-MTFN-001-G-F-0087-001-R0002,IL-MTFN-001-G-F-0087-001,Catalog from 1964 Memorial Exhibition,"קטלוג מתערוכת זכרון שהוצא ב-1964 ע""י אגודת הציירים בישראל","Katalog einer Gedenkausstellung, herausgegeben 1964 von der Vereinigung der Maler in Israel",Catalog from a memorial exhibition published in 1964 by the Association of Painters in Israel,Hebrew,קטלוג|Catalog,print,original,,,1964,,
IL-MTFN-001-G-F-0091-001-R0001,IL-MTFN-001-G-F-0091-001,"Entrance Ticket to the 4th Zionist Congress, 1900","כרטיס הכניסה, של יונס וולפה Jonas Wolppe מוינה, לקונגרס הציוני ה-4, לונדון, 1900.","Eintrittskarte von Jonas Wolppe aus Wien zum 4. Zionistenkongress, London, 1900.","Entrance ticket of Jonas Wolppe from Vienna to the 4th Zionist Congress, London, 1900.",Hebrew|German,כרטיס|Ticket|Card,print,original,Jonas Wolppe,1900,,,
IL-MTFN-001-G-F-0091-001-R0004,IL-MTFN-001-G-F-0091-001,Obituaries of Jona Wolppe and Amellia,"מודעות אבל מהעיתונות על פטירתם של יונה וולפה Jona Wolppe ושל רעייתו, אמליה Amellia nan",Todesanzeigen aus der Presse über den Tod von Jona Wolppe und seiner Frau Amellia,"Obituaries from the press about the passing of Jona Wolppe and his wife, Amellia",Hebrew|German,מודעת אבל|Death Notice,print,copy,Jona Wolppe|Amellia,,,,
IL-MTFN-001-G-F-0093-003-R0006,IL-MTFN-001-G-F-0093-003,Envelope with Sculpture Photographs,מעטפה עם צילומי פסליה;,Umschlag mit Fotografien ihrer Skulpturen,Envelope with photographs of her sculptures,Unspecified,מעטפה|Envelope,,original,,,,,
IL-MTFN-001-G-F-0093-003-R0007,IL-MTFN-001-G-F-0093-003,Death Notice of Dr. Leo Katzenstein,"מודעת פטירה של אביה ד""ר לאו כצנשטיין;",Todesanzeige ihres Vaters Dr. Leo Katzenstein;,Death notice of her father Dr. Leo Katzenstein;,Hebrew,מודעת אבל|Death Notice,print,original,Dr. Leo Katzenstein,,,,
IL-MTFN-001-G-F-0097-001-R0001,IL-MTFN-001-G-F-0097-001,Medal Donation by Mrs. Wolach,"גב' וולך תרמה למוזאון מדליה שקבלה מהינדנבורג על השתתפותה במאמץ המלחמתי; מלח""ע I; מוצגת,;","Frau Wolach spendete dem Museum eine Medaille, die sie von Hindenburg für ihre Teilnahme am Kriegseinsatz erhalten hatte; Erster Weltkrieg; ausgestellt,","Mrs. Wolach donated to the museum a medal she received from Hindenburg for her participation in the war effort; World War I; exhibited,",Unspecified,לא מזוהה,,original,,,,,
IL-MTFN-001-G-F-0098-001-R0002,IL-MTFN-001-G-F-0098-001,White Fabric Pouch with Embroidery by Julia Goldschmidt,"נרתיק מבד לבן לכותונת לילה עם רקמה לבנה ורקמה של המילים Gute Nacht (לילה טוב). עבודת הרקמה נעשתה ע""י יוליה גולדשמידט Julia Goldschmidt בשנת 1867.",Weißer Stoffbeutel für ein Nachthemd mit weißer Stickerei und der Stickerei der Worte Gute Nacht. Die Stickarbeit wurde von Julia Goldschmidt im Jahr 1867 gemacht.,White fabric pouch for a nightgown with white embroidery and the embroidery of the words Gute Nacht (Good Night). The embroidery work was done by Julia Goldschmidt in 1867.,German,חפץ|Object,other,original,Julia Goldschmidt,1867,,,
IL-MTFN-001-G-F-0103-001-R0001,IL-MTFN-001-G-F-0103-001,קטלוג תערוכה לזכר אבי ורבורג,"קטלוג בעברית מתערוכה לזכרו ותרומתו של אבי ורבורג לנושא 'תולדות האומנות' התערוכה הייתה 1999-2000 בגלריה לאומנות, אונ' תל-אביב;",Katalog auf Hebräisch von einer Ausstellung zum Gedenken an und Beitrag von Aby Warburg zum Thema 'Kunstgeschichte'. Die Ausstellung fand 1999-2000 in der Kunstgalerie der Universität Tel Aviv statt.,"Catalog in Hebrew from an exhibition in memory of and contribution by Aby Warburg to the subject 'History of Art'. The exhibition was held 1999-2000 at the Art Gallery, Tel Aviv University.",Hebrew,קטלוג|Catalog,print,original,אבי ורבורג,,1999-2000,,
IL-MTFN-001-G-F-0103-001-R0007,IL-MTFN-001-G-F-0103-001,German Newspaper Article on Eva Warburg Unger's 90th Birthday,"מאמר קטן מעיתון בגרמנית על אוה ורבורג; אונגר, ליום הולדתה ה-90. Eva Warburg Unger;",Ein kleiner Artikel aus einer deutschen Zeitung über Eva Warburg Unger; zu ihrem 90. Geburtstag.,A small article from a German newspaper about Eva Warburg Unger; for her 90th birthday.,German,גזיר עיתון|News Clipping,print,original,Eva Warburg Unger,,,,
IL-MTFN-001-G-F-0103-003-R0002,IL-MTFN-001-G-F-0103-003,1948 Photo of Article from Children's Home,"1948 צילום של כתבה שהופיע אל בית הילדים; ורבורג, המוסד הוקם/פעל ב Kösterberg;","1948 Foto eines Artikels, der im Kinderheim erschien; Warburg, die Einrichtung wurde in Kösterberg gegründet/betrieben;","1948 photo of an article that appeared at the children's home; Warburg, the institution was established/operated in Kösterberg;",German,גזיר עיתון|News Clipping,photography,copy,,1948,,,
IL-MTFN-001-G-F-0104-002-R0001,IL-MTFN-001-G-F-0104-002,"Lace Exhibition Catalog, Berlin 1917","קטלוג/חוברת קטנה לתערוכה של תחרה, ברלין, 1917.","Katalog/Kleines Heft für eine Ausstellung von Spitze, Berlin, 1917.","Catalog/Small booklet for a lace exhibition, Berlin, 1917.",German,קטלוג|Catalog|חוברת|Booklet,print,original,,1917,1917,,
IL-MTFN-001-G-F-0104-002-R0002,IL-MTFN-001-G-F-0104-002,Prospectus of Lace School in Schneeberg,"פרוספקט/חוברת של בי""ס לתחרה בשנברג Schneeberg. ללא תאריך.",Prospekt/Broschüre der Spitzenschule in Schneeberg. Ohne Datum.,Prospectus/Brochure of the Lace School in Schneeberg. No date.,Unspecified,חוברת|Booklet,,original,,,,,
IL-MTFN-001-G-F-0104-002-R0004,IL-MTFN-001-G-F-0104-002,Textile Catalogs at Victoria and Albert Museum,"3 קטלוגים/חוברות באנגלית בנושא טכסטיל במוזיאון ויקטוריה ואלברט בלונדון, המחלקה לטכסטיל. 1922-1924.","3 Kataloge/Broschüren auf Englisch über Textilien im Victoria and Albert Museum in London, Abteilung für Textilien. 1922-1924.","3 catalogs/booklets in English on textiles at the Victoria and Albert Museum in London, the textile department. 1922-1924.",English,קטלוג|Catalog|חוברת|Booklet,print,original,,1922,1924,,
IL-MTFN-001-G-F-0104-003-R0008,IL-MTFN-001-G-F-0104-003,Postcards to Hadassah in Palestine,"גלויות אל הדסה בפלשתינה, שנות ה-30 למאה ה-20.","Postkarten an Hadassah in Palästina, 1930er Jahre.","Postcards to Hadassah in Palestine, 1930s.",Hebrew,גלויה|Postcard,print,original,,1930,,,
IL-MTFN-001-G-F-0105-001-R0010,IL-MTFN-001-G-F-0105-001,Newspaper Clippings and Tickets for Berlin Performances,קטעי עיתונות עם מודעות על הצגות בברלין וכרטיסי כניסה להצגות.,Zeitungsausschnitte mit Anzeigen für Aufführungen in Berlin und Eintrittskarten für Aufführungen.,Newspaper clippings with advertisements for performances in Berlin and admission tickets for performances.,German|Other,גזיר עיתון|News Clipping|כרטיס|Ticket|Card,print,original,,,,,
IL-MTFN-001-G-F-0107-001-R0001,IL-MTFN-001-G-F-0107-001,Sabbath Challah Cover,כיסוי חלת שבת עם חרוזים,Schabbat-Challah-Abdeckung mit Perlen,Sabbath challah cover with beads,Unspecified,לא מזוהה,,other,,,,,
IL-MTFN-001-G-F-0113-031-R0004,IL-MTFN-001-G-F-0113-031,Audience Program with Abracadabra,התכניה לקהל עם אבראקדאברה,Das Programm für das Publikum mit Abrakadabra,The program for the audience with Abracadabra,Unspecified,תכניה|Playbill,,original,,,,,
IL-MTFN-001-G-F-0113-042-R0010,IL-MTFN-001-G-F-0113-042,1955 Hanukkah Quiz,"1955 חידון לחנוכה, Channukka Quizz;",1955 Chanukka-Quiz,1955 Hanukkah Quiz,Unspecified,לא מזוהה,,original,,1955,,,
IL-MTFN-001-G-F-0113-042-R0011,IL-MTFN-001-G-F-0113-042,Musical Quiz 1971,1971 חידון מוסיקלי; Musikalisches Quizz;,1971 Musikalisches Quiz,1971 Musical Quiz,Hebrew|German,לא מזוהה,,original,,1971,,,
IL-MTFN-001-G-F-0113-042-R0017,IL-MTFN-001-G-F-0113-042,Poster for Circus Lubrassani,"1957, כרזה בעברית וגרמנית לאחים ואחיות לאו;בק;לוגה ערב הומוריסטי בסגנון קרקס, קרקס לוברססני Zirkus Lubrassani;","1957, Plakat auf Hebräisch und Deutsch für Brüder und Schwestern Leo; Beck; Loge humoristischer Abend im Zirkusstil, Zirkus Lubrassani;","1957, Poster in Hebrew and German for Brothers and Sisters Leo; Beck; Loge humorous evening in circus style, Circus Lubrassani;",Hebrew|German,אלמנט גרפי|Graphic Element,print,original,,1957,1957,,
IL-MTFN-001-G-F-0113-049-R0002,IL-MTFN-001-G-F-0113-049,Gift for Eva Reich's 33rd Wedding Anniversary,Fuer eva Reich zum 33 Hochzeitstag 1967,Für Eva Reich zum 33. Hochzeitstag 1967,For Eva Reich on the 33rd wedding anniversary 1967,German,לא מזוהה,,original,Eva Reich,1967,,,
IL-MTFN-001-G-F-0113-049-R0003,IL-MTFN-001-G-F-0113-049,Gift for Richard Strauss's 60th Birthday,Fuer Richard strauss zum 60 Geb. von edmund Weidenfeld,Für Richard Strauss zum 60. Geburtstag von Edmund Weidenfeld,For Richard Strauss on his 60th birthday from Edmund Weidenfeld,German,לא מזוהה,,original,Richard Strauss,,,,
IL-MTFN-001-G-F-0113-049-R0009,IL-MTFN-001-G-F-0113-049,For Dr. Ernst Weihl's Birthday 1970,Fuer dr. Ernst Weihl zum Geb. 1970,Für Dr. Ernst Weihl zum Geb. 1970,For Dr. Ernst Weihl for his birthday 1970,Unspecified,לא מזוהה,,other,Ernst Weihl,1970,,,
IL-MTFN-001-G-F-0113-049-R0010,IL-MTFN-001-G-F-0113-049,Herbert Lubrani 70th Birthday 1972,Herbert Lubrani zum 70 Geb. 1972,Herbert Lubrani zum 70. Geburtstag 1972,Herbert Lubrani for the 70th birthday 1972,German,Greeting Card,,original,Herbert Lubrani,1972,,,
IL-MTFN-001-G-F-0113-049-R0011,IL-MTFN-001-G-F-0113-049,For Hilde Strauss on her 60th Birthday,Fuer Hilde Strauss zum 60 Geb. 1971,Für Hilde Strauss zum 60. Geburtstag 1971,For Hilde Strauss on her 60th birthday 1971,German,Greeting Card,,original,Hilde Strauss,1971,,,
IL-MTFN-001-G-F-0113-049-R0012,IL-MTFN-001-G-F-0113-049,Invitation Hilde Loewenfandt,Einladung hilde Loewenfandt,Einladung Hilde Loewenfandt,Invitation Hilde Loewenfandt,German,הזמנה|Invitation,,original,Hilde Loewenfandt,,,,
IL-MTFN-001-G-F-0113-049-R0013,IL-MTFN-001-G-F-0113-049,60th Birthday for Max 1953,Zum 60 Geb. fuer Max 1953,Zum 60. Geburtstag für Max 1953,For Max's 60th birthday 1953,German,Greeting Card,,original,Max,1953,,,
IL-MTFN-001-G-F-0113-049-R0014,IL-MTFN-001-G-F-0113-049,For Hilde and Richard Sylvester 1967,Fuer Hilde und Richard Sylvester 1967,Für Hilde und Richard Sylvester 1967,For Hilde and Richard Sylvester 1967,Unspecified,לא מזוהה,,original,Hilde|Richard,1967,,,
IL-MTFN-001-G-F-0113-049-R0018,IL-MTFN-001-G-F-0113-049,Birthday Greeting for Bernhard Simmenauer,Fuer bernhard Simmenauer von Edmund u. Kuli Weidenfeld zum 65 Geb.,Für Bernhard Simmenauer von Edmund und Kuli Weidenfeld zum 65. Geburtstag.,For Bernhard Simmenauer from Edmund and Kuli Weidenfeld for the 65th birthday.,German,כרטיס ברכה|Greeting Card,,original,Bernhard Simmenauer,,,,
IL-MTFN-001-G-F-0113-049-R0019,IL-MTFN-001-G-F-0113-049,Clara Loewy's 75th Birthday 1964,Fuer Clara Loewy zum 75 Geb. 1964,Für Clara Loewy zum 75. Geburtstag 1964,For Clara Loewy on her 75th birthday 1964,German,Greeting Card,,original,Clara Loewy,1964,,,
IL-MTFN-001-G-F-0113-049-R0020,IL-MTFN-001-G-F-0113-049,Richard Marx 85th Birthday 1980,Fuer Richard Marx zum 85 Geb. 1980,Für Richard Marx zum 85. Geburtstag 1980,For Richard Marx on his 85th birthday 1980,German,Greeting Card,,original,Richard Marx,1980,,,
IL-MTFN-001-G-F-0113-049-R0023,IL-MTFN-001-G-F-0113-049,For Hilde Stiel's 70th Birthday,Fuer Hilde Stiel zum 70 Geb. von E. Weidenfeld 1970,Für Hilde Stiel zum 70. Geburtstag von E. Weidenfeld 1970,For Hilde Stiel on her 70th birthday from E. Weidenfeld 1970,German,Greeting Card,,original,Hilde Stiel,1970,,,
IL-MTFN-001-G-F-0113-049-R0027,IL-MTFN-001-G-F-0113-049,Mourning for Käthe Simmenauer 1991,Trauer alle fuer Kaethe ( Simmenauer?) 1991,Trauer alle für Käthe (Simmenauer?) 1991,Mourning all for Käthe (Simmenauer?) 1991,German,Death Notice,,original,Käthe Simmenauer,1991,,,
IL-MTFN-001-G-F-0113-049-R0028,IL-MTFN-001-G-F-0113-049,12 Roses for Kaethe S. from E. Weidenfeld,12 Rose fuer Kaethe S. von E. Weidenfeld 1964,12 Rosen für Kaethe S. von E. Weidenfeld 1964,12 Roses for Kaethe S. from E. Weidenfeld 1964,German,Note,,original,Kaethe S.,1964,,,
IL-MTFN-001-G-F-0113-049-R0032,IL-MTFN-001-G-F-0113-049,For Richard Strauss on his 60th birthday,Fuer Richard strauss zum 60 Geb.,Für Richard Strauss zum 60. Geburtstag,For Richard Strauss on his 60th birthday,German,Greeting Card,,original,Richard Strauss,,,,
IL-MTFN-001-G-F-0113-049-R0033,IL-MTFN-001-G-F-0113-049,For Richard Strauss on his 65th Birthday,Fuer Richard Strauss zum 65 Geb. 1974,Für Richard Strauss zum 65. Geburtstag 1974,For Richard Strauss on his 65th birthday 1974,German,Greeting Card,,original,Richard Strauss,1974,,,
IL-MTFN-001-G-F-0113-050-R0035,IL-MTFN-001-G-F-0113-050,Independence Day 1982,יום עצמאות 1982,Unabhängigkeitstag 1982,Independence Day 1982,Unspecified,לא מזוהה,,other,,1982,,,
IL-MTFN-001-G-F-0113-050-R0036,IL-MTFN-001-G-F-0113-050,Purim 1938,Purim 1938,Purim 1938,Purim 1938,Unspecified,לא מזוהה,,other,,1938,,,
IL-MTFN-001-G-F-0113-051-R0002,IL-MTFN-001-G-F-0113-051,Humorous Newspaper for the Marriage of Gretl Wolf and Oscar Mayer,עיתון הומוריסטי לרגל נשואי גרטל וולף לאוסקר מאייר ב-1921 Familien Nachrichten,Humoristische Zeitung anlässlich der Hochzeit von Gretl Wolf mit Oscar Mayer im Jahr 1921 Familien Nachrichten,Humorous newspaper on the occasion of the marriage of Gretl Wolf to Oscar Mayer in 1921 Familien Nachrichten,German,עיתון|Newspaper,print,original,,1921,1921,,
IL-MTFN-001-G-F-0113-056-R0018,IL-MTFN-001-G-F-0113-056,Zeit Newspaper Excerpt 1968,Tel;Aviv – Jeder Mamser ist ein König – Ann Jellico und die Dekadenz – Zubin Mehta kam und blieb / F.W. / Ausschnitt aus der Zeitung “Zeit” 1968,Tel Aviv – Jeder Mamser ist ein König – Ann Jellico und die Dekadenz – Zubin Mehta kam und blieb / F.W. / Ausschnitt aus der Zeitung “Zeit” 1968,Tel Aviv – Every Bastard is a King – Ann Jellico and the Decadence – Zubin Mehta came and stayed / F.W. / Excerpt from the newspaper “Zeit” 1968,German,גזיר עיתון|News Clipping,print,copy,,,1968,,
IL-MTFN-001-G-F-0113-058-R0004,IL-MTFN-001-G-F-0113-058,Radio Basel 1960s,רדיו בזל שנות ה;60 Radio Basel,Radio Basel 60er Jahre,Radio Basel 1960s,Unspecified,לא מזוהה,,other,,,,,
IL-MTFN-001-G-F-0113-058-R0009,IL-MTFN-001-G-F-0113-058,Radio Düsseldorf 70s,רדיו דיסלדורף שנות ה;70 Radio Sülz & Co. Düsseldorf,Radio Düsseldorf 70er Jahre Radio Sülz & Co. Düsseldorf,Radio Düsseldorf 70s Radio Sülz & Co. Düsseldorf,Unspecified,לא מזוהה,,other,,,,,
IL-MTFN-001-G-F-0113-059-R0006,IL-MTFN-001-G-F-0113-059,"Stern Newspaper, Hamburg, 1960s","העיתון Stern, Hamburg, שנות ה-60","Die Zeitung Stern, Hamburg, 1960er Jahre","The newspaper Stern, Hamburg, 1960s",German,עיתון|Newspaper,print,original,,,1960,,
IL-MTFN-001-G-F-0113-061-R0002,IL-MTFN-001-G-F-0113-061,Newspaper Clippings from Heilbronn,מספר קטעי עיתונות מעיתון של היילברון.,Mehrere Zeitungsausschnitte aus der Zeitung von Heilbronn.,Several newspaper clippings from the Heilbronn newspaper.,Hebrew|German,גזיר עיתון|News Clipping,print,copy,,,,,
IL-MTFN-001-G-F-0116-001-R0001,IL-MTFN-001-G-F-0116-001,"Exhibition Brochure: Leop. Fleischhacker, Duisburg 1988","1988, חוברת של תארוכה שהתקיים ב דיוזבורג Duisburg עם השם Leop. Fleischhacker Bildhauer. Duesseldorf nan","1988, Broschüre einer Ausstellung, die in Duisburg stattfand, mit dem Namen Leop. Fleischhacker Bildhauer. Düsseldorf nan","1988, brochure of an exhibition held in Duisburg with the name Leop. Fleischhacker Sculptor. Düsseldorf nan",German|גרמנית,חוברת|Booklet,print,original,,1988,1988,,
IL-MTFN-001-G-F-0117-001-R0002,IL-MTFN-001-G-F-0117-001,Album with Woodcuts,"כאשר רעיה ברינקנשטיין עמדה לעלות לארץ הביא עורך העיתון, בן משפחה, את האלבום עם תחריטי העץ ובקש שתיקח אותה איתה לארץ.","Als Raia Brinkenstein nach Israel auswandern wollte, brachte der Zeitungsredakteur, ein Familienmitglied, das Album mit Holzschnitten und bat sie, es mit nach Israel zu nehmen.","When Raia Brinkenstein was about to immigrate to Israel, the newspaper editor, a family member, brought the album with woodcuts and asked her to take it with her to Israel.",Unspecified,אלבום|Album,,original,,,,,
IL-MTFN-001-G-F-0118-001-R0001,IL-MTFN-001-G-F-0118-001,צילום כתבה בעיתון Die Stimme,"צילום כתבה שהופיעה בגרמנית בשנת 1934 בעיתון היהודי Die Stimme; שתי תמונות עם כתוביות; 1. אהרון לנגר במדים כחבר באיגוד לוחמי חזית יהודיים באוסטריה במלח""ע I; 2. אהרון לנגר כחקלאי בכפר גדעון; עמק יזרעאל;","Foto eines Artikels, der 1934 auf Deutsch in der jüdischen Zeitung Die Stimme erschien; zwei Bilder mit Untertiteln; 1. Aharon Langer in Uniform als Mitglied des Verbandes jüdischer Frontkämpfer in Österreich im Ersten Weltkrieg; 2. Aharon Langer als Landwirt im Dorf Gideon; Jesreel-Tal;",Photograph of an article that appeared in German in 1934 in the Jewish newspaper Die Stimme; two pictures with captions; 1. Aharon Langer in uniform as a member of the Jewish Front Fighters Association in Austria in WWI; 2. Aharon Langer as a farmer in the village of Gideon; Jezreel Valley;,German|Hebrew,גזיר עיתון|News Clipping,photography,copy,אהרון לנגר,,1934,,
IL-MTFN-001-G-F-0121-001-R0001,IL-MTFN-001-G-F-0121-001,Lottery Tickets from 1909,כרטיסי פיס/הגרלה מ-1909 Braunschweig;Lüneburg;,Lotto-/Lotteriekarten von 1909 Braunschweig; Lüneburg;,Lottery tickets from 1909 Braunschweig; Lüneburg;,Unspecified,כרטיס|Ticket|Card,,original,,1909,,,
IL-MTFN-001-G-F-0121-001-R0002,IL-MTFN-001-G-F-0121-001,Lottery Ticket for Nathan Reis,כרטיס פייס/הגרלה מ 1865 לנתן רייס Nathan Reis מ-Wolfenbüttel;,Loskarte von 1865 für Nathan Reis aus Wolfenbüttel,Lottery ticket from 1865 for Nathan Reis from Wolfenbüttel,German,כרטיס|Ticket|Card,,original,Nathan Reis,1865,,,
IL-MTFN-001-G-F-0121-001-R0004,IL-MTFN-001-G-F-0121-001,Raffle Ticket from 1864 by H.J. Blume Jun.,כרטיס פייס/הגרלה מ-1864 של H.J. Blume Jun.,Loskarte/Lotterie von 1864 von H.J. Blume Jun.,Raffle/Lottery ticket from 1864 by H.J. Blume Jun.,German,כרטיס|Ticket|Card,print,original,H.J. Blume Jun.,1864,,,
IL-MTFN-001-G-F-0125-001-R0001,IL-MTFN-001-G-F-0125-001,Tombstone Address for Rabbi Yehuda Leib Taucher,כתובת למצבת הקבר של הרב יהודה לייב טאוכר 1730;1810 בנו של הרב מורדכי מקאליש,"Adresse für den Grabstein von Rabbi Yehuda Leib Taucher 1730;1810, Sohn von Rabbi Mordechai von Kalisch","Address for the tombstone of Rabbi Yehuda Leib Taucher 1730;1810, son of Rabbi Mordechai of Kalish",Hebrew,לא מזוהה,,original,Yehuda Leib Taucher,,,,
IL-MTFN-001-G-F-0128-001-R0002,IL-MTFN-001-G-F-0128-001,Newspaper Article on Salomon's Accident,"מאמר קטן מעיתון על תאונה שקרתה לסלומון, הוא נפל במעיין, אין תאריך.","Ein kleiner Artikel aus der Zeitung über einen Unfall, der Salomon passiert ist, er fiel in eine Quelle, kein Datum.","A small article from a newspaper about an accident that happened to Salomon, he fell into a spring, no date.",Hebrew,גזיר עיתון|News Clipping,print,original,סלומון,,,,
IL-MTFN-001-G-F-0135-001-R0003,IL-MTFN-001-G-F-0135-001,Display Text,הכתובית שמופיעה בתצוגה,"Der Text, der in der Anzeige erscheint",The text that appears in the display,Unspecified,לא מזוהה,,other,,,,,
IL-MTFN-001-G-F-0139-001-R0001,IL-MTFN-001-G-F-0139-001,Flyer dropped by Syrian plane before state establishment,"פלייר שנזרק על הישוב בארץ לפני קום המדינה ממטוס סורי, כתוב בעברית 'מאמר', בגרמנית 'Aufruf' ובערבית.","Ein Flugblatt, das vor der Staatsgründung von einem syrischen Flugzeug über die Siedlung im Land abgeworfen wurde, mit dem hebräischen Wort 'מאמר', dem deutschen Wort 'Aufruf' und auf Arabisch.","A flyer dropped over the settlement in the country before the establishment of the state by a Syrian plane, written in Hebrew 'מאמר', in German 'Aufruf', and in Arabic.",Hebrew|German|Other,פלייר|Flyer,print,original,,,,,
IL-MTFN-001-G-F-0140-001-R0004,IL-MTFN-001-G-F-0140-001,Invitations to Workshops and Purim Celebration,"הזמנות לסדנאות, הרצאות וחגיגת פורימ","Einladungen zu Workshops, Vorträgen und Purim-Feier","Invitations to workshops, lectures, and Purim celebration",Hebrew,הזמנה|Invitation,,original,,,,,
IL-MTFN-001-G-F-0140-001-R0012,IL-MTFN-001-G-F-0140-001,Exhibition of Songs and Books,"מתוך תערוכה של האירגון דפים על: ""שירים ששרנו פעם"" "" ספרים שקראנו פעם""","Aus einer Ausstellung der Organisation Seiten über: ""Lieder, die wir einmal gesungen haben"" ""Bücher, die wir einmal gelesen haben""","From an exhibition of the organization Pages about: ""Songs we once sang"" ""Books we once read""",Unspecified,לא מזוהה,,other,,,,,
IL-MTFN-001-G-F-0140-001-R0014,IL-MTFN-001-G-F-0140-001,1935 German Newspaper Clippings on New Building Style,1935 קטעי עיתון בגרמנית על סגנון הבניה החדש. בין היתר מוזכר מעצב הפנים Ordower nan,1935 Zeitungsausschnitte auf Deutsch über den neuen Baustil. Unter anderem wird der Innenarchitekt Ordower nan erwähnt.,"1935 German newspaper clippings about the new building style. Among others, interior designer Ordower nan is mentioned.",German,גזיר עיתון|News Clipping,print,other,Ordower nan,1935,,,
IL-MTFN-001-G-F-0148-001-R0001,IL-MTFN-001-G-F-0148-001,Donation of Silver Goblet to Museum,"גב, עשת קבלה את גביעת הכסף מאדם בשם Dankmunt Schinzer מגרמניה ובידיעתו וברשותו תרמה אותה למוזאון ואולי בגלל הסיפור המלוה את הגביעים.","Gab, Ashet erhielt den Silberbecher von einer Person namens Dankmunt Schinzer aus Deutschland und mit seinem Wissen und seiner Erlaubnis spendete sie ihn dem Museum, vielleicht wegen der Geschichte, die die Becher begleitet.","Gab, Ashet received the silver goblet from a person named Dankmunt Schinzer from Germany and with his knowledge and permission, she donated it to the museum, perhaps because of the story accompanying the goblets.",Hebrew|German,Receipt,,original,Dankmunt Schinzer,,,,
IL-MTFN-001-G-F-0154-001-R0001,IL-MTFN-001-G-F-0154-001,Pocket Watch Chain with Accessories,"גברת יוסף שלחה אביזר; שרשרת לשעון כיס, השעון איננו, בית השעון ואביזרי קשות נוספים מאתרים את השרשרת שעשויה חוטי טקסטיל כצמה. האביזרים מאותרים בקישותי חריטה, עשויים מתכת מוזהבות. על בית השעון חריטה שם/כתובת היוצר כפי הנראה צרפתי Remontoire Cylindre Aubis בית השעון מכסף עם חותמת.","Frau Josef schickte ein Zubehör; eine Taschenuhrkette, die Uhr fehlt, das Uhrengehäuse und weitere harte Zubehörteile schmücken die Kette, die aus Textilfäden als Zopf gefertigt ist. Die Zubehörteile sind mit Gravuren verziert, aus vergoldetem Metall gefertigt. Auf dem Uhrengehäuse ist der Name/die Adresse des Herstellers eingraviert, vermutlich französisch Remontoire Cylindre Aubis. Das Uhrengehäuse ist aus Silber mit einem Stempel.","Mrs. Yosef sent an accessory; a pocket watch chain, the watch is missing, the watch case and additional hard accessories adorn the chain made of textile threads as a braid. The accessories are decorated with engravings, made of gilded metal. On the watch case is engraved the name/address of the maker, presumably French Remontoire Cylindre Aubis. The watch case is silver with a stamp.",Unspecified,לא מזוהה,,original,,,,,
IL-MTFN-001-G-F-0161-001-R0002,IL-MTFN-001-G-F-0161-001,Information Sheet on Nahariya Settlement,דף הסברה על הישוב החדש 'נהריה',Informationsblatt über die neue Siedlung 'Nahariya',Information sheet about the new settlement 'Nahariya',Hebrew,Brochure,,original,,,,,
IL-MTFN-001-G-F-0165-001-R0006,IL-MTFN-001-G-F-0165-001,Postcards and Greetings to Shiloni Family,"1968;1992, גלויות, איחולים לחג מולד ושנה חדשה ותמונות למשפחת שילוני מבריגיטה וולף, גרמנית","1968;1992, Postkarten, Weihnachts- und Neujahrsgrüße und Fotos an die Familie Shiloni von Brigitta Wolf, Deutsch","1968;1992, Postcards, Christmas and New Year greetings and photos to the Shiloni family from Brigitta Wolf, German",German,גלויה|Postcard,print,original,Brigitta Wolf,1968,1992,,
IL-MTFN-001-G-F-0166-001-R0004,IL-MTFN-001-G-F-0166-001,Warning Postcards from the Jewish Community in Berlin,"הרבה גלויות 'התראה' מספרית הקהילה היהודית בברלין; הנ""ל לא 'כל כך' הקפיד להחזיר את הספרים בזמן.","Viele 'Warn'-Postkarten der jüdischen Gemeinde in Berlin; der oben genannte hat es nicht 'so sehr' darauf geachtet, die Bücher rechtzeitig zurückzugeben.",Many 'warning' postcards from the Jewish community in Berlin; the aforementioned did not 'so much' take care to return the books on time.,Hebrew|German,גלויה|Postcard,,original,,,,,
IL-MTFN-001-G-F-0166-001-R0023,IL-MTFN-001-G-F-0166-001,"B. Berger New Year's Wishes, Berlin 1924","ב. ברגר B. Berger, ברלין, 1924. איחולים לשנה החדשה.","B. Berger, Berlin, 1924. Neujahrswünsche.","B. Berger, Berlin, 1924. New Year's wishes.",Hebrew|German,כרטיס ברכה|Greeting Card,,original,B. Berger,1924,,,
IL-MTFN-001-G-F-0168-001-R0001,IL-MTFN-001-G-F-0168-001,Newspaper Clippings on Elias Canetti,"1981;1994, שלושה קטעי עיתון על Elias Canetti,; 1981, כתבה על אליס שורץ ב 'חדשות ישראל' על קבלת פרס נובל לסופר; מאמר על ספרו Welt im Kopf; 1994, מאמר על מותו בציריך בגיל 89;","1981;1994, drei Zeitungsausschnitte über Elias Canetti; 1981, Artikel über Alice Schwartz in 'Nachrichten Israel' über die Verleihung des Nobelpreises an den Schriftsteller; Artikel über sein Buch Welt im Kopf; 1994, Artikel über seinen Tod in Zürich im Alter von 89 Jahren;","1981;1994, three newspaper clippings about Elias Canetti; 1981, article about Alice Schwartz in 'Israel News' on the awarding of the Nobel Prize to the writer; article about his book Welt im Kopf; 1994, article about his death in Zurich at the age of 89;",Hebrew|German,גזיר עיתון|News Clipping,print,other,Elias Canetti,1981,1994,,
IL-MTFN-001-G-F-0180-001-R0003,IL-MTFN-001-G-F-0180-001,Strauss Factories Advertising Brochures 2001,"חוברות פירסום של מפעלי שטראוס; 2001, למען הקהילה.","Werbebroschüren der Strauss-Werke; 2001, für die Gemeinschaft.","Advertising brochures of Strauss factories; 2001, for the community.",Hebrew,חוברת|Booklet,print,original,שטראוס,2001,2001,,
IL-MTFN-001-G-F-0180-001-R0004,IL-MTFN-001-G-F-0180-001,El Al Menu - Strauss Breakfast,"בלי תאריך, להרגיש בעננים עם ארוחת הבוקר של שטראוס; תפריט של אלעל.","Ohne Datum, sich wie im Himmel fühlen mit dem Frühstück von Strauss; Menü von El Al.","Without date, feel on cloud nine with Strauss breakfast; El Al menu.",Hebrew,לא מזוהה,,original,,,,,
IL-MTFN-001-G-F-0185-001-R0005,IL-MTFN-001-G-F-0185-001,Organizational Pins and Badges,סיכות ואותות השתייכות לאירגונים.,Abzeichen und Zugehörigkeitszeichen zu Organisationen.,Pins and affiliation badges to organizations.,Unspecified,לא מזוהה,,other,,,,,
IL-MTFN-001-G-F-0185-001-R0007,IL-MTFN-001-G-F-0185-001,Military Identification Badges of Moshe Garzon,אותות זיהוי צבאיים עם הכתובית Palestine שעיטרו את מדיו של משה גרזון בעת שרותו בצבא הבריטי ביחידה הישראלית של חיל הנהגים.,"Militärische Erkennungszeichen mit der Aufschrift 'Palestine', die die Uniform von Moshe Garzon während seines Dienstes in der britischen Armee in der israelischen Einheit des Fahrerkorps schmückten.",Military identification badges with the inscription 'Palestine' that adorned the uniform of Moshe Garzon during his service in the British Army in the Israeli unit of the Driver Corps.,Unspecified,לא מזוהה,,original,Moshe Garzon,,,,
IL-MTFN-001-G-F-0185-011-R0002,IL-MTFN-001-G-F-0185-011,Article on Miriam Weber in 'LaIsha',"צילום כתבה שהופיעה בעיתון 'לאשה' על תושבת מושב הבונים מרים ובר, בהקשר עם ההתמודדות שלה עם מחלת בעלה, אלצהיימר.","Foto eines Artikels, der in der Zeitung 'LaIsha' über Miriam Weber, eine Bewohnerin des Moschaw Habonim, erschienen ist, im Zusammenhang mit ihrem Umgang mit der Krankheit ihres Mannes, Alzheimer.","Photograph of an article that appeared in the newspaper 'LaIsha' about Miriam Weber, a resident of Moshav Habonim, in connection with her coping with her husband's illness, Alzheimer's.",Hebrew,גזיר עיתון|News Clipping,photography,copy,מרים ובר,,,,
IL-MTFN-001-G-F-0185-011-R0006,IL-MTFN-001-G-F-0185-011,Brochure for 50th Anniversary of Moshav Habonim,עלון בעברית ואנגלית לרגל 50 שנה למושב הבונים.,Broschüre auf Hebräisch und Englisch zum 50-jährigen Jubiläum des Moschaw Habonim.,Brochure in Hebrew and English for the 50th anniversary of Moshav Habonim.,Hebrew|English,ברושור|Brochure,print,original,,,,,
IL-MTFN-001-G-F-0186-002-R0002,IL-MTFN-001-G-F-0186-002,Translation of Leaflet No. 12 of Ahalem Memorial Site,תרגום לעברית של עלון מס. 12 של אתר ההנצחה אהלם.,Übersetzung ins Hebräische des Flyers Nr. 12 der Gedenkstätte Ahalem.,Translation into Hebrew of leaflet No. 12 of the Ahalem Memorial Site.,Hebrew,מסמך מתורגם|Translated Document,,copy,,,,,
IL-MTFN-001-G-F-0186-003-R0002,IL-MTFN-001-G-F-0186-003,"Photocopy of Article on Jewish Community in Germany, 1941","1996 (?) צילום מאמר מתוך עיתון (לא ידוע איזה) הכותרת ""על החלוץ ושארית הציבור היהודי בגרמניה בשנת 1941.","1996 (?) Fotokopie eines Artikels aus einer Zeitung (unbekannt welche) mit dem Titel ""Über den Pionier und den Rest der jüdischen Gemeinschaft in Deutschland im Jahr 1941"".","1996 (?) Photocopy of an article from a newspaper (unknown which) titled ""About the Pioneer and the Rest of the Jewish Community in Germany in 1941"".",Unspecified,גזיר עיתון|News Clipping,photography,copy,,1996,,,
IL-MTFN-001-G-F-0186-003-R0006,IL-MTFN-001-G-F-0186-003,Memorial Leaflet of Ohalem in Hanover,"1993 צילום ותרגום לעברית של עלון ההנצחה של אהלם בהנובר בין היתר כתוב בו ""מרטין גרזון נרצח באושויץ"".","1993 Fotografie und Übersetzung ins Hebräische des Gedenkblatts von Ohalem in Hannover, unter anderem steht dort ""Martin Garzon wurde in Auschwitz ermordet"".","1993 Photograph and translation into Hebrew of the memorial leaflet of Ohalem in Hanover, among other things it says ""Martin Garzon was murdered in Auschwitz"".",Hebrew|German,Translated Document,photography,copy,,1993,,,
IL-MTFN-001-G-F-0186-004-R0004,IL-MTFN-001-G-F-0186-004,Bulletin in Memory of Clara Grunwald,"1993 העלון להנצחת אהלם מפרסם דברים לזכרה של קלרה גרונולד, עלון מס.12.","1993 veröffentlicht das Bulletin zur Erinnerung an ihre Zelte Worte zum Gedenken an Clara Grunwald, Bulletin Nr. 12.","1993 the bulletin for commemorating their tents publishes words in memory of Clara Grunwald, Bulletin No. 12.",Hebrew,עלון|Bulletin,print,original,קלרה גרונולד,,1993,,
IL-MTFN-001-G-F-0186-005-R0001,IL-MTFN-001-G-F-0186-005,Brochures of the Center for the Memory of Their Tents,"עלונים של המרכז לנצחת אהלם בהנובר, בגרמנית ועברית.","Broschüren des Zentrums für die Erinnerung an ihre Zelte in Hannover, auf Deutsch und Hebräisch.","Brochures of the Center for the Memory of Their Tents in Hanover, in German and Hebrew.",German|Hebrew,ברושור|Brochure,print,original,,,,,
IL-MTFN-001-G-F-0186-007-R0006,IL-MTFN-001-G-F-0186-007,"Partial Name List from Neuendorf, 1943",צילום של רשימה שמית (חלקית) מ-1943 של הנמצאים בנוינדורף Neuendorf.,Foto einer (teilweisen) Namensliste von 1943 der sich in Neuendorf befindenden Personen.,Photograph of a (partial) name list from 1943 of those present in Neuendorf.,Unspecified,רשימה|List,photography,copy,,1943,,,
IL-MTFN-001-G-F-0187-001-R0003,IL-MTFN-001-G-F-0187-001,Windmiller Family Brochure 2002,"עלון משפחת וינדמילר מ-2002 מיצא לאור בארה""ב בין היתר יש בו הודעה על מפגש משפחתי בשנת 2005.","Familienbroschüre der Familie Windmiller aus dem Jahr 2002, veröffentlicht in den USA, enthält unter anderem eine Ankündigung eines Familientreffens im Jahr 2005.","Windmiller family brochure from 2002 published in the USA, including an announcement of a family meeting in 2005.",Hebrew|English,ברושור|Brochure,print,original,Windmiller Family,2002,2002,,
IL-MTFN-001-G-F-0187-002-R0006,IL-MTFN-001-G-F-0187-002,Photograph of German Booklet,"צילום חוברת כנ""ל בגרמנית.",Fotografie eines oben genannten Heftes auf Deutsch.,Photograph of the aforementioned booklet in German.,German,חוברת|Booklet,photography,copy,,,,,
IL-MTFN-001-G-F-0188-001-R0001,IL-MTFN-001-G-F-0188-001,Wall Carpet by Käthe Isaacson,"בספטמבר 2013 הופקד שטיח קיר 90X160, עבודת אריגה, שאמה של חנה אורן, קטה לבית איזקסון, קבלה לחתונתה עם הרבאט לשניצר. השטיח נותר ברשות ארנה איזקסון, אמה של קטה, היה תלוי על הקיר בביתה בבלגיה. לאחר מות האם, ארנה איזקסון ב-1970, הובא השטיח לישראל ונתלה על הקיר בביתם של קטה ואדולף לשניצר בנהריה. על השטיח ארוגים סצנות של מסלול החיים של משפחה, כמו כן ארוגים המשפטים הבאים: NordOstSüdWest ""צפוןמזרחדרוםמערב ""ו; Tu Hus ist Best בניב וסטפאלי ""בבית הכי טוב"". השטיח מוצג במוזיאון, בצריף נהריה.","Im September 2013 wurde ein Wandteppich 90X160, eine Webarbeit, die die Mutter von Hanna Oren, Käthe geborene Isaacson, zu ihrer Hochzeit mit Herbert Leschnitzer erhielt, hinterlegt. Der Teppich blieb im Besitz von Arna Isaacson, der Mutter von Käthe, und hing an der Wand in ihrem Haus in Belgien. Nach dem Tod der Mutter, Arna Isaacson, im Jahr 1970, wurde der Teppich nach Israel gebracht und an der Wand im Haus von Käthe und Adolf Leschnitzer in Nahariya aufgehängt. Auf dem Teppich sind Szenen aus dem Lebensweg der Familie gewebt, ebenso die folgenden Sätze: NordOstSüdWest und Tu Hus ist Best im westfälischen Dialekt. Der Teppich wird im Museum im Nahariya-Haus ausgestellt.","In September 2013, a wall carpet 90X160, a weaving work that Hanna Oren's mother, Käthe née Isaacson, received for her wedding with Herbert Leschnitzer, was deposited. The carpet remained in the possession of Arna Isaacson, Käthe's mother, and was hung on the wall in her house in Belgium. After the mother's death, Arna Isaacson, in 1970, the carpet was brought to Israel and hung on the wall in the home of Käthe and Adolf Leschnitzer in Nahariya. Scenes of the family's life path are woven into the carpet, as well as the following phrases: NordOstSüdWest and Tu Hus ist Best in Westphalian dialect. The carpet is displayed in the museum, in the Nahariya house.",German|Hebrew,לא מזוהה|Unrecognized,other,original,,,,,
IL-MTFN-001-G-F-0190-002-R0001,IL-MTFN-001-G-F-0190-002,First Aid Kit for Travelers from the 1920s/30s,ערכת עזרה ראשונה לנוסע משנות ה-20/30 למאה ה-20.,Erste-Hilfe-Set für Reisende aus den 1920er/30er Jahren des 20. Jahrhunderts.,First aid kit for travelers from the 1920s/30s of the 20th century.,Unspecified,לא מזוהה,,other,,,,,
IL-MTFN-001-G-F-0202-001-R0002,IL-MTFN-001-G-F-0202-001,עיתון 'דבר' עם מודעה על גדליה נהוראיי,תכולת המזודה: עיתון 'דבר' מ-1939 בין היתר עם מודעה קצרה על גדליה נהוראיי; הנצחה אחרי מותו.,Inhalt des Koffers: Zeitung 'Davar' von 1939 unter anderem mit einer kurzen Anzeige über Gedaliah Nehorai; Gedenken nach seinem Tod.,"Contents of the suitcase: 'Davar' newspaper from 1939, among other things, with a short advertisement about Gedaliah Nehorai; commemoration after his death.",Hebrew,עיתון|Newspaper,print,original,גדליה נהוראיי,,1939,,
IL-MTFN-001-G-F-0202-001-R0012,IL-MTFN-001-G-F-0202-001,Unused Postcards from Lwow and Palestine 1935,גלויות של העיר Lwow; גלויות לא משומשות מפלשתינה 1935.,Postkarten der Stadt Lwow; Unbenutzte Postkarten aus Palästina 1935.,Postcards of the city of Lwow; Unused postcards from Palestine 1935.,Other,גלויה|Postcard,print,original,,1935,,,
IL-MTFN-001-G-F-0202-001-R0013,IL-MTFN-001-G-F-0202-001,Empty Photo Envelopes with M. Gerson Stamp,מעטפות רייקות של תמונות עם חותמת שבית העסק היה שייך ל מ. גרזון M.Gerson.,"Leere Umschläge von Fotos mit einem Stempel, dass das Geschäft M. Gerson gehörte.",Empty envelopes of photos with a stamp that the business belonged to M. Gerson.,Hebrew|German,מעטפה|Envelope,,original,M. Gerson,,,,
IL-MTFN-001-G-F-0202-001-R0015,IL-MTFN-001-G-F-0202-001,Unused Old Italian Postcards,"גלויות עתיקות של איטליה, לא משומשות; 1943.","Alte Postkarten aus Italien, unbenutzt; 1943.","Old postcards of Italy, unused; 1943.",Other,גלויה|Postcard,print,original,,1943,,,
IL-MTFN-001-G-F-0202-001-R0017,IL-MTFN-001-G-F-0202-001,New Guitar Strings Purchased by Wally Seligman in Germany,"מיתרים 'חדשים' לגיטרה כפי שנקנו בגרמניה ע""י ולי זליגמן.","Neue Gitarrensaiten, wie sie von Wally Seligman in Deutschland gekauft wurden.",New guitar strings as purchased in Germany by Wally Seligman.,German,Receipt,,original,Wally Seligman,,,,
IL-MTFN-001-G-F-0202-001-R0018,IL-MTFN-001-G-F-0202-001,Envelope with Hand-Rolled Cigarettes,מעטפה עם 3 סיגריות; כפי הנראה כאלה שמגלגלים ביד.,"Umschlag mit 3 Zigaretten; anscheinend solche, die von Hand gerollt werden.",Envelope with 3 cigarettes; apparently hand-rolled ones.,Unspecified,מעטפה|Envelope,,original,,,,,
IL-MTFN-001-G-F-0202-006-R0004,IL-MTFN-001-G-F-0202-006,Bulletin Commemorating 100 Years of Cooperative Settlements,"'המושב השיתופי' עלון הקשר למושבים השיתופיים בארץ / תשל""ו / 1975; עלון בגרמנית שיצא ב-1993 להנצחת 100 שנים לאהלם.","""Der kooperative Sitz"" Verbindungsbulletin für die kooperativen Siedlungen im Land / 1975; Ein Bulletin auf Deutsch, das 1993 zur Erinnerung an 100 Jahre seit ihrer Gründung veröffentlicht wurde.","""The Cooperative Settlement"" Connection Bulletin for Cooperative Settlements in the Country / 1975; A bulletin in German published in 1993 to commemorate 100 years since their establishment.",German|גרמנית,עלון|Bulletin,print,original,,1993,1993,,
IL-MTFN-001-G-F-0202-007-R0005,IL-MTFN-001-G-F-0202-007,Linguistic Commemoration from the German Past,הנצחה לשונית מהעבר הגרמני (+סריקה של החומר)1920.,Sprachliches Gedenken aus der deutschen Vergangenheit (+ Scan des Materials) 1920.,Linguistic commemoration from the German past (+ scan of the material) 1920.,German,Unrecognized,,original,,1920,,,
IL-MTFN-001-G-F-0202-009-R0002,IL-MTFN-001-G-F-0202-009,Leaflet for Martin's 50th Birthday,"מספר עותקים של צילום מנשר שכתב מנפרד גרזון בעברית ב-1952 ליום ההולדת ה-50 של אחיו מרטין ז""ל, בעברית ובגרמנית.","Mehrere Kopien eines Flugblatts, das Manfred Garson 1952 zum 50. Geburtstag seines Bruders Martin seligen Angedenkens auf Hebräisch und Deutsch geschrieben hat.","Several copies of a leaflet written by Manfred Garson in Hebrew in 1952 for the 50th birthday of his late brother Martin, in Hebrew and German.",Hebrew|German,מנשר|Leaflet,,copy,Manfred Garson,1952,,,
IL-MTFN-001-G-F-0202-009-R0014,IL-MTFN-001-G-F-0202-009,Brochures from Memorial Site in Hanover,8 עלונים מאתר ההנצחה לאהלם בהנובר.,8 Broschüren von der Gedenkstätte für ihre Zelte in Hannover.,8 brochures from the memorial site for their tents in Hanover.,Hebrew|German,ברושור|Brochure,print,original,,,,,
IL-MTFN-001-G-F-0202-010-R0003,IL-MTFN-001-G-F-0202-010,Invitation to Commemorate Clara Grunwald,"הזמנה להנצחת שמה של קלרה גרונולד לבי""ס בברלין.",Einladung zur Ehrung des Namens von Clara Grunwald für eine Schule in Berlin.,Invitation to commemorate the name of Clara Grunwald for a school in Berlin.,Hebrew|German,הזמנה|Invitation,,original,Clara Grunwald,,,,
IL-MTFN-001-G-F-0202-010-R0008,IL-MTFN-001-G-F-0202-010,Envelope with Photos and Memorial,מעטפה עם תמונות בין היתר: מרטין גרזון; מצבה לזכר קלרה גרונולד וקרוביה שנספו בשואה.,"Umschlag mit Fotos, darunter: Martin Garzon; Grabstein zur Erinnerung an Clara Grunwald und ihre Verwandten, die im Holocaust umkamen.","Envelope with photos, including: Martin Garzon; Tombstone in memory of Clara Grunwald and her relatives who perished in the Holocaust.",Unspecified,מעטפה|Envelope,,other,,,,,
IL-MTFN-001-G-F-0202-013-R0005,IL-MTFN-001-G-F-0202-013,Renate Gerson's Flower Shop Stationery and Postcard,ניר מכתבים של רנטה גרזון Renate Gerson עם סמל חנות הפרחים שלה בברלין + גלויה עליה חנות הפרחים של רנטה.,Briefpapier von Renate Gerson mit dem Logo ihres Blumenladens in Berlin + eine Postkarte mit ihrem Blumenladen.,Letterhead of Renate Gerson with the logo of her flower shop in Berlin + a postcard featuring her flower shop.,German|Hebrew,ניירות מכתבים|Stationery|גלויה|Postcard,,original,Renate Gerson,,,,
IL-MTFN-001-G-F-0202-014-R0011,IL-MTFN-001-G-F-0202-014,Explanations for Classical Music Records,הסברים לטקליטים של מוסיקה קלסית.,Erklärungen zu klassischen Musikplatten.,Explanations for classical music records.,Hebrew,לא מזוהה,,original,,,,,
IL-MTFN-001-G-F-0202-015-R0008,IL-MTFN-001-G-F-0202-015,Postcard from Gad Blumental,גלויה מ- Gad Blumental,Postkarte von Gad Blumental,Postcard from Gad Blumental,Unspecified,גלויה|Postcard,,original,Gad Blumental,,,,
IL-MTFN-001-G-F-0202-015-R0015,IL-MTFN-001-G-F-0202-015,1993 Postcard to Willi Seligman from Gad Blumenthal,1993 גלויה אל וילי זליגמן מ- Gad Blumenthal שביקר ב- Ahlem,"1993 Postkarte an Willi Seligman von Gad Blumenthal, der Ahlem besuchte",1993 Postcard to Willi Seligman from Gad Blumenthal who visited Ahlem,Hebrew,גלויה|Postcard,other,original,Willi Seligman,1993,,,
IL-MTFN-001-G-F-0202-016-R0009,IL-MTFN-001-G-F-0202-016,Newspaper Article on 'HaChalutz' and German Jews,"1941, מאמר עיתון וצילומו על 'החלוץ' ושארית יהודי גרמניה","1941, Zeitungsartikel und Foto über 'HaChalutz' und den Rest der deutschen Juden","1941, Newspaper article and its photograph about 'HaChalutz' and the remnants of German Jews",Hebrew|German,מאמר|Article|גזיר עיתון|News Clipping,print,copy,,1941,1941,,
IL-MTFN-001-G-F-0202-016-R0011,IL-MTFN-001-G-F-0202-016,"New Year Greeting from Chaim to Eli and Family, 1991","1991, שנה טובה מ חיים אל ולי ומשפחתה","1991, Frohes neues Jahr von Chaim an Eli und ihre Familie","1991, Happy New Year from Chaim to Eli and her family",Hebrew,כרטיס ברכה|Greeting Card,,original,,1991,,,
IL-MTFN-001-G-F-0202-016-R0014,IL-MTFN-001-G-F-0202-016,"Part of a newspaper from Posen, 1920","1920, חלק של עיתון מהאיזור פוזן","1920, Teil einer Zeitung aus der Region Posen","1920, part of a newspaper from the Posen area",Other,גזיר עיתון|News Clipping,print,other,,1920,1920,,
IL-MTFN-001-G-F-0219-002-R0008,IL-MTFN-001-G-F-0219-002,Humorous Newspaper for the Wedding of Leo Pineas and Tilly Holzmann,"עיתון היתולי, שנערך לרגל נישואי לאו פינאס Leo Pineas אחיה של סופי עם טילי הולצמן; Tilly Holzmann. השניים ובתם הקטנה נרצחו בשואה.","Eine humorvolle Zeitung, die anlässlich der Hochzeit von Leo Pineas, dem Bruder von Sophie, mit Tilly Holzmann erstellt wurde. Beide und ihre kleine Tochter wurden im Holocaust ermordet.","A humorous newspaper, edited on the occasion of the marriage of Leo Pineas, the brother of Sophie, with Tilly Holzmann. Both and their young daughter were murdered in the Holocaust.",Hebrew,עיתון|Newspaper,print,original,Leo Pineas,,,,
IL-MTFN-001-G-F-0219-002-R0010,IL-MTFN-001-G-F-0219-002,Subscription Card for Great Synagogue in Düsseldorf,"כרטיס מנוי לשתי מקומות בבית הכנסת הגדול בדיסלדורף, הונפק על השם ויקטור פינאס; Viktor Pineas. אין תאריך.","Abonnementkarte für zwei Plätze in der großen Synagoge in Düsseldorf, ausgestellt auf den Namen Viktor Pineas; Viktor Pineas. Kein Datum.","Subscription card for two seats in the Great Synagogue in Düsseldorf, issued in the name of Viktor Pineas; Viktor Pineas. No date.",German,כרטיס|Ticket|Card,,original,Viktor Pineas,,,,
IL-MTFN-001-G-F-0219-002-R0013,IL-MTFN-001-G-F-0219-002,Festive Card for Wilhelm and Sophie's Wedding,כרטיס חגיגי מאויר ועליו התפריט בחגיגת הנישואין של וילהלם וסופי.,Festliche Karte mit Menü zur Hochzeitsfeier von Wilhelm und Sophie.,Festive card with the menu at the wedding celebration of Wilhelm and Sophie.,Unspecified,כרטיס ברכה|Greeting Card,drawing,original,Wilhelm|Sophie,,,,
IL-MTFN-001-G-F-0219-002-R0015,IL-MTFN-001-G-F-0219-002,Festive Menu Card for Clementine Ullmann's Wedding,כרטיס תפריט חגיגי למסיבת הנישואין של קלמנטינה אולמן (הבת של יצחק ורגינה אולמן) עם משה בר ב-1888. ההורים של וילהלם בר והסבים של ארנו ורולף בר.,Festliches Menükarte für die Hochzeitsfeier von Clementine Ullmann (Tochter von Isaac und Regina Ullmann) mit Moshe Bar im Jahr 1888. Die Eltern von Wilhelm Bar und die Großeltern von Arno und Rolf Bar.,Festive menu card for the wedding party of Clementine Ullmann (daughter of Isaac and Regina Ullmann) with Moshe Bar in 1888. The parents of Wilhelm Bar and the grandparents of Arno and Rolf Bar.,Unspecified,כרטיס|Ticket|Card,,original,Clementine Ullmann,1888,,,
IL-MTFN-001-G-F-0223-001-R0008,IL-MTFN-001-G-F-0223-001,Decorations and Pins for Hanan and Elisheva David,עיטורים וסיכות: 'עיטור לוחמי המדינה' לחנן ולאלישבע דוד; 2 סיכות 'זכור'; סיכה 'הגנת השרון'.,Dekorationen und Abzeichen: 'Dekoration der Staatskämpfer' für Hanan und Elisheva David; 2 'Erinnere dich'-Abzeichen; 'Schutz von Sharon'-Abzeichen.,Decorations and pins: 'Decoration of the State Fighters' for Hanan and Elisheva David; 2 'Remember' pins; 'Defense of Sharon' pin.,Unspecified,לא מזוהה,,original,,,,,
IL-MTFN-001-G-F-0226-001-R0002,IL-MTFN-001-G-F-0226-001,Passenger List and Notices on Ship Tel Aviv,"חוברת קטנה, אנגלית, עם רשימת הנוסעים על האניה תל אביב ועם זמני הארוחות והודעות שונות על ההתנהגות באניה. ללא תאריך.","Kleines Heft, Englisch, mit Passagierliste des Schiffes Tel Aviv und mit Essenszeiten und verschiedenen Verhaltenshinweisen auf dem Schiff. Ohne Datum.","Small booklet, English, with the passenger list on the ship Tel Aviv and with meal times and various notices about behavior on the ship. No date.",English,חוברת|Booklet,print,original,,,,,
IL-MTFN-001-G-F-0226-002-R0001,IL-MTFN-001-G-F-0226-002,"Israeli Flag of the Ship ""Atid""","דגל ישראל ששימש את האוניה ""עתיד"" של חברת הספנות ריכרד בורכרדט בהמבורג. בלב ים היו מחליפים את הדגל הגרמני בדגל הישראלי.","Die israelische Flagge, die auf dem Schiff ""Atid"" der Reederei Richard Borchardt in Hamburg verwendet wurde. Auf hoher See wurde die deutsche Flagge durch die israelische Flagge ersetzt.","The Israeli flag used by the ship ""Atid"" of the Richard Borchardt shipping company in Hamburg. At sea, the German flag was replaced with the Israeli flag.",Unspecified,לא מזוהה,,original,,,,,
IL-MTFN-001-G-F-0232-001-R0001,IL-MTFN-001-G-F-0232-001,Art Catalog - Tribute to Kaufhaus N. Israel,"קטלוג אמנותי, דף מודפס עם מידע קצר על וילפריד ישראל. קטלוג אמנותי באנגלית A tribute To Kaufhaus N. Israel 1815;1939.","Künstlerkatalog, gedrucktes Blatt mit kurzen Informationen über Wilfrid Israel. Künstlerkatalog auf Englisch Ein Tribut an Kaufhaus N. Israel 1815;1939.","Art catalog, printed page with brief information about Wilfrid Israel. Art catalog in English A tribute To Kaufhaus N. Israel 1815;1939.",English,קטלוג|Catalog,print,original,Wilfrid Israel,,,,
IL-MTFN-001-G-F-0236-001-R0010,IL-MTFN-001-G-F-0236-001,Silver Fork from Maternal Grandparents,"ב-28.11.2012 התווסף:; מזלג מכסף עליו חרותים האותיות SRO. המזלג הוא פריט מתוך הסכום של הסבים מצד האם, חנה, של אסתר יפתח;אל: זיגפריד ואולגה רוט.","Am 28.11.2012 hinzugefügt:; Silberne Gabel mit den eingravierten Buchstaben SRO. Die Gabel ist ein Gegenstand aus dem Besteck der Großeltern mütterlicherseits, Hanna, von Esther Jiftach; an: Siegfried und Olga Roth.","Added on 28.11.2012:; Silver fork engraved with the letters SRO. The fork is an item from the cutlery of the maternal grandparents, Hanna, of Esther Yiftach; to: Siegfried and Olga Roth.",Unspecified,לא מזוהה,,other,,,,,
IL-MTFN-001-G-F-0236-001-R0011,IL-MTFN-001-G-F-0236-001,Invitation to Community House Inauguration,הזמנה לחנוכת בית העם בגן שומרון ב-8.5.1950; העתק.,Einladung zur Einweihung des Gemeindehauses in Gan Shomron am 8.5.1950; Kopie.,Invitation to the inauguration of the community house in Gan Shomron on 8.5.1950; copy.,Hebrew,הזמנה|Invitation,,copy,,1950-05-08,,,
IL-MTFN-001-G-F-0239-001-R0001,IL-MTFN-001-G-F-0239-001,Passover Seder Cloak of the Friedman Family,"גלימה מבד לבן, מקושטת בתחרה לעורך סדר הפסח. הגלימה הועברה מדור לדור במשפחת פרידמן, נדדה עם המשפחה לאוסטרליה ולישראל.","Ein Umhang aus weißem Stoff, verziert mit Spitze für das Pessach-Seder. Der Umhang wurde von Generation zu Generation in der Familie Friedman weitergegeben und wanderte mit der Familie nach Australien und Israel.","A cloak made of white fabric, decorated with lace for the Passover Seder. The cloak was passed down from generation to generation in the Friedman family, and traveled with the family to Australia and Israel.",Unspecified,לא מזוהה,,original,Friedman Family,,,,
IL-MTFN-001-G-F-0239-002-R0004,IL-MTFN-001-G-F-0239-002,"New Year's Greeting from Charlotte to Her Parents, 1925","ברכה לראש השנה, 1925, ששרלוטה כתבה להוריה, בהיותה בת 21.","Neujahrsgruß, 1925, den Charlotte an ihre Eltern schrieb, als sie 21 Jahre alt war.","New Year's greeting, 1925, written by Charlotte to her parents when she was 21 years old.",Hebrew,כרטיס ברכה|Greeting Card,handwriting,original,Charlotte,1925,,,
IL-MTFN-001-G-F-0247-001-R0002,IL-MTFN-001-G-F-0247-001,Postcard from Messingwerk to J. Graet,גלויה של מסינגוורק עליה כותבת פני ב-30.1.1902 אל J. Graet. על הגלויה מודפס הלוגו: Aron Hirsch & Sohn Messingwerk bei Eberswalde.,"Postkarte von Messingwerk, auf der Fanny am 30.1.1902 an J. Graet schreibt. Auf der Postkarte ist das Logo gedruckt: Aron Hirsch & Sohn Messingwerk bei Eberswalde.",Postcard from Messingwerk on which Fanny writes on 30.1.1902 to J. Graet. The postcard has the logo printed: Aron Hirsch & Sohn Messingwerk near Eberswalde.,German,גלויה|Postcard,print,original,J. Graet,1902-01-30,,,
IL-MTFN-001-G-F-0247-002-R0002,IL-MTFN-001-G-F-0247-002,Newspaper Clippings on Various Individuals,"קטעי עיתונות עם מאמרים על לודוויג פינר, יהודה מגנס, קורט בלומנפלד, הדסה קלוורי;רוזנבליט ועוד.","Zeitungsausschnitte mit Artikeln über Ludwig Pinner, Yehuda Magnes, Kurt Blumenfeld, Hadassah Kalvary; Rosenblit und andere.","Newspaper clippings with articles about Ludwig Pinner, Yehuda Magnes, Kurt Blumenfeld, Hadassah Kalvary; Rosenblit and others.",Hebrew|עברית,גזיר עיתון|News Clipping,print,other,,,,,
IL-MTFN-001-G-F-0250-004-R0006,IL-MTFN-001-G-F-0250-004,Death Notice for Prof. Max Kurein,מודעות אבל על מותו של פרופ' מקס קוריין ב-10.8.1967.,Todesanzeigen für den Tod von Prof. Max Kurein am 10.8.1967.,Death notices for the death of Prof. Max Kurein on 10.8.1967.,Hebrew,מודעת אבל|Death Notice,print,original,מקס קוריין,1967-08-10,,,
IL-MTFN-001-G-F-0250-005-R0009,IL-MTFN-001-G-F-0250-005,מעטפה עם צילום מתוך ספרו של יוסף ארגמן,"מעטפה עם: צילום הפרק ""אחד החשאים שביניהם"" מתוך ספרו של יוסף ארגמן ""זה היה סודי ביותר"", יצא לאור 1990.","Umschlag mit: Fotografie des Kapitels ""Einer der Geheimsten unter ihnen"" aus dem Buch von Josef Argaman ""Das war streng geheim"", veröffentlicht 1990.","Envelope with: Photograph of the chapter ""One of the Secretive Among Them"" from the book by Yosef Argaman ""This Was Top Secret"", published in 1990.",Hebrew,מעטפה|Envelope,photography,copy,יוסף ארגמן,,1990,,
IL-MTFN-001-G-F-0251-001-R0005,IL-MTFN-001-G-F-0251-001,1933 Menu of Ship Roma for New Immigrants,"1933, תפריט מעוצב של אונית רומה Roma, לעולים חדשים לארץ ישראל, Jewish pilgrims to our holy land erez Jisroel, אנגלית, מודפס.","1933, gestaltetes Menü des Schiffes Roma, für neue Einwanderer nach Israel, jüdische Pilger zu unserem heiligen Land Erez Jisroel, Englisch, gedruckt.","1933, designed menu of the ship Roma, for new immigrants to the Land of Israel, Jewish pilgrims to our holy land Erez Jisroel, English, printed.",English,לא מזוהה,print,original,,1933,,,
IL-MTFN-001-G-F-0251-001-R0008,IL-MTFN-001-G-F-0251-001,Tourism Information Sheet on Tel Aviv Port,2004 דף מידע של תיירות על המקומות בנמל תל אביב ששם התקיימו ירידי המזרח ואיך זה נראה היום.,"Informationsblatt über den Tourismus in Tel Aviv Hafen im Jahr 2004, wo die Messen des Ostens stattfanden und wie es heute aussieht.",2004 information sheet on tourism about the places in Tel Aviv Port where the Eastern Fairs took place and how it looks today.,Hebrew,Brochure,print,original,,2004,2004,,
IL-MTFN-001-G-F-0256-001-R0011,IL-MTFN-001-G-F-0256-001,New Year's Greeting from Hilde Totenkopf to Grandmother,"ברכה לראש השנה אל הסבתה מאת הנכדה הילדה טוטנקופף Hilde Totenkopf. בברכה שולחת הנכדה שיר לסבתה, ללא ציון תאריך. (הברכה על איוריה מעניינת / נילי);","Neujahrsgruß an die Großmutter von der Enkelin Hilde Totenkopf. In dem Gruß sendet die Enkelin ein Gedicht an ihre Großmutter, ohne Datumsangabe. (Der Gruß ist mit interessanten Illustrationen / Nili)","New Year's greeting to the grandmother from the granddaughter Hilde Totenkopf. In the greeting, the granddaughter sends a poem to her grandmother, without a date. (The greeting is with interesting illustrations / Nili)",Hebrew|German,כרטיס ברכה|Greeting Card,,original,Hilde Totenkopf,,,,
IL-MTFN-001-G-F-0258-001-R0001,IL-MTFN-001-G-F-0258-001,"CD of Paul Ben Haim, 2004","2004, CD של פאול בן חיים Paul Ben Haim יליד מינכן","2004, CD von Paul Ben Haim, geboren in München","2004, CD of Paul Ben Haim, born in Munich",Other,לא מזוהה,other,original,Paul Ben Haim,,2004,,
IL-MTFN-001-G-F-0264-001-R0004,IL-MTFN-001-G-F-0264-001,Invitation to Bezalel Exhibition by Fritz Kornberg,"הזמנה לתערוכה בבצלאל, של פריץ קורנברג, ללא תאריך.","Einladung zur Ausstellung in Bezalel, von Fritz Kornberg, ohne Datum.","Invitation to an exhibition at Bezalel, by Fritz Kornberg, without a date.",Hebrew,הזמנה|Invitation,,original,Fritz Kornberg,,,,
IL-MTFN-001-G-F-0264-001-R0006,IL-MTFN-001-G-F-0264-001,"Palestine Illustrated News Article on P. Kornberg, 1937","צילום דף עיתון באנגלית Palestine Illustrated News עם מאמר על פ. קורנברג, 1937.","Foto einer Zeitungsseite in Englisch Palestine Illustrated News mit einem Artikel über P. Kornberg, 1937.","Photograph of an English newspaper page Palestine Illustrated News with an article about P. Kornberg, 1937.",English,גזיר עיתון|News Clipping,photography,copy,P. Kornberg,1937,1937,,
IL-MTFN-001-G-F-0267-008-R0001,IL-MTFN-001-G-F-0267-008,Exhibition Catalogs of E. M. Lilien,"קטלוגים מתערוכותיו של א. מ. ליליין: וינה 1909, רומא 1925, בודפסט 1926, לונדון 1950, בומביי 1952, מוזיאון ישראל ירושלים 1974.","Kataloge von den Ausstellungen von E. M. Lilien: Wien 1909, Rom 1925, Budapest 1926, London 1950, Bombay 1952, Israel-Museum Jerusalem 1974.","Catalogs from the exhibitions of E. M. Lilien: Vienna 1909, Rome 1925, Budapest 1926, London 1950, Bombay 1952, Israel Museum Jerusalem 1974.",Hebrew,קטלוג|Catalog,print,original,א. מ. ליליין,,,,
IL-MTFN-001-G-F-0267-011-R0002,IL-MTFN-001-G-F-0267-011,Tombstone of Otto and Sophie Magnus,מצבת הקבר של אוטו וסופי מגנוס,Grabstein von Otto und Sophie Magnus,The tombstone of Otto and Sophie Magnus,Unspecified,לא מזוהה,,original,Otto Magnus|Sophie Magnus,,,,
IL-MTFN-001-G-F-0267-013-R0002,IL-MTFN-001-G-F-0267-013,Publications on Photography and Color Intaglio Printing,פירסומים בנושא: צילומ- פירסומים בנושא: הדפסות שקע בצבע Tiefdruck.,Veröffentlichungen zum Thema: Fotografie - Veröffentlichungen zum Thema: Tiefdruck in Farbe.,Publications on the subject: Photography - Publications on the subject: Color intaglio printing.,Unspecified,לא מזוהה,,other,,,,,
IL-MTFN-001-G-F-0267-013-R0006,IL-MTFN-001-G-F-0267-013,Photos and Brochures from International Conferences Attended by Otto Lilien,תמונות ועלונים מכנסים בינלאומיים בהם השתתף אוטו ליליין.,"Fotos und Broschüren von internationalen Konferenzen, an denen Otto Lilien teilnahm.",Photos and brochures from international conferences attended by Otto Lilien.,Unspecified,תצלום|Photograph|ברושור|Brochure,,other,Otto Lilien,,,,
IL-MTFN-001-G-F-0267-025-R0003,IL-MTFN-001-G-F-0267-025,"Advertisement for ""Das schöne Buch"" by Eugen Diederichs Verlag","2 דפים שמפרסמים את הספר ""Das schöne Buch"" בהוצאת Eugen Diederichs Verlag עם תמונות מ-4 עבודות של א.מ. ליליין.","2 Seiten, die das Buch ""Das schöne Buch"" im Verlag Eugen Diederichs mit Bildern von 4 Arbeiten von E.M. Lilien bewerben.","2 pages advertising the book ""Das schöne Buch"" published by Eugen Diederichs Verlag with images from 4 works by E.M. Lilien.",German,ברושור|Brochure,print,original,,,,,2
IL-MTFN-001-G-F-0267-025-R0008,IL-MTFN-001-G-F-0267-025,קטלוג תערוכה ביוזמת אופירה נבון,"קטלוג תערוכה, שחור / לבן, ביוזמתה של אופירה נבון רעיית הנשיא משנת 1983, בתוכו מיצירותיו של א.מ. ליליין תמונות מס. 47 ו-48.","Ausstellungskatalog, schwarz/weiß, initiiert von Ofira Navon, der Frau des Präsidenten, aus dem Jahr 1983, mit Werken von E.M. Lilien, Bilder Nr. 47 und 48.","Exhibition catalog, black/white, initiated by Ofira Navon, the president's wife, from 1983, containing works by E.M. Lilien, pictures No. 47 and 48.",Hebrew,קטלוג|Catalog,print,original,א.מ. ליליין,1983,,,
IL-MTFN-001-G-F-0267-025-R0009,IL-MTFN-001-G-F-0267-025,"Exhibition Catalog: E.M. Lilien, Munich 1981",קטלוג לתערוכה במינכן בשנת 1981 כותרת התערוכה: E.M. Lilien; Zeichnungen für Bücher.,Katalog für eine Ausstellung in München im Jahr 1981. Titel der Ausstellung: E.M. Lilien; Zeichnungen für Bücher.,Catalog for an exhibition in Munich in 1981. Exhibition title: E.M. Lilien; Drawings for Books.,German,קטלוג|Catalog,print,original,,1981,1981,,
IL-MTFN-001-G-F-0267-025-R0010,IL-MTFN-001-G-F-0267-025,"Invitation to Exhibition Opening in 1980, Jerusalem","הזמנה לפתיחת תערוכה ב-1980 בירושלים כותרת התערוכה: ירושלים ואמני הדפס ישראליים; על ההזמנה רשומים 33 אמנים, גברים ונשים.","Einladung zur Eröffnung einer Ausstellung im Jahr 1980 in Jerusalem. Titel der Ausstellung: Jerusalem und israelische Druckkünstler; Auf der Einladung sind 33 Künstler, Männer und Frauen, verzeichnet.","Invitation to the opening of an exhibition in 1980 in Jerusalem. Exhibition title: Jerusalem and Israeli Print Artists; The invitation lists 33 artists, men and women.",Hebrew,הזמנה|Invitation,print,original,,1980,,,
IL-MTFN-001-G-F-0267-025-R0022,IL-MTFN-001-G-F-0267-025,Catalog of Israeli/Jewish Artists at Skirball Museum,"דף/קטלוג באנגלית עם יצירות של אמנים ישראלים/יהודים שהוציא ה; Hebrew Union College, Skirball Museum, Los Angeles, California מאויר ביצירה ""הירדן"" של א.מ. ליליין.","Seite/Katalog auf Englisch mit Werken von israelischen/jüdischen Künstlern, herausgegeben vom Hebrew Union College, Skirball Museum, Los Angeles, Kalifornien, illustriert mit dem Werk ""Der Jordan"" von E.M. Lilien.","Page/catalog in English with works by Israeli/Jewish artists published by the Hebrew Union College, Skirball Museum, Los Angeles, California, illustrated with the work ""The Jordan"" by E.M. Lilien.",English,קטלוג|Catalog,print,original,,,,,
IL-MTFN-001-G-F-0271-001-R0001,IL-MTFN-001-G-F-0271-001,Cornerstone Laying for Tel Aviv,מס 1. הנחה אבן הפינה לתל אביב,Nr. 1. Grundsteinlegung für Tel Aviv,No. 1. Laying the cornerstone for Tel Aviv,Unspecified,לא מזוהה,,original,,,,,
IL-MTFN-001-G-F-0271-001-R0009,IL-MTFN-001-G-F-0271-001,Afforestation with Pine Trees,מס 9. יעור עם עצי אורן,Nr. 9. Aufforstung mit Kiefern,No. 9. Afforestation with pine trees,Unspecified,Unrecognized,,other,,,,,
IL-MTFN-001-G-F-0271-001-R0032,IL-MTFN-001-G-F-0271-001,Old Postcards of a Building in Tel Aviv,בניין בלב תל אביב - גלויות ישנות,Gebäude im Herzen von Tel Aviv - alte Postkarten,Building in the heart of Tel Aviv - old postcards,Unspecified,גלויה|Postcard,,original,,,,,
IL-MTFN-001-G-F-0271-001-R0034,IL-MTFN-001-G-F-0271-001,Lag BaOmer Celebration in Jerusalem,חגיגת לג בעומר בירושלים,Lag BaOmer Feier in Jerusalem,Lag BaOmer celebration in Jerusalem,Unspecified,לא מזוהה,,other,,,,,
IL-MTFN-001-G-F-0272-001-R0005,IL-MTFN-001-G-F-0272-001,DVD on Shmuel Katz's Visit to Vienna,DVD בגרמנית על הביקור של שמואל כץ בוינה.,DVD auf Deutsch über den Besuch von Shmuel Katz in Wien.,DVD in German about the visit of Shmuel Katz in Vienna.,German,לא מזוהה,other,original,Shmuel Katz,,,,
IL-MTFN-001-G-F-0274-001-R0012,IL-MTFN-001-G-F-0274-001,German Poster and Program for Children's Event,"כרזה ותוכניה בגרמנית לאירוע, הצגת ילדים, עבור ילדים נצרכימ- כרזה לבירה Schultheiss;","Plakat und Programm auf Deutsch für eine Veranstaltung, Kindervorstellung, für bedürftige Kinder - Plakat für Schultheiss Bier;","Poster and program in German for an event, children's show, for needy children - poster for Schultheiss beer;",German,תכניה|Playbill,print,original,,,,,
IL-MTFN-001-G-F-0276-006-R0005,IL-MTFN-001-G-F-0276-006,Publications on Israeli Delegation Visit to Cologne,פירסומים שונים שמסקרים את ביקור המשלחת הישראלית בקלן.,"Verschiedene Veröffentlichungen, die den Besuch der israelischen Delegation in Köln abdecken.",Various publications covering the visit of the Israeli delegation in Cologne.,Unspecified,לא מזוהה,,other,,,,,
IL-MTFN-001-G-F-0277-001-R0010,IL-MTFN-001-G-F-0277-001,The Yellow Patch,הטלאי הצהוב; מגן דוד צהוב מבד ובאמצעו כתוב JUDE; לא ברור כיצד פריט זה הגיע למשפחת.,"Der gelbe Fleck; Gelber Davidstern aus Stoff mit der Aufschrift JUDE in der Mitte; Es ist unklar, wie dieser Gegenstand in die Familie gelangte.",The yellow patch; Yellow Star of David made of fabric with JUDE written in the middle; It is unclear how this item came to the family.,German,לא מזוהה|Unrecognized,other,original,,,,,
IL-MTFN-001-G-F-0277-001-R0012,IL-MTFN-001-G-F-0277-001,Leather Pouch with Soldier's Personal Number,"נרתיק עור קטנטן ובתוכו מספרו האישי של החייל בנציאן; מלח""ע I; אביה של תורמת העזבון.",Kleines Lederetui mit der persönlichen Nummer des Soldaten Bentsian; Erster Weltkrieg; Vater der Nachlassspenderin.,Small leather pouch containing the personal number of the soldier Bentsian; World War I; Father of the estate donor.,Unspecified,לא מזוהה,,original,Bentsian,,,,
IL-MTFN-001-G-F-0280-001-R0008,IL-MTFN-001-G-F-0280-001,Program for New Year's Musical at Hay Camp,תכניה למחזמר לכבוד חגיגת ראש השנה (ככל הנראה סילבסטר) ממחנה היי Hay אוסטרליה.,"Programmheft für ein Musical zur Feier des Neujahrsfestes (vermutlich Silvester) aus dem Lager Hay, Australien.","Program for a musical in celebration of New Year's (presumably New Year's Eve) from Hay Camp, Australia.",Hebrew,תכניה|Playbill,print,original,,,,,
IL-MTFN-001-G-F-0280-001-R0011,IL-MTFN-001-G-F-0280-001,Birthday Greetings for Emil Frank,"ברכות ליום הולדתו ה-40 שלאמיל פרנק על החתום: הקהילה היהודית, במחנה המעצר טטורה 2, אוסטרליה.","Glückwünsche zum 40. Geburtstag von Emil Frank, unterzeichnet: Die jüdische Gemeinde, im Internierungslager Tatura 2, Australien.","Congratulations on the 40th birthday of Emil Frank, signed: The Jewish community, at the Tatura 2 detention camp, Australia.",Hebrew,כרטיס ברכה|Greeting Card,,original,Emil Frank,,,,
IL-MTFN-001-G-F-0290-004-R0006,IL-MTFN-001-G-F-0290-004,Military Postcards with Pidyon HaBen Invitation,"שתי גלויות צבאיות, מלח""ע I, עליהן הזמנה פיוטית לחגיגת 'פדיון הבן' שכתב ושלח ארתור מילר, אביו של הבן הנפדה, פרידריך מילר יליד 1915. מצורף תוכן ההזמנה שהודפס ע""י גב' קרלה וולף.","Zwei militärische Postkarten, Erster Weltkrieg, mit einer poetischen Einladung zur Feier der 'Pidyion HaBen', geschrieben und gesendet von Arthur Miller, dem Vater des erlösten Sohnes, Friedrich Miller, geboren 1915. Der Inhalt der Einladung wurde von Frau Karla Wolf gedruckt.","Two military postcards, WWI, with a poetic invitation to the 'Pidyon HaBen' celebration written and sent by Arthur Miller, the father of the redeemed son, Friedrich Miller, born 1915. The content of the invitation was printed by Mrs. Karla Wolf.",Hebrew|German,גלויה|Postcard,print,original,Arthur Miller,1915,,,
IL-MTFN-001-G-F-0292-001-R0002,IL-MTFN-001-G-F-0292-001,English Newspaper Clipping on Nahariya as a Honeymoon City,"בתוך הספר ממר עיתון בשפה האנגלית על נהריה כעיר ""ירח דבש"" קשור לתירות פנים.","Innerhalb des Buches befindet sich ein englischsprachiger Zeitungsausschnitt über Nahariya als ""Flitterwochen""-Stadt, bezogen auf Inlandstourismus.","Inside the book is an English newspaper clipping about Nahariya as a ""honeymoon"" city related to domestic tourism.",English,גזיר עיתון|News Clipping,print,original,,,,,
IL-MTFN-001-G-F-0297-001-R0001,IL-MTFN-001-G-F-0297-001,Die Welt Newspaper Issues with Theodor Herzl Death Notice,ארבעה הוצאות של עיתון (במצב לא טוב ) Die Welt :; מס. 28 + מס. 29 + מס. 30 משנת 1904 על שלושתם מופיעה מודעת אבל לרגל מותו של תאודור הרצל. מס. 48 משנת 1906;,"Vier Ausgaben der Zeitung (in schlechtem Zustand) Die Welt: Nr. 28 + Nr. 29 + Nr. 30 aus dem Jahr 1904, auf allen drei erscheint eine Todesanzeige anlässlich des Todes von Theodor Herzl. Nr. 48 aus dem Jahr 1906;","Four issues of the newspaper (in poor condition) Die Welt: No. 28 + No. 29 + No. 30 from the year 1904, all three feature a death notice on the occasion of Theodor Herzl's death. No. 48 from the year 1906;",German,עיתון|Newspaper,print,original,Theodor Herzl,1904,1904,,
IL-MTFN-001-G-F-0300-001-R0004,IL-MTFN-001-G-F-0300-001,Obituaries and Portrait of Heinrich Grünfeld,"מודעות אבל על מות Heinrich Grünfeld + תמונת דיוקן שלו שפורסמה על עלון לרגל פטירתו + מאמרים גזורים מהעיתונות, בגרמנית, רשימות לזכרו. הנ""ל אייש תפקידים בכירים בלשכת המסחר בברלין.","Todesanzeigen für Heinrich Grünfeld + sein Porträtfoto, das anlässlich seines Todes in einem Flugblatt veröffentlicht wurde + ausgeschnittene Artikel aus der Presse, auf Deutsch, Erinnerungslisten. Er bekleidete hohe Positionen in der Handelskammer in Berlin.","Obituaries for the death of Heinrich Grünfeld + his portrait photo published in a leaflet on the occasion of his death + cut-out articles from the press, in German, memorial lists. He held senior positions in the Chamber of Commerce in Berlin.",German,מודעת אבל|Death Notice|תצלום|Photograph|גזיר עיתון|News Clipping,,other,Heinrich Grünfeld,,,,
IL-MTFN-001-G-F-0304-001-R0002,IL-MTFN-001-G-F-0304-001,"Exhibition Catalog of Leo Cohen in Ulm, 1981",קטלוג תערוכה של לאו כהן בעיר אולם/גרמניה ב-1981.,Ausstellungskatalog von Leo Cohen in der Stadt Ulm/Deutschland im Jahr 1981.,Exhibition catalog of Leo Cohen in the city of Ulm/Germany in 1981.,German,קטלוג|Catalog,print,original,לאו כהן,1981,1981,,
IL-MTFN-001-G-F-0306-001-R0006,IL-MTFN-001-G-F-0306-001,Advertising Page from Israelischen Familienblattes on Family Tree Competition,"1937, ברלין, העתקים, דף פירסום מעיתון Israelischen Familienblattes Nr.13 1,April 1937 על תחרות להכנת אילן יוחסין + צילומי אילן יוחסין של משפחות Hirsch; Gumpert; Gettinger; Halberstadt.","1937, Berlin, Kopien, Werbeseite aus der Zeitung Israelischen Familienblattes Nr.13 1. April 1937 über einen Wettbewerb zur Erstellung eines Stammbaums + Fotos von Stammbäumen der Familien Hirsch; Gumpert; Gettinger; Halberstadt.","1937, Berlin, copies, advertising page from the newspaper Israelischen Familienblattes No.13 1, April 1937 about a competition for creating a family tree + photos of family trees of the families Hirsch; Gumpert; Gettinger; Halberstadt.",German,גזיר עיתון|News Clipping,print,copy,,1937-04-01,1937-04-01,,
IL-MTFN-001-G-F-0310-001-R0001,IL-MTFN-001-G-F-0310-001,Linen Towel Deposited by Jonathan Muller,"מגבת הפשתן הופקדה במוזיאון ע""י מר יונתן מולר, צאצא למייסדי ""אתא"", ראה מכתב מצורף בתיק.","Das Leinentuch wurde von Herrn Jonathan Müller, einem Nachkommen der Gründer von ""Ata"", im Museum hinterlegt, siehe beigefügten Brief in der Akte.","The linen towel was deposited in the museum by Mr. Jonathan Muller, a descendant of the founders of ""Ata"", see attached letter in the file.",Unspecified,מכתב|Letter,,original,יונתן מולר,,,,
IL-MTFN-001-G-F-0310-001-R0005,IL-MTFN-001-G-F-0310-001,Newspaper Clippings on Freyhan Family,"1964, קטעי עיתון "" משפחות מברסלאו"" Breslauer Familien Chroniken, עם הסיפור המשפחתי על משפחת פריהאן Freyhan;","1964, Zeitungsausschnitte ""Familien aus Breslau"" Breslauer Familien Chroniken, mit der Familiengeschichte der Familie Freyhan;","1964, newspaper clippings ""Families from Breslau"" Breslauer Familien Chroniken, with the family story about the Freyhan family;",German,גזיר עיתון|News Clipping,print,other,Freyhan,,1964,,
IL-MTFN-001-G-F-0311-001-R0003,IL-MTFN-001-G-F-0311-001,German Newspaper Article in Memory of Gustav Meinert,צילום כתבה מעיתון גרמני לזכרו של גוסטב מיינרט; צילומי מועדות האבל על מותו.,Foto eines Artikels aus einer deutschen Zeitung zum Gedenken an Gustav Meinert; Fotos der Trauerbekundungen zu seinem Tod.,Photograph of an article from a German newspaper in memory of Gustav Meinert; photographs of the mourning notices for his death.,German,גזיר עיתון|News Clipping,photography,copy,Gustav Meinert,,,,
IL-MTFN-001-G-F-0312-001-R0004,IL-MTFN-001-G-F-0312-001,Empty Family Tree Template,שבלונה ריקה של אילן יוחסין.,Leere Schablone eines Stammbaums.,Empty template of a family tree.,Unspecified,לא מזוהה|Unrecognized,,other,,,,,
IL-MTFN-001-G-F-0312-001-R0005,IL-MTFN-001-G-F-0312-001,Business card of Günter Hammerstein,כרטיס ביקור של גינטר המרשטיין.,Visitenkarte von Günter Hammerstein.,Business card of Günter Hammerstein.,Unspecified,כרטיס ביקור|Business Card,other,original,גינטר המרשטיין,,,,
IL-MTFN-001-G-F-0312-001-R0006,IL-MTFN-001-G-F-0312-001,מעטפה ריקה שעברה צנזורה,"מעטפה ריקה שעברה צנזורה Censor, אל גינטר המרשטיין בתל אביב.","Leerer Umschlag, der von der Zensur überprüft wurde, an Günther Hammerstein in Tel Aviv.","Empty envelope that underwent censorship, to Günther Hammerstein in Tel Aviv.",Unspecified,מעטפה|Envelope,,other,גינטר המרשטיין,,,,
IL-MTFN-001-G-F-0323-001-R0003,IL-MTFN-001-G-F-0323-001,Three identical postcards 'Scroll of Queen Esther',שלש גלויות זהות 'מגילת אסתר המלכה'. הציור שעל הגלויה עשוי מתוכן המגילה / מילים.,Drei identische Postkarten 'Die Rolle der Königin Esther'. Das Bild auf der Postkarte besteht aus dem Inhalt der Rolle / Wörter.,Three identical postcards 'Scroll of Queen Esther'. The image on the postcard is made from the content of the scroll / words.,Hebrew,גלויה|Postcard,print,original,,,,,
IL-MTFN-001-G-F-0331-001-R0001,IL-MTFN-001-G-F-0331-001,Moshe Peter Ron's Contribution to Museum,"משה פטר רון (עברת את שמו מויסברון לרון) הביא את החומר למוזיאון וסיפר:; הוא ורעיתו, שניהם ילידי רמשייד, הוזמנו לפני מספר חודשים ע""י העיר לקחת חלק בגילוי ה; ""Stolpersteine""; אנדרתת זיכרון על הבית של המשפחה; ראה צילום בתיק.","Moshe Peter Ron (er änderte seinen Namen von Weisbron zu Ron) brachte das Material ins Museum und erzählte: Er und seine Frau, beide gebürtig aus Remscheid, wurden vor einigen Monaten von der Stadt eingeladen, an der Enthüllung der ""Stolpersteine"" teilzunehmen; ein Denkmal vor dem Haus der Familie; siehe Foto in der Akte.","Moshe Peter Ron (Hebraized his name from Weisbron to Ron) brought the material to the museum and said: He and his wife, both natives of Remscheid, were invited a few months ago by the city to take part in the unveiling of the ""Stolpersteine""; a memorial in front of the family's house; see photo in the file.",Unspecified,לא מזוהה,,original,Moshe Peter Ron,,,,
IL-MTFN-001-G-F-0334-001-R0003,IL-MTFN-001-G-F-0334-001,German Postcard,גלויה בגרמנית.,Postkarte auf Deutsch.,Postcard in German.,German,גלויה|Postcard,print,original,,,,,
IL-MTFN-001-G-F-0334-001-R0004,IL-MTFN-001-G-F-0334-001,Greetings,ברכות.,Glückwünsche.,Congratulations.,Unspecified,כרטיס ברכה|Greeting Card,,other,,,,,
IL-MTFN-001-G-F-0334-001-R0010,IL-MTFN-001-G-F-0334-001,Advertising Postcard for Carpet Factory,גלוית פרסומת לבית החרושת לשטיחים עבורו עבד לאו רוזנברג כסוכן נוסע.,"Werbepostkarte für die Teppichfabrik, für die Leo Rosenberg als Reisender arbeitete.",Advertising postcard for the carpet factory for which Leo Rosenberg worked as a traveling agent.,Hebrew,גלויה|Postcard,print,original,Leo Rosenberg,,,,
IL-MTFN-001-G-F-0334-001-R0014,IL-MTFN-001-G-F-0334-001,Business card of Mini and Leo Rosenberg,כרטיס הביקור של מיני ולאו רוזנברג.,Visitenkarte von Mini und Leo Rosenberg.,Business card of Mini and Leo Rosenberg.,Unspecified,כרטיס ביקור|Business Card,print,original,Mini Rosenberg|Leo Rosenberg,,,,
IL-MTFN-001-G-F-0338-001-R0001,IL-MTFN-001-G-F-0338-001,"Suitcases of the Passen Family, 1939",שתי מזוודות איתן עלתה משפחת פסן לארץ ב-1939. המזוודות שמורות במחסן של רחל לזר.,"Zwei Koffer, mit denen die Familie Passen 1939 ins Land kam. Die Koffer werden im Lager von Rachel Lazar aufbewahrt.",Two suitcases with which the Passen family came to the country in 1939. The suitcases are kept in Rachel Lazar's storage.,Unspecified,חפץ|Object,,original,,1939,,,
IL-MTFN-001-G-F-0341-001-R0005,IL-MTFN-001-G-F-0341-001,Collection of Office Stamps from Germany,"אוסף ""בולי משרד"" מגרמניה מתחילת המאה ה-20.","Sammlung von ""Büromarken"" aus Deutschland vom Anfang des 20. Jahrhunderts.","Collection of ""Office Stamps"" from Germany from the early 20th century.",German,בול|Stamp,print,original,,,,,
IL-MTFN-001-G-F-0341-007-R0007,IL-MTFN-001-G-F-0341-007,Flyer of Flight Enthusiasts Haifa,"פלייר ""חובבי הטיסה חיפה"" בעברית וגרמנית, 1935/36.","Flugblatt ""Flugbegeisterte Haifa"" auf Hebräisch und Deutsch, 1935/36.","Flyer ""Flight Enthusiasts Haifa"" in Hebrew and German, 1935/36.",Hebrew|German,ברושור|Brochure,print,original,,1935,1935,,
IL-MTFN-001-G-F-0341-009-R0006,IL-MTFN-001-G-F-0341-009,"Newspaper Clippings on Dust in the Air, 1932",קטעי עיתונות עם מאמרים בנושא: אבק באויר. גרמנית משנת 1932.,Zeitungsausschnitte mit Artikeln zum Thema: Staub in der Luft. Deutsch aus dem Jahr 1932.,Newspaper clippings with articles on the topic: Dust in the air. German from the year 1932.,German,גזיר עיתון|News Clipping,print,original,,1932,1932,,
IL-MTFN-001-G-F-0346-001-R0001,IL-MTFN-001-G-F-0346-001,Photographs of Articles from Der Stürmer,צילומי מאמרים מהעיתון Der Stürmer בהם כתבות על העסק המשפחתי של הורי התורם,Fotografien von Artikeln aus der Zeitung Der Stürmer mit Berichten über das Familienunternehmen der Eltern des Spenders,Photographs of articles from the newspaper Der Stürmer with reports about the family business of the donor's parents,German,גזיר עיתון|News Clipping,photography,copy,,,,,
IL-MTFN-001-G-F-0353-004-R0007,IL-MTFN-001-G-F-0353-004,Pamphlet for Dibbuck Theater's 14th Birthday,"כתב-פלסתר Pamphlet לציון ""יום ההולדת"" ה;14 לתיאטרון ""דיבוק"" Dibbuck Theater, ברלין, 1897, בגרמנית ומעט בעברית. את ציור השער יצר שטרוק. (קטלוג באה דף 1);","Schmähschrift Pamphlet zur Feier des 14. Geburtstags des Theaters ""Dibbuck"", Berlin, 1897, auf Deutsch und etwas auf Hebräisch. Das Titelbild wurde von Struck erstellt. (Katalog Seite 1)","Libel Pamphlet for the celebration of the 14th birthday of the ""Dibbuck"" Theater, Berlin, 1897, in German and a little in Hebrew. The cover illustration was created by Struck. (Catalog page 1)",German|Hebrew,חוברת|Booklet,print,original,,1897,,,1
IL-MTFN-001-G-F-0353-004-R0008,IL-MTFN-001-G-F-0353-004,Postcard for the 50th Anniversary of Friedrich Gymnasium,"גלויה עם ציור מודפס, הוצאה לחגיגות היובל ה;50 של פרידריך;גימנזיום Friedrichs;Gymnasium 1950;1900. חוברת חגיגית אותהערכו התלמידים לרגל היובל הנ""ל עם ציורים ודיקלומים.; (קטלוג באה דף 1);","Postkarte mit gedrucktem Bild, herausgegeben zum 50. Jubiläum des Friedrichs-Gymnasiums 1950-1900. Festliche Broschüre, die von den Schülern anlässlich des oben genannten Jubiläums mit Zeichnungen und Deklamationen erstellt wurde. (Katalog auf Seite 1)","Postcard with printed drawing, issued for the 50th anniversary celebrations of Friedrich Gymnasium 1950-1900. Festive booklet edited by the students for the aforementioned jubilee with drawings and declamations. (Catalog on page 1)",Hebrew|German,גלויה|Postcard,print,original,,1900,1950,,
IL-MTFN-001-G-F-0353-005-R0008,IL-MTFN-001-G-F-0353-005,First Day Cover of Teachers' Association,"מעטפת היום הראשון של הסתדרות המורים עם בול, תמונת שחור לבן של קבוצת אנשים, ציור נוף / זיכרון יעקב וכתובית: ""אספת היסוד של הסתדרות המורים בארץ ישראל, ה' אלול תרס""ג / 28.8.1903 זיכרון יעקב קרן קימת לישראל. (שטרוק ביקר בשנה זאת בישראל) .ראה תמונה.","Ersttagsbrief des Lehrerverbandes mit Briefmarke, Schwarz-Weiß-Bild einer Personengruppe, Landschaftszeichnung / Zikhron Ya'akov und Beschriftung: ""Gründungsversammlung des Lehrerverbandes in Eretz Israel, 5. Elul 5663 / 28.8.1903 Zikhron Ya'akov Jüdischer Nationalfonds. (Struck besuchte in diesem Jahr Israel). Siehe Bild.","First day cover of the Teachers' Association with a stamp, black and white picture of a group of people, landscape drawing / Zikhron Ya'akov and caption: ""Founding assembly of the Teachers' Association in Eretz Israel, 5th Elul 5663 / 28.8.1903 Zikhron Ya'akov Jewish National Fund. (Struck visited Israel this year). See picture.",Hebrew,מעטפה|Envelope,print,original,,1903-08-28,,,
IL-MTFN-001-G-F-0353-005-R0012,IL-MTFN-001-G-F-0353-005,Article in Memory of Solomon Strook,"דף מהעיתון היהודי אמריקאי Chicago Jewish Chronicle בו מופיע מאמר לזכר סולומון שטרוק; S. Strook, ככל הנראה מ""אצולת"" הקהילה היהודית. אנגלית, שיקגו, ספטמבר 1941.","Seite aus der jüdisch-amerikanischen Zeitung Chicago Jewish Chronicle mit einem Artikel zum Gedenken an Solomon Strook; S. Strook, wahrscheinlich aus der 'Elite' der jüdischen Gemeinde. Englisch, Chicago, September 1941.","Page from the Jewish American newspaper Chicago Jewish Chronicle featuring an article in memory of Solomon Strook; S. Strook, presumably from the 'elite' of the Jewish community. English, Chicago, September 1941.",English,גזיר עיתון|News Clipping,print,original,Solomon Strook,,1941-09,,
IL-MTFN-001-G-F-0353-007-R0001,IL-MTFN-001-G-F-0353-007,Leaflets from 1917 urging war support,"מסמכים 1;7: כרוזים Leaflets, משנות 1917, בהם מבהירים לעם שעליו לתמוך במלחמה אם לא יעשה כן קיים איום גדול על כולם. (קטלוג באה דף 1)","Dokumente 1;7: Flugblätter aus den 1917er Jahren, in denen dem Volk erklärt wird, dass es den Krieg unterstützen muss, da sonst eine große Bedrohung für alle besteht. (Katalog Seite 1)","Documents 1;7: Leaflets from the 1917s, explaining to the people that they must support the war, otherwise there is a great threat to everyone. (Catalog page 1)",Hebrew,כרוזים|Leaflets,print,original,,1917,1917,,
IL-MTFN-001-G-F-0353-007-R0005,IL-MTFN-001-G-F-0353-007,"First Lottery for Poor Jewish Children of Vilna, 1918","41 הגרלה ראשונה לילדים היהודים העניים של וילנה, באחריות הבנק (היהודי) של וילנה, 1918. בגלל מימדיו, המסמך 41# מאוכסן בתיק G.F.0353 / 15 שנמצא במחסן אמנות. (קטלוג באה דף 2 ).","41 Erste Lotterie für die armen jüdischen Kinder von Wilna, unter der Verantwortung der (jüdischen) Bank von Wilna, 1918. Aufgrund seiner Abmessungen wird das Dokument 41# in der Akte G.F.0353 / 15 gelagert, die sich im Kunstlager befindet. (Katalog siehe Seite 2).","41 First lottery for the poor Jewish children of Vilna, under the responsibility of the (Jewish) bank of Vilna, 1918. Due to its dimensions, document 41# is stored in file G.F.0353 / 15 located in the art warehouse. (Catalog see page 2).",Hebrew,לא מזוהה,,original,,1918,,,
IL-MTFN-001-G-F-0353-009-R0002,IL-MTFN-001-G-F-0353-009,Newspaper Clippings Related to World War I,"2. קטעי עיתונות שקשורים למלח""ע I",2. Zeitungsausschnitte im Zusammenhang mit dem Ersten Weltkrieg,2. Newspaper clippings related to World War I,Hebrew|עברית,גזיר עיתון|News Clipping,print,other,,,,,
IL-MTFN-001-G-F-0353-014-R0001,IL-MTFN-001-G-F-0353-014,Postcards with Engravings and Personal Dedications,"גלויות (חלקן כפולות ומשולשות) עם העתקי תחריטים של אנשי צבא, מרביתן של שטרוק, חלקן של אמנים אחרים. על התחריט/גלויה נכתבו הקדשות אישיות. (קטלוג באה דף 1)","Postkarten (einige doppelt und dreifach) mit Kopien von Radierungen von Militärpersonen, die meisten von Struck, einige von anderen Künstlern. Auf der Radierung/Postkarte wurden persönliche Widmungen geschrieben. (Katalog BAA Blatt 1)","Postcards (some double and triple) with copies of engravings of military personnel, most by Struck, some by other artists. Personal dedications were written on the engraving/postcard. (Catalog BAA page 1)",Hebrew|German,גלויה|Postcard,print,copy,,,,,
IL-MTFN-001-G-F-0353-014-R0014,IL-MTFN-001-G-F-0353-014,Advertisement of Jakob Ludwig Schwalbach's Graphic Cabinet,מודעה של הקבינט הגרפי של יעקב לודויג שבלבך Jakob Ludwig Schwalbach. הקבינט מסיר את תערוכתו של האמן האנגלו;בלגי פרנק ברנגווין Frank Brangwyn אשר בציוריו הכפיש את האומה הגרמנית. במקומו תוצג תערוכת האמן הרמן שטרוק שנמצא בשדה הקרב למען המולדת. ללא תאריך. (קטלוג באה דף 4),"Anzeige des grafischen Kabinetts von Jakob Ludwig Schwalbach. Das Kabinett entfernt die Ausstellung des anglo-belgischen Künstlers Frank Brangwyn, dessen Gemälde die deutsche Nation verunglimpften. Stattdessen wird die Ausstellung des Künstlers Hermann Struck gezeigt, der an der Front für das Vaterland kämpft. Ohne Datum. (Katalog Seite 4)","Advertisement of the graphic cabinet of Jakob Ludwig Schwalbach. The cabinet removes the exhibition of the Anglo-Belgian artist Frank Brangwyn, whose paintings defamed the German nation. Instead, the exhibition of the artist Hermann Struck, who is on the battlefield for the homeland, will be shown. No date. (Catalog page 4)",German|גרמנית,קטלוג|Catalog,print,original,Jakob Ludwig Schwalbach,,,,
IL-MTFN-001-G-F-0353-014-R0017,IL-MTFN-001-G-F-0353-014,Flyer with French Inscription and Map of Germany,"פלייר עם כתובת בצרפתית עם ציור צבעוני של מפת גרמניה כתמנון שבולע את אירופה. תרגום הכתובת מצרפתית: ""המלחמה היא התעשיה הלאומית של פרוסיה / זה נאמר ע""י מירבו כבר ב-1788"". (קטלוג באה דף 4)","Flugblatt mit französischer Aufschrift und einer bunten Zeichnung einer Karte von Deutschland als Oktopus, der Europa verschlingt. Übersetzung der Aufschrift aus dem Französischen: ""Der Krieg ist die nationale Industrie Preußens / Das sagte Mirabeau bereits 1788"". (Katalog BAA Seite 4)","Flyer with French inscription and a colorful drawing of a map of Germany as an octopus swallowing Europe. Translation of the inscription from French: ""War is the national industry of Prussia / This was said by Mirabeau already in 1788"". (Catalog BAA page 4)",French|Other,פלייר|Flyer,print,original,,,,,
IL-MTFN-001-G-F-0353-015-R0002,IL-MTFN-001-G-F-0353-015,Posters for Aviation Promotion,שני פוסטרים לקידום והצלחת התעופה (היו 3 אחד ניתן ל;Oppersdorf ב-23 לאפריל 1915). (קטלוג באה דף 1),"Zwei Poster zur Förderung und zum Erfolg der Luftfahrt (es gab 3, eines wurde am 23. April 1915 an Oppersdorf gegeben). (Katalog Seite 1)","Two posters for the promotion and success of aviation (there were 3, one was given to Oppersdorf on April 23, 1915). (Catalog page 1)",Unspecified,אלמנט גרפי|Graphic Element,print,original,,1915-04-23,,,1
IL-MTFN-001-G-F-0353-015-R0004,IL-MTFN-001-G-F-0353-015,"Poster for Hermann Struck's Lecture on Rembrandt, Haifa, 1924","כרזה, בעברית, להרצאה של הרמן שטרוק על רמברנט, חיפה, 1924. (קטלוג באה דף 1)","Plakat, auf Hebräisch, für einen Vortrag von Hermann Struck über Rembrandt, Haifa, 1924. (Katalog Seite 1)","Poster, in Hebrew, for a lecture by Hermann Struck on Rembrandt, Haifa, 1924. (Catalog page 1)",Hebrew,הרצאה|Lecture,print,original,הרמן שטרוק,1924,1924,,
IL-MTFN-001-G-F-0353-015-R0005,IL-MTFN-001-G-F-0353-015,"British Exhibition Poster, 1924","פוסטר לתערוכה בריטית, 1924. (קטלוג באה דף 1)","Poster für eine britische Ausstellung, 1924. (Katalogseite 1)","Poster for a British exhibition, 1924. (Catalog page 1)",Unspecified,קטלוג|Catalog,print,original,,1924,,,
IL-MTFN-001-G-F-0353-015-R0007,IL-MTFN-001-G-F-0353-015,"Poster for Agriculture Fair in Palestine, 1926","פוסטר ליריד החקלאות בפלשתינה, האמן הרמן שטרוק, 1926. (קטלוג באה דף 1)","Poster für die Landwirtschaftsmesse in Palästina, Künstler Hermann Struck, 1926. (Katalog Seite 1)","Poster for the Agriculture Fair in Palestine, artist Hermann Struck, 1926. (Catalog page 1)",Unspecified,אלמנט גרפי|Graphic Element,print,original,Hermann Struck,1926,,,
IL-MTFN-001-G-F-0353-015-R0011,IL-MTFN-001-G-F-0353-015,Peah Charity Poster,"פוסטר ""פאה"" (מלשון מצוות צדקה) Peah. הפוסטר קורא לאיסוף חינם של כלי בית לטובת יהודים נצרכים. ללא תאריך. (קטלוג באה דף 1)","Poster ""Peah"" (im Sinne von Wohltätigkeitspflicht). Das Poster ruft zur kostenlosen Sammlung von Haushaltsgegenständen für bedürftige Juden auf. Ohne Datum. (Katalogseite 1)","Poster ""Peah"" (in the sense of the charity commandment). The poster calls for the free collection of household items for needy Jews. No date. (Catalog page 1)",Hebrew,אלמנט גרפי|Graphic Element,print,original,,,,,
IL-MTFN-001-G-F-0353-017-R0003,IL-MTFN-001-G-F-0353-017,Postcard to the family about drawing skyscrapers and meeting with Schiff,"גלויה אל המשפחה: מספר שהוא מצייר את גורדי השחקים, יפגש עם שיף Schiff, 1913. (קטלוג באה דף 1).","Postkarte an die Familie: Er erzählt, dass er die Wolkenkratzer zeichnet, wird sich mit Schiff treffen, 1913. (Katalog Seite 1).","Postcard to the family: He says he is drawing the skyscrapers, will meet with Schiff, 1913. (Catalog page 1).",Hebrew,גלויה|Postcard,print,original,Schiff,1913,,,1
IL-MTFN-001-G-F-0353-017-R0005,IL-MTFN-001-G-F-0353-017,Greeting Card for Miss Goldsmith,כרטיס ברכה לעלמה גולדסמית Goldsmith; תחריט מקורי מודפס על גלויה.,Grußkarte für Fräulein Goldsmith; Originaler Druck auf Postkarte.,Greeting card for Miss Goldsmith; Original engraving printed on postcard.,Hebrew|German,כרטיס ברכה|Greeting Card|גלויה|Postcard,print,original,Goldsmith,,,,
IL-MTFN-001-G-F-0353-018-R0002,IL-MTFN-001-G-F-0353-018,Invitation to Struck's Exhibition Opening in New York,"הזמנה לפתיחת התערוכה של שטרוק בניו יורק בה יוצג גם התחריט ""גשר ברוקלין"". (קטלוג באה דף 1)","Einladung zur Eröffnung der Ausstellung von Struck in New York, in der auch der Stich ""Brooklyn Bridge"" gezeigt wird. (Katalog Seite 1)","Invitation to the opening of Struck's exhibition in New York, where the engraving ""Brooklyn Bridge"" will also be displayed. (Catalog page 1)",Hebrew|English,הזמנה|Invitation,print,original,,,,,1
IL-MTFN-001-G-F-0353-019-R0001,IL-MTFN-001-G-F-0353-019,Invitation to Struck Exhibition Opening in Hungary,"הזמנה לפתיחת תערוכת שטרוק בהונגריה, כתובה הונגרית, 1914. (קטלוג באה דף 1)","Einladung zur Eröffnung der Struck-Ausstellung in Ungarn, geschrieben auf Ungarisch, 1914. (Katalog auf Seite 1)","Invitation to the opening of the Struck exhibition in Hungary, written in Hungarian, 1914. (Catalog on page 1)",Other,הזמנה|Invitation,typewriting,original,,1914,,,
IL-MTFN-001-G-F-0353-021-R0003,IL-MTFN-001-G-F-0353-021,Antique Postcards from Israel,"גלויות עתיקות בעיקר מארץ ישראל: ירושלים, טבריה, שמורת דן, ואדי קלט, חיפה בי""ח עתיד, עקרון.","Antike Postkarten hauptsächlich aus Israel: Jerusalem, Tiberias, Dan-Reservat, Wadi Qelt, Haifa Zukunftskrankenhaus, Ekron.","Antique postcards mainly from Israel: Jerusalem, Tiberias, Dan Reserve, Wadi Qelt, Haifa Future Hospital, Ekron.",Unspecified,גלויה|Postcard,,original,,,,,
IL-MTFN-001-G-F-0353-022-R0002,IL-MTFN-001-G-F-0353-022,Poster for Café and Restaurant Token,"פוסטר כתוב עברית, ללא תאריך, עליו כתוב:; תו בתי קפה ומסעדות ""כ(ו)פר הישוב"", דרוש! את התו מאת המלצר. שלם! תמורתו כשיוגש לך. השגח! שגם חברך יעשה כמוך. דע! התו; איננו רשות כי אם חובה. ועדת המצב-חיפה / כ(ו)פר הישוב.","Hebräisches Poster, ohne Datum, darauf steht:; Café- und Restaurantzeichen ""Kfar HaYishuv"", erforderlich! Fordern Sie das Zeichen vom Kellner an. Bezahlen Sie! dafür, wenn es Ihnen serviert wird. Achten Sie darauf! dass auch Ihr Freund dasselbe tut. Wissen Sie! das Zeichen; ist keine Erlaubnis, sondern eine Pflicht. Lagekomitee-Haifa / Kfar HaYishuv.","Hebrew poster, undated, it reads:; Café and restaurant token ""Kfar HaYishuv"", required! Request the token from the waiter. Pay! for it when it is served to you. Ensure! that your friend does the same. Know! the token; is not a permission but an obligation. Situation Committee-Haifa / Kfar HaYishuv.",Hebrew,אלמנט גרפי|Graphic Element,print,original,,,,,
IL-MTFN-001-G-F-0353-023-R0010,IL-MTFN-001-G-F-0353-023,"Postcard to Meli from Schönlanke, 1928","גלויה אל מלי, שנמצאת בהבראה בזבאד;הרינגסדורף Seebad Heringsdorf, שטרוק כותב משינלנקה Schönlanke, שנת 1928.","Postkarte an Meli, die sich in Erholung in Zabad; Heringsdorf Seebad Heringsdorf befindet, Struck schreibt aus Schönlanke, Jahr 1928.","Postcard to Meli, who is recuperating in Zabad; Heringsdorf Seebad Heringsdorf, Struck writes from Schönlanke, year 1928.",Unspecified,גלויה|Postcard,,original,,1928,,,
IL-MTFN-001-G-F-0353-028-R0001,IL-MTFN-001-G-F-0353-028,Envelope for Struck Exhibition in Paris,מעטפה עליה טבוע חותמת ציור של שטרוק והכתובת לתערוכת שטרוק בפריס.; (קטלוג באה דף מס. 1),Umschlag mit einem Stempel von Struck und der Adresse für die Struck-Ausstellung in Paris.; (Katalog auf Seite Nr. 1),Envelope with a stamp of Struck and the address for the Struck exhibition in Paris.; (Catalog on page no. 1),Hebrew,מעטפה|Envelope,print,original,,,,,
IL-MTFN-001-G-F-0353-028-R0008,IL-MTFN-001-G-F-0353-028,"Catalog for Hermann Struck Memorial Exhibition, Tel Aviv Museum, 1944","קטלוג כתוב אנגלית ועברית לתערוכה לזכרו של הרמן שטרוק, מוזיאון תל אביב, 1944. (קטלוג באה דף מס. 1)","Katalog in Englisch und Hebräisch für eine Ausstellung zum Gedenken an Hermann Struck, Tel Aviv Museum, 1944. (Katalog enthält Seite Nr. 1)","Catalog written in English and Hebrew for an exhibition in memory of Hermann Struck, Tel Aviv Museum, 1944. (Catalog includes page no. 1)",Hebrew|English,קטלוג|Catalog,print,original,Hermann Struck,,1944,,
IL-MTFN-001-G-F-0353-028-R0009,IL-MTFN-001-G-F-0353-028,Invitations to Hermann Struck Exhibition,"הזמנות לתערוכה של הרמן שטרוק, בית וילפריד ישראל בקיבוץ הזורע, 1973. (קטלוג באה דף מס. 1)","Einladungen zur Ausstellung von Hermann Struck, Wilfrid Israel Haus im Kibbuz HaZore'a, 1973. (Katalog auf Seite 1)","Invitations to the exhibition of Hermann Struck, Wilfrid Israel House in Kibbutz HaZore'a, 1973. (Catalog on page 1)",Hebrew,הזמנה|Invitation,,original,Hermann Struck,1973,,,
IL-MTFN-001-G-F-0353-039-R0001,IL-MTFN-001-G-F-0353-039,Festive Greeting for Struck's 65th Birthday,"ברכה חגיגית כתובה עברית ומאוירת במוטיבים של כלי עבודת החריטה, שחור/לבן. טקסט הברכה מספר באופן הומוריסטי על יחסי הגומלין בין המורה (שטרוק) הדואג והמטפל ותלמידיו השובבים. הברכה נכתבה לכבוד יום הולדתו ה-65 בשנת תש""א 1941. על הברכה חתומים תלמידיו: שרלוטה לנדאו, עוזר שבת, דוד ויטמן, מרואן טומב (בערבית), בן אורי, יוסף ארוך, צבי גולדשטיין, מנפרד נומבורג.","Feierliche Grußkarte in Hebräisch geschrieben und mit Motiven von Gravurwerkzeugen illustriert, schwarz/weiß. Der Text der Grußkarte erzählt humorvoll über die Wechselbeziehung zwischen dem fürsorglichen und pflegenden Lehrer (Struck) und seinen ungezogenen Schülern. Die Grußkarte wurde anlässlich seines 65. Geburtstags im Jahr 1941 geschrieben. Auf der Grußkarte sind seine Schüler unterschrieben: Charlotte Landau, Ozer Shabbat, David Witman, Marwan Tomb (auf Arabisch), Ben Uri, Josef Aruch, Zvi Goldstein, Manfred Nomburg.","Festive greeting written in Hebrew and illustrated with motifs of engraving tools, black/white. The text of the greeting humorously describes the interaction between the caring and nurturing teacher (Struck) and his mischievous students. The greeting was written in honor of his 65th birthday in 1941. The greeting is signed by his students: Charlotte Landau, Ozer Shabbat, David Witman, Marwan Tomb (in Arabic), Ben Uri, Yosef Aruch, Zvi Goldstein, Manfred Nomburg.",Hebrew|Arabic,כרטיס ברכה|Greeting Card,handwriting,original,,1941,,,
IL-MTFN-001-G-F-0353-049-R0013,IL-MTFN-001-G-F-0353-049,"Graphik;Sammlung ""אוסף גרפיקה""","15 עמודים עם רשימות של גרפיקות, תחריטים וליטוגרפיות, תחת הכותרת : Graphik;Sammlung ""אוסף גרפיקה"". גרמנית, הדפסה, אין תאריך.","15 Seiten mit Listen von Grafiken, Stichen und Lithografien, unter dem Titel: Graphik;Sammlung ""Grafiksammlung"". Deutsch, Druck, kein Datum.","15 pages with lists of graphics, engravings, and lithographs, under the title: Graphik;Sammlung ""Graphic Collection"". German, typewritten, no date.",German,רשימה|List,typewriting,original,,,,,15
IL-MTFN-001-G-F-0353-050-R0001,IL-MTFN-001-G-F-0353-050,Newspaper Clippings from Various Years,"על חלק מהקטעים ניתן לזהות את שם העיתון והתאריך. זוהו עיתונים מ-: ארה""ב 1912, לבוב (למברג) 1914, לונדון 1921, קובנה 1924.","Auf einigen der Abschnitte kann man den Namen der Zeitung und das Datum erkennen. Zeitungen aus den USA 1912, Lemberg 1914, London 1921, Kowno 1924 wurden identifiziert.","On some of the sections, the name of the newspaper and the date can be identified. Newspapers from the USA 1912, Lviv (Lemberg) 1914, London 1921, Kaunas 1924 were identified.",Other,גזיר עיתון|News Clipping,,other,,,,,
IL-MTFN-001-G-F-0353-050-R0002,IL-MTFN-001-G-F-0353-050,Mizrachi Yiddish Flyer for Event with Hermann Struck,"מצורף פלייר שהוציא ""מזרחי"" ביידיש לאירוע חגיגי עם האורח הרמן שטרוק; ללא תאריך.","Ein Flyer, der von ""Mizrachi"" auf Jiddisch für eine festliche Veranstaltung mit dem Gast Hermann Struck herausgegeben wurde; ohne Datum.","Attached is a flyer issued by ""Mizrachi"" in Yiddish for a festive event with the guest Hermann Struck; no date.",Other,ברושור|Brochure,print,original,Hermann Struck,,,,
IL-MTFN-001-G-F-0355-001-R0003,IL-MTFN-001-G-F-0355-001,Envelope with Pictures,"מעטפה עם תמונות עליה כתבה רעיה מירון (מפקידת העזבון) ""לא ידוע, היילברון, אונא, קרלסברג"".","Umschlag mit Bildern, darauf schrieb Raia Miron (die Nachlassverwalterin) ""Unbekannt, Heilbronn, Una, Karlsberg"".","Envelope with pictures on which Raia Miron (the estate administrator) wrote ""Unknown, Heilbronn, Una, Carlsberg"".",Unspecified,מעטפה|Envelope,,other,,,,,
IL-MTFN-001-G-F-0355-002-R0007,IL-MTFN-001-G-F-0355-002,"Wedding Invitations and Menu for Rosa and James Kaufman, 1900","הזמנות ותפריט לחתונה של רוזה עם ג'יימס קאופמן, 1900.","Einladungen und Menü zur Hochzeit von Rosa mit James Kaufman, 1900.","Invitations and menu for the wedding of Rosa with James Kaufman, 1900.",Hebrew,הזמנה|Invitation,,original,,1900,,,
IL-MTFN-001-G-F-0355-002-R0009,IL-MTFN-001-G-F-0355-002,Wedding Invitation for Olga,הזמנה לחתונה של אולגה חברת הטובה של רוזה.,"Einladung zur Hochzeit von Olga, der besten Freundin von Rosa.","Invitation to the wedding of Olga, Rosa's best friend.",Hebrew,הזמנה|Invitation,,original,Olga,,,,
IL-MTFN-001-G-F-0355-003-R0003,IL-MTFN-001-G-F-0355-003,Envelope with Ona and Carlsberg family photos,מעטפה עם תמונות של משפחת אונא וקרלסברג,Umschlag mit Fotos der Familie Ona und Carlsberg,Envelope with photos of the Ona and Carlsberg family,Unspecified,מעטפה|Envelope,,original,,,,,
IL-MTFN-001-G-F-0357-003-R0011,IL-MTFN-001-G-F-0357-003,Empty Postcards from Israel,"גלויות ריקות מישראל מרביתן מושל ירושלים בימי הורדוס, מלון הולידי אין.","Leere Postkarten aus Israel, die meisten von ihnen zeigen den Gouverneur von Jerusalem zur Zeit des Herodes, Holiday Inn Hotel.","Empty postcards from Israel, most of them featuring the Governor of Jerusalem during the time of Herod, Holiday Inn Hotel.",Hebrew|Other,גלויה|Postcard,,original,,,,,
IL-MTFN-001-G-F-0357-003-R0012,IL-MTFN-001-G-F-0357-003,Blank Postcards and Flemish Painting,גלויות ריקות / אמנות הציור הפלמי.,Leere Postkarten / Die flämische Malerei.,Blank postcards / Flemish painting.,Unspecified,גלויה|Postcard,,original,,,,,
IL-MTFN-001-G-F-0358-001-R0011,IL-MTFN-001-G-F-0358-001,Wedding Invitation of Dr. Samuel Rosenthal and Ella Rosenthal,"הזמנה לחתונה של דר' סמואל רוזנטל עם הסטודנטית לרפואה אלה רוזנטל, 1919. על ההזמנה צויין גם התאריך העברי.","Einladung zur Hochzeit von Dr. Samuel Rosenthal mit der Medizinstudentin Ella Rosenthal, 1919. Auf der Einladung ist auch das hebräische Datum angegeben.","Invitation to the wedding of Dr. Samuel Rosenthal with the medical student Ella Rosenthal, 1919. The Hebrew date is also noted on the invitation.",Hebrew,הזמנה|Invitation,print,original,Samuel Rosenthal,1919,1919,,
IL-MTFN-001-G-F-0363-005-R0008,IL-MTFN-001-G-F-0363-005,Opera Program 1907 K. K. Hof=Operntheater,תכניה לאופרה משנת 1907 K. K. Hof=Operntheater.,Programmheft für die Oper aus dem Jahr 1907 K. K. Hof=Operntheater.,Opera program from the year 1907 K. K. Hof=Operntheater.,German,תכניה|Playbill,print,original,,1907,1907,,
IL-MTFN-001-G-F-0363-007-R0002,IL-MTFN-001-G-F-0363-007,"Wishes and Greetings in Jewish and German, 1859","טקסט קצר, איחולים וברכות ביהודית;גרמנית, 1859.","Kurzer Text, Wünsche und Grüße auf Jüdisch; Deutsch, 1859.","Short text, wishes and greetings in Jewish; German, 1859.",Hebrew|German,מכתב|Letter,,original,,1859,,,
IL-MTFN-001-G-F-0366-001-R0001,IL-MTFN-001-G-F-0366-001,Brochures from Exhibitions in Israel and Munich,"שני ברושורים משתי תערוכות אחת בארץ באנגלית שניה במינכן בגרמנית, עם קורות חיים ורזומה אמנותי.","Zwei Broschüren von zwei Ausstellungen, eine in Israel auf Englisch, die andere in München auf Deutsch, mit Lebenslauf und künstlerischem Lebenslauf.","Two brochures from two exhibitions, one in Israel in English, the other in Munich in German, with a biography and artistic resume.",English|German,ברושור|Brochure,print,original,,,,,
IL-MTFN-001-G-F-0371-002-R0002,IL-MTFN-001-G-F-0371-002,Festive Brochures for the Wedding of Helena Bilschowski and Walter Stein,"שני עלונים חגיגיים, גרמנית, לרגל נישואי הלנה לבית בילשובסקי וולתר שטיין, ברסלאו, 1899. העלונים מאוירים ומכילים שירה.","Zwei festliche Broschüren, Deutsch, anlässlich der Hochzeit von Helena geb. Bilschowski und Walter Stein, Breslau, 1899. Die Broschüren sind illustriert und enthalten Gedichte.","Two festive brochures, German, on the occasion of the marriage of Helena née Bilschowski and Walter Stein, Breslau, 1899. The brochures are illustrated and contain poetry.",German,חוברת|Booklet,print,original,,1899,1899,,
IL-MTFN-001-G-F-0371-003-R0002,IL-MTFN-001-G-F-0371-003,Invitation to the Wedding of Lisbeth Bilschowski and Hans Stein,"הזמנה מפוארת לחגיגת הנישואין של ליזבת בילשובסקי והנס Hans שטיין, שניהם מרוסטוק. הנישואין נערכו ב-1894 בברסלאו. 3 עותקים.","Eine prächtige Einladung zur Hochzeitsfeier von Lisbeth Bilschowski und Hans Stein, beide aus Rostock. Die Hochzeit fand 1894 in Breslau statt. 3 Kopien.","A lavish invitation to the wedding celebration of Lisbeth Bilschowski and Hans Stein, both from Rostock. The wedding took place in 1894 in Breslau. 3 copies.",German,הזמנה|Invitation,,copy,,1894,,,
IL-MTFN-001-G-F-0371-003-R0004,IL-MTFN-001-G-F-0371-003,"Death Notice for J. Hollaender, 1898",מודעת אבל לי. הולנדר J. Hollaender שנת 1898.,Todesanzeige für J. Hollaender im Jahr 1898.,Death notice for J. Hollaender in the year 1898.,Hebrew,מודעת אבל|Death Notice,print,original,J. Hollaender,1898,1898,,
IL-MTFN-001-G-F-0371-003-R0011,IL-MTFN-001-G-F-0371-003,Trauer Album of Rosalia Bilschowski,"אלבום אבל Trauer Album של רוזליה Rosalia בילשובסקי (אמו של בנו בילשובסקי), נפטרה ב-1893. בתוך האלבום מודעות אבל לאנשי משפחה נוספים, משפחות בילשובסקי ושטיין.","Traueralbum von Rosalia Bilschowski (Mutter von Benno Bilschowski), gestorben 1893. Im Album befinden sich auch Traueranzeigen für weitere Familienmitglieder, Familien Bilschowski und Stein.","Mourning album of Rosalia Bilschowski (mother of Benno Bilschowski), died in 1893. Inside the album are mourning notices for additional family members, Bilschowski and Stein families.",Hebrew,מודעת אבל|Death Notice,,original,Rosalia Bilschowski,1893,,,
IL-MTFN-001-G-F-0371-004-R0002,IL-MTFN-001-G-F-0371-004,"Premiere Invitation for 'Salome' in Königsberg, 1910",כרזה מ-1910 שמזמינה את הציבור להצגת הבכורה של 'סלומה' Salome בקניגסברג.,"Plakat von 1910, das die Öffentlichkeit zur Premiere von 'Salome' in Königsberg einlädt.",Poster from 1910 inviting the public to the premiere of 'Salome' in Königsberg.,German,הזמנה|Invitation,print,original,,1910,1910,,
IL-MTFN-001-G-F-0371-004-R0004,IL-MTFN-001-G-F-0371-004,German Instructions Card for Travelers,"כרטיס כתוב גרמנית עם הוראות לנוסעים הגרמנים לחו""ל. לא ברור מאיזה תקופה, ככל הנראה תחילת המאה ה-20.","Eine auf Deutsch geschriebene Karte mit Anweisungen für deutsche Reisende ins Ausland. Unklar, aus welcher Zeit, wahrscheinlich Anfang des 20. Jahrhunderts.","A card written in German with instructions for German travelers abroad. Unclear from which period, probably early 20th century.",German,כרטיס|Ticket|Card,,original,,,,,
IL-MTFN-001-G-F-0380-002-R0004,IL-MTFN-001-G-F-0380-002,Children's Clothes Hangers with German Inscriptions,"שני כולבים לבגדי ילדים, על אחד כתוב בגרמנית לילד האהוב Für's liebe Kind על השני כתוב לילד ההגון Dem braven Kind.","Zwei Kleiderbügel für Kinderkleidung, auf einem steht auf Deutsch 'Für's liebe Kind', auf dem anderen steht 'Dem braven Kind'.","Two hangers for children's clothes, on one is written in German 'Für's liebe Kind' (For the dear child), on the other 'Dem braven Kind' (For the good child).",German,לא מזוהה,,original,,,,,
IL-MTFN-001-G-F-0380-002-R0019,IL-MTFN-001-G-F-0380-002,Iron Cross of Kurt Kamnitzer,צלב הברזל של קורט קמניצר.,Das Eiserne Kreuz von Kurt Kamnitzer.,The Iron Cross of Kurt Kamnitzer.,Unspecified,לא מזוהה|Unrecognized,,other,Kurt Kamnitzer,,,,
IL-MTFN-001-G-F-0380-002-R0020,IL-MTFN-001-G-F-0380-002,Postcard to Soldier Kurt Kamnitzer,"גלויה עם הדיוקן של הקיסר פרידריך ה-II, שנשלחה אל החייל קורט קמניצר לחזית.","Postkarte mit dem Porträt von Kaiser Friedrich II., die an den Soldaten Kurt Kamnitzer an die Front geschickt wurde.","Postcard with the portrait of Emperor Frederick II, sent to the soldier Kurt Kamnitzer at the front.",German,גלויה|Postcard,print,original,Kurt Kamnitzer,,,,
IL-MTFN-001-G-F-0380-002-R0022,IL-MTFN-001-G-F-0380-002,Desk Equipment Set,קופסה/ערכה עם ציוד לשולחן כתיבה.,Kiste/Set mit Schreibtischzubehör.,Box/set with desk equipment.,Unspecified,לא מזוהה|Unrecognized,,other,,,,,
IL-MTFN-001-G-F-0380-002-R0023,IL-MTFN-001-G-F-0380-002,First Pair of Shoes of Charlotte Rabe,זוג הנעלים הראשון של שרלוטה לבית ראבה (מלפני 109 שנים).,Das erste Paar Schuhe von Charlotte aus dem Hause Rabe (vor 109 Jahren).,The first pair of shoes of Charlotte from the Rabe family (from 109 years ago).,Unspecified,לא מזוהה,,original,Charlotte Rabe,,,,
IL-MTFN-001-G-F-0388-001-R0001,IL-MTFN-001-G-F-0388-001,Hat of Gerhard Gershon Berish,"יהודית טלר הביאה את הכובע למוזיאון וספרה, שמצאה אותו בעיזבון אמה, ברכה מור לבית בריש ילידת 1904. מקרובת משפחה נודע לה שהכובע היה שייך לדוד, גרהרד גרשון בריש יליד 1898, אח אמה. כמו כן נודע לה לראשונה שהדוד שלחם במלחמ""ע I לא חזר מהקרב. הכובע הובא לאימו, רוזה בריש, שנה לאחר היעדרו. אין יודעים מה קרה לדוד ולא היכן הוא קבור.","Judith Teller brachte den Hut ins Museum und erzählte, dass sie ihn im Nachlass ihrer Mutter, Bracha Mor geb. Berish, geboren 1904, gefunden hatte. Ein Verwandter informierte sie, dass der Hut ihrem Onkel, Gerhard Gershon Berish, geboren 1898, dem Bruder ihrer Mutter, gehörte. Außerdem erfuhr sie zum ersten Mal, dass der Onkel, der im Ersten Weltkrieg kämpfte, nicht aus der Schlacht zurückkehrte. Der Hut wurde seiner Mutter, Rosa Berish, ein Jahr nach seinem Verschwinden gebracht. Man weiß nicht, was mit dem Onkel passiert ist und wo er begraben ist.","Judith Teller brought the hat to the museum and said that she found it in the estate of her mother, Bracha Mor née Berish, born in 1904. A relative informed her that the hat belonged to her uncle, Gerhard Gershon Berish, born in 1898, her mother's brother. She also learned for the first time that the uncle who fought in WWI did not return from the battle. The hat was brought to his mother, Rosa Berish, a year after his disappearance. It is unknown what happened to the uncle or where he is buried.",Unspecified,חפץ|Object,,original,Gerhard Gershon Berish,,,,
IL-MTFN-001-G-F-0388-001-R0003,IL-MTFN-001-G-F-0388-001,Silver Pocket Watch with Hebrew and German Inscriptions,"שעון כיס (ללא שרשרת) מכסף ומעוטר. השעות מצוינות באותיות עבריות שחורות על לוח לבן (אמייל?). בחלק העליון של הלוח תבוע מגן דוד בתוך עיגול ומסביבו כתוב באותיות אדומות בגרמנית: Jsraelis. Familienblatt Hamburg. אותה הכתובת מותבעת במסגרת בכסף שעוטפת את לוח השעון. המפקיד, ד""ר דן אלדר, מספר ששמע מפי אביו, שאת השעון קיבל כפרס על פתירת תשבצים של העיתון הנ""ל.","Silberne und verzierte Taschenuhr (ohne Kette). Die Stunden sind in schwarzen hebräischen Buchstaben auf einem weißen Zifferblatt (Emaille?) angegeben. Oben auf dem Zifferblatt ist ein Davidstern in einem Kreis eingeprägt und darum herum steht in roten Buchstaben auf Deutsch: Jsraelis. Familienblatt Hamburg. Dieselbe Aufschrift ist auf dem silbernen Rahmen eingeprägt, der das Zifferblatt umgibt. Der Einreicher, Dr. Dan Elder, erzählt, dass er von seinem Vater gehört hat, dass die Uhr als Preis für das Lösen von Kreuzworträtseln der genannten Zeitung erhalten wurde.","Silver and decorated pocket watch (without chain). The hours are indicated in black Hebrew letters on a white dial (enamel?). At the top of the dial, a Star of David is embossed in a circle, and around it is written in red letters in German: Jsraelis. Familienblatt Hamburg. The same inscription is embossed on the silver frame that surrounds the watch dial. The depositor, Dr. Dan Elder, says he heard from his father that the watch was received as a prize for solving crosswords of the aforementioned newspaper.",Hebrew|German,Object,other,original,Dr. Dan Elder,,,,
IL-MTFN-001-G-F-0390-002-R0007,IL-MTFN-001-G-F-0390-002,Material attached to envelope 9R2,בקטלוג 9R7 : החומר צורף למעטפה 9R2;,Im Katalog 9R7: Das Material wurde dem Umschlag 9R2 beigefügt;,In catalog 9R7: The material was attached to envelope 9R2;,Unspecified,Envelope,,other,,,,,
IL-MTFN-001-G-F-0390-002-R0016,IL-MTFN-001-G-F-0390-002,Attached to envelope 9R8 in catalog 9R16,בקטלוג 9R16 : צורף למעטפה 9R8;,Im Katalog 9R16: Beigefügt an Umschlag 9R8;,In catalog 9R16: Attached to envelope 9R8;,Unspecified,מעטפה|Envelope,,other,,,,,
IL-MTFN-001-G-F-0390-003-R0002,IL-MTFN-001-G-F-0390-003,Sale of Frog Sculpture,בקטלוג 11R2 : בנושא מכירת פסל של צפרדע.,Im Katalog 11R2: Zum Thema Verkauf einer Froschskulptur.,In catalog 11R2: Regarding the sale of a frog sculpture.,Unspecified,לא מזוהה,,other,,,,,
IL-MTFN-001-G-F-0390-003-R0008,IL-MTFN-001-G-F-0390-003,Rudi Lehmann's Notes for Chess Exhibition 1969,"בקטלוג 11R9 : רשימה של רודי להמן לרגל פתיחת תערוכת משחק שח ב-1969 עבור מבקרי התערוכה. גרמנית כתב יד. סטנסיל בעברית עם הכותרת: ""מספר הערות לתערוכה הפנימית של משחקי השח"", על החתום: רודולף להמן, מדריך לעיצוב צורתי, במכון לאמנות; גבעתיים.","In Katalog 11R9: Liste von Rudi Lehmann zur Eröffnung der Schachspielausstellung 1969 für die Besucher der Ausstellung. Handschriftlich auf Deutsch. Schablone auf Hebräisch mit dem Titel: ""Einige Anmerkungen zur internen Ausstellung der Schachspiele"", unterzeichnet: Rudolf Lehmann, Leitfaden für Formgestaltung, am Kunstinstitut; Giv'atayim.","In catalog 11R9: A list by Rudi Lehmann for the opening of the chess game exhibition in 1969 for the exhibition visitors. Handwritten in German. Stencil in Hebrew with the title: ""Some notes for the internal exhibition of chess games"", signed: Rudolf Lehmann, guide for formal design, at the Art Institute; Giv'atayim.",German|Hebrew,רשימה|List,handwriting,original,Rudolf Lehmann,1969,,,
IL-MTFN-001-G-F-0390-004-R0003,IL-MTFN-001-G-F-0390-004,Envelope with Writing by Yigal Tumarkin in Memory of Rudi Lehmann,"מעטפה (ללא סימון קטלוגי) עם צילום הכתיבה, של יגאל תומרקין לזכרו של רודי להמן. עברית, ללא תאריך.","Umschlag (ohne Katalogkennzeichnung) mit einem Foto des Schreibens von Yigal Tumarkin zum Gedenken an Rudi Lehmann. Hebräisch, ohne Datum.","Envelope (without catalog marking) with a photograph of the writing by Yigal Tumarkin in memory of Rudi Lehmann. Hebrew, no date.",Hebrew,מעטפה|Envelope,photography,copy,יגאל תומרקין,,,,
IL-MTFN-001-G-F-0390-013-R0004,IL-MTFN-001-G-F-0390-013,Dates in the Life of the Artist,"עמוד מודפס (אולי מפירסום כל שהו) עם הכותרת: תאריכים בחיי האמנית, תאריכים ביוגרפיים. עברית.","Gedruckte Seite (vielleicht aus einer Veröffentlichung) mit dem Titel: Daten im Leben der Künstlerin, biografische Daten. Hebräisch.","Printed page (possibly from some publication) with the title: Dates in the Life of the Artist, Biographical Dates. Hebrew.",Hebrew,לא מזוהה,print,original,,,,,
IL-MTFN-001-G-F-0390-017-R0008,IL-MTFN-001-G-F-0390-017,מודעות על חוג קדרות לילדים,"מודעות של הדויג על חוג, בתשלום, בבת;גלים לעבודות קדרות לילדים בתקופת החופש, הדויג מצרפת לשמה את התארים: קדרית ופדאגוגית. גרמנית הדפסה. מצורף תרגום לעברית, שנעשה בארכיון יגור.","Anzeigen von Hedwig über einen kostenpflichtigen Kurs in Bat Galim für Töpferarbeiten für Kinder während der Ferien. Hedwig fügt ihrem Namen die Titel Töpferin und Pädagogin hinzu. Deutsch, Schreibmaschine. Eine Übersetzung ins Hebräische, die im Yagur-Archiv gemacht wurde, ist beigefügt.","Announcements by Hedwig about a paid course in Bat Galim for pottery work for children during the holidays. Hedwig adds the titles Potter and Pedagogue to her name. German, typewritten. A translation into Hebrew, made in the Yagur archive, is attached.",German|Hebrew,מכתב|Translated Document,typewriting,original,הדויג,,,,
IL-MTFN-001-G-F-0390-019-R0008,IL-MTFN-001-G-F-0390-019,Photograph of a 1920 Article on Pot Production,צילום מאמר מ-1920 בנושא יצור עציצים. מצוי גם בתיק G.F.0390 / 18.,Fotografie eines Artikels von 1920 über die Herstellung von Blumentöpfen. Auch in der Akte G.F.0390 / 18 enthalten.,Photograph of an article from 1920 on the topic of pot production. Also found in file G.F.0390 / 18.,Unspecified,גזיר עיתון|News Clipping,photography,copy,,,1920,,
IL-MTFN-001-G-F-0390-019-R0015,IL-MTFN-001-G-F-0390-019,Invitation and Invoice for Ceramic Processing Machines,"צילומים, של הזמנה למכונות שונות לעיבוד קרמיקה, עבור ביה""ח לעציצים מבית חרושת 'שבפניצר מכונות' Schwepnitzer Maschinen לייפציג, גרמניה. חיפה בת גלים, מרץ 1935. מצורפת חשבונית מפורטת מבית החרושבת בגרמניה.","Fotografien, einer Einladung zu verschiedenen Maschinen zur Keramikverarbeitung, für das Krankenhaus für Töpfe der Fabrik 'Schwepnitzer Maschinen' Leipzig, Deutschland. Haifa Bat Galim, März 1935. Eine detaillierte Rechnung der Fabrik in Deutschland ist beigefügt.","Photographs, of an invitation for various machines for ceramic processing, for the hospital for pots from the 'Schwepnitzer Maschinen' factory Leipzig, Germany. Haifa Bat Galim, March 1935. A detailed invoice from the factory in Germany is attached.",German|Hebrew,הזמנה|Invitation|חשבונית|Invoice,photography,copy,,1935-03,,,
IL-MTFN-001-G-F-0390-022-R0013,IL-MTFN-001-G-F-0390-022,Photograph of German Newspaper Article on Bezalel Exhibition,"צילום מאמר מעיתון כתוב גרמנית על תערוכת עבודות בבצלאל, של פצועים מבית החולים הצבאי 'זיו' בירושלים, איתם עבדה הדויג בריפוי ועיסוק ויצירותיהם מוצגות בתערוכה. מצורף תרגום המאמר לאנגלית, הדפסה","Foto eines Artikels aus einer deutschsprachigen Zeitung über eine Ausstellung von Arbeiten in Bezalel, von Verwundeten aus dem Militärkrankenhaus 'Ziv' in Jerusalem, mit denen Hedwig in der Beschäftigungstherapie gearbeitet hat und deren Werke in der Ausstellung gezeigt werden. Eine Übersetzung des Artikels ins Englische ist beigefügt, Schreibmaschine","Photograph of an article from a German newspaper about an exhibition of works at Bezalel, by wounded soldiers from the 'Ziv' military hospital in Jerusalem, with whom Hedwig worked in occupational therapy and whose creations are displayed in the exhibition. An English translation of the article is attached, typewritten",German|English,גזיר עיתון|News Clipping|מסמך מתורגם|Translated Document,photography,copy,,,,,
IL-MTFN-001-G-F-0390-022-R0015,IL-MTFN-001-G-F-0390-022,Invitation to Exhibition at Ziv Military Hospital,"צילום: הזמנה לתערוכת עבודות הפצויים שתערך בבית החולים הצבאי 'זיו' (מול ביקור חולים) במלאת שנה לפעילות ביה""ח","Foto: Einladung zur Ausstellung der Arbeiten der Verwundeten, die im Militärkrankenhaus 'Ziv' (gegenüber dem Besuch der Kranken) anlässlich des einjährigen Bestehens des Krankenhauses stattfinden wird.",Photo: Invitation to the exhibition of the works of the wounded to be held at the 'Ziv' military hospital (opposite Bikur Cholim) on the occasion of the hospital's one-year anniversary.,Hebrew,הזמנה|Invitation,photography,copy,,,,,
IL-MTFN-001-G-F-0390-029-R0004,IL-MTFN-001-G-F-0390-029,Postcard to Hedwig and Rudi from Pella Noam,"גלויה אל הדויג ורודי מאת מכירה של השניים, פלה נועם מחיפה, בין היתר יש לה בת בשם איריס, תשמח אם מצבת הקבר של וילי, שקבור בצפת, תתוקן. (קשה לפענח את השנה בחותמת הדואר).","Postkarte an Hedwig und Rudi von einer Bekannten der beiden, Pella Noam aus Haifa. Unter anderem hat sie eine Tochter namens Iris. Sie würde sich freuen, wenn das Grabmal von Willy, der in Safed begraben ist, repariert wird. (Das Jahr auf dem Poststempel ist schwer zu entziffern).","Postcard to Hedwig and Rudi from an acquaintance of the two, Pella Noam from Haifa. Among other things, she has a daughter named Iris. She would be happy if the tombstone of Willy, who is buried in Safed, is repaired. (The year on the postmark is difficult to decipher).",Hebrew,גלויה|Postcard,,other,,,,,
IL-MTFN-001-G-F-0391-004-R0011,IL-MTFN-001-G-F-0391-004,Postcards to Various Recipients,"גלויות:; אל יוספה מאת ההורים שמטיילים הנורמנדי, צרפת, מאי 1952; אל משפחת בראון מאת ההורים ששוהים באנגליה, אפריל 1952; אל Hans Loewenson מאת Jerry & Helene, באדן באדן, גרמניה. 1953. אל משפחת בראון מאת Hugo Graetz, ללא ציון שנה. אל יובל בראון (בן של יוספה) מאת סבא וסבתא, שנמצאים בארה""ב, 1951. אל מיני שטיינהרדט מאת Klari, ירושלים, 1974.","Postkarten: An Josefa von den Eltern, die in der Normandie, Frankreich, Mai 1952 reisen; An die Familie Braun von den Eltern, die in England, April 1952 sind; An Hans Loewenson von Jerry & Helene, Baden-Baden, Deutschland. 1953. An die Familie Braun von Hugo Graetz, ohne Jahresangabe. An Yuval Braun (Sohn von Josefa) von den Großeltern, die in den USA sind, 1951. An Mini Steinhardt von Klari, Jerusalem, 1974.","Postcards: To Josefa from the parents traveling in Normandy, France, May 1952; To the Brown family from the parents staying in England, April 1952; To Hans Loewenson from Jerry & Helene, Baden-Baden, Germany. 1953. To the Brown family from Hugo Graetz, no year specified. To Yuval Brown (son of Josefa) from grandparents, who are in the USA, 1951. To Mini Steinhardt from Klari, Jerusalem, 1974.",Hebrew|English|German,גלויה|Postcard,,original,,,,,
IL-MTFN-001-G-F-0391-006-R0002,IL-MTFN-001-G-F-0391-006,Unreadable German Postcard,"גלויה בלתי קריאה, ניתן להבחין שהיא כתובה גרמנית. הדפס הבול הגרמני על הגחויה הושחט בכוונה במכשיר חד. הצד הטוב יותר של הגלויה עבר סריקה מיוחדת, ניתן מעט לקרוא.","Unlesbare Postkarte, es ist erkennbar, dass sie auf Deutsch geschrieben ist. Der deutsche Stempel auf der Postkarte wurde absichtlich mit einem scharfen Gerät beschädigt. Die bessere Seite der Postkarte wurde speziell gescannt, es ist ein wenig lesbar.","Unreadable postcard, it is noticeable that it is written in German. The German stamp on the postcard was intentionally defaced with a sharp device. The better side of the postcard was specially scanned, it is slightly readable.",German,גלויה|Postcard,other,original,,,,,
IL-MTFN-001-G-F-0391-008-R0002,IL-MTFN-001-G-F-0391-008,"Galerie Billiet / Pierre Vorms, Paris","גלריה בפריס Galerie Billiet / Pierre Vorms, צרפתית, 1937","Galerie in Paris Galerie Billiet / Pierre Vorms, Französisch, 1937","Gallery in Paris Galerie Billiet / Pierre Vorms, French, 1937",French,לא מזוהה,,original,,1937,,,
IL-MTFN-001-G-F-0391-013-R0011,IL-MTFN-001-G-F-0391-013,Collection of Exhibition Opening Invitations,אסופה של הזמנות לפתיחת תערוכות.,Eine Sammlung von Einladungen zur Eröffnung von Ausstellungen.,A collection of invitations to exhibition openings.,Hebrew,הזמנה|Invitation,,original,,,,,
IL-MTFN-001-G-F-0391-013-R0013,IL-MTFN-001-G-F-0391-013,"List of Works Exhibited at Yad Labanim, Petach Tikva","רשימת היצירות שהוצגו בבית יד לבנים בפתח תקוה. 37 אמנים הציגו, ביניהם הציג יעקב שטיינהרדט 9 יצירות. עברית הדפסה, ללא תאריך.","Liste der Werke, die im Haus Yad Labanim in Petach Tikva ausgestellt wurden. 37 Künstler stellten aus, darunter präsentierte Jakob Steinhardt 9 Werke. Hebräisch Schreibmaschine, ohne Datum.","List of works exhibited at the Yad Labanim House in Petach Tikva. 37 artists exhibited, among them Jakob Steinhardt presented 9 works. Hebrew typewritten, no date.",Hebrew,רשימה|List,typewriting,original,,,,,
IL-MTFN-001-G-F-0391-013-R0015,IL-MTFN-001-G-F-0391-013,פתיחת תערוכת חיתוכי עץ של יעקב שטיינהרדט בקיבוץ הזורע,"עמוד מידע לרגל פתיחת תערוכת חיתוכי עץ של יעקב שטיינהרדט בקיבוץ הזורע, ככל הנראה ב-1984. התערוכה נפתחה במוזיאון וילפריד ישראל. עברית הדפסה.","Informationsseite zur Eröffnung der Ausstellung von Holzschnitten von Jakob Steinhardt im Kibbuz HaZorea, vermutlich 1984. Die Ausstellung wurde im Wilfrid Israel Museum eröffnet. Hebräisch Druck.","Information page for the opening of the woodcut exhibition by Jakob Steinhardt at Kibbutz HaZorea, presumably in 1984. The exhibition was opened at the Wilfrid Israel Museum. Hebrew typewriting.",Hebrew,ברושור|Brochure,typewriting,original,יעקב שטיינהרדט,,1984,,
IL-MTFN-001-G-F-0396-001-R0001,IL-MTFN-001-G-F-0396-001,Silver Gavel for Simon Rendi,"מקבת מכסף ודברי הסבר לפריט זה., מקבת מכסף, שניתנה ב-1930 לנשיא לשכת בני ברית בגראץ, אוסטריה, סימון רנדי Simon Rendi ע""י אחיות בני ברית כהוכרה והערכה לאיש ולכבוד חנוכת בית הלשכה החדש של בני ברית, שאותו טרם סימון רנדי. המקבת מוצגת בתערוכת המוזיאון. הסברים לסיפור המקבת בעברית וגרמנית, שנכתבו ע""י אסתר וגאורג נוירט.","Silberhammer und Erklärungen zu diesem Gegenstand. Ein Silberhammer, der 1930 dem Präsidenten der B'nai B'rith Loge in Graz, Österreich, Simon Rendi, von den Schwestern der B'nai B'rith als Anerkennung und Wertschätzung für den Mann und zur Einweihung des neuen Logenhauses der B'nai B'rith, das Simon Rendi noch nicht hatte, überreicht wurde. Der Hammer wird in der Museumsausstellung gezeigt. Erklärungen zur Geschichte des Hammers auf Hebräisch und Deutsch, geschrieben von Esther und Georg Neuwirth.","Silver gavel and explanations for this item. A silver gavel, given in 1930 to the president of the B'nai B'rith lodge in Graz, Austria, Simon Rendi, by the sisters of B'nai B'rith as recognition and appreciation for the man and for the inauguration of the new lodge house of B'nai B'rith, which Simon Rendi had not yet. The gavel is displayed in the museum exhibition. Explanations for the story of the gavel in Hebrew and German, written by Esther and Georg Neuwirth.",Hebrew|German,לא מזוהה|Unrecognized,,original,Simon Rendi,1930,,,
IL-MTFN-001-G-F-0396-001-R0004,IL-MTFN-001-G-F-0396-001,Publications on the Renewed Synagogue in Graz,"פירסומים על בית הכנסת המחודש בגרץ, גרמנית.","Veröffentlichungen über die erneuerte Synagoge in Graz, Deutsch.","Publications about the renewed synagogue in Graz, German.",German,לא מזוהה,,original,,,,,
IL-MTFN-001-G-F-0408-001-R0001,IL-MTFN-001-G-F-0408-001,Golden Cross Medal,"מדליה בצורת צלב ממתכת ואמייל, שבצבא האוסטרי נקרא ""צלב הזהב"", אליה מחובר סרט מקופל בצבעים לבן/אדום. מידות הצלב 3ס""מ X 3ס""מ. (מצורפת תמונה של צלב הזהב).","Eine Medaille in Form eines Kreuzes aus Metall und Emaille, die in der österreichischen Armee ""Goldenes Kreuz"" genannt wird, an der ein gefaltetes Band in den Farben Weiß/Rot befestigt ist. Die Maße des Kreuzes sind 3 cm x 3 cm. (Ein Bild des Goldenen Kreuzes ist beigefügt).","A medal in the shape of a cross made of metal and enamel, called the ""Golden Cross"" in the Austrian army, to which a folded ribbon in white/red colors is attached. The dimensions of the cross are 3 cm x 3 cm. (A picture of the Golden Cross is attached).",Irrelevant|לא רלוונטי,חפץ|Object,,original,,,,,
IL-MTFN-001-G-F-0415-001-R0009,IL-MTFN-001-G-F-0415-001,Invitation to Arie's Bar Mitzvah,הזמנה לבר מצווה של אריה. את ההזמנה כתב ביד אביו.,Einladung zur Bar Mizwa von Arie. Die Einladung wurde von seinem Vater handgeschrieben.,Invitation to Arie's Bar Mitzvah. The invitation was handwritten by his father.,Hebrew,הזמנה|Invitation,handwriting,original,אריה,,,,
IL-MTFN-001-G-F-0420-001-R0002,IL-MTFN-001-G-F-0420-001,Cookbook and Family Photos on CD,"ספר המתכונים על C.D.; C.D. עם תמונות משפחתיות, 3 דורות, מגרמניה ומישראל.","Das Kochbuch auf CD; CD mit Familienfotos, 3 Generationen, aus Deutschland und Israel.","The cookbook on CD; CD with family photos, 3 generations, from Germany and Israel.",German|Hebrew,לא מזוהה,other,original,,,,,
IL-MTFN-001-G-F-0423-003-R0001,IL-MTFN-001-G-F-0423-003,"Two pages from MB newspaper, April 1959","שני דפים מעיתון MB, אפריל 1959, גרמנית.","Zwei Seiten aus der Zeitung MB, April 1959, Deutsch.","Two pages from the newspaper MB, April 1959, German.",German,גזיר עיתון|News Clipping,print,original,,,1959-04,,2
IL-MTFN-001-G-F-0430-001-R0002,IL-MTFN-001-G-F-0430-001,Photographs of Articles on Ralph's Interest in Lizards,צילומים של מאמרים מתוך העיתונות העברית על התעניינותו של רלף בלטאות למיניהן.,Fotos von Artikeln aus der hebräischen Presse über Ralphs Interesse an verschiedenen Eidechsenarten.,Photographs of articles from the Hebrew press about Ralph's interest in various types of lizards.,Hebrew,גזיר עיתון|News Clipping,photography,copy,Ralph,,,,
IL-MTFN-001-G-F-0432-001-R0004,IL-MTFN-001-G-F-0432-001,Address Stickers for Envelopes,"מדבקות עם כתובתו בנהריה, להדבקה על מעטפות דואר.","Aufkleber mit seiner Adresse in Nahariya, zum Aufkleben auf Briefumschläge.","Stickers with his address in Nahariya, for sticking on envelopes.",Hebrew,Sticker,print,original,,,,,
IL-MTFN-001-G-F-0432-001-R0005,IL-MTFN-001-G-F-0432-001,Concert Advertisement for Hermann Durra in Leipzig,"צילום, 2 עמ' פרסום בגרמנית לקונצרט של מלחין הרמן דורה Hermann Durra עם תצלום דיוקנו, בלייפציג, אין תאריך.","Fotografie, 2 Seiten Werbung auf Deutsch für ein Konzert des Komponisten Hermann Durra mit seinem Porträtfoto, in Leipzig, kein Datum.","Photograph, 2 pages of advertising in German for a concert by composer Hermann Durra with his portrait photo, in Leipzig, no date.",German,תצלום|Photograph,photography,copy,Hermann Durra,,,,2
IL-MTFN-001-G-F-0432-001-R0008,IL-MTFN-001-G-F-0432-001,Box with 'Cross of Honor' Decoration,קופסה ובתוכה עיטור 'צלב הכבוד'.,Eine Schachtel mit dem Ehrenkreuz.,A box containing the 'Cross of Honor' decoration.,Unspecified,חפץ|Object,,original,,,,,
IL-MTFN-001-G-F-0433-001-R0001,IL-MTFN-001-G-F-0433-001,Leather Folder with Victoria Insurance Logo,"תיקיה מעור עם הלוגו של 'ויקטוריה בברלין, חברה לביטוח'.","Ledermappe mit dem Logo von 'Victoria in Berlin, Versicherungsgesellschaft'.","Leather folder with the logo of 'Victoria in Berlin, Insurance Company'.",Unspecified,לא מזוהה|Unrecognized,,original,"Victoria in Berlin, Insurance Company",,,,
IL-MTFN-001-G-F-0433-001-R0008,IL-MTFN-001-G-F-0433-001,Iron Cross Decorations,שני עיטורים של צלב הברזל עצמם.,Zwei Dekorationen des Eisernen Kreuzes selbst.,Two decorations of the Iron Cross themselves.,Unspecified,לא מזוהה,,original,,,,,
IL-MTFN-001-G-F-0433-001-R0009,IL-MTFN-001-G-F-0433-001,Personal Tag of Soldier Isidor Pappenheimer,הדיסקית האישית של החייל איזידור פפנהיימר.,Die persönliche Erkennungsmarke des Soldaten Isidor Pappenheimer.,The personal tag of the soldier Isidor Pappenheimer.,Unspecified,לא מזוהה,,original,איזידור פפנהיימר,,,,
IL-MTFN-001-G-F-0433-001-R0012,IL-MTFN-001-G-F-0433-001,Concert Program for 50th Anniversary of Synagogue in Wiesbaden,תכניה לקונצרט לחגיגת יובל במלאת 50 שנה לבית הכנסת בויזבאדן Synagoge am Michelsberg. אוגוסט 1919. התכנית באחריות הקהילה הישראליתית לתרבות בויזבאדן. בקונצרט ינוגנו וישירו יצירות דתיות.,Programm für ein Jubiläumskonzert zum 50-jährigen Bestehen der Synagoge am Michelsberg in Wiesbaden. August 1919. Das Programm wird von der israelitischen Kultusgemeinde in Wiesbaden verantwortet. Beim Konzert werden religiöse Werke gespielt und gesungen.,Program for a jubilee concert celebrating 50 years of the Synagogue am Michelsberg in Wiesbaden. August 1919. The program is under the responsibility of the Israelite Cultural Community in Wiesbaden. Religious works will be played and sung at the concert.,Hebrew|German,תכניה|Playbill,print,original,,1919-08,1919-08,,
IL-MTFN-001-G-F-0433-001-R0014,IL-MTFN-001-G-F-0433-001,דיסקית מתכת של החייל איזידור פפנהיימר,"הפקדה נוספת ב-01.11.2011: דיסקית מתכת של החייל איזידור פפנהיימר, ששרת בצבא גרמניה במלח""ע I.","Zusätzliche Ablage am 01.11.2011: Metallmarke des Soldaten Isidor Pappenheimer, der im Ersten Weltkrieg in der deutschen Armee diente.","Additional deposit on 01.11.2011: Metal tag of the soldier Isidor Pappenheimer, who served in the German army in WWI.",German,חפץ|Object,other,original,איזידור פפנהיימר,,,,
IL-MTFN-001-G-F-0436-001-R0007,IL-MTFN-001-G-F-0436-001,Photograph of an article on lawyers in the Third Reich,"צילום, מאמר מעיתון ישראלי על גורלם המר של עורכי הדין ברייך השלישי.","Foto, Artikel aus einer israelischen Zeitung über das bittere Schicksal der Anwälte im Dritten Reich.","Photograph, article from an Israeli newspaper about the bitter fate of lawyers in the Third Reich.",Hebrew,גזיר עיתון|News Clipping,photography,copy,,,,,
IL-MTFN-001-G-F-0444-003-R0010,IL-MTFN-001-G-F-0444-003,Newspaper Clippings about Worms,"קטעי עיתונות עם מאמרים על וורמס, הנס מנהיימר מוזכר בחלק מהם.","Zeitungsausschnitte mit Artikeln über Worms, Hans Mannheimer wird in einigen von ihnen erwähnt.","Newspaper clippings with articles about Worms, Hans Mannheimer is mentioned in some of them.",Hebrew|German,גזיר עיתון|News Clipping,print,other,Hans Mannheimer,,,,
IL-MTFN-001-G-F-0444-003-R0018,IL-MTFN-001-G-F-0444-003,Postcard of Luther Monument in Worms,גלויה עליה תמונת האנדרתה ללותר בוורמס. אין כתיבה על הגלויה.,Postkarte mit einem Bild des Denkmals für Luther in Worms. Keine Schrift auf der Postkarte.,Postcard with a picture of the monument to Luther in Worms. No writing on the postcard.,Unspecified,גלויה|Postcard,print,original,,,,,
IL-MTFN-001-G-F-0450-001-R0015,IL-MTFN-001-G-F-0450-001,Documentation of Stumbling Stones for Ida Schwarzfeld,התווסף ב-28.11.2012:; שני תקליטורים עם תיעוד הנחת אבני נגף לפני ביתה של אידה שוורצפלד; קריסטל לבית פליישר.,"Hinzugefügt am 28.11.2012:; Zwei CDs mit Dokumentation der Verlegung von Stolpersteinen vor dem Haus von Ida Schwarzfeld; Kristall, geborene Fleischer.",Added on 28.11.2012:; Two CDs with documentation of the laying of stumbling stones in front of the house of Ida Schwarzfeld; Kristall née Fleischer.,Unspecified,לא מזוהה,,original,,,2012-11-28,,
IL-MTFN-001-G-F-0456-001-R0015,IL-MTFN-001-G-F-0456-001,Envelope with Child's Photos,מעטפה עם תמונות של ילד בגיליים שונים.,Umschlag mit Bildern eines Kindes in verschiedenen Altersstufen.,Envelope with pictures of a child at different ages.,Unspecified,מעטפה|Envelope,,original,,,,,
IL-MTFN-001-G-F-0456-001-R0016,IL-MTFN-001-G-F-0456-001,Envelope with Photos,מעטפה עם תמונות של גבר בלתי מזוהה.,Umschlag mit Fotos eines unbekannten Mannes.,Envelope with photos of an unidentified man.,Unspecified,מעטפה|Envelope,,other,,,,,
IL-MTFN-001-G-F-0459-012-R0006,IL-MTFN-001-G-F-0459-012,Empty Envelopes Addressed to Adi Nachmani,"מעטפות ריקות, ממוענות אל עדי נחמני, גבעת חיים, השולח אריה גורל.","Leere Umschläge, adressiert an Adi Nachmani, Givat Chaim, Absender Aryeh Goral.","Empty envelopes, addressed to Adi Nachmani, Givat Chaim, sender Aryeh Goral.",Unspecified,מעטפה|Envelope,,original,Adi Nachmani,,,,
IL-MTFN-001-G-F-0459-012-R0007,IL-MTFN-001-G-F-0459-012,Poster for Arie Goral's Lecture on Kristallnacht,"כרזה, גרמנית, להרצאה של אריה גורל ל; 9 לנובמבר לציון ליל הבדולח, 1938, כותרת הרצאתו:; Trauer oder Freudentag תרגום: אבל או שמחה? ההרצאה נתנה בספרייה המרכזית של המבורג.","Plakat, Deutsch, für einen Vortrag von Arie Goral am 9. November zur Erinnerung an die Kristallnacht 1938, Titel seines Vortrags: Trauer oder Freudentag? Der Vortrag fand in der Zentralbibliothek Hamburg statt.","Poster, German, for a lecture by Arie Goral on November 9th to commemorate Kristallnacht, 1938, title of his lecture: Mourning or Joy? The lecture was given at the Central Library of Hamburg.",German,Poster,print,original,Arie Goral,1938-11-09,,,
IL-MTFN-001-G-F-0459-013-R0010,IL-MTFN-001-G-F-0459-013,Invitation Cards for Maccabi Königsberg Jubilee Celebrations,"19.1.1954 חוזר וכרטיסי הזמנה לחגיגות היובל, 1904;1954 של מכב""י קניגסברג, שיערך בתל אביב.","19.1.1954 Rundschreiben und Einladungskarten zu den Jubiläumsfeiern, 1904;1954 von Maccabi Königsberg, die in Tel Aviv stattfinden werden.","19.1.1954 Circular and invitation cards for the jubilee celebrations, 1904;1954 of Maccabi Königsberg, to be held in Tel Aviv.",Hebrew,הזמנה|Invitation,,original,Maccabi Königsberg,1954-01-19,,,
IL-MTFN-001-G-F-0459-013-R0016,IL-MTFN-001-G-F-0459-013,Photograph of the song Blau;Weiß,"1996, צילום, של שיר הבלאו;וייס כפי שהושר/דוקלם בשנות ה-20 למאה ה-20.","1996, Fotografie, des Liedes Blau;Weiß wie es in den 1920er Jahren gesungen/rezitiert wurde.","1996, photograph, of the song Blau;Weiß as sung/recited in the 1920s.",Unspecified,תצלום|Photograph,photography,copy,,,1996,,
IL-MTFN-001-G-F-0459-015-R0003,IL-MTFN-001-G-F-0459-015,Relevant Newspaper Clippings on Translation,קטעי עיתונות רלוונטיים לנושאי התרגום.,Relevante Zeitungsausschnitte zu Übersetzungsthemen.,Relevant newspaper clippings on translation topics.,Unspecified,גזיר עיתון|News Clipping,print,other,,,,,
IL-MTFN-001-G-F-0460-001-R0010,IL-MTFN-001-G-F-0460-001,"Publication of Maccabi Worldwide, 2001","פירסום/עיתון של מכבי עולמי, 2001.","Veröffentlichung/Zeitung von Maccabi Weltweit, 2001.","Publication/Newspaper of Maccabi Worldwide, 2001.",Hebrew,עיתון|Newspaper,print,original,,2001,2001,,
IL-MTFN-001-G-F-0465-001-R0001,IL-MTFN-001-G-F-0465-001,75th Anniversary DVD Film,DVD סרט שהופק לרגל מלאת 75 שנה למפעל. שני תקליטורים: עברית ואנגלית.,"DVD-Film, der anlässlich des 75-jährigen Bestehens des Unternehmens produziert wurde. Zwei Discs: Hebräisch und Englisch.",DVD film produced on the occasion of the 75th anniversary of the enterprise. Two discs: Hebrew and English.,Hebrew|English,לא מזוהה,other,original,,,,,
IL-MTFN-001-G-F-0467-001-R0001,IL-MTFN-001-G-F-0467-001,Album of Emergency Money Notes from 1920s Germany,"אלבום גדול מימדים (במצב לא טוב) בתוכו מאות שטרות ""כסף חרום"" מגרמניה משנות ה-20 למאה ה-20.","Großformatiges Album (in schlechtem Zustand) mit Hunderten von ""Notgeld""-Scheinen aus Deutschland aus den 1920er Jahren.","Large-sized album (in poor condition) containing hundreds of ""emergency money"" notes from Germany from the 1920s.",German,לא מזוהה,print,original,,,1920,,
IL-MTFN-001-G-F-0468-001-R0004,IL-MTFN-001-G-F-0468-001,Postcard from Maccabi HaTzair with Palestine Map and Maccabi Flag,"גלויה של מכב""י הצעיר עם המוטיב של מפת פלשתינה ודגל מכב""י. על הגלויה כתובית בגרמנית: Mit einer Fahne führt man Menschen selbst ins gelobte Land תרגום: עם דגל מובילים אנשים אפילו לארץ המובטחת/המבורכת.",Eine Postkarte von Maccabi HaTzair mit dem Motiv der Karte von Palästina und der Maccabi-Flagge. Auf der Postkarte steht auf Deutsch: Mit einer Fahne führt man Menschen selbst ins gelobte Land.,"A postcard from Maccabi HaTzair with the motif of the map of Palestine and the Maccabi flag. On the postcard is written in German: With a flag, one leads people even to the promised/blessed land.",German|גרמנית,גלויה|Postcard,print,original,,,,,
IL-MTFN-001-G-F-0469-003-R0007,IL-MTFN-001-G-F-0469-003,Envelope with Family Receipts,מעטפה בה נשמרו קבלות שנתנו מבני המשפחה. על המעטפה רשימה שמית של נותני הקבלות.,"Ein Umschlag, in dem Quittungen von Familienmitgliedern aufbewahrt wurden. Auf dem Umschlag befindet sich eine Namensliste der Quittungsgeber.",An envelope in which receipts given by family members were kept. On the envelope is a list of the names of the receipt givers.,Hebrew,מעטפה|Envelope|קבלה|Receipt|רשימה|List,,original,,,,,
IL-MTFN-001-G-F-0470-001-R0001,IL-MTFN-001-G-F-0470-001,"Brochure of Shaare Zedek Hospital, 1902","ברושור של בית חולים ,שערי צדק"" בירושלים, עם תמונות משנת 1902 (יוליוס הילזן הועבר ממילטוס להחלמה ממרליה לשערי צדק).","Broschüre des Krankenhauses 'Shaare Zedek' in Jerusalem, mit Bildern aus dem Jahr 1902 (Julius Hilzen wurde von Miletus zur Genesung von Malaria nach Shaare Zedek verlegt).","Brochure of the 'Shaare Zedek' hospital in Jerusalem, with pictures from 1902 (Julius Hilzen was transferred from Miletus to recover from malaria to Shaare Zedek).",Hebrew,ברושור|Brochure,print,original,Shaare Zedek,1902,1902,,
IL-MTFN-001-G-F-0470-001-R0006,IL-MTFN-001-G-F-0470-001,Ex libris of Theodor Wiegand,אקסליבריס של תאודור ויגנד.,Exlibris von Theodor Wiegand.,Ex libris of Theodor Wiegand.,Unspecified,לא מזוהה|Unrecognized,,original,Theodor Wiegand,,,,
IL-MTFN-001-G-F-0470-003-R0003,IL-MTFN-001-G-F-0470-003,עלון שדות ים לזכרה של מרים נאמן,עלון שדות ים לזכרה של מרים נאמן. 24.2.2010.,Broschüre von Sdot Yam zum Gedenken an Miriam Ne'eman. 24.2.2010.,Sdot Yam leaflet in memory of Miriam Ne'eman. 24.2.2010.,Hebrew,ברושור|Brochure,print,original,מרים נאמן,2010-02-24,2010-02-24,,
IL-MTFN-001-G-F-0470-003-R0009,IL-MTFN-001-G-F-0470-003,Sdot Yam Brochure in Memory of Moshe Naaman,"עלון שדות ים, 1.8.1986, לזכרו של משה נאמן.","Broschüre von Sdot Yam, 1.8.1986, zum Gedenken an Moshe Naaman.","Sdot Yam brochure, 1.8.1986, in memory of Moshe Naaman.",Hebrew,ברושור|Brochure,print,original,Moshe Naaman,1986-08-01,1986-08-01,,
IL-MTFN-001-G-F-0470-004-R0005,IL-MTFN-001-G-F-0470-004,Newspaper Clipping: Lecture by Prof. Hilzen on Venice,"קטע עיתון משנת 1929, גרמניה, עם מודעה על הרצאה שפרופ' הילזן יתן בנושא העיר האגדית ונציה ואנדרטת מבניה.","Zeitungsausschnitt aus dem Jahr 1929, Deutschland, mit einer Anzeige für einen Vortrag von Prof. Hilzen über die legendäre Stadt Venedig und ihre Denkmäler.","Newspaper clipping from 1929, Germany, with an advertisement for a lecture by Prof. Hilzen on the legendary city of Venice and its monuments.",German,גזיר עיתון|News Clipping,print,original,,,1929,,
IL-MTFN-001-G-F-0470-004-R0008,IL-MTFN-001-G-F-0470-004,Invitations to Cultural Tours by Prof. Dr. Julius Hilzen,"הזמנות לטיולי תרבות בהדרכתו של פרופ' ד""ר יוליוס הילזן. 1931.",Einladungen zu Kulturreisen unter der Leitung von Prof. Dr. Julius Hilzen. 1931.,Invitations to cultural tours under the guidance of Prof. Dr. Julius Hilzen. 1931.,German,הזמנה|Invitation,,original,יוליוס הילזן,1931,,,
IL-MTFN-001-G-F-0470-005-R0015,IL-MTFN-001-G-F-0470-005,Death Notice for Adela Hilsen,"מודעות אבל על מותה של אדלה הילזן, 13.6.1958.","Todesanzeige für den Tod von Adela Hilsen, 13.6.1958.","Death notice for the death of Adela Hilsen, 13.6.1958.",Hebrew,מודעת אבל|Death Notice,print,original,אדלה הילזן,1958-06-13,1958-06-13,,
IL-MTFN-001-G-F-0470-006-R0004,IL-MTFN-001-G-F-0470-006,Death Notice of Betty Goldschmidt,"מודעת אבל, כתובה בכתב יד, על מותה של בטי גולדשמידט לבית ברג, 1892;","Todesanzeige, handgeschrieben, über den Tod von Betty Goldschmidt geborene Berg, 1892;","Death notice, handwritten, about the death of Betty Goldschmidt née Berg, 1892;",Hebrew,מודעת אבל|Death Notice,handwriting,original,Betty Goldschmidt,1892,,,
IL-MTFN-001-G-F-0477-001-R0002,IL-MTFN-001-G-F-0477-001,Brochure of Engineer B. Ritter for Oven Construction,"פירסום/ברושור של המהנדס ""ב. ריטר"", חיפה, לבניית תנורי אפיה. בפירסום מופיעה רשימה ארוכה של ישובים בארץ, בהם טיפל, אשר מוצגים תחת הכותרת: המלצות.","Werbung/Broschüre des Ingenieurs ""B. Ritter"", Haifa, für den Bau von Backöfen. In der Veröffentlichung erscheint eine lange Liste von Siedlungen im Land, in denen er tätig war, die unter der Überschrift: Empfehlungen präsentiert werden.","Advertisement/Brochure of the engineer ""B. Ritter"", Haifa, for the construction of baking ovens. The publication features a long list of settlements in the country where he was involved, presented under the title: Recommendations.",Hebrew,ברושור|Brochure,print,original,ב. ריטר,,,,
IL-MTFN-001-G-F-0477-001-R0003,IL-MTFN-001-G-F-0477-001,Brochure by Ritter & Co. Breslau for Stove Construction,פירסום/ברושור בגרמנית של חברת Ritter & co. Breslau לבניית תנורים.,Werbung/Broschüre auf Deutsch von der Firma Ritter & Co. Breslau für den Bau von Öfen.,Advertisement/Brochure in German by the company Ritter & Co. Breslau for the construction of stoves.,German,ברושור|Brochure,print,original,Ritter & Co. Breslau,,,,
IL-MTFN-001-G-F-0478-001-R0003,IL-MTFN-001-G-F-0478-001,Tanznachmittag zur Erinnerung an Gertrud Meyer,"1991 ברושור/הזמנה עם הכותרת: Tanznachmittag zur Erinnerung an Gertrud Meyer die Mutter des deutschen Volkstabzes. תרגום: אחר צהריים של ריקוד לזיכרונה של גרטרוד מאייר אם הריקוד הגרמני העממי. האירוע יהיה ב-13.10.1991 ברדה Redah. גרמנית, 2 עותקים.","1991 Broschüre/Einladung mit dem Titel: Tanznachmittag zur Erinnerung an Gertrud Meyer die Mutter des deutschen Volkstanzes. Veranstaltung am 13.10.1991 in Breda Redah. Deutsch, 2 Kopien.","1991 Brochure/Invitation with the title: Dance afternoon in memory of Gertrud Meyer the mother of German folk dance. The event will be on 13.10.1991 in Breda Redah. German, 2 copies.",German|גרמנית,ברושור|Brochure|הזמנה|Invitation,print,copy,Gertrud Meyer,1991,1991-10-13,,
IL-MTFN-001-G-F-0478-012-R0003,IL-MTFN-001-G-F-0478-012,Flyer of the 'Non-Party' Faction for Elections,"ללא תאריך, פלייר של סיעת 'הבלתי מפלגתיים'; האות ח', לקראת בחירות. הסיעה מציגה את מועמודיה הראשיים: מרדכי שפרוך Mordechai Spruch שלמה פרידמן Schlomoh Friedmann חיים פרוידנטל Chaim Freudenthal. עברית & גרמנית דפוס.","Ohne Datum, Flyer der Fraktion 'Die Unparteiischen'; der Buchstabe ח, vor den Wahlen. Die Fraktion stellt ihre Hauptkandidaten vor: Mordechai Spruch, Schlomoh Friedmann, Chaim Freudenthal. Hebräisch & Deutsch Druck.","No date, flyer of the 'Non-Party' faction; the letter ח, ahead of elections. The faction presents its main candidates: Mordechai Spruch, Schlomoh Friedmann, Chaim Freudenthal. Hebrew & German print.",Hebrew|German,פלייר|Flyer,print,original,,,,,
IL-MTFN-001-G-F-0478-012-R0004,IL-MTFN-001-G-F-0478-012,Flyer of Mapam Candidates for Nahariya Workers' Council,"ללא תאריך, פלייר עם תמונותיהם של מועמדי מפלגת הפועלים המאוחדת מפ""ם; האות מ', למועצת הפועלים נהריה.","Ohne Datum, Flyer mit Bildern der Kandidaten der Vereinigten Arbeiterpartei Mapam; der Buchstabe M, für den Arbeiter-Rat Nahariya.","No date, flyer with pictures of the candidates of the United Workers Party Mapam; the letter M, for the Workers' Council Nahariya.",Hebrew,פלייר|Flyer,print,original,,,,,
IL-MTFN-001-G-F-0478-017-R0009,IL-MTFN-001-G-F-0478-017,German Newspaper Clippings on W. Meyer,"1965; 1993 קטעי עיתונות גרמנית, טקסט ותמונות, לאישיותו ויצירתו של וו. מאייר;מיכאל.","1965; 1993 Deutsche Zeitungsausschnitte, Text und Bilder, zu Persönlichkeit und Werk von W. Meyer; Michael.","1965; 1993 German newspaper clippings, text and images, about the personality and work of W. Meyer; Michael.",German,גזיר עיתון|News Clipping,print,other,W. Meyer,1965,1993,,
IL-MTFN-001-G-F-0478-018-R0001,IL-MTFN-001-G-F-0478-018,Invitation to Wolfgang Meier's Exhibition: Talking Jugs,1955 הזמנה לתערוכה של וולפגנג מאיר;מיכאל עם הכותרת: כדים מדברים. התערוכה הוצגה בחיפה.,1955 Einladung zur Ausstellung von Wolfgang Meier; Michael mit dem Titel: Sprechende Krüge. Die Ausstellung wurde in Haifa gezeigt.,1955 Invitation to the exhibition of Wolfgang Meier; Michael with the title: Talking Jugs. The exhibition was displayed in Haifa.,Hebrew,הזמנה|Invitation,,original,Wolfgang Meier,1955,,,
IL-MTFN-001-G-F-0478-018-R0005,IL-MTFN-001-G-F-0478-018,Illustrated Greeting for Birth of a Son,"ברכה מצוירת לרגל הולדתו של ""בן"" ב-15.10.10.",Gezeichnete Glückwunschkarte zur Geburt eines 'Sohnes' am 15.10.10.,Illustrated greeting for the birth of a 'son' on 15.10.10.,Unspecified,כרטיס ברכה|Greeting Card,drawing,original,,2010-10-15,,,
IL-MTFN-001-G-F-0478-018-R0006,IL-MTFN-001-G-F-0478-018,"Catalog for Painting and Drawing Exhibition, Berlin 1913","קטלוג דק לתערוכת ציור ורישום, שנערכה בברלין ב-1913. בין המציגים נמצא גם מאייר;מיכאל.","Dünner Katalog für eine Mal- und Zeichnungsausstellung, die 1913 in Berlin stattfand. Unter den Ausstellern befindet sich auch der Illustrator Michael.",Thin catalog for a painting and drawing exhibition held in Berlin in 1913. Among the exhibitors is also the illustrator Michael.,Hebrew|German,קטלוג|Catalog,print,original,מיכאל,1913,1913,,
IL-MTFN-001-G-F-0480-001-R0004,IL-MTFN-001-G-F-0480-001,Wedding Invitation for Edith and Willy,הזמנה לטקס החתונה של אדית ווילי בבית הכנסת בבונצלאו.,Einladung zur Hochzeitszeremonie von Edith und Willy in der Synagoge in Bunzlau.,Invitation to the wedding ceremony of Edith and Willy at the synagogue in Bunzlau.,Hebrew,הזמנה|Invitation,,original,Edith and Willy,,,,
IL-MTFN-001-G-F-0480-001-R0008,IL-MTFN-001-G-F-0480-001,Festive Menu for the Birth Celebration of Willy and Edith's Son,"1925 תפריט חגיגי לחגיגת הולדת הבן של וילי ואדית, אריך Erich.","1925 Festliches Menü zur Feier der Geburt des Sohnes von Willy und Edith, Erich.","1925 Festive menu for the celebration of the birth of the son of Willy and Edith, Erich.",Hebrew,לא מזוהה,print,original,,1925,,,
IL-MTFN-001-G-F-0480-001-R0009,IL-MTFN-001-G-F-0480-001,Thank You Card from Edith and Willy,"כרטיס תודה, ששלחו אדית ווילי לכל אלה שברכו אותם להולדת בנם.","Dankeskarte, die Edith und Willy an alle gesendet haben, die ihnen zur Geburt ihres Sohnes gratuliert haben.",Thank you card sent by Edith and Willy to all those who congratulated them on the birth of their son.,Unspecified,כרטיס ברכה|Greeting Card,,original,Edith and Willy,,,,
