dcterms:identifier,dcterms:isPartOf,dcterms:title,description_he,description_de,description_en,ric-o:hasOrHadLanguage,ric-o:hasDocumentaryFormType,ric-o:hasProductionTechniqueType,ric-o:hasRecordState,ric-o:hasOrHadMainSubject,ric-o:hasCreationDate,ric-o:hasPublicationDate,arkivo:creationPlace,bibo:numPages
IL-MTFN-001-G-F-0004-001-R0006,IL-MTFN-001-G-F-0004-001,Pictures of Pension Cohen and Guests,"תמונות של פנסיון כהן כפי שהיה, תמונות אורחים נופשים; ביו היתר תמונות של ותיקי נהריה במפגש עם תאודור הויז, תמונות משפחתיות של ריכרד וגרטל כהן.","Bilder von Pension Cohen wie es war, Bilder von Urlaubsgästen; unter anderem Bilder von Veteranen von Nahariya bei einem Treffen mit Theodor Heuss, Familienbilder von Richard und Gretel Cohen.","Pictures of Pension Cohen as it was, pictures of vacationing guests; among others, pictures of Nahariya veterans meeting with Theodor Heuss, family pictures of Richard and Gretel Cohen.",Unspecified,תצלום|Photograph,photography,original,,,,,
IL-MTFN-001-G-F-0005-001-R0003,IL-MTFN-001-G-F-0005-001,Printed Pages from Family Website,13 עמודים מודפסים מתוך אתר המשפחה באינטרנטץ הטקסטים באנגלית מלווים בתמונות.,13 gedruckte Seiten von der Familien-Website im Internet. Die Texte sind auf Englisch und werden von Bildern begleitet.,13 printed pages from the family website on the internet. The texts are in English and accompanied by pictures.,English,דף אינטרנט|Web Page,print,copy,,,,,13
IL-MTFN-001-G-F-0005-002-R0001,IL-MTFN-001-G-F-0005-002,"Family Tree of Reines, Moses, Haker","צילום של אילן היוחסין של משפחות: ריינס, מוזס, הקר.","Fotografie des Stammbaums der Familien: Reines, Moses, Haker.","Photograph of the family tree of the families: Reines, Moses, Haker.",Unspecified,תצלום|Photograph,photography,copy,,,,,
IL-MTFN-001-G-F-0005-002-R0004,IL-MTFN-001-G-F-0005-002,Photograph of Udo Moses as a Soldier,תצלום של אודו מוזס כחייל.,Foto von Udo Moses als Soldat.,Photograph of Udo Moses as a soldier.,Unspecified,תצלום|Photograph,photography,original,Udo Moses,,,,
IL-MTFN-001-G-F-0005-002-R0005,IL-MTFN-001-G-F-0005-002,"Photograph of Johanna, Dorothea, and Henrietta Reinus","תצלום של יוהנה, דורותיאה והנרייטה לבית ריינוס.","Foto von Johanna, Dorothea und Henriette aus der Familie Reinus.","Photograph of Johanna, Dorothea, and Henrietta from the Reinus family.",Unspecified,תצלום|Photograph,photography,original,,,,,
IL-MTFN-001-G-F-0005-002-R0012,IL-MTFN-001-G-F-0005-002,Picture of Udo Moses as a Soldier,תמונה של אודו מוזס כחייל.,Ein Bild von Udo Moses als Soldat.,A picture of Udo Moses as a soldier.,Unspecified,תצלום|Photograph,photography,original,Udo Moses,,,,
IL-MTFN-001-G-F-0005-002-R0013,IL-MTFN-001-G-F-0005-002,"Picture of Johanna, Dorothea, and Henriette Reinus","תמונה של יוהנה, דורותיאה והנרייטה לבית ריינוס Johanna, Dorothea, Henriette Reinus.","Bild von Johanna, Dorothea und Henriette aus der Familie Reinus.","Picture of Johanna, Dorothea, and Henriette from the Reinus family.",Unspecified,תצלום|Photograph,photography,original,Johanna|Dorothea|Henriette Reinus,,,,
IL-MTFN-001-G-F-0005-003-R0002,IL-MTFN-001-G-F-0005-003,Portrait of Johanna Moses,תמונת דיוקן של יוהנה מוזס,Porträtbild von Johanna Moses,Portrait picture of Johanna Moses,Unspecified,תצלום|Photograph,photography,original,יוהנה מוזס,,,,
IL-MTFN-001-G-F-0008-001-R0001,IL-MTFN-001-G-F-0008-001,"Jewish Women's Organization, Hildesheim Photos","תמונות של אירגון נשים יהודיות, הילדסהיים; Jüd. Frauenverein Hildesheim.","Bilder des jüdischen Frauenvereins, Hildesheim; Jüd. Frauenverein Hildesheim.","Pictures of the Jewish Women's Organization, Hildesheim; Jüd. Frauenverein Hildesheim.",Unspecified,תצלום|Photograph,,original,,,,,
IL-MTFN-001-G-F-0008-001-R0002,IL-MTFN-001-G-F-0008-001,Photographs of Folk Celebration in Hildesheim,תצלומים של חגיגה עממית בהילדסהיים; Swimmverein Hildesheim - אירגון שחייה.,Fotos von einer Volksfeier in Hildesheim; Schwimmverein Hildesheim - Schwimmverein.,Photographs of a folk celebration in Hildesheim; Swimmverein Hildesheim - Swimming organization.,Unspecified,תצלום|Photograph,photography,original,,,,,
IL-MTFN-001-G-F-0008-001-R0003,IL-MTFN-001-G-F-0008-001,Family Photos of the Loser Family (1895-1945),"תמונות משפחתיות, משפחת לוזר, מהשנים 1895-1945.","Familienfotos, Familie Loser, aus den Jahren 1895-1945.","Family photos, Loser family, from the years 1895-1945.",Unspecified,תצלום|Photograph,photography,original,משפחת לוזר,1895,1945,,
IL-MTFN-001-G-F-0008-001-R0004,IL-MTFN-001-G-F-0008-001,Goldschmidt Family Photos 1902-1927,"תמונות משפחתיות, משפחת גולדשמידט מהשנים 1902-1927.","Familienfotos, Familie Goldschmidt aus den Jahren 1902-1927.","Family photos, the Goldschmidt family from the years 1902-1927.",Unspecified,תצלום|Photograph,photography,original,Goldschmidt,1902,1927,,
IL-MTFN-001-G-F-0008-001-R0006,IL-MTFN-001-G-F-0008-001,Photos of Loser Family Employees,תמונות של העובדים השכירים של משפחת לוזר.,Fotos der Angestellten der Familie Loser.,Photos of the employees of the Loser family.,Unspecified,תצלום|Photograph,photography,original,משפחת לוזר,,,,
IL-MTFN-001-G-F-0008-001-R0008,IL-MTFN-001-G-F-0008-001,Photograph of German Article and Tombstone,צילום מאמר בגרמנית על שבועיים של אירועים יהודיים בהילדסהיים + צילום מצבת הקבר של אלה לוזר.,Fotografie eines Artikels auf Deutsch über zwei Wochen jüdischer Veranstaltungen in Hildesheim + Fotografie des Grabsteins von Ella Loser.,Photograph of a German article about two weeks of Jewish events in Hildesheim + Photograph of the tombstone of Ella Loser.,German,תצלום|Photograph,photography,copy,,,,,
IL-MTFN-001-G-F-0008-001-R0010,IL-MTFN-001-G-F-0008-001,"Original Page of Evening Newspaper from Munich, 1915",עמוד אוריגינלי של עיתון ערב ביצא במינכן משנת 1915.,"Originalseite einer Abendzeitung, die 1915 in München erschien.",Original page of an evening newspaper published in Munich in 1915.,German,עיתון|Newspaper,print,original,,1915,1915,,
IL-MTFN-001-G-F-0008-001-R0014,IL-MTFN-001-G-F-0008-001,Photos of Jewish Sites in Hildesheim,"תמונות של בית הקברות היהודי בהילדסהיים, בית הספר היהודי לשעבר, האנדרטה לזכר בית הכנסת.","Fotos des jüdischen Friedhofs in Hildesheim, der ehemaligen jüdischen Schule, das Denkmal zur Erinnerung an die Synagoge.","Photos of the Jewish cemetery in Hildesheim, the former Jewish school, the monument in memory of the synagogue.",Unspecified,תצלום|Photograph,photography,original,,,,,
IL-MTFN-001-G-F-0008-001-R0016,IL-MTFN-001-G-F-0008-001,"Cut Paper Image by Felix Weil, 1921",תמונת נייר גזור מאת פליקס וייל; Felix Weil מ-1921.,Ausgeschnittenes Papierbild von Felix Weil; Felix Weil aus 1921.,Cut paper image by Felix Weil; Felix Weil from 1921.,Unspecified|לא צוין,אלמנט גרפי|Graphic Element,other,original,Felix Weil,1921,,,
IL-MTFN-001-G-F-0008-001-R0017,IL-MTFN-001-G-F-0008-001,Photographs of Paintings by Walter Looser,"תצלומי ציוריו, של ולטר לוזר.",Fotografien der Gemälde von Walter Looser.,Photographs of the paintings by Walter Looser.,Unspecified,תצלום|Photograph,photography,original,Walter Looser,,,,
IL-MTFN-001-G-F-0008-002-R0002,IL-MTFN-001-G-F-0008-002,Photographs of the Luzer Battalion (1914-1916),תצלומים מ-1914-1916 של הגדוד של לוזר;,Fotografien von 1914-1916 des Luzer Bataillons;,Photographs from 1914-1916 of the Luzer Battalion;,Unspecified,תצלום|Photograph,photography,original,,1914,,,
IL-MTFN-001-G-F-0008-002-R0003,IL-MTFN-001-G-F-0008-002,Woodcuts by Prisoners in Barcelonnette Camp,"חיתוכי עץ שנעשו ע""י שבויים במחנה ברסלונט Barcelonnette, צרפת;","Holzschnitte, die von Gefangenen im Lager Barcelonnette, Frankreich, gemacht wurden.","Woodcuts made by prisoners in the Barcelonnette camp, France.",Unspecified,לא מזוהה|Unrecognized,other,original,,,,,
IL-MTFN-001-G-F-0008-003-R0002,IL-MTFN-001-G-F-0008-003,Woodcuts by R. Blummenschein,"חיתוכי עץ בנושאי נוף שיצר ר. בלומנשיין R. Blummenschein. סה""כ 4 יצירות, 3 מתוכן צבעוניות.","Holzschnitte zu Landschaftsthemen von R. Blummenschein. Insgesamt 4 Werke, davon 3 in Farbe.","Woodcuts on landscape themes created by R. Blummenschein. A total of 4 works, 3 of which are in color.",Unspecified,לא מזוהה,drawing,original,R. Blummenschein,,,,
IL-MTFN-001-G-F-0009-003-R0005,IL-MTFN-001-G-F-0009-003,Postcard from Rena to Hella from Detention Camp in India,"גלויה מרנה להלה ממחנה המעצר בהודו Postkarte für Kriegsgefangenen ושתי תמונות של מחנה המעצר האנגלי בהודו שמו: Parol-Camp Ahmednagar, British India; תמונה מצוירת וצבועה בצבעי מים של מגורי העצירים במחנה הנ""ל","Postkarte von Rena an Hella aus dem Internierungslager in Indien Postkarte für Kriegsgefangene und zwei Bilder des englischen Internierungslagers in Indien namens: Parol-Camp Ahmednagar, Britisch-Indien; Ein gezeichnetes und mit Wasserfarben bemaltes Bild der Unterkünfte der Gefangenen im genannten Lager","Postcard from Rena to Hella from the detention camp in India Postcard for prisoners of war and two pictures of the English detention camp in India named: Parol-Camp Ahmednagar, British India; A drawn and watercolor-painted picture of the detainees' quarters in the aforementioned camp",Hebrew|German,גלויה|Postcard,drawing,original,,,,,
IL-MTFN-001-G-F-0009-005-R0005,IL-MTFN-001-G-F-0009-005,Photo Album of Ohe Weiss (1934-1937),"אלבום תמונות של אוה וייס מהשנים 1934-1937, תמונות מגרמניה ומחיפה של פעילות בתנועות-נוער (תנועת הצופים היהודים בגרמניה), ספורט ומשפחה","Fotoalbum von Ohe Weiss aus den Jahren 1934-1937, Fotos aus Deutschland und Haifa von Aktivitäten in Jugendbewegungen (Jüdische Pfadfinderbewegung in Deutschland), Sport und Familie","Photo album of Ohe Weiss from the years 1934-1937, photos from Germany and Haifa of activities in youth movements (Jewish Scouts Movement in Germany), sports and family",Unspecified,תצלום|Photograph,photography,original,Ohe Weiss,1934-1937,,,
IL-MTFN-001-G-F-0013-001-R0007,IL-MTFN-001-G-F-0013-001,Picture of Flora as a Child,תמונה של פלורה כילדה (גיל 6 בערך).,Ein Bild von Flora als Kind (ungefähr 6 Jahre alt).,A picture of Flora as a child (about 6 years old).,Irrelevant,תצלום|Photograph,photography,original,Flora,,,,
IL-MTFN-001-G-F-0013-001-R0008,IL-MTFN-001-G-F-0013-001,Picture of Flora as a Young Woman,תמונה של פלורה כאישה צעירה (ללא תאריך).,Bild von Flora als junge Frau (ohne Datum).,Picture of Flora as a young woman (no date).,Irrelevant,תצלום|Photograph,photography,original,Flora,,,,
IL-MTFN-001-G-F-0013-001-R0009,IL-MTFN-001-G-F-0013-001,Picture of Flora with Personal Details,"תמונה של פלורה (מאחורי התמונה פרטים אישיים של פלורה, נכתבו ע""י בן/בת משפחה).","Bild von Flora (auf der Rückseite des Bildes persönliche Details von Flora, geschrieben von einem Familienmitglied).","Picture of Flora (on the back of the picture personal details of Flora, written by a family member).",Unspecified,תצלום|Photograph,photography,original,Flora,,,,
IL-MTFN-001-G-F-0013-001-R0013,IL-MTFN-001-G-F-0013-001,Postcard with Young Woman Holding a Flower,גלויה עליה מצוירת אישה צעירה בשמלה מפוארת מחזיקה פרח.,"Eine Postkarte mit einer jungen Frau in einem prächtigen Kleid, die eine Blume hält.",A postcard with a young woman in a fancy dress holding a flower.,Unspecified,גלויה|Postcard,drawing,original,,,,,
IL-MTFN-001-G-F-0015-005-R0018,IL-MTFN-001-G-F-0015-005,Unidentified Photos,מספר תמונות לא מזוהות.,Mehrere nicht identifizierte Fotos.,Several unidentified photos.,Unspecified,תצלום|Photograph,photography,other,,,,,
IL-MTFN-001-G-F-0015-008-R0006,IL-MTFN-001-G-F-0015-008,Notebook with Many Pictures,במחברת תמונות רבות.,In einem Notizbuch sind viele Bilder.,"In a notebook, there are many pictures.",Unspecified,פנקס|Notepad,,other,,,,,
IL-MTFN-001-G-F-0015-014-R0001,IL-MTFN-001-G-F-0015-014,"Photo Album by Dr. Max Kramer, Italy 1907","התיק כולל אלבום תצלומים שצילם ד""ר מקס קרמר באיטליה בשנת 1907. מרביתם תצלומי נופים ואתרי תיירות.","Die Akte enthält ein Fotoalbum, das Dr. Max Kramer 1907 in Italien aufgenommen hat. Die meisten sind Landschafts- und Touristenattraktionen.",The file includes a photo album taken by Dr. Max Kramer in Italy in 1907. Most are landscapes and tourist sites.,Other,תצלום|Photograph,photography,original,"ד""ר מקס קרמר",1907,,,
IL-MTFN-001-G-F-0015-018-R0004,IL-MTFN-001-G-F-0015-018,Cromwell Portrait Photograph,"קרומוול, צילום של ציור דיוקן.","Cromwell, Fotografie eines Porträtgemäldes.","Cromwell, photograph of a portrait painting.",Unspecified,תצלום|Photograph,photography,original,,,,,
IL-MTFN-001-G-F-0015-018-R0008,IL-MTFN-001-G-F-0015-018,Unidentified Portrait,דיוקן לא מזוהה.,Unbekanntes Porträt.,Unidentified portrait.,Unspecified,ציור|Painting,drawing,original,,,,,
IL-MTFN-001-G-F-0015-018-R0009,IL-MTFN-001-G-F-0015-018,"Unidentified Portrait Photograph, 1907","תצלום, ציור דיוקן, לא מזוהה, 1907.","Fotografie, Porträtzeichnung, nicht identifiziert, 1907.","Photograph, portrait drawing, unidentified, 1907.",Unspecified,תצלום|Photograph,photography,other,,1907,,,
IL-MTFN-001-G-F-0016-001-R0002,IL-MTFN-001-G-F-0016-001,Photos by Elisheva Lernau during Nazi curfew,שתי תמונות שצלמה אלישבע לרנאו ב-1.4.1933 ביום בו התילו הנאצים עוצר על מקום מגורי המשפחה העיירה Zweibrücken. במכתב מספרת המצלמת שאת התמונות צילמה מחלון דירתה.,"Zwei Fotos, die Elisheva Lernau am 1.4.1933 an dem Tag aufgenommen hat, an dem die Nazis eine Ausgangssperre über den Wohnort der Familie, die Stadt Zweibrücken, verhängten. In einem Brief erzählt die Fotografin, dass sie die Fotos aus dem Fenster ihrer Wohnung gemacht hat.","Two photos taken by Elisheva Lernau on 1.4.1933, the day the Nazis imposed a curfew on the family's place of residence, the town of Zweibrücken. In a letter, the photographer mentions that she took the photos from the window of her apartment.",Unspecified,תצלום|Photograph,photography,original,אלישבע לרנאו,1933-04-01,,,
IL-MTFN-001-G-F-0017-002-R0003,IL-MTFN-001-G-F-0017-002,Postcard Images from Various Cities,"תמונות הגלויות: בריסל Brussel 1937, בזל Basel 1959, ברוגה Brugge, דבוז Davos, לונדון 1959 London, ועוד.","Postkartenbilder: Brüssel 1937, Basel 1959, Brügge, Davos, London 1959, und mehr.","Postcard images: Brussels 1937, Basel 1959, Bruges, Davos, London 1959, and more.",Unspecified,גלויה|Postcard,photography,original,,,,,
IL-MTFN-001-G-F-0017-002-R0005,IL-MTFN-001-G-F-0017-002,Postcard Images Collection,"תמונות הגלויות: תל;אביב 1966, ולס 1942 Wells, ליכטנשטיין Lichtenstein, ניצה 1954 Nice, טירול; 1954 Tirol, רומא 1954 Roma, טבריה 1971, פולנגן 1929 Polangen, אלכסנדריה 1939 Alexandria, ניו יורק 1954 New York, ועוד.","Postkartenbilder: Tel Aviv 1966, Wells 1942, Lichtenstein, Nizza 1954, Tirol 1954, Rom 1954, Tiberias 1971, Polangen 1929, Alexandria 1939, New York 1954 und mehr.","Postcard images: Tel Aviv 1966, Wells 1942, Lichtenstein, Nice 1954, Tirol 1954, Rome 1954, Tiberias 1971, Polangen 1929, Alexandria 1939, New York 1954, and more.",Unspecified,גלויה|Postcard,,other,,,,,
IL-MTFN-001-G-F-0020-001-R0007,IL-MTFN-001-G-F-0020-001,Rilf Family Tree Photograph,"צילום אילן יוחסין של משפחת רילף. (הופקד ע""י נורית קונפינו 1999);",Fotografie eines Stammbaums der Familie Rilf. (Hinterlegt von Nurit Konfino 1999),Photograph of the Rilf family tree. (Deposited by Nurit Konfino 1999),Unspecified,תצלום|Photograph,photography,copy,Rilf,,,,
IL-MTFN-001-G-F-0022-001-R0001,IL-MTFN-001-G-F-0022-001,Family Portraits and Postcards,"תמונות וגלויות עם דיוקנות משפחתיים בין היתר: אירמה פרנק Irma Frank דודתה של התורמת, במדי אחות הצלב האדום, מקס פרנק Max Frank סבה של התורמת, סבתה של התורמת יוהנה פרנק Johanna Frank וחיילים במלח""ע I.","Fotos und Postkarten mit Familienporträts unter anderem: Irma Frank, die Tante der Spenderin, in der Uniform einer Rotkreuzschwester, Max Frank, der Großvater der Spenderin, die Großmutter der Spenderin Johanna Frank und Soldaten im Ersten Weltkrieg.","Photos and postcards with family portraits, among others: Irma Frank, the donor's aunt, in a Red Cross nurse's uniform, Max Frank, the donor's grandfather, the donor's grandmother Johanna Frank, and soldiers in World War I.",Unspecified,תצלום|Photograph|גלויה|Postcard,photography,original,,,,,
IL-MTFN-001-G-F-0022-008-R0007,IL-MTFN-001-G-F-0022-008,Plan for Josef Weil's House in Homberg,"צילום, תכנית לבית של יוסף וייל מהעיר הומברג Homberg, ללא תאריך.","Fotografie, Plan für das Haus von Josef Weil aus der Stadt Homberg, ohne Datum.","Photograph, plan for the house of Josef Weil from the city of Homberg, no date.",Unspecified,תצלום|Photograph,photography,copy,Josef Weil,,,,
IL-MTFN-001-G-F-0023-001-R0002,IL-MTFN-001-G-F-0023-001,Portrait Pictures,תמונות דיוקן,Porträtbilder,Portrait pictures,Unspecified,תצלום|Photograph,photography,original,,,,,
IL-MTFN-001-G-F-0022-005-R0011,IL-MTFN-001-G-F-0022-005,Family Photo Album of Dr. Weil,"אלבום כיס קטן עם תמונות משפחתיות של משפ. ד""ר וייל ואחרים. שנות ה-30 למאה ה-20.",Kleines Taschenalbum mit Familienfotos der Familie Dr. Weil und anderen. 1930er Jahre des 20. Jahrhunderts.,Small pocket album with family photos of the Dr. Weil family and others. 1930s of the 20th century.,Unspecified,תצלום|Photograph,photography,original,Dr. Weil,1930,,,
IL-MTFN-001-G-F-0025-001-R0001,IL-MTFN-001-G-F-0025-001,Photograph of a Family Tree,צילום אילן יוחסין;,Fotografie eines Stammbaums,Photograph of a family tree,Unspecified,תצלום|Photograph,photography,copy,,,,,
IL-MTFN-001-G-F-0025-001-R0002,IL-MTFN-001-G-F-0025-001,Scanned Images of G. Michelson's Painting,8 תמונות סרוקות מציורו של ג. מיכלסון;,8 gescannte Bilder von einem Gemälde von G. Michelson;,8 scanned images from a painting by G. Michelson;,Unspecified,תצלום|Photograph,drawing,copy,G. Michelson,,,,
IL-MTFN-001-G-F-0029-001-R0003,IL-MTFN-001-G-F-0029-001,Photographs of Memorial Articles,"צילומים של מאמרים שנכתבו לזכרו, בגרמנית;","Fotografien von Artikeln, die zu seinem Gedenken geschrieben wurden, auf Deutsch;","Photographs of articles written in his memory, in German;",German,תצלום|Photograph,photography,copy,,,,,
IL-MTFN-001-G-F-0029-001-R0004,IL-MTFN-001-G-F-0029-001,Portrait Picture,תמונת דיוקן,Porträtbild,Portrait picture,Unspecified,תצלום|Photograph,photography,original,,,,,
IL-MTFN-001-G-F-0034-001-R0001,IL-MTFN-001-G-F-0034-001,Portrait Photos of Siegfried Uphäuser,תמונות דיוקן של זיגפריד אופהויזר,Porträtfotos von Siegfried Uphäuser,Portrait photos of Siegfried Uphäuser,Unspecified,תצלום|Photograph,photography,original,זיגפריד אופהויזר,,,,
IL-MTFN-001-G-F-0035-001-R0001,IL-MTFN-001-G-F-0035-001,"Graphic Work with Compass Rose for Germany Map, 1933","יצירה גרפית, שבתחתיתה נירשם בגרמנית: שושנת הרוחות עבור מפת גרמניה. היצירה ניתנה במתנה (לא ידוע למי) לרגל השנה החדשה, שנת 1933 בליווי ברכות לבביות. הכיתוב המלווה את היצירה הגרפית הוא בגרמנית.","Grafisches Werk, am unteren Rand auf Deutsch geschrieben: Windrose für die Karte von Deutschland. Das Werk wurde als Geschenk (unbekannt an wen) zum Neujahr 1933 mit herzlichen Grüßen gegeben. Der begleitende Text des grafischen Werkes ist auf Deutsch.","Graphic work, inscribed at the bottom in German: Compass rose for the map of Germany. The work was given as a gift (unknown to whom) for the New Year 1933 with heartfelt greetings. The accompanying text of the graphic work is in German.",German,אלמנט גרפי|Graphic Element,drawing,original,,1933,,,
IL-MTFN-001-G-F-0041-001-R0002,IL-MTFN-001-G-F-0041-001,Portrait Photos of Bernhard Blumenthal,תמונות דיוקן של ברנהרד בלומנטל Bernhard Blumenthal.,Porträtfotos von Bernhard Blumenthal,Portrait photos of Bernhard Blumenthal,Unspecified,תצלום|Photograph,photography,original,Bernhard Blumenthal,,,,
IL-MTFN-001-G-F-0041-001-R0003,IL-MTFN-001-G-F-0041-001,Gravestone Picture in Germany,תמונת מצבה קברו בגרמניה.,Bild eines Grabsteins in Deutschland.,Picture of a gravestone in Germany.,Irrelevant,תצלום|Photograph,photography,original,,,,,
IL-MTFN-001-G-F-0042-001-R0002,IL-MTFN-001-G-F-0042-001,Portrait of Dr. Fritz Schiff,"תמונת דיוקן של ד""ר פריץ שיף;",Porträtfoto von Dr. Fritz Schiff,Portrait photograph of Dr. Fritz Schiff,Unspecified,תצלום|Photograph,photography,original,Dr. Fritz Schiff,,,,
IL-MTFN-001-G-F-0047-002-R0005,IL-MTFN-001-G-F-0047-002,"Photographs of a postcard and letter from Arnold Zweig, 1926","תצלומים, של גלויה ומכתב בגרמנית אל לאוני & ד""ר לנדסברג מאת ארנולד צוייג Arnold Zweig מ-1926.","Fotografien, von einer Postkarte und einem Brief auf Deutsch an Leoni & Dr. Landsberg von Arnold Zweig aus dem Jahr 1926.","Photographs, of a postcard and a letter in German to Leoni & Dr. Landsberg from Arnold Zweig from 1926.",German|גרמנית,תצלום|Photograph|גלויה|Postcard|מכתב|Letter,photography,original,Arnold Zweig,1926,,,
IL-MTFN-001-G-F-0047-003-R0001,IL-MTFN-001-G-F-0047-003,Photos of Dr. Chaim Weizmann,"שלש תמונות (בתוך מעטפה) ד""ר חיים ויצמן עם ד""ר אלפרד לנדסברג, ד""ר חיים ויצמן עם הבנות לבית לנדסברג, ד""ר חיים ויצמן בתמונה קבוצתית.","Drei Fotos (in einem Umschlag) Dr. Chaim Weizmann mit Dr. Alfred Landsberg, Dr. Chaim Weizmann mit den Töchtern der Familie Landsberg, Dr. Chaim Weizmann in einem Gruppenfoto.","Three photos (inside an envelope) Dr. Chaim Weizmann with Dr. Alfred Landsberg, Dr. Chaim Weizmann with the daughters of the Landsberg family, Dr. Chaim Weizmann in a group photo.",Unspecified,תצלום|Photograph|מעטפה|Envelope,photography,original,Chaim Weizmann,,,,
IL-MTFN-001-G-F-0047-003-R0002,IL-MTFN-001-G-F-0047-003,"Scanned Image of Alfred Landsberg, 1951",תמונה סרוקה של אלפרד לנדסברג מ-1951.,Gescanntes Bild von Alfred Landsberg aus dem Jahr 1951.,Scanned image of Alfred Landsberg from 1951.,Unspecified,תצלום|Photograph,photography,original,Alfred Landsberg,1951,,,
IL-MTFN-001-G-F-0047-003-R0013,IL-MTFN-001-G-F-0047-003,1931 Group Photo in Palestine,"1931 תמונה קבוצתית בפלשתינה שחור/לבן, גזורה מעיתון כל שהוא, בה ניתן לראות חלק ממנהיגי הישוב, החל בד""ר חיים וייצמן. לתמונה יש כתובית באנגלית.","1931 Gruppenfoto in Palästina schwarz/weiß, aus irgendeiner Zeitung ausgeschnitten, auf dem einige der Führer der Gemeinde zu sehen sind, beginnend mit Dr. Chaim Weizmann. Das Foto hat eine englische Beschriftung.","1931 group photo in Palestine black/white, cut from some newspaper, showing some of the leaders of the community, starting with Dr. Chaim Weizmann. The photo has a caption in English.",Hebrew|English,תצלום|Photograph,photography,copy,Chaim Weizmann,1931,,,
IL-MTFN-001-G-F-0047-004-R0015,IL-MTFN-001-G-F-0047-004,1925 Photo of Jacob Hahn and Sister,1925 תמונה של יעקב האן Jacob Hahn ואחותו שרה ברלינר Sara Berliner לבית האן.,1925 Foto von Jacob Hahn und seiner Schwester Sara Berliner geborene Hahn.,1925 picture of Jacob Hahn and his sister Sara Berliner née Hahn.,Unspecified,תצלום|Photograph,photography,original,Jacob Hahn|Sara Berliner,1925,,,
IL-MTFN-001-G-F-0047-004-R0016,IL-MTFN-001-G-F-0047-004,Portrait Photos of Edgar Heilbrunner,"3 תמונות דיוקן של אדגר היילברונר Edgar Heilbrunner, כימאי.","3 Porträtfotos von Edgar Heilbrunner, Chemiker.","3 portrait photos of Edgar Heilbrunner, chemist.",Unspecified,תצלום|Photograph,photography,original,Edgar Heilbrunner,,,,
IL-MTFN-001-G-F-0047-004-R0017,IL-MTFN-001-G-F-0047-004,Group Photo of 3 Children,"תמונה קבוצתית של 3 ילדים, 2 בנים ובת, לא מזוהים. על גב התמונה נרשם Winter 1935-36.","Gruppenfoto von 3 Kindern, 2 Jungen und ein Mädchen, nicht identifiziert. Auf der Rückseite des Fotos steht Winter 1935-36.","Group photo of 3 children, 2 boys and a girl, unidentified. On the back of the photo is written Winter 1935-36.",Unspecified,תצלום|Photograph,photography,original,,1935-36,,,
IL-MTFN-001-G-F-0047-013-R0003,IL-MTFN-001-G-F-0047-013,"Photograph of a Letter from Anja Enja, 1938",תצלום של מכתב מאת אניה Enja משנת 1938.,Foto eines Briefes von Anja Enja aus dem Jahr 1938.,Photograph of a letter from Anja Enja from the year 1938.,Unspecified,תצלום|Photograph,photography,copy,Anja Enja,1938,,,
IL-MTFN-001-G-F-0047-014-R0001,IL-MTFN-001-G-F-0047-014,Photographs of German Postcards by Dr. Chajes to Dr. Alfred Landsberg,"תצלומי גלויות כתובות גרמנית מאת ד""ר חיות Chajes אל ד""ר אלפרד לנדסברג משנת 1915 ו-1925",Fotografien von Postkarten in deutscher Sprache von Dr. Chajes an Dr. Alfred Landsberg aus den Jahren 1915 und 1925,Photographs of postcards written in German by Dr. Chajes to Dr. Alfred Landsberg from the years 1915 and 1925,German|גרמנית,גלויה|Postcard|תצלום|Photograph,photography,original,,1915,1925,,
IL-MTFN-001-G-F-0047-020-R0004,IL-MTFN-001-G-F-0047-020,Drawings by Uri Pelz,"מספר ציורים של הילד אורי, בנם של חוה לבית לנדסברג ואהרון פלץ.","Mehrere Zeichnungen des Kindes Uri, Sohn von Chava geb. Landsberg und Aharon Pelz.","Several drawings by the child Uri, son of Chava née Landsberg and Aharon Pelz.",Unspecified,ציור|Painting,drawing,original,Uri,,,,
IL-MTFN-001-G-F-0047-029-R0012,IL-MTFN-001-G-F-0047-029,Chava's 1937 European Travel Album,ב-1937 מטיילת חוה עם הוריה ואחותה לאה באירופה. אלבום עשוי מגליונות נייר עליהם היא הדביקה תמונות של הערים בהן בקרה; מלבד שם האין לא נכתב כל טקסט.,"1937 reist Chava mit ihren Eltern und ihrer Schwester Lea durch Europa. Ein Album aus Papierbögen, auf die sie Bilder der Städte klebte, die sie besuchte; außer dem Namen wurde kein Text geschrieben.","In 1937, Chava travels with her parents and her sister Leah in Europe. An album made of sheets of paper on which she pasted pictures of the cities she visited; apart from the name, no text was written.",Unspecified,אלמנט גרפי|Graphic Element,other,original,,1937,,,
IL-MTFN-001-G-F-0047-041-R0002,IL-MTFN-001-G-F-0047-041,Complaint by Vera Weizmann to Dr. Landsberg,"צילום, רעיית הנשיא, ורה ויצמן, מתלוננת אצל ד""ר לנדסברג שפועלי הבנין לא קיבלו את כספם. רחובות, אנגלית כתב יד, מרץ 1936.","Foto, die Frau des Präsidenten, Vera Weizmann, beschwert sich bei Dr. Landsberg, dass die Bauarbeiter ihr Geld nicht erhalten haben. Rechovot, Englisch Handschrift, März 1936.","Photograph, the President's wife, Vera Weizmann, complains to Dr. Landsberg that the construction workers have not received their money. Rehovot, English handwriting, March 1936.",English,תצלום|Photograph,photography,original,Vera Weizmann,1936-03,,,
IL-MTFN-001-G-F-0047-043-R0005,IL-MTFN-001-G-F-0047-043,Cut-out Press Pictures,"תמונות גזורות מהעיתונות: שמריהו לוין מספיד את ביאליק; בלפור בבלפוריה; בלפור במאהל בדואי; בלפור, ויצמן, סוקולוב- בן-גוריון, ויצמן בפתיחת יריד המזרח; ויצמן, חנה מייזל-שוחט.","Ausgeschnittene Bilder aus der Presse: Shmaryahu Levin hält eine Trauerrede auf Bialik; Balfour in Balfouria; Balfour im Beduinenzelt; Balfour, Weizmann, Sokolow - Ben-Gurion, Weizmann bei der Eröffnung der Levante-Messe; Weizmann, Hannah Maisel-Shochat.","Cut-out pictures from the press: Shmaryahu Levin eulogizes Bialik; Balfour in Balfouria; Balfour in a Bedouin tent; Balfour, Weizmann, Sokolow - Ben-Gurion, Weizmann at the opening of the Levant Fair; Weizmann, Hannah Maisel-Shochat.",Unspecified,תצלום|Photograph,print,other,,,,,
IL-MTFN-001-G-F-0047-046-R0001,IL-MTFN-001-G-F-0047-046,Portraits and Sculpture of Shmarya Levin,"שלוש תמונות: 2 תמונות דיוקן, גדולות; תמונה ממוסגרת עם צילום פסל ראשו של שמריה לוין, הפסל זאב בן צבי (1904-1952)","Drei Bilder: 2 große Porträtfotos; Ein gerahmtes Bild mit einer Fotografie der Büste von Shmarya Levin, die Skulptur von Zeev Ben Zvi (1904-1952)","Three pictures: 2 large portrait photos; A framed picture with a photograph of the bust of Shmarya Levin, the sculpture by Zeev Ben Zvi (1904-1952)",Unspecified,תצלום|Photograph,photography,original,שמריה לוין,,,,
IL-MTFN-001-G-F-0047-050-R0005,IL-MTFN-001-G-F-0047-050,"Group Photo with Ernst Toller and Landsberg Children, 1927","תמונה קבוצתית: הסופר ארנסט טולר עם הילדות של אלפרד & לאוני לנדסברג, אוה ולאה בויזבדן, 1927.","Gruppenfoto: Der Schriftsteller Ernst Toller mit den Kindern von Alfred & Leoni Landsberg, Uwe und Lea in Wiesbaden, 1927.","Group photo: The writer Ernst Toller with the children of Alfred & Leoni Landsberg, Uwe and Lea in Wiesbaden, 1927.",Unspecified,תצלום|Photograph,photography,original,Ernst Toller,1927,,,
IL-MTFN-001-G-F-0047-050-R0009,IL-MTFN-001-G-F-0047-050,Photograph of 5 Postcards,"צילום, של 5 גלויות, שנמצאות במקור בתיק זה.","Fotografie von 5 Postkarten, die ursprünglich in dieser Akte enthalten sind.","Photograph of 5 postcards, originally contained in this file.",Unspecified,תצלום|Photograph,photography,copy,,,,,
IL-MTFN-001-G-F-0049-001-R0001,IL-MTFN-001-G-F-0049-001,Lübeck Synagogue Pictures,תמונות בית הכנסת ליבק Lübeck לפני ואחרי המלחמה;,Bilder der Lübecker Synagoge vor und nach dem Krieg;,Pictures of the Lübeck Synagogue before and after the war;,Unspecified,תצלום|Photograph,photography,original,,,,,
IL-MTFN-001-G-F-0049-001-R0002,IL-MTFN-001-G-F-0049-001,Class Photos of Mr. Dotan from Lübeck School,"תמונות כיתה של מר דותן מבה""ס בליבק Lübeck",Klassenfotos von Herrn Dotan aus der Schule in Lübeck,Class photos of Mr. Dotan from the school in Lübeck,Unspecified,תצלום|Photograph,photography,original,מר דותן,,,,
IL-MTFN-001-G-F-0052-001-R0005,IL-MTFN-001-G-F-0052-001,Military Service Photos,תמונות מהשירות הצבאי.,Bilder vom Militärdienst.,Pictures from military service.,Unspecified,תצלום|Photograph,photography,original,,,,,
IL-MTFN-001-G-F-0054-001-R0003,IL-MTFN-001-G-F-0054-001,Photograph of Soldiers in the 1870/71 War,"צילום תמונה של חיילים במלחמת 1870/71, בתמונה גם ""איזרסון"" סבו של יהודה איזרסון;","Foto von Soldaten im Krieg 1870/71, im Bild auch ""Izerson"", der Großvater von Yehuda Izerson;","Photograph of soldiers in the 1870/71 war, also in the picture is ""Izerson"", the grandfather of Yehuda Izerson;",Unspecified,תצלום|Photograph,photography,copy,יהודה איזרסון,,,,
IL-MTFN-001-G-F-0056-001-R0002,IL-MTFN-001-G-F-0056-001,Photos of Dr. Gompert as Soldier (1915-1916),"2 תמונות של ד""ר גומפרט כחיל מ-1915 ו-1916.",2 Fotos von Dr. Gompert als Soldat aus den Jahren 1915 und 1916.,2 photos of Dr. Gompert as a soldier from 1915 and 1916.,Unspecified,תצלום|Photograph,photography,original,Dr. Gompert,1915,,,
IL-MTFN-001-G-F-0056-001-R0007,IL-MTFN-001-G-F-0056-001,Portraits and Exhibition Photos of Dr. Martin Gompert,"3 תמונות דיוקן של ד""ר מרטין גומפרט + 2 תמונה מתערוכה בברלין שם תועד גם הרופא מרטין גומפרט.","3 Porträtfotos von Dr. Martin Gompert + 2 Fotos von einer Ausstellung in Berlin, wo auch der Arzt Martin Gompert dokumentiert wurde.",3 portrait photos of Dr. Martin Gompert + 2 photos from an exhibition in Berlin where the doctor Martin Gompert was also documented.,Unspecified,תצלום|Photograph,photography,original,מרטין גומפרט,,,,
IL-MTFN-001-G-F-0057-001-R0008,IL-MTFN-001-G-F-0057-001,Photographs of L. Lewinstein and Wife,צילומים של תמונות ל. לווינשטיין ואחרות עם אישתו סופי לבית ווירמן;,Fotos von Bildern von L. Lewinstein und anderen mit seiner Frau Sophie geb. Weirman;,Photographs of pictures of L. Lewinstein and others with his wife Sophie née Weirman;,Unspecified,תצלום|Photograph,photography,original,L. Lewinstein,,,,
IL-MTFN-001-G-F-0058-001-R0001,IL-MTFN-001-G-F-0058-001,Portrait of Gusta Rechev,תמונת דיוקן של גוסטה רכב;,Porträtbild von Gusta Rechev,Portrait picture of Gusta Rechev,Unspecified,תצלום|Photograph,photography,original,Gusta Rechev,,,,
IL-MTFN-001-G-F-0059-001-R0001,IL-MTFN-001-G-F-0059-001,Photograph of Drawing by Hermann Struck for Dr. Barth,"צילום רישום מאת הרמן שטרוק שעשה ב-1920 לד""ר בארט","Fotografie einer Zeichnung von Hermann Struck, die er 1920 für Dr. Barth gemacht hat",Photograph of a drawing by Hermann Struck made in 1920 for Dr. Barth,Unspecified,תצלום|Photograph,photography,copy,Hermann Struck,1920,,,
IL-MTFN-001-G-F-0060-001-R0002,IL-MTFN-001-G-F-0060-001,Copy of a picture of Elbogen Yitzhak Moshe,העתק של תמונה של אלבוגן יצחק משה;,Kopie eines Bildes von Elbogen Jitzchak Mosche;,Copy of a picture of Elbogen Yitzhak Moshe;,Unspecified,תצלום|Photograph,,copy,אלבוגן יצחק משה,,,,
IL-MTFN-001-G-F-0061-001-R0002,IL-MTFN-001-G-F-0061-001,Caricature of Dr. Moses from a German Newspaper,"קרקטורה על ד""ר מוזס מעיתון גרמני מלפני מלחמ""ע II;",Karikatur über Dr. Moses aus einer deutschen Zeitung vor dem Zweiten Weltkrieg.,Caricature of Dr. Moses from a German newspaper before World War II.,German,קריקטורה|Caricature,drawing,original,Dr. Moses,,,,
IL-MTFN-001-G-F-0061-001-R0003,IL-MTFN-001-G-F-0061-001,Portrait Photographs,צילומים של דיוקן,Porträtfotografien,Portrait photographs,Unspecified,תצלום|Photograph,photography,original,,,,,
IL-MTFN-001-G-F-0062-001-R0004,IL-MTFN-001-G-F-0062-001,Portrait of Joel Nathanson for Golden Wedding,ברכות לחתונת זהב- תמונת דיוקן צבעונית (ציור מצולם) של יואל נתנזון,Glückwünsche zur Goldenen Hochzeit - Farbporträt (fotografiertes Gemälde) von Joel Nathanson,Congratulations on the Golden Wedding - Color portrait (photographed painting) of Joel Nathanson,Unspecified,תצלום|Photograph,drawing,original,יואל נתנזון,,,,
IL-MTFN-001-G-F-0064-001-R0003,IL-MTFN-001-G-F-0064-001,Einstein Family Tree Photograph,"ב-30.12.2001 התוסף: צילום אילן יוחסין של חלק ממשפ. איינשטיין הענפה, עליו אפשר להבין את הקשר המשפחתי של התורמת אל אלברט איינשטיין שמופיע באילן.","Am 30.12.2001 hinzugefügt: Fotografie eines Stammbaums eines Teils der weitläufigen Familie Einstein, aus dem die familiäre Verbindung der Spenderin zu Albert Einstein, der im Stammbaum erscheint, ersichtlich ist.","Added on 30.12.2001: Photograph of a family tree of part of the extensive Einstein family, from which the familial connection of the donor to Albert Einstein, who appears in the tree, can be understood.",Unspecified,תצלום|Photograph,photography,copy,,,2001-12-30,,
IL-MTFN-001-G-F-0066-001-R0001,IL-MTFN-001-G-F-0066-001,Photos of Dr. W. Preuss,2 תמונות של דר ו. פרויס,2 Fotos von Dr. W. Preuss,2 photos of Dr. W. Preuss,Unspecified,תצלום|Photograph,photography,original,Dr. W. Preuss,,,,
IL-MTFN-001-G-F-0069-001-R0001,IL-MTFN-001-G-F-0069-001,Photograph of a German Book Celebrating 100 Years of S.A. Goldschmidt and Sons,1910 צילום של ספר בגרמנית שיצא לאור לרגל 100 שנים לבית המסחר של ס.א. גולדשמידט ובניו 1810-1910 בברסלא.,"1910 Fotografie eines Buches auf Deutsch, das anlässlich des 100-jährigen Bestehens des Handelsunternehmens S.A. Goldschmidt und Söhne 1810-1910 in Breslau veröffentlicht wurde.",1910 photograph of a book in German published on the occasion of the 100th anniversary of the S.A. Goldschmidt and Sons trading house 1810-1910 in Breslau.,German,תצלום|Photograph,photography,copy,S.A. Goldschmidt and Sons,1910,1910,,
IL-MTFN-001-G-F-0073-001-R0001,IL-MTFN-001-G-F-0073-001,Portrait Picture,תמונת דיוקן,Porträtbild,Portrait picture,Unspecified,תצלום|Photograph,photography,original,,,,,
IL-MTFN-001-G-F-0077-001-R0002,IL-MTFN-001-G-F-0077-001,Family and Military Photos in Germany,תצלומי תמונות משפחתית ובצבא גרמניה. פירוט המצולמים על גב התצלום.,Familien- und Militärfotos in Deutschland. Details der abgebildeten Personen auf der Rückseite des Fotos.,Family and military photos in Germany. Details of the photographed individuals on the back of the photo.,Unspecified,תצלום|Photograph,photography,original,,,,,
IL-MTFN-001-G-F-0077-001-R0005,IL-MTFN-001-G-F-0077-001,CD documenting Dr. Shlomo Rilf's family and work,"CD שמתעד את משפחת ד""ר שלמה רילף, את פועלו של ד""ר רילף בזארבריקן Saarbrücken, גרמניה ובפלשתינה/ישראל. ד""ר רילף 1896-1976, התמנה ב-1929 לרב בזארבריקן. 1935 עלה עם לפלשתינה והתיישב בנהריה בה היה מורה ומנהל בית הספר על שם חיים וייצמן. המצגת מתעדת את פועלו בארץ ובגרמניה, את משפחתו הגרעינית ואת עשייתו הקהילתית ופוליטית. ב-12.11.2013 נחנך בעיר זארבריקן כיכר ע""ש ד""ר שלמה רילף ובמקביל הוצגה תערוכה לכבודו ולפועלו. במצגת ניתן לצפות בתמונות וטקסטים מהתערוכה כמו גם לקרוא את דברי בתו, ידידה קאולי לבית רילף, אותם משאה בטקס החניכה. החומרים כולם בגרמנית.","CD, das die Familie von Dr. Shlomo Rilf dokumentiert, die Arbeit von Dr. Rilf in Saarbrücken, Deutschland und in Palästina/Israel. Dr. Rilf 1896-1976, wurde 1929 zum Rabbiner in Saarbrücken ernannt. 1935 wanderte er nach Palästina aus und ließ sich in Nahariya nieder, wo er Lehrer und Schulleiter der Chaim-Weizmann-Schule war. Die Präsentation dokumentiert seine Arbeit im Land und in Deutschland, seine Kernfamilie und seine gemeinschaftlichen und politischen Aktivitäten. Am 12.11.2013 wurde in der Stadt Saarbrücken ein Platz nach Dr. Shlomo Rilf benannt und gleichzeitig eine Ausstellung zu seinen Ehren und seiner Arbeit gezeigt. In der Präsentation können Bilder und Texte aus der Ausstellung sowie die Worte seiner Tochter, Yedida Kauli geb. Rilf, die sie bei der Einweihungszeremonie hielt, angesehen werden. Alle Materialien sind auf Deutsch.","CD documenting the family of Dr. Shlomo Rilf, the work of Dr. Rilf in Saarbrücken, Germany and in Palestine/Israel. Dr. Rilf 1896-1976, was appointed as a rabbi in Saarbrücken in 1929. In 1935, he immigrated to Palestine and settled in Nahariya, where he was a teacher and principal of the Chaim Weizmann School. The presentation documents his work in the country and in Germany, his nuclear family, and his community and political activities. On 12.11.2013, a square named after Dr. Shlomo Rilf was inaugurated in the city of Saarbrücken, and an exhibition in his honor and his work was presented. The presentation includes photos and texts from the exhibition as well as the words of his daughter, Yedida Kauli née Rilf, which she delivered at the inauguration ceremony. All materials are in German.",German|גרמנית,תצלום|Photograph,photography,original,Dr. Shlomo Rilf,,2013-11-12,,
IL-MTFN-001-G-F-0087-001-R0006,IL-MTFN-001-G-F-0087-001,"Photograph of Records from Habima Exhibition, 1978","1978, צילום מספר דפים של רשומים (בישראל) מתערוכה שנעשתה בהבימה","1978, Fotografie von mehreren Seiten von Einträgen (in Israel) aus einer Ausstellung im Habima","1978, Photograph of several pages of records (in Israel) from an exhibition at Habima",Hebrew,תצלום|Photograph,photography,copy,,,1978,,
IL-MTFN-001-G-F-0093-002-R0001,IL-MTFN-001-G-F-0093-002,Pencil Drawings of Brancusi Sculptures,רישומי עיפרון של פסלים של ברנקופף,Bleistiftzeichnungen von Skulpturen von Brancusi,Pencil drawings of sculptures by Brancusi,Unspecified,ציור|Painting,drawing,original,Brancusi,,,,
IL-MTFN-001-G-F-0093-003-R0002,IL-MTFN-001-G-F-0093-003,Colorful Picture of the Sculptor,תמונה צבעונית של הפסלת;,Farbige Bild der Bildhauerin;,Colorful picture of the sculptor;,Unspecified,תצלום|Photograph,photography,original,,,,,
IL-MTFN-001-G-F-0093-003-R0004,IL-MTFN-001-G-F-0093-003,Head Sculpture of Dr. Leo Katzenstein,"פסל: ראשו של ד""ר לאו כצנשטיין;",Skulptur: Kopf von Dr. Leo Katzenstein;,Sculpture: Head of Dr. Leo Katzenstein;,Unspecified,חפץ|Object,other,original,Dr. Leo Katzenstein,,,,
IL-MTFN-001-G-F-0093-003-R0005,IL-MTFN-001-G-F-0093-003,Sculpture of Nanny's Head,"פסל ראשה של ""נני"";","Skulptur des Kopfes von ""Nanny""","Sculpture of the head of ""Nanny""",Irrelevant,חפץ|Object,other,original,,,,,
IL-MTFN-001-G-F-0093-003-R0008,IL-MTFN-001-G-F-0093-003,Photograph of a German Publication on Modern Art in the Weimar Republic,"צילום של פרסום בגרמנית על האומנות המודרנית בתקופת הרפובליקה הויימארית, בו כותבים גם על הפסלת;","Fotografie einer Veröffentlichung auf Deutsch über die moderne Kunst in der Weimarer Republik, in der auch über die Bildhauerin geschrieben wird;","Photograph of a publication in German about modern art during the Weimar Republic, which also writes about the sculptor;",German,תצלום|Photograph,photography,copy,,,,,
IL-MTFN-001-G-F-0093-003-R0009,IL-MTFN-001-G-F-0093-003,Sculptures in Permanent Exhibition,2 הפסלים מוצגים בתערוכה הקבועה;,Die zwei Skulpturen werden in der Dauerausstellung gezeigt.,The two sculptures are displayed in the permanent exhibition.,Unspecified,לא מזוהה,,other,,,,,
IL-MTFN-001-G-F-0093-005-R0003,IL-MTFN-001-G-F-0093-005,Photos of Hans Brankopf at Hadassah Hospital,"תמונות של הנס ברנקופף בעיקר ממקום עבודתו בבי""ח הדסה.","Fotos von Hans Brankopf, hauptsächlich von seinem Arbeitsplatz im Hadassah-Krankenhaus.",Photos of Hans Brankopf mainly from his workplace at Hadassah Hospital.,Unspecified,תצלום|Photograph,photography,original,Hans Brankopf,,,,
IL-MTFN-001-G-F-0093-010-R0001,IL-MTFN-001-G-F-0093-010,Framed Picture of Heinrich Schloss,תמונה ממוסגרת של היינריך שלוס Heinrich Schloss אביה של פאולה ברנקופף (אמו של פרפ' הנס ברנקופף nan,"Gerahmtes Bild von Heinrich Schloss, Vater von Paula Brankopf (Mutter von Prof. Hans Brankopf).","Framed picture of Heinrich Schloss, father of Paula Brankopf (mother of Prof. Hans Brankopf).",Unspecified,תצלום|Photograph,photography,original,Heinrich Schloss,,,,
IL-MTFN-001-G-F-0093-012-R0001,IL-MTFN-001-G-F-0093-012,תמונה של אנא כצנשטיין,"תמונה של אנא כצנשטיין אשת ד""ר לאו כצנשטיין","Bild von Anna Katzenstein, Ehefrau von Dr. Leo Katzenstein","Picture of Anna Katzenstein, wife of Dr. Leo Katzenstein",Irrelevant,תצלום|Photograph,photography,original,אנא כצנשטיין,,,,
IL-MTFN-001-G-F-0096-001-R0006,IL-MTFN-001-G-F-0096-001,Transport Cards of Anna and Arthur Strauss,צילומים של כרטיסי 'טרנספורט' לאנה וארתור שטראוס שנספו באושוויץ.,"Fotos von 'Transport'-Karten für Anna und Arthur Strauss, die in Auschwitz umkamen.",Photographs of 'Transport' cards for Anna and Arthur Strauss who perished in Auschwitz.,Unspecified,תצלום|Photograph,photography,copy,Anna Strauss|Arthur Strauss,,,,
IL-MTFN-001-G-F-0097-001-R0004,IL-MTFN-001-G-F-0097-001,Photograph and Article on Ephraim Palace in Berlin,צילומ ומאמר בגרמנית על ארמון אפרים בברלין,Fotografie und Artikel auf Deutsch über den Ephraim-Palast in Berlin,Photograph and article in German about the Ephraim Palace in Berlin,German,תצלום|Photograph|מאמר|Article,photography,copy,,,,,
IL-MTFN-001-G-F-0099-001-R0001,IL-MTFN-001-G-F-0099-001,Portrait Picture,תמונת דיוקן,Porträtbild,Portrait picture,Unspecified,תצלום|Photograph,photography,original,,,,,
IL-MTFN-001-G-F-0103-001-R0005,IL-MTFN-001-G-F-0103-001,Portrait Photographs,"דיוקן, צילומי דיוקן;","Porträt, Porträtfotografien;","Portrait, portrait photographs;",Unspecified,תצלום|Photograph,photography,original,,,,,
IL-MTFN-001-G-F-0103-001-R0008,IL-MTFN-001-G-F-0103-001,Copies of Maps and Photos Related to Dan Gelbart,"בלי תאריך, העתקי מפות של אירופה, באחד מהם צוייר מסלולים עד ירושלימ- בלי תאריך + 1940, צילומי תמונות, צילום קבוצתי בלי רשום, צילום קבוצתי של הקבוצה של דן גלברט בקובנה 1940, צילום של דן גולברט,;","Ohne Datum, Kopien von Karten Europas, auf einer davon sind Routen bis Jerusalem gezeichnet - ohne Datum + 1940, Fotokopien, Gruppenfoto ohne Beschriftung, Gruppenfoto der Gruppe von Dan Gelbart in Kowno 1940, Foto von Dan Gelbart.","Without date, copies of maps of Europe, on one of them routes to Jerusalem are drawn - without date + 1940, photo copies, group photo without inscription, group photo of Dan Gelbart's group in Kaunas 1940, photo of Dan Gelbart.",Hebrew|Other,תצלום|Photograph,photography,copy,דן גולברט,1940,,,
IL-MTFN-001-G-F-0103-003-R0001,IL-MTFN-001-G-F-0103-003,3 Large Pictures of Kösterberg,3 תמונות גדולות של Kösterberg;,3 große Bilder von Kösterberg;,3 large pictures of Kösterberg;,Unspecified,תצלום|Photograph,photography,original,,,,,
IL-MTFN-001-G-F-0105-001-R0002,IL-MTFN-001-G-F-0105-001,Photograph of Karl and Franziska Winter,"צילום, הזוג קרל ופרנציסקה וינטר.","Fotografie, das Paar Karl und Franziska Winter.","Photograph, the couple Karl and Franziska Winter.",Unspecified,תצלום|Photograph,photography,original,Karl Winter|Franziska Winter,,,,
IL-MTFN-001-G-F-0105-001-R0003,IL-MTFN-001-G-F-0105-001,Photograph of Men's Clothing Store Front Managed by Franziska,"צילום, חזית החנות לבגדי גברים אותה ניהלה פרנציסקה.","Fotografie, Vorderseite des Herrenbekleidungsgeschäfts, das von Franziska geführt wurde.","Photograph, front of the men's clothing store managed by Franziska.",Unspecified,תצלום|Photograph,photography,original,,,,,
IL-MTFN-001-G-F-0105-001-R0005,IL-MTFN-001-G-F-0105-001,Portrait and Tombstone of Karl Winter,תמונת דיוקן של קרל וינטר וצילום תמונת מצבת קברו.,Porträtfoto von Karl Winter und Foto seines Grabsteins.,Portrait photo of Karl Winter and photo of his tombstone.,Unspecified,תצלום|Photograph,photography,original,Karl Winter,,,,
IL-MTFN-001-G-F-0106-001-R0001,IL-MTFN-001-G-F-0106-001,Handmade Embroidery Maps,"4 מפות ריקמה, עשיות עבודת יד","4 Stickkarten, handgefertigt","4 embroidery maps, handmade",Unspecified,לא מזוהה|Unrecognized,handwriting,original,,,,,
IL-MTFN-001-G-F-0110-001-R0003,IL-MTFN-001-G-F-0110-001,Picture of a Man with Child in Brody,תמונה של גבר עם ילד שנעשתה בברודי,"Ein Bild eines Mannes mit einem Kind, das in Brody gemacht wurde",A picture of a man with a child made in Brody,Irrelevant,תצלום|Photograph,photography,original,,,,,
IL-MTFN-001-G-F-0113-059-R0002,IL-MTFN-001-G-F-0113-059,"Constanze Women's Magazine, Hamburg, Late 1960s","העיתון Constanze, Frauenzeitschrift, Hamburg, סוף שנות ה-60","Die Zeitung Constanze, Frauenzeitschrift, Hamburg, Ende der 60er Jahre","The newspaper Constanze, women's magazine, Hamburg, late 1960s",German,עיתון|Newspaper,print,original,,,1960s,,
IL-MTFN-001-G-F-0117-001-R0001,IL-MTFN-001-G-F-0117-001,Album with Original Wood Engravings,"אלבום עם תחריטי עץ אורגינלים 14 במספר; החומר הועבר ע""י התורמת לחיה אור רכזת הדרכה בגו תעשיה תל חי. הנ""ל מסרה את החומר לרותי אופק אוצרת המוזאון כאן.","Album mit 14 originalen Holzschnitten; das Material wurde von der Spenderin an Chaya Or, Ausbildungsleiterin bei Go Industrie Tel Hai, übergeben. Diese übergab das Material an Ruti Ofek, Kuratorin des Museums hier.","Album with 14 original wood engravings; the material was transferred by the donor to Chaya Or, training coordinator at Go Industry Tel Hai. She handed over the material to Ruti Ofek, the museum curator here.",Unspecified,אלבום|Album,print,original,,,,,
IL-MTFN-001-G-F-0119-001-R0001,IL-MTFN-001-G-F-0119-001,Picture of Robert Morgenthau and his father,תמונה של רוברט מורגנטאו ושל אביו nan,Bild von Robert Morgenthau und seinem Vater,Picture of Robert Morgenthau and his father,Irrelevant,תצלום|Photograph,photography,original,Robert Morgenthau,,,,
IL-MTFN-001-G-F-0123-001-R0002,IL-MTFN-001-G-F-0123-001,Two Pictures of Walter Karfunkelstein,"1879, וינה, שתי תמונות של ולטר קרפונקלשטיין, יליד וינה נהרג במלח""ע I. תמונת דיוקן, תמונה במדי צבא של Walter Karfunkelstein.","1879, Wien, zwei Bilder von Walter Karfunkelstein, geboren in Wien, gefallen im Ersten Weltkrieg. Porträtbild, Bild in Militäruniform von Walter Karfunkelstein.","1879, Vienna, two pictures of Walter Karfunkelstein, born in Vienna, killed in WWI. Portrait picture, picture in military uniform of Walter Karfunkelstein.",Unspecified,תצלום|Photograph,photography,original,Walter Karfunkelstein,1879,,,
IL-MTFN-001-G-F-0129-001-R0001,IL-MTFN-001-G-F-0129-001,Portrait of Yona Kramentski with Dedication,"דיוקן של יונה קרמנצקי עם הקדשה בכתב ידו אל חברו הטוב העורך דין דוד רוטבלום, אביו של התורם - צילום מתוך הספר 'ארץ וחכמיה'.","Porträt von Jona Kramentski mit einer handschriftlichen Widmung an seinen guten Freund, den Anwalt David Rotblum, den Vater des Spenders - Foto aus dem Buch 'Land und seine Weisen'.","Portrait of Yona Kramentski with a handwritten dedication to his good friend, the lawyer David Rotblum, the father of the donor - Photo from the book 'Land and its Sages'.",Hebrew,תצלום|Photograph,photography,original,Yona Kramentski,,,,
IL-MTFN-001-G-F-0130-001-R0001,IL-MTFN-001-G-F-0130-001,"Group Photo of German and Russian Soldiers, WWI",תמונה קבוצתית של חיילים גרמנים עם חיילים רוסים ממלחמת עולם I ארוין היילברונר בתמונה במדי חייל גרמני; ראשון מימין;,Gruppenfoto von deutschen Soldaten mit russischen Soldaten aus dem Ersten Weltkrieg. Erwin Heilbronner im Bild in deutscher Soldatenuniform; Erster von rechts;,Group photo of German soldiers with Russian soldiers from World War I. Erwin Heilbronner in the picture in German soldier uniform; First on the right;,Unspecified,תצלום|Photograph,photography,original,Erwin Heilbronner,,,,
IL-MTFN-001-G-F-0132-001-R0003,IL-MTFN-001-G-F-0132-001,Portrait Postcard of Selig to Louisa,"גלוית דיוקן של זליג במדי צבא שהוא שולח לאישתו לואיזה מלח""ע I","Porträtpostkarte von Selig in Militäruniform, die er an seine Frau Luisa im Ersten Weltkrieg schickt",Portrait postcard of Selig in military uniform that he sends to his wife Louisa during WWI,Hebrew|עברית,גלויה|Postcard,photography,original,זליג,,,,
IL-MTFN-001-G-F-0132-001-R0005,IL-MTFN-001-G-F-0132-001,Photos of Leopold Cohn in Military Uniform,"2 תמונות של לאופולד כהן Leopold Cohn יליד 1873 נהרג במלחמה 1918, במדי צבא","2 Fotos von Leopold Cohn, geboren 1873, im Krieg 1918 getötet, in Militäruniform","2 photos of Leopold Cohn, born 1873, killed in the war 1918, in military uniform",Unspecified,תצלום|Photograph,photography,original,Leopold Cohn,,,,
IL-MTFN-001-G-F-0134-001-R0001,IL-MTFN-001-G-F-0134-001,Scanned Portrait Image,תמונת דיוקן סרוקה;,Gescanntes Porträtbild;,Scanned portrait image;,Irrelevant,תצלום|Photograph,photography,copy,,,,,
IL-MTFN-001-G-F-0135-001-R0001,IL-MTFN-001-G-F-0135-001,Portrait Picture,תמונת דיוקן,Porträtbild,Portrait picture,Unspecified,תצלום|Photograph,photography,original,,,,,
IL-MTFN-001-G-F-0140-001-R0009,IL-MTFN-001-G-F-0140-001,Photo Album of Blau;Weiss Department Works,"אלבום תמונות על עבודות של המחלקה לעבודות ( עבודות אלקטרוטכניות שנעשו במוסדות שונים בארץ כמו: טכניון, האוניברסיטה בהר;הצופים) של בלאו;וייס","Fotoalbum über die Arbeiten der Abteilung für Arbeiten (elektrotechnische Arbeiten, die in verschiedenen Institutionen im Land durchgeführt wurden, wie: Technion, Universität in Har HaCarmel; die Pfadfinder) von Blau;Weiss","Photo album on the works of the department for works (electrotechnical works carried out in various institutions in the country such as: Technion, University in Har HaCarmel; the Scouts) of Blau;Weiss",Unspecified,תצלום|Photograph,photography,original,,,,,
IL-MTFN-001-G-F-0140-001-R0013,IL-MTFN-001-G-F-0140-001,Group Photos from 1922 and 1929,תמונה קבוצתית מ-1922 + תמונה 1929 של קבוצת נערים מקפלין שמיחות,"Gruppenfoto von 1922 + Foto von 1929 einer Gruppe von Jungen aus Kaplin, die fröhlich sind",Group photo from 1922 + 1929 photo of a group of boys from Kaplin who are happy,Unspecified,תצלום|Photograph,photography,original,,1922,,,
IL-MTFN-001-G-F-0149-001-R0003,IL-MTFN-001-G-F-0149-001,"Photograph of Article on David Klipstein's House, 1843","צילום מאמר על הבית מ-1843 של היהודי דוד קליפשטיין David Klipatein, גרמנית.","Fotografie eines Artikels über das Haus von 1843 des Juden David Klipstein, Deutsch.","Photograph of an article about the house from 1843 by the Jew David Klipstein, German.",German,תצלום|Photograph,photography,copy,David Klipstein,1843,,,
IL-MTFN-001-G-F-0150-001-R0001,IL-MTFN-001-G-F-0150-001,Photographs of 2 Pictures,צילומים של 2 תמונות.,Fotos von 2 Bildern.,Photographs of 2 pictures.,Unspecified,תצלום|Photograph,photography,copy,,,,,
IL-MTFN-001-G-F-0150-001-R0006,IL-MTFN-001-G-F-0150-001,Scanned Image of Kurt Arie Hammerstein,"תמונה שנסרקה, של קורט אריה המרשטיין, אביו השני של חיים קארו.","Ein gescanntes Bild von Kurt Arie Hammerstein, dem zweiten Vater von Chaim Caro.","A scanned image of Kurt Arie Hammerstein, the second father of Chaim Caro.",Unspecified,תצלום|Photograph,photography,copy,Kurt Arie Hammerstein,,,,
IL-MTFN-001-G-F-0152-001-R0006,IL-MTFN-001-G-F-0152-001,Family Tree Photograph,צילום אילן יוחסין. לפנח שאומץ שם המשפחה 'ויקטור' נקראה המשפחה 'ירמיאס'.,"Fotografie eines Stammbaums. Bevor der Familienname 'Victor' angenommen wurde, hieß die Familie 'Jeremias'.","Photograph of a family tree. Before the family adopted the surname 'Victor', they were called 'Jeremias'.",Unspecified,תצלום|Photograph,photography,copy,,,,,
IL-MTFN-001-G-F-0156-001-R0001,IL-MTFN-001-G-F-0156-001,Picture of Rabbi Chajes' Sermon Subtitles,"1918, תמונה עשויה מכתוביות של הדרשה של הרב חיות עם כנסתו לתפקיד הרב הראשי של וינה. יש פיענוח.","1918, Bild aus den Untertiteln der Predigt von Rabbi Chajes bei seinem Eintritt in das Amt des Oberrabbiners von Wien. Es gibt eine Entschlüsselung.","1918, picture made from subtitles of Rabbi Chajes' sermon upon his entry into the position of Chief Rabbi of Vienna. There is a decipherment.",Hebrew,אלמנט גרפי|Graphic Element,drawing,original,Rabbi Chajes,1918,,,
IL-MTFN-001-G-F-0161-001-R0001,IL-MTFN-001-G-F-0161-001,Street Sign Photographs,צילומים של שלטי רחובות,Fotos von Straßenschildern,Photographs of street signs,Irrelevant,תצלום|Photograph,photography,original,,,,,
IL-MTFN-001-G-F-0161-001-R0009,IL-MTFN-001-G-F-0161-001,Zionist Congress 1903 Photos,"תמונות של קונגרס ציוני 1903 סוסקין, ורבורג ואופנהיימר","Bilder des Zionistenkongresses 1903 Suskin, Warburg und Oppenheimer","Pictures of the Zionist Congress 1903 Suskin, Warburg, and Oppenheimer",Unspecified,תצלום|Photograph,photography,original,,1903,,,
IL-MTFN-001-G-F-0183-001-R0013,IL-MTFN-001-G-F-0183-001,Newspaper Clipping of Athletes from Solingen,"קטע עיתון עם תמונה של קבוצת ספורטאים מזולינגן, ביניהם גם ולטר פריזם, פורסם ב-1971; ב-Solinger Tageblatt.","Zeitungsausschnitt mit einem Bild einer Sportlergruppe aus Solingen, darunter auch Walter Priesem, veröffentlicht 1971; im Solinger Tageblatt.","Newspaper clipping with a picture of a group of athletes from Solingen, including Walter Priesem, published in 1971; in the Solinger Tageblatt.",German,גזיר עיתון|News Clipping,print,original,Walter Priesem,,1971,,
IL-MTFN-001-G-F-0183-001-R0016,IL-MTFN-001-G-F-0183-001,Photos of Soldier Walter Prizem,3 תמונות בהן מצולם החיל ולטר פריזם ב-1918 ובצבא הבריטי 1940;1946.,"3 Fotos, auf denen der Soldat Walter Prizem 1918 und in der britischen Armee 1940;1946 abgebildet ist.",3 photos in which the soldier Walter Prizem is photographed in 1918 and in the British army 1940;1946.,Unspecified,תצלום|Photograph,photography,original,ולטר פריזם,1918,,,
IL-MTFN-001-G-F-0184-001-R0005,IL-MTFN-001-G-F-0184-001,Photos of Angie in 1934,2 תמונות של אנג'י. באחת מהן מ-1934 היא מצולמת בעת עבודתה בגן הירק בגבת.,2 Fotos von Angie. Auf einem von ihnen aus dem Jahr 1934 ist sie bei ihrer Arbeit im Gemüsegarten in Gvat abgebildet.,"2 photos of Angie. In one of them from 1934, she is photographed while working in the vegetable garden in Gvat.",Unspecified,תצלום|Photograph,photography,original,,1934,,,
IL-MTFN-001-G-F-0184-001-R0006,IL-MTFN-001-G-F-0184-001,Pictures of Mariana as a Young Farm Worker,תמונות של מריאנה בצעירותה כעובדת אדמה.,Bilder von Mariana in ihrer Jugend als Landarbeiterin.,Pictures of Mariana in her youth as a farm worker.,Unspecified,תצלום|Photograph,photography,original,Mariana,,,,
IL-MTFN-001-G-F-0185-002-R0004,IL-MTFN-001-G-F-0185-002,Photographs of Woodcuts of Jean De Gerson,צילומים מתוך ספר בגרמנית : תחריטי עץ דמותו של ג'ן דה;גרזון Jean De Gerson.,Fotografien aus einem Buch auf Deutsch: Holzschnitte von Jean De Gerson.,Photographs from a book in German: Woodcuts of Jean De Gerson.,German,תצלום|Photograph,photography,copy,Jean De Gerson,,,,
IL-MTFN-001-G-F-0185-002-R0006,IL-MTFN-001-G-F-0185-002,Family Tree of the Wormser Family,"צילום אילן היוחסין של משפחת וורמזר, משפחתה של לאה גרזון. אילן היוחסין מתחיל עם המקובל זקל לייב וורמזר Seckel Loeb Wormser 1768;1847, הידוע כ;'בעל שם ממיכלשטדט'; Baal Schem von Michelstadt.","Fotografie des Stammbaums der Familie Wormser, der Familie von Lea Garzon. Der Stammbaum beginnt mit dem Kabbalisten Seckel Loeb Wormser 1768;1847, bekannt als 'Baal Schem von Michelstadt'.","Photograph of the family tree of the Wormser family, the family of Lea Garzon. The family tree begins with the Kabbalist Seckel Loeb Wormser 1768;1847, known as 'Baal Shem of Michelstadt'.",Unspecified,תצלום|Photograph,photography,copy,Wormser,,,,
IL-MTFN-001-G-F-0185-002-R0009,IL-MTFN-001-G-F-0185-002,Family Tree of the Meyer Family,"צילום אילן יוחסין של משפחת מאייר Meyer, משפחתה של אמי Emmy גרזון, אמו של מנפרד גרזון. אילן היוחסין מתחיל עם מיכאל סלומון אלכסנדר (בישוף אלכסנדר) 1799;1848, יותר על האיש בתיק.","Fotografie eines Stammbaums der Familie Meyer, der Familie von Emmy Garzon, der Mutter von Manfred Garzon. Der Stammbaum beginnt mit Michael Salomon Alexander (Bischof Alexander) 1799;1848, mehr über die Person in der Akte.","Photograph of the family tree of the Meyer family, the family of Emmy Garzon, the mother of Manfred Garzon. The family tree starts with Michael Salomon Alexander (Bishop Alexander) 1799;1848, more about the person in the file.",Unspecified,תצלום|Photograph,photography,copy,,,,,
IL-MTFN-001-G-F-0185-002-R0010,IL-MTFN-001-G-F-0185-002,Family Tree of Moshe and Lea Garzon,"צילום אילן יוחסין של הזוג משה ולאה גרזון, הילדים, הנכדים והנינים.","Fotografie eines Stammbaums des Paares Moshe und Lea Garzon, der Kinder, Enkel und Urenkel.","Photograph of the family tree of the couple Moshe and Lea Garzon, the children, grandchildren, and great-grandchildren.",Unspecified,תצלום|Photograph,photography,copy,,,,,
IL-MTFN-001-G-F-0185-002-R0011,IL-MTFN-001-G-F-0185-002,Garzon Family Tree Photograph,צילום אילן יוחסין של משפחת גרזון שמתחיל עם אדולף גרזון ואמי לבית מאייר.,"Fotografie eines Stammbaums der Familie Garzon, beginnend mit Adolf Garzon und Amy geborene Meyer.",Photograph of the Garzon family tree starting with Adolf Garzon and Amy née Meyer.,Unspecified,תצלום|Photograph,photography,copy,,,,,
IL-MTFN-001-G-F-0185-002-R0012,IL-MTFN-001-G-F-0185-002,Printed Pages from Givat Brenner Website and Portrait of Wilma Adam,דפים מודפסים מאתר האינטרנט של גבעת ברנר + דיוקן של :; וילמה אדם Wilma Adam בת דודה של משה גרזון שחיה בגבעת ברנר ויחד עם בעלה חזרו לחיות בגרמניה.,"Gedruckte Seiten von der Website von Givat Brenner + Porträt von: Wilma Adam, Cousine von Moshe Garzon, die in Givat Brenner lebte und zusammen mit ihrem Ehemann nach Deutschland zurückkehrte.","Printed pages from the website of Givat Brenner + portrait of: Wilma Adam, cousin of Moshe Garzon, who lived in Givat Brenner and together with her husband returned to live in Germany.",Hebrew|German,תצלום|Photograph,print,original,Wilma Adam,,,,
IL-MTFN-001-G-F-0185-004-R0005,IL-MTFN-001-G-F-0185-004,Photograph of pages from Gut;Winkel by Ilana Michaeli,"צילום מספר דפים מתוך הספר גוט;וינקל של אילנה מיכאלי. בין היתר מפה של סביבת ברלין עם ציון ההכשרות: נויינדורף Neuendorf, גוט;וינקל Gut;Winkel, ארנסדורף Arensdorf.","Fotografie von mehreren Seiten aus dem Buch Gut;Winkel von Ilana Michaeli. Unter anderem eine Karte der Umgebung von Berlin mit Markierungen der Ausbildungsstätten: Neuendorf, Gut;Winkel, Arensdorf.","Photograph of several pages from the book Gut;Winkel by Ilana Michaeli. Among other things, a map of the Berlin area with markings of the training sites: Neuendorf, Gut;Winkel, Arensdorf.",Hebrew,תצלום|Photograph,photography,copy,Ilana Michaeli,,,,
IL-MTFN-001-G-F-0185-005-R0001,IL-MTFN-001-G-F-0185-005,Picture of Cup and Saucer from Wolff Alexander's Property,"תמונה של ספל וצלחת מרכושו של וולף אלכסנדר Wolff Alexander אחיו של בישוף אלכסנדר. הפריטים נמצאים בארץ אצל גרשם לוי אותם ירש (לא ברור הקשר המשפחתי). התמונה נשלחה אל יהודית ועדי, מאחורי התמונה יש הסבר של בעל הפריטים לקשר המשפחתי שלו אל וולף אלכסנדר.","Bild einer Tasse und Untertasse aus dem Besitz von Wolff Alexander, dem Bruder von Bischof Alexander. Die Gegenstände befinden sich in Israel bei Gershom Levi, der sie geerbt hat (die familiäre Verbindung ist unklar). Das Bild wurde an Judith und Adi geschickt, auf der Rückseite des Bildes gibt es eine Erklärung des Besitzers zu seiner familiären Verbindung zu Wolff Alexander.","Picture of a cup and saucer from the property of Wolff Alexander, brother of Bishop Alexander. The items are in Israel with Gershom Levi, who inherited them (the family connection is unclear). The picture was sent to Judith and Adi, and on the back of the picture, there is an explanation by the owner about his family connection to Wolff Alexander.",Unspecified,תצלום|Photograph,photography,original,Wolff Alexander,,,,
IL-MTFN-001-G-F-0185-005-R0002,IL-MTFN-001-G-F-0185-005,Photograph of Family Tree with Bishop Alexander,צילום אילן יוחסין עם מיקומו של בישוף אלכסנדרבאילן.,Fotografie eines Stammbaums mit der Position des Bischofs Alexander im Stammbaum.,Photograph of a family tree with the position of Bishop Alexander in the tree.,Unspecified,תצלום|Photograph,photography,copy,,,,,
IL-MTFN-001-G-F-0185-005-R0004,IL-MTFN-001-G-F-0185-005,Photograph of Book Pages: From Rabbi to Bishop,"צילום דפים מתוך ספר באנגלית שם הספר: From Rabbi to Bishop / Muriel W. Corely / 1956, עם סיפורו של בישוף אלכסנדר.","Fotografie von Seiten aus einem Buch auf Englisch. Der Titel des Buches: From Rabbi to Bishop / Muriel W. Corely / 1956, mit der Geschichte von Bischof Alexander.","Photograph of pages from a book in English. The title of the book: From Rabbi to Bishop / Muriel W. Corely / 1956, with the story of Bishop Alexander.",English,תצלום|Photograph,photography,copy,Bishop Alexander,,1956,,
IL-MTFN-001-G-F-0185-007-R0001,IL-MTFN-001-G-F-0185-007,Family Photograph from Silver Wedding Anniversary,צילום תמונה משפחתית מחתונת הכסף של גוסטב Gustav ורוזה Rosa גרזון; סבא וסבתא של מנפרד מצד אביו.,Foto einer Familienaufnahme von der Silberhochzeit von Gustav und Rosa Garzon; Großeltern von Manfred väterlicherseits.,Photograph of a family picture from the silver wedding anniversary of Gustav and Rosa Garzon; grandparents of Manfred on his father's side.,Unspecified,תצלום|Photograph,photography,copy,,,,,
IL-MTFN-001-G-F-0185-007-R0002,IL-MTFN-001-G-F-0185-007,Photographs of Mother Garzon with Children,"צילום תמונות של אמי גרזון עם ילדיה הבוגרים: אלפונס במדי צבא, מרטין והבת גרטה.","Fotografien von meiner Mutter Garzon mit ihren erwachsenen Kindern: Alphonse in Militäruniform, Martin und die Tochter Greta.","Photographs of my mother Garzon with her adult children: Alphonse in military uniform, Martin, and the daughter Greta.",Unspecified,תצלום|Photograph,photography,copy,,,,,
IL-MTFN-001-G-F-0185-007-R0003,IL-MTFN-001-G-F-0185-007,Photo of Children Greta and Martin Alphonse,"צילום של תמונהף הילדים גרטה, מרטין אלפונס.","Foto eines Bildes der Kinder Greta, Martin Alphonse.","Photo of a picture, the children Greta, Martin Alphonse.",Unspecified,תצלום|Photograph,photography,copy,,,,,
IL-MTFN-001-G-F-0185-007-R0004,IL-MTFN-001-G-F-0185-007,Family Photos and Fortress Ruins in Moshav HaBonim,דף עליו מודבקות תמונות משפחתיות וחורבות המבצר במושב הבונים. התמונות משנות ה-40 וה;50 למאה ה;20. יש כתוביות מזהות לכל תמונה.,"Ein Blatt, auf dem Familienfotos und die Ruinen der Festung im Moschaw HaBonim aufgeklebt sind. Die Fotos stammen aus den 40er und 50er Jahren des 20. Jahrhunderts. Jede Foto hat eine beschreibende Untertitelung.",A page on which family photos and the ruins of the fortress in Moshav HaBonim are pasted. The photos are from the 1940s and 1950s. There are identifying captions for each photo.,Hebrew,תצלום|Photograph,photography,original,,,,,
IL-MTFN-001-G-F-0185-007-R0005,IL-MTFN-001-G-F-0185-007,"Family Photo in Filehne, 1917","תמונה משפחתית במרפסת הבית בפילנה Filehne עם הסבר על הדמויות שבתמונה, מ-1917.","Familienfoto auf der Veranda des Hauses in Filehne mit Erklärung zu den Personen auf dem Bild, aus dem Jahr 1917.","Family photo on the porch of the house in Filehne with an explanation about the people in the picture, from 1917.",Unspecified,תצלום|Photograph,photography,original,,1917,,,
IL-MTFN-001-G-F-0185-007-R0006,IL-MTFN-001-G-F-0185-007,Picture of Manfred and Martin Garzon,תמונה של מנפרד ומרטין גרזון בחות ההכשרה גוט;וינקל.,Bild von Manfred und Martin Garzon im Ausbildungszentrum Gut Winkel.,Picture of Manfred and Martin Garzon at the Gut Winkel training center.,Unspecified,תצלום|Photograph,photography,original,Manfred Garzon|Martin Garzon,,,,
IL-MTFN-001-G-F-0185-007-R0007,IL-MTFN-001-G-F-0185-007,Manfred Garzon with Refugees in Premonte,"תמונה של מנפרד גרזון עם קבוצת פליטים בפרמונטה, איטליה.","Ein Bild von Manfred Garzon mit einer Gruppe von Flüchtlingen in Premonte, Italien.","A picture of Manfred Garzon with a group of refugees in Premonte, Italy.",Irrelevant,תצלום|Photograph,photography,original,Manfred Garzon,,,,
IL-MTFN-001-G-F-0185-008-R0001,IL-MTFN-001-G-F-0185-008,"Photograph of Pages on Religious Youth Village, Kfar Hasidim","צילום מספר דפים לנושא: כפר הנוער הדתי, כפר חסידים, מתוך הספר העברי 'מחפשים בית מוצאים מולדת' עליית הנוער בחינוך ובשיקום, שארית הפליטה 1955;1945, מאת שלמה בר;גיל.","Fotografie von mehreren Seiten zum Thema: Das religiöse Jugenddorf, Kfar Hasidim, aus dem hebräischen Buch 'Ein Zuhause suchen, eine Heimat finden' Jugend-Alija in Bildung und Rehabilitation, Überlebende des Holocaust 1945-1955, von Shlomo Bar-Gil.","Photograph of several pages on the topic: The religious youth village, Kfar Hasidim, from the Hebrew book 'Searching for a Home, Finding a Homeland' Youth Aliyah in Education and Rehabilitation, Holocaust Survivors 1945-1955, by Shlomo Bar-Gil.",Hebrew,תצלום|Photograph,photography,copy,,,1955,,
IL-MTFN-001-G-F-0185-008-R0002,IL-MTFN-001-G-F-0185-008,Photograph of Master Plans for Cooperative Settlement by Moshe Garzon,"צילום של תכניות המתאר למבנה המושב השיתופי כפי שתוכנן ע""י משה גרזון כפי הנראה בשנים 1936/37 במסגרת 'נוטע;בונה' מושב מולדת.","Fotografie der Bebauungspläne für die Struktur der kooperativen Siedlung, wie sie von Moshe Garzon vermutlich in den Jahren 1936/37 im Rahmen von 'Notta;Bona' geplant wurde.","Photograph of the master plans for the structure of the cooperative settlement as designed by Moshe Garzon, presumably in the years 1936/37 within the framework of 'Notta;Bona' settlement Moledet.",Unspecified,תצלום|Photograph,photography,copy,Moshe Garzon,1936-1937,,,
IL-MTFN-001-G-F-0185-010-R0001,IL-MTFN-001-G-F-0185-010,Photograph of Pages from Manfred Garzon's Book,"צילום של מספר דפים מתוך הספר שכתב מנפרד גרזון בגרמנית; ""Ein Leben im 20 Jahrhundert"" ושיצא לאור בקונסטנץ / גרמניה אצל Hartung;Gorre Verlag Konstanz; תגובות בעברית ואנגלית על הספר הנ""ל.","Foto von mehreren Seiten aus dem Buch, das Manfred Garzon auf Deutsch geschrieben hat; ""Ein Leben im 20 Jahrhundert"" und das in Konstanz / Deutschland bei Hartung;Gorre Verlag Konstanz veröffentlicht wurde; Kommentare auf Hebräisch und Englisch zu dem genannten Buch.","Photograph of several pages from the book written by Manfred Garzon in German; ""Ein Leben im 20 Jahrhundert"" and published in Konstanz / Germany by Hartung;Gorre Verlag Konstanz; Comments in Hebrew and English on the aforementioned book.",German|עברית|English,תצלום|Photograph,photography,copy,Manfred Garzon,,,,
IL-MTFN-001-G-F-0185-011-R0001,IL-MTFN-001-G-F-0185-011,Photographs of the Fortress in Habonim,צילומי תמונות מהמבצר בהבונים בו התגוררה משפחת מנפרד גרזון בעת הקמת מושב הבונים.,"Fotografien von der Festung in Habonim, in der die Familie Manfred Garson während der Gründung des Moschaw Habonim lebte.",Photographs from the fortress in Habonim where the Manfred Garson family lived during the establishment of the Habonim moshav.,Unspecified,תצלום|Photograph,photography,original,Manfred Garson,,,,
IL-MTFN-001-G-F-0185-011-R0004,IL-MTFN-001-G-F-0185-011,Photographs of Hebrew Book Pages,צילומים של דפים מתוך ספרים עבריים; התייחסות למושב הבונים ולמבצר במקום.,Fotos von Seiten aus hebräischen Büchern; Bezug auf den Sitz der Bauherren und die Festung vor Ort.,Photographs of pages from Hebrew books; reference to the settlement of the builders and the fortress at the site.,Hebrew,תצלום|Photograph,photography,copy,,,,,
IL-MTFN-001-G-F-0185-011-R0010,IL-MTFN-001-G-F-0185-011,"Photos of Display and Family in Kfar Blum, 2002","שתי תמונות, אחת של חלון התצוגה וההנצחה לספרו של מנפרד גרזון בגרמנית, השניה הבת יהודית ועדי ובעלה גדעון בחברת ידידים, כפר בלום 2002.","Zwei Fotos, eines vom Schaufenster und der Gedenkstätte für das Buch von Manfred Garson auf Deutsch, das andere von der Tochter Judith und Adi und ihrem Ehemann Gideon mit Freunden, Kfar Blum 2002.","Two photos, one of the display and memorial window for Manfred Garson's book in German, the other of the daughter Judith and Adi and her husband Gideon with friends, Kfar Blum 2002.",Unspecified,תצלום|Photograph,photography,original,,2002,,,
IL-MTFN-001-G-F-0185-011-R0011,IL-MTFN-001-G-F-0185-011,Vadi Family Visit to Moshav HaBonim 2002,תמונות של משפחת ועדי בעת ביקור במושב הבונים 2002.,Fotos der Familie Vadi bei einem Besuch in Moschav HaBonim 2002.,Photos of the Vadi family during a visit to Moshav HaBonim 2002.,Irrelevant,תצלום|Photograph,photography,original,,2002,,,
IL-MTFN-001-G-F-0185-011-R0012,IL-MTFN-001-G-F-0185-011,Group Photograph in Moshav HaBonim 1949,צילום תמונה של קבוצה במושב הבונים 1949 עם הסבר לדמויות.,Foto einer Gruppe in Moschaw HaBonim 1949 mit Erklärung zu den Figuren.,Photograph of a group in Moshav HaBonim 1949 with explanation of the figures.,Hebrew,תצלום|Photograph,photography,copy,,1949,,,
IL-MTFN-001-G-F-0185-011-R0013,IL-MTFN-001-G-F-0185-011,"Picture on the beach in Kiryat Haim, 1937",1937 תמונה על שפת הים בקרית חיים (לא ברור מי השניים).,"1937 Bild am Strand von Kiryat Haim (es ist unklar, wer die beiden sind).",1937 Picture on the beach in Kiryat Haim (it is unclear who the two are).,Irrelevant,תצלום|Photograph,photography,original,,1937,,,
IL-MTFN-001-G-F-0185-011-R0014,IL-MTFN-001-G-F-0185-011,Pictures from 'Notha;Bona' 1937,תמונות מ'נוטה;בונה ' 1937.,Bilder von 'Notha;Bona' 1937.,Pictures from 'Notha;Bona' 1937.,Unspecified,תצלום|Photograph,,original,,1937,,,
IL-MTFN-001-G-F-0185-011-R0015,IL-MTFN-001-G-F-0185-011,"Photographs of Settlement Ceremony in Moshav HaBonim, 1949","צילום של תמונות מטכס ההתיישבות במושב הבונים, 1949.","Fotografie von Bildern der Siedlungszeremonie in Moschaw HaBonim, 1949.","Photograph of images from the settlement ceremony in Moshav HaBonim, 1949.",Irrelevant,תצלום|Photograph,photography,copy,,1949,,,
IL-MTFN-001-G-F-0186-002-R0007,IL-MTFN-001-G-F-0186-002,Photographs of a Painting from Theresienstadt,תמונות צילום של ציור שצויר בטרזיינשטדט שמתאר סצינה של העצורים במחנה.,"Fotografien eines Gemäldes, das in Theresienstadt gemalt wurde und eine Szene der Gefangenen im Lager darstellt.",Photographs of a painting painted in Theresienstadt depicting a scene of the detainees in the camp.,Unspecified,תצלום|Photograph,photography,original,,,,,
IL-MTFN-001-G-F-0186-003-R0001,IL-MTFN-001-G-F-0186-003,Photograph from Yalkut Moreshet XIX - Letters of Klara,"1975 צילום מתוך ילקוט מורשת י""ט מתוך הסדרה ""מכתבי קלרה"" (קלרה גרונולד) קטע על מרטין גרזון. עברית.","1975 Foto aus dem Jalkut Moraschet XIX aus der Serie ""Briefe von Klara"" (Klara Grunwald) Abschnitt über Martin Garzon. Hebräisch.","1975 Photograph from Yalkut Moreshet XIX from the series ""Letters of Klara"" (Klara Grunwald) section about Martin Garzon. Hebrew.",Hebrew,תצלום|Photograph,photography,copy,Martin Garzon,,1975,,
IL-MTFN-001-G-F-0186-003-R0005,IL-MTFN-001-G-F-0186-003,Photographs from Hebrew Books Used in Research,"צילומים מספרים שונים, עברית, ששמשו את יהודית ועדי במחקריה.","Fotografien aus verschiedenen Büchern, Hebräisch, die von Judith und Adi in ihren Forschungen verwendet wurden.","Photographs from various books, Hebrew, used by Judith and Adi in their research.",Hebrew|עברית,תצלום|Photograph,photography,copy,,,,,
IL-MTFN-001-G-F-0186-004-R0002,IL-MTFN-001-G-F-0186-004,Photograph from Clara Grunwald Exhibition Catalog,"2002 צילום, כפי הנראה מתוך קטלוג התערוכה לקלרה גרונולד שנערכה בברלין. התיחסות לפועלה כמורה ומחנכת ברשת בתי הספר מונטסורי.","2002 Fotografie, vermutlich aus dem Ausstellungskatalog für Clara Grunwald, die in Berlin stattfand. Bezug auf ihre Arbeit als Lehrerin und Erzieherin im Montessori-Schulnetzwerk.","2002 Photograph, presumably from the exhibition catalog for Clara Grunwald held in Berlin. Reference to her work as a teacher and educator in the Montessori school network.",Unspecified,תצלום|Photograph,photography,copy,Clara Grunwald,,2002,,
IL-MTFN-001-G-F-0186-004-R0005,IL-MTFN-001-G-F-0186-004,Memorial Plaque for Klara Grunold,תמונה של לוח הזיכרון לקלרה גרונולד בנויינדורף Neuendorf.,Bild der Gedenktafel für Klara Grunold in Neuendorf.,Picture of the memorial plaque for Klara Grunold in Neuendorf.,Unspecified,תצלום|Photograph,photography,original,Klara Grunold,,,,
IL-MTFN-001-G-F-0186-005-R0002,IL-MTFN-001-G-F-0186-005,Photocopies of Martin Garzon's Tent Pictures,"העתקים מצולמים של תמונות מאהלם של מרטין גרזון, רעיתו והילדות.","Fotokopien von Bildern des Zeltes von Martin Garzon, seiner Frau und den Kindern.","Photocopies of pictures from the tent of Martin Garzon, his wife, and the children.",Unspecified,תצלום|Photograph,photography,copy,Martin Garzon,,,,
IL-MTFN-001-G-F-0186-005-R0003,IL-MTFN-001-G-F-0186-005,Pictures of Students and Teachers,תמונות של תלמידים ומורים באהלם.,Bilder von Schülern und Lehrern in ihrem Zelt.,Pictures of students and teachers in their tent.,Unspecified,תצלום|Photograph,photography,original,,,,,
IL-MTFN-001-G-F-0186-005-R0004,IL-MTFN-001-G-F-0186-005,Pictures of Buildings,תמונות של בנינים באהלם.,Bilder von Gebäuden in ihrem Zelt.,Pictures of buildings in their tent.,Unspecified,תצלום|Photograph,photography,original,,,,,
IL-MTFN-001-G-F-0186-005-R0005,IL-MTFN-001-G-F-0186-005,Photos with Explanations,על חלק מהתמונות יש הסברים מאחורי התמונה.,Auf einigen der Fotos gibt es Erklärungen auf der Rückseite des Fotos.,"On some of the photos, there are explanations on the back of the photo.",Unspecified,תצלום|Photograph,photography,original,,,,,
IL-MTFN-001-G-F-0186-005-R0006,IL-MTFN-001-G-F-0186-005,Portrait Photos of Martin Garzon,העתקים של תמונות דיוקן של מרטין גרזון.,Kopien von Porträtfotos von Martin Garzon.,Copies of portrait photos of Martin Garzon.,Unspecified,תצלום|Photograph,photography,copy,Martin Garzon,,,,
IL-MTFN-001-G-F-0186-007-R0008,IL-MTFN-001-G-F-0186-007,"Album from Training in Paderborn, 1939",אלבום מהכשרה בעיר פדרבורן Paderborn ב-1939.,Album von einer Ausbildung in der Stadt Paderborn im Jahr 1939.,Album from a training in the city of Paderborn in 1939.,Unspecified,לא מזוהה,,original,,1939,,,
IL-MTFN-001-G-F-0187-002-R0001,IL-MTFN-001-G-F-0187-002,Photograph of Book Pages on Captain Hermann Rudolf Windmuller,"צילום דפים מתוך ספר בגרמנית; על איש הים קפטן הרמן רודולף וינדמולר; Hermann Rudolf Windmuller, ששרת בצי ההולנדי והגיע לנמל תל;אביב 1937.","Fotografie von Seiten aus einem Buch auf Deutsch; über den Seemann Kapitän Hermann Rudolf Windmüller; Hermann Rudolf Windmuller, der in der niederländischen Marine diente und 1937 den Hafen von Tel Aviv erreichte.","Photograph of pages from a book in German; about the seaman Captain Hermann Rudolf Windmuller; Hermann Rudolf Windmuller, who served in the Dutch navy and arrived at the port of Tel Aviv in 1937.",German,תצלום|Photograph,photography,copy,Hermann Rudolf Windmuller,,,,
IL-MTFN-001-G-F-0187-002-R0002,IL-MTFN-001-G-F-0187-002,Genealogy of the Samson Family in Essen,"צילום פרק מתוך ספר בגרמנית; הגניולוגיה של משפחת זמזון באסן; Genealogie der Famlie Samson in Essen, משפחתה של הסבתא של התורם אלי לבית זמזון Elly Samson.","Fotografie eines Kapitels aus einem Buch auf Deutsch; Die Genealogie der Familie Samson in Essen; Genealogie der Familie Samson in Essen, die Familie der Großmutter des Spenders Elly Samson.","Photograph of a chapter from a book in German; The genealogy of the Samson family in Essen; Genealogy of the Samson family in Essen, the family of the donor's grandmother Elly Samson.",German|גרמנית,תצלום|Photograph,photography,copy,Elly Samson,,,,
IL-MTFN-001-G-F-0187-002-R0003,IL-MTFN-001-G-F-0187-002,"Photographs of ""Zamzon"" Shoe Store in Essen","צילומי תמונות של חנות הנעליים ""זמזון"" ""Samson"" באסן.","Fotos des Schuhgeschäfts ""Zamzon"" ""Samson"" in Essen.","Photographs of the shoe store ""Zamzon"" ""Samson"" in Essen.",Unspecified,תצלום|Photograph,photography,original,,,,,
IL-MTFN-001-G-F-0187-002-R0004,IL-MTFN-001-G-F-0187-002,Windmiller Family Photographs,צילומי תמונות משפחת וינדמילר לדורותיה בגרמניה ובישראל.,Familienfotos der Familie Windmüller über Generationen in Deutschland und Israel.,Photographs of the Windmiller family over generations in Germany and Israel.,Unspecified,תצלום|Photograph,photography,copy,,,,,
IL-MTFN-001-G-F-0187-003-R0001,IL-MTFN-001-G-F-0187-003,Family Album Pages Photographs,צילומים בגודל DIN A4 של עמודי אלבום משפחתי. בגלל גודלן הן שמורות בתיק נפרד; לא במיכל הארכיוני.,Fotografien im DIN A4-Format von Seiten eines Familienalbums. Aufgrund ihrer Größe werden sie in einer separaten Mappe aufbewahrt; nicht im Archivbehälter.,"Photographs in DIN A4 size of family album pages. Due to their size, they are stored in a separate folder; not in the archival container.",Unspecified,תצלום|Photograph,photography,copy,,,,,
IL-MTFN-001-G-F-0187-003-R0002,IL-MTFN-001-G-F-0187-003,Windmiller Family Photo Album Pages,"צילומים של דפי אלבום תמונות של משפחת וינדמילר עם כתוביות מזהות לדמיות וליחסי המשפחה, כתב שמשון וינמילר.","Fotos von Albumseiten der Familie Windmiller mit beschreibenden Untertiteln zu den Personen und Familienverhältnissen, geschrieben von Shimshon Windmiller.","Photographs of album pages of the Windmiller family with identifying captions for the figures and family relations, written by Shimshon Windmiller.",Hebrew|עברית,תצלום|Photograph,photography,original,Shimshon Windmiller,,,,
IL-MTFN-001-G-F-0188-001-R0002,IL-MTFN-001-G-F-0188-001,Photograph of Wall Carpet,תצלום של שטיח הקיר.,Foto des Wandteppichs.,Photograph of the wall carpet.,Unspecified,תצלום|Photograph,photography,original,,,,,
IL-MTFN-001-G-F-0192-001-R0002,IL-MTFN-001-G-F-0192-001,Hugo Haase and Thea Haase Article Photograph,"צילום מאמר בעברית עם הכותרת: הוגו האזה ותיאה האזה; ליכטנשטיין, 2001.","Fotografie eines Artikels auf Hebräisch mit dem Titel: Hugo Haase und Thea Haase; Liechtenstein, 2001.","Photograph of an article in Hebrew with the title: Hugo Haase and Thea Haase; Liechtenstein, 2001.",Hebrew,תצלום|Photograph,photography,copy,,,2001,,
IL-MTFN-001-G-F-0192-001-R0003,IL-MTFN-001-G-F-0192-001,Images of Hugo Haase from Publications,"תמונות, שנגזרו מפירסומים בהם מופיעה תמונתו של הוגו האזה המדינאי/פוליטיקאי הגרמני.","Bilder, die aus Veröffentlichungen ausgeschnitten wurden, in denen das Bild von Hugo Haase, dem deutschen Staatsmann/Politiker, erscheint.","Pictures cut out from publications featuring the image of Hugo Haase, the German statesman/politician.",Unspecified,תצלום|Photograph,photography,other,Hugo Haase,,,,
IL-MTFN-001-G-F-0192-001-R0005,IL-MTFN-001-G-F-0192-001,Photograph of Newspaper Advertisement Announcing Socialist Party Union,"צילום מודעה מהעיתון הגרמני Vorwärts; Berliner Volksblatt, נובמבר 1918, בו מכריזים איחוד שתי המפלגות הסוציאליסטיות בגרמניה והחברים: אברט Ebert, האזה Haase, שיידמן Scheidmann, דיטמן Dittmann, לנדסברג Landsberg, ובארט Barth יכוננו את הממשלה החדשה.","Fotografie einer Anzeige aus der deutschen Zeitung Vorwärts; Berliner Volksblatt, November 1918, in der die Vereinigung der beiden sozialistischen Parteien in Deutschland angekündigt wird und die Mitglieder: Ebert, Haase, Scheidmann, Dittmann, Landsberg und Barth die neue Regierung bilden werden.","Photograph of an advertisement from the German newspaper Vorwärts; Berliner Volksblatt, November 1918, announcing the union of the two socialist parties in Germany and the members: Ebert, Haase, Scheidmann, Dittmann, Landsberg, and Barth will form the new government.",German|גרמנית,תצלום|Photograph,photography,copy,,,1918-11,,
IL-MTFN-001-G-F-0202-001-R0006,IL-MTFN-001-G-F-0202-001,Rain Map of Israel (1859-1938),"מפת ממטרים של ישראל לתקופה: 1859;1938 נערכה ע""י ד""ר ד. אשבל D. Ashbel.","Regenkarte von Israel für den Zeitraum: 1859;1938, erstellt von Dr. D. Ashbel D. Ashbel.","Rain map of Israel for the period: 1859;1938, prepared by Dr. D. Ashbel D. Ashbel.",Hebrew|English,Map,drawing,original,D. Ashbel,,,,
IL-MTFN-001-G-F-0202-001-R0007,IL-MTFN-001-G-F-0202-001,Family and Friends Photos,הרבה תמונות של המשפחה והחברים חלקן מגרמניה וחלקן מישראל. על חלק מהתמונות יש הסברים.,"Viele Fotos von der Familie und Freunden, einige aus Deutschland und einige aus Israel. Auf einigen der Fotos gibt es Erklärungen.","Many photos of family and friends, some from Germany and some from Israel. Some of the photos have explanations.",Unspecified,תצלום|Photograph,photography,original,,,,,
IL-MTFN-001-G-F-0202-001-R0008,IL-MTFN-001-G-F-0202-001,Photograph of Berlin Flower Shop with Anti-Semitic Sign,"בין היתר: תמונה של החנות הפרחים בברלין עם שלט בו כתוב 'לא לקנות אצל יהודים', Wally Seligmann geb. Gerson.","Unter anderem: Ein Bild des Blumenladens in Berlin mit einem Schild, auf dem steht 'Nicht bei Juden kaufen', Wally Seligmann geb. Gerson.","Among other things: A picture of the flower shop in Berlin with a sign saying 'Do not buy from Jews', Wally Seligmann born Gerson.",German,תצלום|Photograph,photography,original,Wally Seligmann,,,,
IL-MTFN-001-G-F-0202-001-R0009,IL-MTFN-001-G-F-0202-001,Family Photos in Palestine,"תמונות משפחה בפלשתינה 1930;1940, 1930;1933.","Familienfotos in Palästina 1930;1940, 1930;1933.","Family photos in Palestine 1930;1940, 1930;1933.",Unspecified,תצלום|Photograph,photography,original,,1930,,,
IL-MTFN-001-G-F-0202-001-R0010,IL-MTFN-001-G-F-0202-001,German Training Eden Photos,תמונות של הכשרה גרמנית עדן Eden.,Bilder der deutschen Ausbildung Eden.,Pictures of German training Eden.,Unspecified,תצלום|Photograph,photography,original,,,,,
IL-MTFN-001-G-F-0202-001-R0011,IL-MTFN-001-G-F-0202-001,"Photos of Mishmar HaEmek and the Carmel, 1930-1940","תמונות 1930;1940 של משמר העמק והכרמל, החיים בפלשתינה; 1922.","Bilder von 1930;1940 von Mishmar HaEmek und dem Karmel, das Leben in Palästina; 1922.","Photos from 1930;1940 of Mishmar HaEmek and the Carmel, life in Palestine; 1922.",Unspecified,תצלום|Photograph,photography,original,,1922,,,
IL-MTFN-001-G-F-0202-001-R0016,IL-MTFN-001-G-F-0202-001,Rain Map of Dr. D. Ashbel for Israel,מפת גשמים של דר. ד. אשבל לארץ ישראל מהתקופה 1859;1939.,Regenkarte von Dr. D. Ashbel für das Land Israel aus der Zeit 1859;1939.,Rain map of Dr. D. Ashbel for the Land of Israel from the period 1859;1939.,Unspecified,Map,,original,Dr. D. Ashbel,,,,
IL-MTFN-001-G-F-0202-004-R0003,IL-MTFN-001-G-F-0202-004,Photograph of an article on Anthroposophy in Israel,צילום מאמר באנגלית על אנטרופוזופיה בישראל.,Fotografie eines Artikels auf Englisch über Anthroposophie in Israel.,Photograph of an article in English about Anthroposophy in Israel.,English,תצלום|Photograph,photography,copy,,,,,
IL-MTFN-001-G-F-0202-006-R0001,IL-MTFN-001-G-F-0202-006,Photograph of German Print on Jewish Agricultural Training Camp,צילום של הדפסה בגרמנית בנושא:; המחנה היהודי לההכשרה חקלאית באחוזת נויינדורף 1939;1943. ראה ממול פרוט הפרקים בגרמנית.,Fotografie eines Drucks auf Deutsch zum Thema: Das jüdische Ausbildungslager für Landwirtschaft auf dem Neundorf-Anwesen 1939;1943. Siehe gegenüber die Kapitelübersicht auf Deutsch.,Photograph of a print in German on the topic: The Jewish agricultural training camp at the Neundorf estate 1939;1943. See opposite for the chapter overview in German.,German|גרמנית,תצלום|Photograph,photography,copy,,,,,
IL-MTFN-001-G-F-0202-009-R0005,IL-MTFN-001-G-F-0202-009,Map of Gut-Winkel,מפה של גוט-וינקל.,Karte von Gut-Winkel.,Map of Gut-Winkel.,Unspecified,מפה|Map,,original,,,,,
IL-MTFN-001-G-F-0202-009-R0006,IL-MTFN-001-G-F-0202-009,Photograph of Work on Martin Garzon and Alfred Selbiger,צילום עבודה בעברית שמסקרת את חייהם ופועלם של מרטין גרזון ואלפרד זלביגר במחנות ההכשרה ובעבודתם עם הנוער היהודי בגרמניה.,"Fotografie einer Arbeit auf Hebräisch, die das Leben und Wirken von Martin Garzon und Alfred Selbiger in den Ausbildungslagern und ihre Arbeit mit der jüdischen Jugend in Deutschland behandelt.",Photograph of a work in Hebrew that covers the lives and activities of Martin Garzon and Alfred Selbiger in the training camps and their work with Jewish youth in Germany.,Hebrew,תצלום|Photograph,photography,copy,,,,,
IL-MTFN-001-G-F-0202-010-R0005,IL-MTFN-001-G-F-0202-010,Photos of Klara Grunold,תמונות של קלרה גרונולד.,Fotos von Klara Grunold.,Photos of Klara Grunold.,Unspecified,תצלום|Photograph,photography,original,Klara Grunold,,,,
IL-MTFN-001-G-F-0202-010-R0009,IL-MTFN-001-G-F-0202-010,Group Photos of Youth in Training,תמונות קבוצתיות של צעירים בהכשרות; ולי גרזון ביניהם.,Gruppenfotos von Jugendlichen in Ausbildung; Wally Garzon unter ihnen.,Group photos of young people in training; Wally Garzon among them.,Unspecified,תצלום|Photograph,photography,original,Wally Garzon,,,,
IL-MTFN-001-G-F-0202-010-R0010,IL-MTFN-001-G-F-0202-010,"Photos from Neuenkirchen and Gutwinkel, 1989",תמונות שצולמו בנויינדורף וגוט;וינקל ב-1989.,Fotos aufgenommen in Neuenkirchen und Gutwinkel im Jahr 1989.,Photos taken in Neuenkirchen and Gutwinkel in 1989.,Irrelevant,תצלום|Photograph,photography,original,,1989,,,
IL-MTFN-001-G-F-0202-011-R0002,IL-MTFN-001-G-F-0202-011,Portrait Photos of Gedalia and His Mother,תמונות דיוקן של גדליה וגם תמונה של אמו.,Porträtfotos von Gedalia und auch ein Foto seiner Mutter.,Portrait photos of Gedalia and also a photo of his mother.,Unspecified,תצלום|Photograph,photography,original,Gedalia,,,,
IL-MTFN-001-G-F-0202-013-R0008,IL-MTFN-001-G-F-0202-013,Meteorological Map,מפה מטאורולוגית; ולי עבדה תקופה מסוימת במכון מטאורולוגי.,Meteorologische Karte; Weli arbeitete eine gewisse Zeit im meteorologischen Institut.,Meteorological map; Weli worked for a certain period at the meteorological institute.,Unspecified,מפה|Map,drawing,original,,,,,
IL-MTFN-001-G-F-0202-016-R0005,IL-MTFN-001-G-F-0202-016,Photographs of Yad Vashem Appendix Pages,"1979, צילומים של דפי נספאים של יד ושם, Renate Alexander Gerson, Adolf Gerson, Magarete Gerson","1979, Fotografien von Anhangsseiten von Yad Vashem, Renate Alexander Gerson, Adolf Gerson, Magarete Gerson","1979, photographs of appendix pages of Yad Vashem, Renate Alexander Gerson, Adolf Gerson, Magarete Gerson",Unspecified,תצלום|Photograph,photography,copy,,1979,,,
IL-MTFN-001-G-F-0214-003-R0003,IL-MTFN-001-G-F-0214-003,Portrait Photos of Jacob and Mary Kurcbert,"צילום, תמונות דיוקן של יעקב ומרי קורצברט.","Fotografie, Porträtbilder von Jakob und Mary Kurcbert.","Photograph, portrait pictures of Jacob and Mary Kurcbert.",Unspecified,תצלום|Photograph,photography,copy,יעקב ומרי קורצברט,,,,
IL-MTFN-001-G-F-0214-003-R0005,IL-MTFN-001-G-F-0214-003,Photo of the Kurzbert Siblings,"סריקת צילום של תמונה בה מצולמים שמונת האחים/אחיות לבית קורצברט, גאורג קורצברט (אבא של מרים פולין) רביעי מימין. צולם ב-1918/19.","Scan eines Fotos, auf dem die acht Geschwister der Familie Kurzbert abgebildet sind, Georg Kurzbert (Vater von Miriam Polin) ist der vierte von rechts. Aufgenommen 1918/19.","Scan of a photo depicting the eight siblings of the Kurzbert family, Georg Kurzbert (father of Miriam Polin) is the fourth from the right. Taken in 1918/19.",Unspecified,תצלום|Photograph,photography,copy,,1918,,,
IL-MTFN-001-G-F-0214-003-R0010,IL-MTFN-001-G-F-0214-003,Photograph on Family Roots by John Bart,"צילום, לנושא השורשים של משפחת קורצברט ויוספזון. אנגלית, 1977, כתב ג'ון ברט John Bart.","Fotografie, zum Thema der Wurzeln der Familie Kurtzbert und Josephson. Englisch, 1977, geschrieben von John Bart.","Photograph, on the subject of the roots of the Kurtzbert and Josephson family. English, 1977, written by John Bart.",English,תצלום|Photograph,photography,copy,,1977,,,
IL-MTFN-001-G-F-0214-004-R0002,IL-MTFN-001-G-F-0214-004,"Picture of Dov Polin in Military Uniform, 1944",תמונה של דב פולין במדי צבא (המצולמים איתו נגזרו) משנת 1944.,Ein Bild von Dov Polin in Militäruniform (die anderen Personen wurden ausgeschnitten) aus dem Jahr 1944.,A picture of Dov Polin in military uniform (the people with him were cut out) from 1944.,Unspecified,תצלום|Photograph,photography,original,Dov Polin,1944,,,
IL-MTFN-001-G-F-0214-008-R0002,IL-MTFN-001-G-F-0214-008,Stolperstein Project Image for Else Kurzbert,"התווסף ב-16.11.2011:; תמונה של פרויקט אבן;נגף Stolperstein בהמבורג הנצחת מגוריה של אלזה קורצברט לבית כיכאואר, אמה של מרים פולין, שנכחה בטקס ההנצחה.","Hinzugefügt am 16.11.2011:; Bild eines Stolperstein-Projekts in Hamburg zur Erinnerung an den Wohnsitz von Else Kurzbert, geborene Kichauer, der Mutter von Miriam Polin, die an der Gedenkfeier teilnahm.","Added on 16.11.2011:; Picture of a Stolperstein project in Hamburg commemorating the residence of Else Kurzbert, née Kichauer, the mother of Miriam Polin, who attended the memorial ceremony.",Irrelevant,תצלום|Photograph,photography,original,Else Kurzbert,,2011-11-16,,
IL-MTFN-001-G-F-0214-008-R0004,IL-MTFN-001-G-F-0214-008,Picture of Miriam Polin with Uri Poper from Abrakadabra,"גרמנית כתב יד. שנות ה;50, נהריה, תמונה של מרים פולין עם אורי פופר Uri Poper, מתוך מחזמר Abrakadabra, nan","Deutsche Handschrift. 1950er Jahre, Nahariya, Bild von Miriam Polin mit Uri Poper, aus dem Musical Abrakadabra, nan","German handwriting. 1950s, Nahariya, picture of Miriam Polin with Uri Poper, from the musical Abrakadabra, nan",German,תצלום|Photograph,handwriting,original,,1950,,,
IL-MTFN-001-G-F-0219-001-R0006,IL-MTFN-001-G-F-0219-001,Scanned Pictures of Regina and Yitzhak Ullman,תמונות סרוקות של רגינה ויצחק אולמן.,Gescanntes Bilder von Regina und Yitzhak Ullman.,Scanned pictures of Regina and Yitzhak Ullman.,Unspecified,תצלום|Photograph,photography,original,Regina Ullman|Yitzhak Ullman,,,,
IL-MTFN-001-G-F-0219-002-R0007,IL-MTFN-001-G-F-0219-002,"Wilhelm Bar with Mother, 1891","תמונת וילהלם בר בזרועות אימו על מתכת, 1891.","Bild von Wilhelm Bar in den Armen seiner Mutter auf Metall, 1891.","Picture of Wilhelm Bar in the arms of his mother on metal, 1891.",Unspecified,תצלום|Photograph,photography,original,Wilhelm Bar,1891,,,
IL-MTFN-001-G-F-0223-001-R0007,IL-MTFN-001-G-F-0223-001,Photos of the David Family,"2 תמונות: 1. הזוג חנן ואלישבע דוד 2. משפחת דוד חנן, אלישבע, נורית וחנה.","2 Fotos: 1. Das Paar Hanan und Elisheva David 2. Familie David Hanan, Elisheva, Nurit und Hana.","2 photos: 1. The couple Hanan and Elisheva David 2. The David family Hanan, Elisheva, Nurit, and Hana.",Irrelevant,תצלום|Photograph,photography,original,,,,,
IL-MTFN-001-G-F-0226-001-R0006,IL-MTFN-001-G-F-0226-001,Photos of Boats and Crew,"תמונות עם כתוביות על גבן: סירות, אונית, חברי צוות.","Bilder mit Beschriftungen auf der Rückseite: Boote, Schiff, Crewmitglieder.","Photos with captions on the back: boats, ship, crew members.",Unspecified,תצלום|Photograph,photography,original,,,,,
IL-MTFN-001-G-F-0226-001-R0007,IL-MTFN-001-G-F-0226-001,Picture of Menachem Soskin with Dedication,"תמונה של מנחם סוסקין עם הקדשה: "" למר רוזנטל; השואף לחיים יהודיים גם על הים. לזכרון מנחם אוסישקין, חשון תרצ""ז"".","Ein Bild von Menachem Soskin mit einer Widmung: ""An Herrn Rosenthal; der nach jüdischem Leben auch auf dem Meer strebt. Zur Erinnerung Menachem Ussishkin, Cheshvan 5697"".","A picture of Menachem Soskin with a dedication: ""To Mr. Rosenthal; who aspires to Jewish life even at sea. In memory of Menachem Ussishkin, Cheshvan 5697"".",Hebrew,תצלום|Photograph,photography,original,Menachem Soskin,1936-10,,,
IL-MTFN-001-G-F-0226-001-R0008,IL-MTFN-001-G-F-0226-001,Portrait of Captain Hans Rosenthal,תמונת דיוקן של הקצין/קפיטן הנס רוזנטל.,Porträtbild des Offiziers/Kapitäns Hans Rosenthal.,Portrait picture of the officer/captain Hans Rosenthal.,Unspecified,תצלום|Photograph,photography,original,Hans Rosenthal,,,,
IL-MTFN-001-G-F-0226-001-R0009,IL-MTFN-001-G-F-0226-001,"Painting of the ship Tel Aviv, 1935","ציור של האוניה תל אביב, צבעי מים, למזכרת מאת חבריו, 1935.","Malerei des Schiffes Tel Aviv, Aquarell, als Andenken von seinen Freunden, 1935.","Painting of the ship Tel Aviv, watercolor, as a souvenir from his friends, 1935.",Unspecified,ציור|Painting,drawing,original,,1935,,,
IL-MTFN-001-G-F-0236-001-R0002,IL-MTFN-001-G-F-0236-001,Group Photos from Niedergimmel 1919,שתי תמונות קבוצתיות (זהות) מנידרגימל Niedergimmel 1919.,Zwei Gruppenfotos (identisch) aus Niedergimmel 1919.,Two group photos (identical) from Niedergimmel 1919.,Unspecified,תצלום|Photograph,photography,original,,1919,,,
IL-MTFN-001-G-F-0236-001-R0003,IL-MTFN-001-G-F-0236-001,Photographs of Articles on Solomon & Mathilde Schechter,צילומי מאמרים באנגלית על סלומון & מתילדה שכטר.,Fotografien von Artikeln auf Englisch über Solomon & Mathilde Schechter.,Photographs of articles in English about Solomon & Mathilde Schechter.,English,תצלום|Photograph,photography,copy,Solomon & Mathilde Schechter,,,,
IL-MTFN-001-G-F-0236-001-R0004,IL-MTFN-001-G-F-0236-001,Photos of Julius Levinson,תמונות של יוליוס לוינזון (האח של פריץ לוינזון שהקים את גמנסיה בן יהודה בתל;אביב.,"Bilder von Julius Lewinson (der Bruder von Fritz Lewinson, der das Gymnasium Ben Yehuda in Tel Aviv gegründet hat).",Photos of Julius Levinson (the brother of Fritz Levinson who founded the Ben Yehuda Gymnasium in Tel Aviv).,Unspecified,תצלום|Photograph,photography,original,יוליוס לוינזון,,,,
IL-MTFN-001-G-F-0236-001-R0005,IL-MTFN-001-G-F-0236-001,Picture of Judge Dr. Fritz Loewenstein,"תמונה של השופט ד""ר פריץ לבנשטיין;פרץ.",Bild des Richters Dr. Fritz Löwenstein; Peretz.,Picture of Judge Dr. Fritz Loewenstein; Peretz.,Unspecified,תצלום|Photograph,photography,original,Dr. Fritz Loewenstein,,,,
IL-MTFN-001-G-F-0236-001-R0006,IL-MTFN-001-G-F-0236-001,1925 Technion Inauguration Photo,סריקת תמונה: 1925 חנוכת הטכניון; בין היתר ניתן לראות את פרץ לוינסון בתמונה.,Bildscan: 1925 Einweihung des Technions; unter anderem ist Peretz Lewinson im Bild zu sehen.,"Image scan: 1925 Technion inauguration; among others, Peretz Lewinson can be seen in the picture.",Unspecified,תצלום|Photograph,photography,original,Peretz Lewinson,1925,,,
IL-MTFN-001-G-F-0236-001-R0007,IL-MTFN-001-G-F-0236-001,"Wedding Photo of Peretz Levinson and Chana Roth, 1925","סריקת תמונה: 1925, תל אביב, תמונה מחתונת פרץ לוינסון וחנה רוט.","Bildscan: 1925, Tel Aviv, Bild von der Hochzeit von Peretz Levinson und Chana Roth.","Image scan: 1925, Tel Aviv, picture from the wedding of Peretz Levinson and Chana Roth.",Unspecified,תצלום|Photograph,photography,original,,1925,,,
IL-MTFN-001-G-F-0236-001-R0008,IL-MTFN-001-G-F-0236-001,1925 Opening Ceremony of Hebrew University,סריקת תמונה: 1925 טקס הפתיחה לאוניברסיטה העברית על הר הצופים. (התמונות סורקו והוחזרו לאסתר יפתח;אל).,Bildscan: 1925 Eröffnungszeremonie der Hebräischen Universität auf dem Skopusberg. (Die Bilder wurden gescannt und an Esther Jiftach zurückgegeben;el).,Image scan: 1925 Opening ceremony for the Hebrew University on Mount Scopus. (The images were scanned and returned to Esther Yiftach;el).,Unspecified,תצלום|Photograph,photography,original,,1925,,,
IL-MTFN-001-G-F-0240-001-R0002,IL-MTFN-001-G-F-0240-001,"Photograph of Fraulein Dr. Littmann's Class, 1935","1935, צילום תמונה של כתתה של פרוילין דר ליטמן","1935, Foto einer Klasse von Fräulein Dr. Littmann","1935, Photograph of the class of Fraulein Dr. Littmann",Unspecified,תצלום|Photograph,photography,copy,,1935,,,
IL-MTFN-001-G-F-0247-002-R0001,IL-MTFN-001-G-F-0247-002,Photos of the Rosenblit Family,"3 תמונות: הדסה רוזנבליט לבית פרלמן, יוהנה רוזנבליט לבית אטלינג, פליקס רוזנבליט בלונדון.","3 Fotos: Hadassah Rosenblit geb. Perlman, Johanna Rosenblit geb. Ettling, Felix Rosenblit in London.","3 photos: Hadassah Rosenblit née Perlman, Johanna Rosenblit née Ettling, Felix Rosenblit in London.",Unspecified,תצלום|Photograph,photography,original,Rosenblit,,,,
IL-MTFN-001-G-F-0250-003-R0001,IL-MTFN-001-G-F-0250-003,Map of Haifa by Zvi Friedlander,"מפה גדולה של חיפה על בד שעווה, ללא ציון השנה. המפה מבית היוצר של צבי פרידלנדר.","Große Karte von Haifa auf Wachstuch, ohne Jahresangabe. Die Karte stammt aus der Werkstatt von Zvi Friedlander.","Large map of Haifa on wax cloth, without year indication. The map is from the workshop of Zvi Friedlander.",Unspecified,מפה|Map,other,original,צבי פרידלנדר,,,,
IL-MTFN-001-G-F-0250-003-R0003,IL-MTFN-001-G-F-0250-003,Photos of Rabbi Adolf Kurin's Study and Jessie Kurin's Bedroom,"שתי סריקות של תמונות, שחור/לבן: 1. חדר העבודה של הרב אדולף קוריין, טפליץ;אוסטריה, בעלה של ג'סי קוריין לבית לווה. 2. חדר השינה של ג'סי קוריין לבית לווה; על הקיר תמונתה של המלכה ויקטוריה (ג'סי היתה ילידת אנגליה).","Zwei Scans von Schwarz-Weiß-Fotos: 1. Das Arbeitszimmer von Rabbi Adolf Kurin, Teplitz; Österreich, Ehemann von Jessie Kurin, geborene Löwe. 2. Das Schlafzimmer von Jessie Kurin, geborene Löwe; an der Wand ein Bild von Königin Victoria (Jessie war in England geboren).","Two scans of black and white photos: 1. The study of Rabbi Adolf Kurin, Teplitz; Austria, husband of Jessie Kurin née Löwe. 2. The bedroom of Jessie Kurin née Löwe; on the wall a picture of Queen Victoria (Jessie was born in England).",Irrelevant|לא רלוונטי,תצלום|Photograph,photography,original,Adolf Kurin|ג'סי קוריין,,,,
IL-MTFN-001-G-F-0250-003-R0005,IL-MTFN-001-G-F-0250-003,Engraving by Max Brüning,תחריט של הצייר הגרמני מקס ברינינג Max Brüning nan,Gravur des deutschen Malers Max Brüning,Engraving by the German painter Max Brüning,Unspecified,ציור|Painting,drawing,original,Max Brüning,,,,
IL-MTFN-001-G-F-0250-004-R0010,IL-MTFN-001-G-F-0250-004,Photograph of Technion Staff,תצלום של שתי תמונות (ללא כתובית) הסגל על מדרגות הטכניון.,Foto von zwei Bildern (ohne Beschriftung) des Personals auf den Stufen des Technions.,Photograph of two pictures (without caption) of the staff on the steps of the Technion.,Unspecified,תצלום|Photograph,photography,original,,,,,
IL-MTFN-001-G-F-0250-004-R0011,IL-MTFN-001-G-F-0250-004,"Class Photos of the Faculty of Mechanical Engineering, Technion","שתי תמונות מחזור של הפקולטה למכונאות; טכניון: מחזור כ""ח 1952;53; מחזור כ""ט 1953;57.",Zwei Abschlussfotos der Fakultät für Maschinenbau; Technion: Jahrgang 28 1952;53; Jahrgang 29 1953;57.,Two class photos of the Faculty of Mechanical Engineering; Technion: Class 28 1952;53; Class 29 1953;57.,Unspecified,תצלום|Photograph,photography,original,,1952,,,
IL-MTFN-001-G-F-0250-005-R0008,IL-MTFN-001-G-F-0250-005,Photograph of Chapter 'the TAA' from Israel Amir's Book,"צילום פרק ""התע""ש"" מתוך ספרו של ישראל עמיר: ""בדרך לא סלולה"", בהוצאת משרד הביטחון 1988. בפרק מוזכרת תרומתו הגדולה של פרופ' קוריין לתע""ש.","Fotografie des Kapitels ""die TAA"" aus dem Buch von Israel Amir: ""Auf einem unbefestigten Weg"", veröffentlicht vom Verteidigungsministerium 1988. Im Kapitel wird der große Beitrag von Prof. Korine zur TAA erwähnt.","Photograph of the chapter ""the TAA"" from the book by Israel Amir: ""On an Unpaved Road"", published by the Ministry of Defense in 1988. The chapter mentions Prof. Korine's significant contribution to the TAA.",Hebrew,תצלום|Photograph,photography,copy,Prof. Korine,,1988,,
IL-MTFN-001-G-F-0250-005-R0014,IL-MTFN-001-G-F-0250-005,Memorial Corner for Prof. Korine,שתי תמונות צבעוניות מפינת ההנצחה לפרופ' קוריין.,Zwei farbige Bilder von der Gedenkecke für Prof. Korine.,Two colorful pictures from the memorial corner for Prof. Korine.,Irrelevant,תצלום|Photograph,photography,original,Prof. Korine,,,,
IL-MTFN-001-G-F-0250-005-R0020,IL-MTFN-001-G-F-0250-005,Ina Dimon's Photo Album in Germany,"1957-1958, אלבום תמונות של אינה דימון בזמן שעבדה בגרמניה. רוב התמונות הם מטיולים אישיים.","1957-1958, Fotoalbum von Ina Dimon während ihrer Arbeit in Deutschland. Die meisten Fotos sind von persönlichen Reisen.","1957-1958, photo album of Ina Dimon while she worked in Germany. Most of the photos are from personal trips.",Unspecified,תצלום|Photograph,photography,original,Ina Dimon,1957-1958,,,
IL-MTFN-001-G-F-0251-001-R0001,IL-MTFN-001-G-F-0251-001,"Photographs of the Levant Fair in Tel Aviv, 1934","ב-1934 בקרה את היריד המזרחי בת""א שם צילמה את הביתנים השונים.","Im Jahr 1934 besuchte sie die Levante-Messe in Tel Aviv, wo sie die verschiedenen Pavillons fotografierte.","In 1934, she visited the Levant Fair in Tel Aviv where she photographed the various pavilions.",Unspecified,תצלום|Photograph,photography,original,,1934,,,
IL-MTFN-001-G-F-0251-001-R0007,IL-MTFN-001-G-F-0251-001,"Photo Album of the Levant Fair, 1934","1934, אלבום תמונות של יריד המזרח בתל אביב שצילמה גרטרוד שטראוס.","1934, Fotoalbum der Levante-Messe in Tel Aviv, fotografiert von Gertrude Strauss.","1934, photo album of the Levant Fair in Tel Aviv photographed by Gertrude Strauss.",Unspecified,תצלום|Photograph,photography,original,גרטרוד שטראוס,1934,,,
IL-MTFN-001-G-F-0259-001-R0001,IL-MTFN-001-G-F-0259-001,Wedding Day Picture,תמונת הזוג ביום הכלולות.,Bild des Paares am Hochzeitstag.,Picture of the couple on their wedding day.,Irrelevant,תצלום|Photograph,photography,original,,,,,
IL-MTFN-001-G-F-0262-001-R0001,IL-MTFN-001-G-F-0262-001,Picture of Bata Berger,תמונה של באטה ברגר,Bild von Bata Berger,Picture of Bata Berger,Irrelevant,תצלום|Photograph,photography,original,Bata Berger,,,,
IL-MTFN-001-G-F-0264-001-R0003,IL-MTFN-001-G-F-0264-001,Photographs of Paintings by Fritz Kornberg,"תצלומים של ציורים של פריץ קורנברג, בגודל גלויה.","Fotografien von Gemälden von Fritz Kornberg, in Postkartengröße.","Photographs of paintings by Fritz Kornberg, postcard-sized.",Unspecified,תצלום|Photograph,photography,original,Fritz Kornberg,,,,
IL-MTFN-001-G-F-0264-001-R0005,IL-MTFN-001-G-F-0264-001,"Photograph of Exhibition Poster by Fritz Kornberg, 1931","צילום כרזה לתערוכה של פריץ קורנברג במחלקה לעיצוב סביבתי הר הצופים, 1931.","Fotografie eines Plakats für eine Ausstellung von Fritz Kornberg in der Abteilung für Umweltgestaltung auf dem Skopusberg, 1931.","Photograph of a poster for an exhibition by Fritz Kornberg in the Department of Environmental Design at Mount Scopus, 1931.",Unspecified,תצלום|Photograph,photography,copy,Fritz Kornberg,1931,,,
IL-MTFN-001-G-F-0264-001-R0007,IL-MTFN-001-G-F-0264-001,Album of P. Kornberg's Architectural Works,"אלבום עם תמונות הבניינים, תצלומי תכנון/סקיצות לבניינים ואתרים אחרים שפ. קורנברג תכנן/בנה.","Album mit Fotos von Gebäuden, Planungsfotos/Skizzen von Gebäuden und anderen Orten, die P. Kornberg entworfen/gebaut hat.","Album with photos of buildings, planning photos/sketches of buildings and other sites that P. Kornberg designed/built.",Unspecified,תצלום|Photograph|סקיצה|Sketch,photography,original,פ. קורנברג,,,,
IL-MTFN-001-G-F-0264-001-R0008,IL-MTFN-001-G-F-0264-001,Portrait Photographs of P. Kornberg,שתי תמונות דיוקן של פ. קורנברג.,Zwei Porträtfotos von P. Kornberg.,Two portrait photographs of P. Kornberg.,Unspecified,תצלום|Photograph,photography,original,P. Kornberg,,,,
IL-MTFN-001-G-F-0264-002-R0001,IL-MTFN-001-G-F-0264-002,Photographs of Paintings for Wilfrid House Planning,תצלומים של ציורים לתכנון בית וילפריד בקיבוץ הזורע.,Fotos von Gemälden für die Planung des Wilfrid-Hauses im Kibbuz HaZore'a.,Photographs of paintings for the planning of the Wilfrid House in Kibbutz HaZore'a.,Unspecified,תצלום|Photograph,photography,original,,,,,
IL-MTFN-001-G-F-0264-002-R0002,IL-MTFN-001-G-F-0264-002,"Photograph of Amphitheater Model, Hebrew University, 1925","צילום הדגם לאמפיתיאטרון באוניברסיטה העברית על הר הצופים, 1925.","Fotografie des Modells für das Amphitheater an der Hebräischen Universität auf dem Skopusberg, 1925.","Photograph of the model for the amphitheater at the Hebrew University on Mount Scopus, 1925.",Unspecified,תצלום|Photograph,photography,copy,,1925,,,
IL-MTFN-001-G-F-0264-002-R0003,IL-MTFN-001-G-F-0264-002,Amphitheater Drawing,שרטוט של האמפיתיאטרון.,Zeichnung des Amphitheaters.,Drawing of the amphitheater.,Unspecified,ציור|Painting,drawing,original,,,,,
IL-MTFN-001-G-F-0264-002-R0004,IL-MTFN-001-G-F-0264-002,Photographs of University Buildings on Mount Scopus,צילומים של חזיתות ומבנים שתוכננו עבור האוניברסיטה בהר הצופים.,"Fotos von Fassaden und Gebäuden, die für die Universität auf dem Skopusberg entworfen wurden.",Photographs of facades and buildings designed for the university on Mount Scopus.,Unspecified,תצלום|Photograph,photography,original,האוניברסיטה,,,,
IL-MTFN-001-G-F-0264-002-R0005,IL-MTFN-001-G-F-0264-002,Photographs of Fantasy Building Plans by Fritz Kornberg,"צילומים של תכניות 'פנטזיה' לבניינים, שצייר פריץ קורנברג.","Fotos von 'Fantasie'-Plänen für Gebäude, gezeichnet von Fritz Kornberg.","Photographs of 'Fantasy' plans for buildings, drawn by Fritz Kornberg.",Unspecified,תצלום|Photograph,photography,copy,Fritz Kornberg,,,,
IL-MTFN-001-G-F-0264-002-R0006,IL-MTFN-001-G-F-0264-002,Planning Photographs of Chemistry and Microbiology Buildings for Jerusalem University,צילומים של תכנון בנייני הכימיה והמיקרוביולוגיה לאוניברסיטה בירושלים.,Fotografien der Planung der Chemie- und Mikrobiologiegebäude für die Universität in Jerusalem.,Photographs of the planning of the chemistry and microbiology buildings for the university in Jerusalem.,Unspecified,תצלום|Photograph,photography,original,,,,,
IL-MTFN-001-G-F-0264-002-R0008,IL-MTFN-001-G-F-0264-002,Pictures from the Dead Sea and Sodom,תמונות מאיזור ים המלח וסדום.,Bilder aus dem Gebiet des Toten Meeres und Sodom.,Pictures from the Dead Sea and Sodom area.,Unspecified,תצלום|Photograph,photography,original,,,,,
IL-MTFN-001-G-F-0264-002-R0009,IL-MTFN-001-G-F-0264-002,"Photos of Kornberg House, Talpiot, Jerusalem, 1924","תמונות של בית קורנברג בתלפיות / ירושלים, 1924.","Fotos von Kornberg-Haus in Talpiot / Jerusalem, 1924.","Photos of Kornberg House in Talpiot / Jerusalem, 1924.",Irrelevant|לא רלוונטי,תצלום|Photograph,photography,original,,1924,,,
IL-MTFN-001-G-F-0264-002-R0010,IL-MTFN-001-G-F-0264-002,"Pictures from Tel Yosef and Degania, 1927","תמונות מתל יוסף, דגניה 1927, האוניברסיטה בירושלים, דיוקן פריץ קורנברג, תמונות לא מזוהות","Bilder aus Tel Josef, Degania 1927, die Universität in Jerusalem, Porträt von Fritz Kornberg, unbekannte Bilder","Pictures from Tel Yosef, Degania 1927, the university in Jerusalem, portrait of Fritz Kornberg, unidentified pictures",Unspecified,תצלום|Photograph,photography,original,Fritz Kornberg,,,,
IL-MTFN-001-G-F-0267-005-R0001,IL-MTFN-001-G-F-0267-005,Copper Plate Portrait of Sigmund Mayer,"פלטת נחושת עליה חרוט דיוקנו של זיגמונד מאייר נעשה ע""י מקס קונר Max Koner","Kupferplatte mit dem Porträt von Sigmund Mayer, angefertigt von Max Koner",Copper plate engraved with the portrait of Sigmund Mayer made by Max Koner,Unspecified,אלמנט גרפי|Graphic Element,other,original,Sigmund Mayer,,,,
IL-MTFN-001-G-F-0267-011-R0001,IL-MTFN-001-G-F-0267-011,"Self-portrait of E.M. Lilien, 1892",צילום פורטריט עצמי של א.מ.ליליין מ-1892,Selbstporträtfotografie von E.M. Lilien aus dem Jahr 1892,Self-portrait photograph of E.M. Lilien from 1892,Unspecified,תצלום|Photograph,photography,original,א.מ.ליליין,1892,,,
IL-MTFN-001-G-F-0267-011-R0004,IL-MTFN-001-G-F-0267-011,Postcard with Portrait of E.M. Lilien,גלויה עם תמונת דיוקנו של א.מ.ליליין,Postkarte mit Porträt von E.M. Lilien,Postcard with a portrait of E.M. Lilien,Unspecified,גלויה|Postcard,print,original,א.מ.ליליין,,,,
IL-MTFN-001-G-F-0267-013-R0001,IL-MTFN-001-G-F-0267-013,Album of Publications on Printing by Otto Lilien,אלבום עם פירסומים באנגלית ובגרמנית שאסף אוטו ליליין בנושא הדפוס בכלל והדפוס האמנותי בפרט.,"Ein Album mit Veröffentlichungen in Englisch und Deutsch, gesammelt von Otto Lilien, über Druck im Allgemeinen und künstlerischen Druck im Besonderen.",An album with publications in English and German collected by Otto Lilien on printing in general and artistic printing in particular.,English|German,Album,print,original,Otto Lilien,,,,
IL-MTFN-001-G-F-0267-015-R0003,IL-MTFN-001-G-F-0267-015,Slides used by Otto Lilien in books,שקפים שאוטו ליליין השתמש בספריו.,"Dias, die Otto Lilien in seinen Büchern verwendet hat.",Slides that Otto Lilien used in his books.,Unspecified,לא מזוהה,,other,Otto Lilien,,,,
IL-MTFN-001-G-F-0267-015-R0007,IL-MTFN-001-G-F-0267-015,1914 Postcard from E.M. Lilien to his son Otto,1914 גלויה עם תמונתו של א.מ. ליליין בתלבשת ערבית שהאמן שולח אל בנו אוטו מירושלים.,"1914 Postkarte mit einem Bild von E.M. Lilien in arabischer Kleidung, die der Künstler an seinen Sohn Otto aus Jerusalem schickt.",1914 Postcard with a picture of E.M. Lilien in Arabic attire that the artist sends to his son Otto from Jerusalem.,Hebrew,גלויה|Postcard,print,original,E.M. Lilien,1914,,,
IL-MTFN-001-G-F-0267-015-R0008,IL-MTFN-001-G-F-0267-015,1918 Postcard from E.M. Lilien to his son Otto,1918 גלויה עם תמונתו של א.מ. ליליין במדי חייל שהאמן שולח אל בנו אוטו מקוניה/תורכיה.,"1918 Postkarte mit dem Bild von E.M. Lilien in Soldatenuniform, die der Künstler an seinen Sohn Otto aus Konya/Türkei schickt.","1918 Postcard with a picture of E.M. Lilien in soldier's uniform, which the artist sends to his son Otto from Konya/Turkey.",Hebrew|German,גלויה|Postcard,print,original,E.M. Lilien,1918,,,
IL-MTFN-001-G-F-0267-015-R0009,IL-MTFN-001-G-F-0267-015,Slides of Oil Painting of Minny Hauck,4 שקופיות של ציור שמן של אישה בשם מיני האוק Minny Hauck.,4 Dias eines Ölgemäldes einer Frau namens Minny Hauck.,4 slides of an oil painting of a woman named Minny Hauck.,Unspecified,ציור|Painting,drawing,original,Minny Hauck,,,,
IL-MTFN-001-G-F-0267-015-R0010,IL-MTFN-001-G-F-0267-015,Framed Oil Painting Slide and Bible Books Advertisement Negatives,"שקופית אחת של ציור שמן ממוסגר (אישה וילדה) + 2 נגטיבים של פירסום לספרי התנ""ך.",Eine Folie eines gerahmten Ölgemäldes (Frau und Kind) + 2 Negative einer Werbung für Bibelbücher.,One slide of a framed oil painting (woman and child) + 2 negatives of an advertisement for Bible books.,Unspecified,תצלום|Photograph,photography,original,,,,,
IL-MTFN-001-G-F-0267-022-R0001,IL-MTFN-001-G-F-0267-022,Photographs of Letters by A.M. Lilien,"צילומי מכתבים של האמן, א.מ. ליליין.","Fotografien von Briefen des Künstlers, A.M. Lilien.","Photographs of letters by the artist, A.M. Lilien.",Hebrew,תצלום|Photograph,photography,copy,א.מ. ליליין,,,,
IL-MTFN-001-G-F-0267-025-R0001,IL-MTFN-001-G-F-0267-025,Photograph of Article by Donald La Badie,צילום מאמר באנגלית מאת Donald La Badie עם הכותרת Artists view of Jerusalem ללא תאריך.,Fotografie eines Artikels auf Englisch von Donald La Badie mit dem Titel Künstleransicht von Jerusalem ohne Datum.,Photograph of an article in English by Donald La Badie titled Artists view of Jerusalem without a date.,English,תצלום|Photograph,photography,copy,Donald La Badie,,,,
IL-MTFN-001-G-F-0267-025-R0006,IL-MTFN-001-G-F-0267-025,Photograph of pages from Schulthess Europäischer Geschichtskalender,צילום מספר דפים מתוך הספר בגרמנית Schulthess Europäischer Geschichtskalender.,Fotografie von mehreren Seiten aus dem Buch auf Deutsch Schulthess Europäischer Geschichtskalender.,Photograph of several pages from the book in German Schulthess Europäischer Geschichtskalender.,German,תצלום|Photograph,photography,copy,,,,,
IL-MTFN-001-G-F-0267-025-R0016,IL-MTFN-001-G-F-0267-025,Copies of Works by E.M. Lilien,"3 העתקי יצירות של א.מ. ליליין: המבול, יעקב ורחל, פרעה.","3 Kopien von Werken von E.M. Lilien: Die Sintflut, Jakob und Rachel, Pharao.","3 copies of works by E.M. Lilien: The Flood, Jacob and Rachel, Pharaoh.",Unspecified,לא מזוהה,,copy,א.מ. ליליין,,,,
IL-MTFN-001-G-F-0271-001-R0002,IL-MTFN-001-G-F-0271-001,"View from Water Tower, Tel Aviv 1921","מס 4. 1921 תל אביב, מרא ממגדל המים על שדרות רוטשילד, ברקע גבעת יפו והים","Nr. 4. 1921 Tel Aviv, Blick vom Wasserturm auf den Rothschild Boulevard, im Hintergrund der Hügel von Jaffa und das Meer","No. 4. 1921 Tel Aviv, view from the water tower on Rothschild Boulevard, in the background the hill of Jaffa and the sea",Unspecified,תצלום|Photograph,photography,original,,1921,,,
IL-MTFN-001-G-F-0271-001-R0003,IL-MTFN-001-G-F-0271-001,Sand Dunes No. 5,מס 5. דיונות חול,Nr. 5. Sanddünen,No. 5. Sand dunes,Unspecified,לא מזוהה,,other,,,,,
IL-MTFN-001-G-F-0271-001-R0004,IL-MTFN-001-G-F-0271-001,Sand Dunes,מס 5a. דיונות חול,Nr. 5a. Sanddünen,No. 5a. Sand dunes,Unspecified,לא מזוהה|Unrecognized,,other,,,,,
IL-MTFN-001-G-F-0271-001-R0008,IL-MTFN-001-G-F-0271-001,Pioneers Planting Trees,מס 8. חלוצים נוטעים עצים (2 תמונות שונות),Nr. 8. Pioniere pflanzen Bäume (2 verschiedene Fotos),No. 8. Pioneers planting trees (2 different photos),Unspecified,תצלום|Photograph,photography,original,,,,,
IL-MTFN-001-G-F-0271-001-R0011,IL-MTFN-001-G-F-0271-001,Pioneers Draining Swamps,מס 11. חלוצים מייבשות ביצות,Nr. 11. Pioniere entwässern Sümpfe,No. 11. Pioneers draining swamps,Unspecified,לא מזוהה,,original,,,,,
IL-MTFN-001-G-F-0271-001-R0012,IL-MTFN-001-G-F-0271-001,Pioneers in Land Leveling Work,מס 12. חלוצים בעבודות יישור קרקע,Nr. 12. Pioniere bei der Bodenebnungsarbeit,No. 12. Pioneers in land leveling work,Unspecified,לא מזוהה|Unrecognized,,other,,,,,
IL-MTFN-001-G-F-0271-001-R0016,IL-MTFN-001-G-F-0271-001,Milking in Degania,מס 20. חליבה בדגניה,Nr. 20. Melken in Degania,No. 20. Milking in Degania,Unspecified,לא מזוהה,,other,,,,,
IL-MTFN-001-G-F-0271-001-R0021,IL-MTFN-001-G-F-0271-001,4 Unidentified Photos,"בלי מספר, 4 תמונות לא מזוהות","Ohne Nummer, 4 nicht identifizierte Fotos","Without number, 4 unidentified photos",Unspecified,תצלום|Photograph,photography,other,,,,,
IL-MTFN-001-G-F-0271-001-R0022,IL-MTFN-001-G-F-0271-001,Entrance Avenue to Degania,תמונות: שדרת כניסה לדגניה,Bilder: Eingangspromenade nach Degania,Photos: Entrance avenue to Degania,Unspecified,תצלום|Photograph,photography,original,,,,,
IL-MTFN-001-G-F-0271-001-R0025,IL-MTFN-001-G-F-0271-001,Port of Jaffa,נמל יפו,Hafen von Jaffa,Port of Jaffa,Unspecified,לא מזוהה,,other,,,,,
IL-MTFN-001-G-F-0271-001-R0026,IL-MTFN-001-G-F-0271-001,Adelaida in Tel Aviv 1934,"1934, עדליידע בתל אביב - תמונות של תל אביב של פעם","1934, Adelaida in Tel Aviv - Bilder von Tel Aviv von damals","1934, Adelaida in Tel Aviv - Pictures of Tel Aviv from the past",Unspecified,תצלום|Photograph,photography,original,,1934,,,
IL-MTFN-001-G-F-0271-001-R0028,IL-MTFN-001-G-F-0271-001,General View Pictures,שתי תמונות מראה כללי,Zwei Bilder allgemeine Ansicht,Two pictures general view,Irrelevant,תצלום|Photograph,,original,,,,,
IL-MTFN-001-G-F-0271-001-R0030,IL-MTFN-001-G-F-0271-001,Herzl Street with Gymnasium Building,רח. הרצל עם בניין גימנזיה הרצל,Herzl-Straße mit dem Gebäude der Herzl-Gymnasium,Herzl Street with the Herzl Gymnasium building,Unspecified,תצלום|Photograph,,original,,,,,
IL-MTFN-001-G-F-0271-001-R0036,IL-MTFN-001-G-F-0271-001,Betsaida Drawing,בית ציידא Betsaida (ציור),Betsaida (Zeichnung),Betsaida (Drawing),Unspecified,ציור|Painting,drawing,original,,,,,
IL-MTFN-001-G-F-0272-001-R0001,IL-MTFN-001-G-F-0272-001,Original Cartoon 'Sausage Seller',קריקטורה אורגינלית 'מוכר הנקניות' 'Wiener Würst'l mit senf' צויר ב-1952 עם חתימת האמן.,Originalkarikatur 'Möhrenverkäufer' 'Wiener Würst'l mit Senf' gezeichnet 1952 mit der Unterschrift des Künstlers.,Original cartoon 'Sausage Seller' 'Wiener Würst'l with mustard' drawn in 1952 with the artist's signature.,Unspecified,קריקטורה|Caricature,drawing,original,,1952,,,
IL-MTFN-001-G-F-0272-001-R0002,IL-MTFN-001-G-F-0272-001,Photograph of a German book section about an artist,צילום קטע מספר בגרמנית בו כתוב על האמן.,"Foto eines Abschnitts aus einem Buch auf Deutsch, in dem über den Künstler geschrieben wird.",Photograph of a section from a book in German where it is written about the artist.,German,תצלום|Photograph,photography,copy,,,,,
IL-MTFN-001-G-F-0274-001-R0013,IL-MTFN-001-G-F-0274-001,Picture of Lawyers including Dr. Emil Löwenstein,"סריקה של תמונה של עורכי דין ביניהם גם עו""ד Dr. Emil Löwenstein;","Scan eines Bildes von Anwälten, darunter auch Rechtsanwalt Dr. Emil Löwenstein;","Scan of a picture of lawyers, including Attorney Dr. Emil Löwenstein;",Unspecified,תצלום|Photograph,photography,original,Emil Löwenstein,,,,
IL-MTFN-001-G-F-0274-001-R0014,IL-MTFN-001-G-F-0274-001,Family Photo with Annotations by Nira Leon,"תמונה משפחתית עם פרושים בעברית שכתבה נירה ליאון. משמאל יושבת הילדה לימים מרים אבנארי, מימין יושבת אימה גרטרוד אפנשטיין לבית לבנפלד.","Familienfoto mit hebräischen Anmerkungen von Nira Leon. Links sitzt das Mädchen, das später Miriam Avnery wurde, rechts sitzt ihre Mutter Gertrud Epstein, geborene Levenfeld.","Family photo with Hebrew annotations written by Nira Leon. On the left sits the girl who later became Miriam Avnery, on the right sits her mother Gertrud Epstein née Levenfeld.",Hebrew,תצלום|Photograph,photography,original,,,,,
IL-MTFN-001-G-F-0275-001-R0001,IL-MTFN-001-G-F-0275-001,Black and White Photos of the Tau Family,"בלי תאריך, תמונות שחור/לבן של רות טאו Ruth Tau, פריץ טאו Fritz Tau, משק טאו בבית יצחק, טובה טאו Towa Tau, פרידל טאו Friedel Tau","Ohne Datum, Schwarz-Weiß-Fotos von Ruth Tau, Fritz Tau, Tau Farm in Beit Yitzhak, Towa Tau, Friedel Tau","No date, black and white photos of Ruth Tau, Fritz Tau, Tau Farm in Beit Yitzhak, Towa Tau, Friedel Tau",Unspecified,תצלום|Photograph,photography,original,,,,,
IL-MTFN-001-G-F-0277-001-R0008,IL-MTFN-001-G-F-0277-001,Photograph of Red Cross Nurses and Military Personnel,תמונה מצולמת בשדה אחרי קבורתם של חללים הקהל הוא אנשי צבא ואחיות בשירות הצלב האדום; פאולה קופל Paula Koppel (אמה של תורמת העזבון) אחות בשירות הצלב האדום עומדת בשורה ראשונה רביעית מימין.,"Ein Foto aufgenommen auf einem Feld nach der Beerdigung von Gefallenen. Das Publikum besteht aus Militärangehörigen und Krankenschwestern im Dienst des Roten Kreuzes; Paula Koppel (die Mutter der Nachlassgeberin), eine Krankenschwester im Dienst des Roten Kreuzes, steht in der ersten Reihe, vierte von rechts.","A photograph taken in a field after the burial of fallen soldiers. The audience consists of military personnel and nurses in the service of the Red Cross; Paula Koppel (the mother of the estate donor), a nurse in the service of the Red Cross, stands in the first row, fourth from the right.",Irrelevant,תצלום|Photograph,photography,original,Paula Koppel,,,,
IL-MTFN-001-G-F-0277-001-R0009,IL-MTFN-001-G-F-0277-001,Paula Kopel with Military Medics in Hamburg,תמונה של פאולה קופל בחברתם של חובשים ורופאים צבאיים בחזית בית חולים בהמבורג.,Ein Bild von Paula Kopel in Gesellschaft von Sanitätern und Militärärzten vor einem Krankenhaus in Hamburg.,A picture of Paula Kopel in the company of medics and military doctors at the front of a hospital in Hamburg.,Unspecified,תצלום|Photograph,photography,original,Paula Kopel,,,,
IL-MTFN-001-G-F-0277-001-R0014,IL-MTFN-001-G-F-0277-001,Scans of Paintings by Dr. Erich Nassau,"ב-14.06.2006 הפקידה גב' גנס;קופל סריקה של 19 ציורים שנעשו בשנות ה-40 למאה ה-20 ע""י רופא הילדים ד""ר אריך נסאו בעת הפנאי בבית חולים העמק. הציורים נמצצאים ברשותה של גב' גנס;קופל כי ד""ר נסאו הרבה לצייר את חברו ד""ר גנס שהיה בעלה הראשון של הגברת. בתיק יש גם CD עם הציורים (ציור 16 לא ב-CD).","Am 14.06.2006 hinterlegte Frau Gans-Koppel eine Scan von 19 Gemälden, die in den 40er Jahren des 20. Jahrhunderts von dem Kinderarzt Dr. Erich Nassau in seiner Freizeit im Emek-Krankenhaus angefertigt wurden. Die Gemälde befinden sich im Besitz von Frau Gans-Koppel, da Dr. Nassau häufig seinen Freund Dr. Gans malte, der der erste Ehemann der Dame war. In der Akte befindet sich auch eine CD mit den Gemälden (Gemälde 16 ist nicht auf der CD).","On 14.06.2006, Mrs. Gans-Koppel deposited a scan of 19 paintings made in the 1940s by the pediatrician Dr. Erich Nassau during his leisure time at Emek Hospital. The paintings are in the possession of Mrs. Gans-Koppel because Dr. Nassau often painted his friend Dr. Gans, who was the lady's first husband. The file also contains a CD with the paintings (painting 16 is not on the CD).",Hebrew,ציור|Painting,drawing,original,Dr. Erich Nassau,1940,,,
IL-MTFN-001-G-F-0280-001-R0001,IL-MTFN-001-G-F-0280-001,Portrait Photo 1962,תמונת דיוקן משנת 1962.,Porträtfoto aus dem Jahr 1962.,Portrait photo from 1962.,Irrelevant,תצלום|Photograph,photography,original,,1962,,,
IL-MTFN-001-G-F-0280-001-R0004,IL-MTFN-001-G-F-0280-001,Photograph of Machane Tatura Synagogue Painting,"צילום בשחור/לבן של ציור בית הכנסת המחנה טטורה באוסטרליה. הציור צויר ע""י א. פביאן ב-1942. ציור זהה תלוי במוזיאון כאן (ראה הסבר ב""הערות"" למטה).","Schwarzweiß-Fotografie eines Gemäldes der Synagoge Machane Tatura in Australien. Das Gemälde wurde 1942 von A. Fabian gemalt. Ein identisches Gemälde hängt hier im Museum (siehe Erklärung unten in den ""Anmerkungen"").","Black and white photograph of a painting of the Machane Tatura Synagogue in Australia. The painting was painted by A. Fabian in 1942. An identical painting hangs in the museum here (see explanation in ""Notes"" below).",Irrelevant|לא רלוונטי,תצלום|Photograph,photography,copy,,1942,,,
IL-MTFN-001-G-F-0280-001-R0014,IL-MTFN-001-G-F-0280-001,Paintings of Camps Hay and Tatura by Theodor Engel,"1 ציור של מחנה היי Hay ב-1941 & 2 ציורים של מחנה טטורה Tatura ב-1942. צוירו בצבעי מים ע""י Theodor Engel עצור במחנות. שלושת הציורים מוצגים בשולחן התצוגה ""ציונות"".","1 Zeichnung des Lagers Hay im Jahr 1941 & 2 Zeichnungen des Lagers Tatura im Jahr 1942. Gemalt mit Aquarellfarben von Theodor Engel, einem Insassen der Lager. Die drei Zeichnungen werden auf dem Ausstellungstisch ""Zionismus"" gezeigt.","1 painting of Camp Hay in 1941 & 2 paintings of Camp Tatura in 1942. Painted in watercolor by Theodor Engel, a detainee in the camps. The three paintings are displayed on the ""Zionism"" display table.",Unspecified,ציור|Painting,drawing,original,Theodor Engel,1942,,,
IL-MTFN-001-G-F-0287-001-R0003,IL-MTFN-001-G-F-0287-001,Portrait of Ruth and Donor with Grandchild,"תמונת דיוקן של הילדה רות ותמונה אחת של התורמת עם אחד מנכדיה,חייל, מ-2006.","Porträtfoto des Mädchens Ruth und ein Foto der Spenderin mit einem ihrer Enkelkinder, einem Soldaten, aus dem Jahr 2006.","Portrait photo of the girl Ruth and one photo of the donor with one of her grandchildren, a soldier, from 2006.",Irrelevant,תצלום|Photograph,photography,original,,2006,,,
IL-MTFN-001-G-F-0287-001-R0005,IL-MTFN-001-G-F-0287-001,תמונה של רות מץ עם הנכד החייל,"תמונה של רות מץ לבית הרטמן עם הנכד החייל, שגיא דואק, 2006.","Ein Bild von Ruth Metz, geborene Hartman, mit dem Enkel, dem Soldaten Sagiv Doak, 2006.","A picture of Ruth Metz, née Hartman, with her grandson, the soldier Sagiv Doak, 2006.",Irrelevant,תצלום|Photograph,photography,original,רות מץ|שגיא דואק,2006,,,
IL-MTFN-001-G-F-0287-001-R0006,IL-MTFN-001-G-F-0287-001,"Childhood Picture of Ruth Hartman in Hamburg, 1939","תמונה של רות הרטמן בילדותה, צולמה בהמבורג לפני העליה לאניה להפלגה לבוליביה, 1939.","Ein Bild von Ruth Hartman in ihrer Kindheit, aufgenommen in Hamburg vor der Einschiffung nach Bolivien, 1939.","A picture of Ruth Hartman in her childhood, taken in Hamburg before boarding the ship to Bolivia, 1939.",Unspecified,תצלום|Photograph,photography,original,Ruth Hartman,1939,,,
IL-MTFN-001-G-F-0288-001-R0001,IL-MTFN-001-G-F-0288-001,Photographs of Scientist with Weizmann and Oppenheimer,"תמונות של המדען, עם חיים ויצמן, עם רוברט אופנהיימר, במכון זיו.","Bilder des Wissenschaftlers, mit Chaim Weizmann, mit Robert Oppenheimer, im Ziv-Institut.","Pictures of the scientist, with Chaim Weizmann, with Robert Oppenheimer, at the Ziv Institute.",Unspecified,תצלום|Photograph,photography,original,,,,,
IL-MTFN-001-G-F-0290-001-R0007,IL-MTFN-001-G-F-0290-001,Pencil Drawing of a Catholic Church by Chava Gelman,ציור בעפרון של כנסיה קתולית שציירה חוה גלמן (הקשר לא ידוע).,"Bleistiftzeichnung einer katholischen Kirche, gezeichnet von Chava Gelman (Zusammenhang unbekannt).",Pencil drawing of a Catholic church drawn by Chava Gelman (context unknown).,Unspecified,ציור|Painting,drawing,original,חוה גלמן,,,,
IL-MTFN-001-G-F-0290-003-R0008,IL-MTFN-001-G-F-0290-003,Portrait Photos of Theodor Miller,2 תמונות דיוקן של תאודור מילר.,2 Porträtfotos von Theodor Miller.,2 portrait photos of Theodor Miller.,Unspecified,תצלום|Photograph,photography,original,Theodor Miller,,,,
IL-MTFN-001-G-F-0290-004-R0007,IL-MTFN-001-G-F-0290-004,Portrait Drawing of Simon Hirsch,ציור דיוקן (במצב לא טוב) של סימון הירש אביה של רגינה מילר לבית הירש אמו של פרידריך מילר.,"Porträtzeichnung (in schlechtem Zustand) von Simon Hirsch, Vater von Regina Miller, geborene Hirsch, Mutter von Friedrich Miller.","Portrait drawing (in poor condition) of Simon Hirsch, father of Regina Miller, née Hirsch, mother of Friedrich Miller.",Unspecified,ציור|Painting,drawing,original,Simon Hirsch,,,,
IL-MTFN-001-G-F-0293-001-R0001,IL-MTFN-001-G-F-0293-001,CD with 1930s Photographs,"היא העלתה את התמונות מהאלבום על CD, ב-CD צילומים משנות ה-30 למאה ה-20 של חיפה, תל;אביב, ירושלים, הכנרת, עין;חרוד; צילומי בניינים ונופים בשחור לבן.","Sie hat die Fotos aus dem Album auf eine CD geladen, auf der CD befinden sich Aufnahmen aus den 1930er Jahren von Haifa, Tel Aviv, Jerusalem, dem See Genezareth, Ein Harod; Schwarz-Weiß-Aufnahmen von Gebäuden und Landschaften.","She uploaded the photos from the album onto a CD, on the CD there are photographs from the 1930s of Haifa, Tel Aviv, Jerusalem, the Sea of Galilee, Ein Harod; black and white photographs of buildings and landscapes.",Unspecified,תצלום|Photograph,photography,original,,,,,
IL-MTFN-001-G-F-0297-001-R0002,IL-MTFN-001-G-F-0297-001,Herzl Photos,שתי תמונות על ניר קשיח : הרצל על המרפסת בבזל + הרצל על רקע ירושלים.,Zwei Fotos auf festem Papier: Herzl auf dem Balkon in Basel + Herzl vor der Kulisse Jerusalems.,Two photos on hard paper: Herzl on the balcony in Basel + Herzl against the backdrop of Jerusalem.,Unspecified,תצלום|Photograph,photography,original,,,,,
IL-MTFN-001-G-F-0302-001-R0001,IL-MTFN-001-G-F-0302-001,Portrait Photograph of Irma Lauer,צילום תמונת דיוקן של אירמה לאואר Irma Lauer לבית קמינר Kaminer.,Fotografie eines Porträts von Irma Lauer geborene Kaminer.,Photograph of a portrait of Irma Lauer née Kaminer.,Unspecified,תצלום|Photograph,photography,copy,Irma Lauer,,,,
IL-MTFN-001-G-F-0304-001-R0003,IL-MTFN-001-G-F-0304-001,DVD of Artist and Art in Safed Studio,"DVD בו ניתן לצפות על האמן ואמנותו בסטודיו שלו בצפת, גם רעיתו מוצגת.","DVD, auf der man den Künstler und seine Kunst in seinem Studio in Safed sehen kann, auch seine Frau wird gezeigt.","DVD where you can watch the artist and his art in his studio in Safed, also his wife is presented.",Unspecified,לא מזוהה,other,original,,,,,
IL-MTFN-001-G-F-0304-001-R0004,IL-MTFN-001-G-F-0304-001,DVD about Bruchsal Synagogue and Leo Cohen's Murals,"DVD בגרמנית ""Unter unserm himmel;Hainsfarth hatte einen Rabbi"" על בית הכנסת ב-Bruchsal ציורי הקיר של לאו כהן, על היהודים שחיו שם עד לעליית הנאצים, השיפוצים בבית הכנסת אחרי שברייך השלישי נעשה בו הרס בידי מורה מהמקום יחד עם תלמידיו (מתוך הסרט). אורך הסרט 38 דקות. את הסרט עשתה Sibylle Tiedemann.","DVD auf Deutsch ""Unter unserm himmel; Hainsfarth hatte einen Rabbi"" über die Synagoge in Bruchsal, die Wandmalereien von Leo Cohen, über die Juden, die dort bis zum Aufstieg der Nazis lebten, die Renovierungen in der Synagoge nach der Zerstörung im Dritten Reich durch einen Lehrer aus der Gegend zusammen mit seinen Schülern (aus dem Film). Die Länge des Films beträgt 38 Minuten. Der Film wurde von Sibylle Tiedemann gemacht.","DVD in German ""Unter unserm himmel; Hainsfarth hatte einen Rabbi"" about the synagogue in Bruchsal, the murals by Leo Cohen, about the Jews who lived there until the rise of the Nazis, the renovations in the synagogue after the destruction in the Third Reich by a local teacher together with his students (from the film). The length of the film is 38 minutes. The film was made by Sibylle Tiedemann.",German,לא מזוהה,other,original,Sibylle Tiedemann,,,,
IL-MTFN-001-G-F-0304-002-R0001,IL-MTFN-001-G-F-0304-002,Album of Leo Cohen's Frescoes in Bruchsal Synagogue,אלבום עם צילומי שחור/לבן של הפרסקות של לאו כהן בבית הכנסת ב- Bruchsal אותם יצר ב-1927/28 + טקסטים בגרמנית בכתב יד על היצירה ובית הכנסת.,"Album mit Schwarz-Weiß-Fotografien der Fresken von Leo Cohen in der Synagoge in Bruchsal, die er 1927/28 geschaffen hat, sowie handschriftliche Texte auf Deutsch über das Werk und die Synagoge.","Album with black and white photographs of the frescoes by Leo Cohen in the synagogue in Bruchsal, which he created in 1927/28, plus handwritten texts in German about the work and the synagogue.",German|Hebrew,תצלום|Photograph,photography,original,Leo Cohen,1927-1928,,,
IL-MTFN-001-G-F-0305-001-R0003,IL-MTFN-001-G-F-0305-001,"Photograph of Pages from Gartenbauschule Ahlem, 1913","צילום דפים של Israel. Gartenbauschule Ahlem bei Hannover, Lehranstalt für Gartenbau und Handwerk, Abteilung II: Landerzeihungsheim für Schulfplichtige Knaben; 1913","Fotografie von Seiten von Israel. Gartenbauschule Ahlem bei Hannover, Lehranstalt für Gartenbau und Handwerk, Abteilung II: Landerzeihungsheim für Schulpflichtige Knaben; 1913","Photograph of pages of Israel. Gartenbauschule Ahlem near Hannover, Institute for Horticulture and Craft, Department II: Country Education Home for School-Age Boys; 1913",German,תצלום|Photograph,photography,copy,,1913,,,
IL-MTFN-001-G-F-0305-001-R0007,IL-MTFN-001-G-F-0305-001,"Picture of Ruti Ofek, Prof. Ruth Enis and German Historians","תמונה של רותי אופק, פרופ'. רות אניס וקבוצה של היסטוריונים מגרמניה; 2000","Bild von Ruti Ofek, Prof. Ruth Enis und einer Gruppe von Historikern aus Deutschland; 2000","Picture of Ruti Ofek, Prof. Ruth Enis and a group of historians from Germany; 2000",Irrelevant,תצלום|Photograph,photography,original,,2000,,,
IL-MTFN-001-G-F-0306-001-R0005,IL-MTFN-001-G-F-0306-001,Photograph of Gideon Calvary's Family Tree,"1924, צילום של אילן יוחסין Ahnentafel של Gideon Calvary.","1924, Foto eines Ahnentafel-Stammbaums von Gideon Calvary.","1924, photograph of a family tree Ahnentafel of Gideon Calvary.",Other|אחר,תצלום|Photograph,photography,copy,Gideon Calvary,1924,,,
IL-MTFN-001-G-F-0306-001-R0010,IL-MTFN-001-G-F-0306-001,"Picture of Children/Youth, Messingwerk 1912","1912, תמונה של ילדים/נוער עם הכותרת Messingwerk 11.8.12.","1912, Bild von Kindern/Jugendlichen mit dem Titel Messingwerk 11.8.12.","1912, picture of children/youth with the title Messingwerk 11.8.12.",Irrelevant,תצלום|Photograph,photography,original,,1912-08-11,,,
IL-MTFN-001-G-F-0306-001-R0011,IL-MTFN-001-G-F-0306-001,Photos of Aharon Hirsch,"בלי תאריך, 2 תמונות עם אהרון הירש, אחד תמונת פורטרט, השני בכניסה לביתו.","Ohne Datum, 2 Fotos mit Aharon Hirsch, eines ein Porträtfoto, das andere am Eingang seines Hauses.","Without date, 2 photos with Aharon Hirsch, one a portrait photo, the other at the entrance to his house.",Unspecified,תצלום|Photograph,photography,original,אהרון הירש,,,,
IL-MTFN-001-G-F-0309-001-R0001,IL-MTFN-001-G-F-0309-001,Scanned Image of Dr. A. Perlmutter,"תמונה סרוקה של רופא השיניים דר' א. פרלמוטר (התווספה ב-11.04.2009, נשלחה ע""י הבן, אריה)","Ein gescanntes Bild von Zahnarzt Dr. A. Perlmutter (hinzugefügt am 11.04.2009, gesendet von seinem Sohn, Arie)","A scanned image of dentist Dr. A. Perlmutter (added on 11.04.2009, sent by his son, Aryeh)",Unspecified,תצלום|Photograph,photography,original,Dr. A. Perlmutter,,2009-04-11,,
IL-MTFN-001-G-F-0310-001-R0003,IL-MTFN-001-G-F-0310-001,Laundry Interior and Logo,2 תמונות מפנים המכבסה והאותו של המכבסה עם הלוגו שלה.,2 Bilder aus dem Inneren der Wäscherei und das Logo der Wäscherei.,2 pictures from inside the laundry and the logo of the laundry.,Irrelevant|לא רלוונטי,תצלום|Photograph|אלמנט גרפי|Graphic Element,photography,original,,,,,
IL-MTFN-001-G-F-0311-001-R0004,IL-MTFN-001-G-F-0311-001,Photograph of Synagogue Interior with Gustav Meinert,צילום פנים בית הכנסת בו עלה גוסטב מיינרט לתורה; לפני ואחרי הרס ליל הבדולח.,"Innenaufnahme der Synagoge, in der Gustav Meinert zur Torah aufgerufen wurde; vor und nach der Zerstörung der Kristallnacht.",Interior photograph of the synagogue where Gustav Meinert was called to the Torah; before and after the destruction of Kristallnacht.,Irrelevant,תצלום|Photograph,photography,original,Gustav Meinert,,,,
IL-MTFN-001-G-F-0323-001-R0002,IL-MTFN-001-G-F-0323-001,Photographs of Alfred Glass,"צילומים של 2 תמונות בהן מצולם בין היתר אלפרד גלס, שהיה ספורטאי / שחיה.","Fotos von 2 Bildern, darunter Alfred Glass, der ein Sportler/Schwimmer war.","Photographs of 2 pictures featuring, among others, Alfred Glass, who was an athlete/swimmer.",Unspecified,תצלום|Photograph,photography,copy,אלפרד גלס,,,,
IL-MTFN-001-G-F-0323-001-R0004,IL-MTFN-001-G-F-0323-001,Postcards of Austrian Actors,תמונות (גלויות) של שחקנים אוסטרים; אחד מהם יהודי Adolf von Sonnenthal.,Bilder (Postkarten) von österreichischen Schauspielern; einer von ihnen ist der Jude Adolf von Sonnenthal.,Pictures (postcards) of Austrian actors; one of them is the Jew Adolf von Sonnenthal.,Unspecified,גלויה|Postcard,photography,original,Adolf von Sonnenthal,,,,
IL-MTFN-001-G-F-0325-001-R0002,IL-MTFN-001-G-F-0325-001,Portrait of Dr. Max Philipp,"תמונת דיוקן של ד""ר מקס פיליפ.",Porträtfoto von Dr. Max Philipp.,Portrait photograph of Dr. Max Philipp.,Unspecified,תצלום|Photograph,photography,original,Dr. Max Philipp,,,,
IL-MTFN-001-G-F-0337-001-R0001,IL-MTFN-001-G-F-0337-001,"Passover Seder Night 1917, Brussels","תמונה מליל סדר פסח שנת 1917, בריסל.","Bild von der Pessach-Seder-Nacht 1917, Brüssel.","Picture from the Passover Seder night 1917, Brussels.",Irrelevant,תצלום|Photograph,photography,original,,1917,,,
IL-MTFN-001-G-F-0340-001-R0001,IL-MTFN-001-G-F-0340-001,Original Engravings from 1929,2 תחריטים (שחור/לבן) מקוריים מ-1929 חתומים; קשה לזהות את השם.,2 originale Radierungen (schwarz/weiß) von 1929 signiert; der Name ist schwer zu erkennen.,2 original engravings (black/white) from 1929 signed; the name is hard to identify.,Unspecified,ציור|Painting,drawing,original,,1929,,,
IL-MTFN-001-G-F-0340-001-R0002,IL-MTFN-001-G-F-0340-001,Prints by Rachel Szalit,3 הדפסים (שחור/לבן) של הציירת היהודיה רחל שליט (מאוחר יותר שליט;מרכוס 1896;1942. Rachel Szalit;Marccus.,3 Drucke (schwarz/weiß) der jüdischen Malerin Rachel Szalit (später Szalit; Marcus 1896; 1942. Rachel Szalit; Marccus.,3 prints (black/white) by the Jewish painter Rachel Szalit (later Szalit; Marcus 1896; 1942. Rachel Szalit; Marccus.,Unspecified,אלמנט גרפי|Graphic Element,print,original,Rachel Szalit,,,,
IL-MTFN-001-G-F-0340-001-R0003,IL-MTFN-001-G-F-0340-001,"Engraving by Menachem, 1919","תחריט (שחור/לבן) שם האומן מנחם ... שם משפחה לא מזוהה, 1919.","Gravur (schwarz/weiß) Name des Künstlers Menachem ... Nachname unbekannt, 1919.","Engraving (black/white) artist's name Menachem ... last name unknown, 1919.",Unspecified,ציור|Painting,drawing,original,Menachem,1919,,,
IL-MTFN-001-G-F-0340-001-R0004,IL-MTFN-001-G-F-0340-001,Portrait Drawing by Ludwig Meidner,"רישום דיוקן (ככל הנראה של פרנץ ורפל) ע""י לודוויג מיידנר (1884;1966) Ludwig Meidner 1928.",Porträtzeichnung (vermutlich von Franz Werfel) von Ludwig Meidner (1884;1966) Ludwig Meidner 1928.,Portrait drawing (presumably of Franz Werfel) by Ludwig Meidner (1884;1966) Ludwig Meidner 1928.,Unspecified,ציור|Painting,drawing,original,Franz Werfel,1928,,,
IL-MTFN-001-G-F-0340-001-R0005,IL-MTFN-001-G-F-0340-001,Engraving by Jakob Steinhardt 1928,תחריט של יעקב שטיינהרדט 1928.,Radierung von Jakob Steinhardt 1928.,Engraving by Jakob Steinhardt 1928.,Unspecified,ציור|Painting,drawing,original,Jakob Steinhardt,1928,,,
IL-MTFN-001-G-F-0340-001-R0006,IL-MTFN-001-G-F-0340-001,"Pencil Drawing and Engraving by Erich Brauer, 1919","רישום בעיפרון של אריך בראואר Erich Brauer, 1919 ותחריט (שחור/לבן) עם הקדשה.","Bleistiftzeichnung von Erich Brauer, 1919 und Radierung (schwarz/weiß) mit Widmung.","Pencil drawing by Erich Brauer, 1919 and engraving (black/white) with dedication.",Unspecified,ציור|Painting,drawing,original,Erich Brauer,1919,,,
IL-MTFN-001-G-F-0340-001-R0007,IL-MTFN-001-G-F-0340-001,פורטרייט של אריך בראואר,תדפיס (שחור/לבן) חתימה לא מזוהה; פורטרייט של אריך בראואר (שחור/לבן) לא ידוע מי עשה.,"Druck (schwarz/weiß) unbekannte Unterschrift; Porträt von Erich Brauer (schwarz/weiß) unbekannt, wer es gemacht hat.",Print (black/white) unidentified signature; portrait of Erich Brauer (black/white) unknown who made it.,Unspecified|לא צוין,תצלום|Photograph,print,original,אריך בראואר,,,,
IL-MTFN-001-G-F-0340-001-R0010,IL-MTFN-001-G-F-0340-001,"Design for 'Mossad Ahava' Building by Käthe Bar, 1936","תכנון/שרטוט צבעוני שעשתה קתה בר לבנין ""מוסד אהבה"" בקריאת ביאליק, 1936.","Farbiger Entwurf/Zeichnung von Käthe Bar für das Gebäude 'Mossad Ahava' in Kiryat Bialik, 1936.","Colorful design/drawing made by Käthe Bar for the 'Mossad Ahava' building in Kiryat Bialik, 1936.",Unspecified,ציור|Painting,drawing,original,Käthe Bar,1936,,,
IL-MTFN-001-G-F-0340-001-R0014,IL-MTFN-001-G-F-0340-001,Theater Puppets Photographs and Sketches,תצלומים וסקיצות של בובות תיאטרון.,Fotos und Skizzen von Theaterpuppen.,Photographs and sketches of theater puppets.,Unspecified,תצלום|Photograph|סקיצה|Sketch,photography|drawing,original,,,,,
IL-MTFN-001-G-F-0340-001-R0016,IL-MTFN-001-G-F-0340-001,Photos of Rachel Dror and Rachel Plaot,תמונות של רחל דרור ורחל פלאות.,Fotos von Rachel Dror und Rachel Plaot.,Photos of Rachel Dror and Rachel Plaot.,Unspecified,תצלום|Photograph,photography,original,,,,,
IL-MTFN-001-G-F-0341-001-R0001,IL-MTFN-001-G-F-0341-001,Family House in Breslau,תמונות של בית המשפחה בברסלאו ששימש גם כאובסרבטוריום.,"Fotos des Familienhauses in Breslau, das auch als Observatorium diente.","Photos of the family house in Breslau, which also served as an observatory.",Unspecified,תצלום|Photograph,photography,original,,,,,
IL-MTFN-001-G-F-0341-001-R0002,IL-MTFN-001-G-F-0341-001,Pictures of Rudolf Feige in Agrometeorological Delegation,"תמונות של רודולף פייגה בין היתר כחבר משלחת אגרימטאורולוגית, שהוזמנה ליצג את הישוב בארץ בארה""ב.","Bilder von Rudolf Feige, unter anderem als Mitglied einer agrarmeteorologischen Delegation, die eingeladen wurde, die Siedlung im Land in den USA zu vertreten.","Pictures of Rudolf Feige, among others, as a member of an agrometeorological delegation invited to represent the settlement in the country in the USA.",Unspecified,תצלום|Photograph,photography,original,Rudolf Feige,,,,
IL-MTFN-001-G-F-0341-001-R0007,IL-MTFN-001-G-F-0341-001,Photos of Dr. Salomon,"2 תמונות של ד""ר סלומון (קצין רפואה בצבא הבריטי; מידע נתן מר יהויכין פייגה).",2 Fotos von Dr. Salomon (Sanitätsoffizier in der britischen Armee; Information gegeben von Herrn Jehoiachin Feige).,2 photos of Dr. Salomon (medical officer in the British Army; information provided by Mr. Jehoiachin Feige).,Unspecified,תצלום|Photograph,photography,original,Dr. Salomon,,,,
IL-MTFN-001-G-F-0341-003-R0002,IL-MTFN-001-G-F-0341-003,Pictures of Rudolf and Friends,תמונות של רודולף וחברים.,Bilder von Rudolf und Freunden.,Pictures of Rudolf and friends.,Unspecified,תצלום|Photograph,photography,original,,,,,
IL-MTFN-001-G-F-0341-009-R0004,IL-MTFN-001-G-F-0341-009,Scientific Drawings,ציורים (מדעיים).,Zeichnungen (wissenschaftlich).,Drawings (scientific).,Unspecified,ציור|Painting,drawing,original,,,,,
IL-MTFN-001-G-F-0341-012-R0012,IL-MTFN-001-G-F-0341-012,Sinai Expedition 1927 Results Photo,12. Ergebnissen der Sinai;Expedition 1927 der Hebräischen Universität צילום.,12. Ergebnisse der Sinai-Expedition 1927 der Hebräischen Universität Foto.,12. Results of the Sinai Expedition 1927 of the Hebrew University photo.,Unspecified,תצלום|Photograph,photography,copy,,1927,,,
IL-MTFN-001-G-F-0341-015-R0005,IL-MTFN-001-G-F-0341-015,Excerpt from A. Grenfell Price's Book on White Settlement in the Tropics,"23. צילום, קטע מתוך ספרו של A. Grenfell Price על התישבות לבנים באיזור הטרופי Weite Settlers in Tropics. הנושא בקטע זה על הפיגמנטים. הספר יצא לאור בניו;יורק 1939. 3 עמודים.","23. Foto, Ausschnitt aus dem Buch von A. Grenfell Price über die Besiedlung von Weißen in den Tropen Weite Settlers in Tropics. Das Thema in diesem Abschnitt sind die Pigmente. Das Buch wurde 1939 in New York veröffentlicht. 3 Seiten.","23. Photograph, excerpt from the book by A. Grenfell Price on White Settlement in the Tropics Weite Settlers in Tropics. The subject in this section is about pigments. The book was published in New York in 1939. 3 pages.",English,תצלום|Photograph,photography,copy,A. Grenfell Price,,1939,,3
IL-MTFN-001-G-F-0341-015-R0007,IL-MTFN-001-G-F-0341-015,Photograph of Chapter XIX from William Hatfield's Book,"25. צילום פרק מתוך הספר של William Hatfield של וילהלם הטפילד עם הכותרת:; Australia Through The Windscreen. הפרק המצולם (פרק XIX) מתייחס למדבר. הספר נכתב ב-1941. אנגלית, 12 עמודים.","Fotografie eines Kapitels aus dem Buch von William Hatfield mit dem Titel: Australia Through The Windscreen. Das fotografierte Kapitel (Kapitel XIX) bezieht sich auf die Wüste. Das Buch wurde 1941 geschrieben. Englisch, 12 Seiten.","Photograph of a chapter from the book by William Hatfield titled: Australia Through The Windscreen. The photographed chapter (Chapter XIX) refers to the desert. The book was written in 1941. English, 12 pages.",English,תצלום|Photograph,photography,copy,William Hatfield,1941,,,12
IL-MTFN-001-G-F-0341-015-R0008,IL-MTFN-001-G-F-0341-015,Photograph of a Chapter from From Physical Climatology by Helmut Landsberg,"26. צילום, פרק מתוך הספר From Physical Climatology שנכתב ע""י הלמוט לנדסברג Helmut Landsberg בשנת 1941.","26. Fotografie, Kapitel aus dem Buch From Physical Climatology, geschrieben von Helmut Landsberg im Jahr 1941.","26. Photograph, chapter from the book From Physical Climatology written by Helmut Landsberg in 1941.",English,תצלום|Photograph,photography,copy,Helmut Landsberg,1941,,,
IL-MTFN-001-G-F-0341-015-R0009,IL-MTFN-001-G-F-0341-015,Photograph of a Book Chapter: Delayed Foliation of PecanTrees in Arizona,"27. צילום, פרק מתוך ספר עם הכותרת: Delayed Foliation of PecanTrees in Arizona, שנת 1941.","27. Foto, Kapitel aus einem Buch mit dem Titel: Delayed Foliation of PecanTrees in Arizona, Jahr 1941.","27. Photograph, chapter from a book titled: Delayed Foliation of PecanTrees in Arizona, year 1941.",English,תצלום|Photograph,photography,copy,,1941,,,
IL-MTFN-001-G-F-0341-015-R0010,IL-MTFN-001-G-F-0341-015,Photograph of Book Excerpt: A Rapid Method of Determining When a Plant is Killed,"28. צילום, קטע מתוך ספר עם הכותרת: A Rapid Method of Determining When a Plant is Killed;","28. Foto, Ausschnitt aus einem Buch mit dem Titel: Eine schnelle Methode zur Bestimmung, wann eine Pflanze getötet wird;","28. Photograph, excerpt from a book with the title: A Rapid Method of Determining When a Plant is Killed;",English,תצלום|Photograph,photography,copy,,,,,
IL-MTFN-001-G-F-0341-015-R0011,IL-MTFN-001-G-F-0341-015,Photograph from Peach and Nectarine Varieties Book,"29. צילום, מתוך הספר An Evaluetion of Peach and Nactarine Varieties in Term of WinterChilling Requirements and Breeding Possibilities;","29. Foto, aus dem Buch An Evaluation of Peach and Nectarine Varieties in Terms of Winter Chilling Requirements and Breeding Possibilities;","29. Photograph, from the book An Evaluation of Peach and Nectarine Varieties in Terms of Winter Chilling Requirements and Breeding Possibilities;",English,תצלום|Photograph,photography,copy,,,,,
IL-MTFN-001-G-F-0341-015-R0012,IL-MTFN-001-G-F-0341-015,"Photograph from Further Study in Relationship between Fruit and Air, 1941","30. צילום, מתוך הספר Further Study in Relationship between Fruit and Air, משנת 1941.","30. Fotografie, aus dem Buch Further Study in Relationship between Fruit and Air, aus dem Jahr 1941.","30. Photograph, from the book Further Study in Relationship between Fruit and Air, from the year 1941.",English,תצלום|Photograph,photography,copy,,1941,,,
IL-MTFN-001-G-F-0341-015-R0016,IL-MTFN-001-G-F-0341-015,"Photograph: Australia through the Windscreen, 1942","34. צילום, Australia through the windscree The Sun and the Ionosphere משנת 1942, 4 עמודים.","34. Foto, Australien durch die Windschutzscheibe The Sun and the Ionosphere aus dem Jahr 1942, 4 Seiten.","34. Photograph, Australia through the windscreen The Sun and the Ionosphere from 1942, 4 pages.",English,תצלום|Photograph,photography,copy,,1942,,,4
IL-MTFN-001-G-F-0341-015-R0017,IL-MTFN-001-G-F-0341-015,"Photograph and Article Extract from the Atmosphere, 1942","35. צילום, מאמר Extract from the Atmosphere, משנת 1942.","35. Foto, Artikel Auszug aus der Atmosphäre, aus dem Jahr 1942.","35. Photograph, Article Extract from the Atmosphere, from the year 1942.",Unspecified,תצלום|Photograph|מאמר|Article,,copy,,1942,,,
IL-MTFN-001-G-F-0341-015-R0018,IL-MTFN-001-G-F-0341-015,Photograph of W.J.Wittkower's Work,"36. צילום, עבודה של ויטקובר W.J.Wittkower עם הכותרת:; Bauliche Gestaltung Klimatisch Gesunder Wihnraum in Palästina הצילומים שמורים בתוך הכריכה המקורית של העבודה, גרמנית 5 עמודים (כפי הנראה לא בשלמותה), ללא תאריך.","36. Fotografie, Arbeit von Wittkower W.J.Wittkower mit dem Titel: Bauliche Gestaltung Klimatisch Gesunder Wihnraum in Palästina. Die Fotografien sind in der Originalbindung der Arbeit aufbewahrt, Deutsch, 5 Seiten (anscheinend nicht vollständig), ohne Datum.","36. Photograph, work by Wittkower W.J.Wittkower with the title: Bauliche Gestaltung Klimatisch Gesunder Wihnraum in Palästina. The photographs are kept within the original binding of the work, German, 5 pages (apparently not complete), without date.",German,תצלום|Photograph,photography,copy,W.J.Wittkower,,,,5
IL-MTFN-001-G-F-0341-029-R0001,IL-MTFN-001-G-F-0341-029,Framed Picture of Dr. Rudolf Feige,"תמונה ממוסגרת של ד""ר רודולף פייגה 1889;1948;",Gerahmtes Bild von Dr. Rudolf Feige 1889;1948;,Framed picture of Dr. Rudolf Feige 1889;1948;,Unspecified,תצלום|Photograph,photography,original,Dr. Rudolf Feige,,,,
IL-MTFN-001-G-F-0348-001-R0001,IL-MTFN-001-G-F-0348-001,Portrait of Ludwig Strauss,תמונת דיוקן של לודויג שטראוס,Porträtfoto von Ludwig Strauss,Portrait photo of Ludwig Strauss,Unspecified,תצלום|Photograph,photography,original,Ludwig Strauss,,,,
IL-MTFN-001-G-F-0350-001-R0002,IL-MTFN-001-G-F-0350-001,Portrait Photos of Leon Heymans,שתי תמונות דיוקו של ליאון היימנס.,Zwei Porträtfotos von Leon Heymans.,Two portrait photos of Leon Heymans.,Unspecified,תצלום|Photograph,photography,original,ליאון היימנס,,,,
IL-MTFN-001-G-F-0350-001-R0007,IL-MTFN-001-G-F-0350-001,Family Heymans Picture,תמונה של כל משפחת היימנס.,Ein Bild der gesamten Familie Heymans.,A picture of the entire Heymans family.,Irrelevant,תצלום|Photograph,photography,original,היימנס,,,,
IL-MTFN-001-G-F-0350-001-R0008,IL-MTFN-001-G-F-0350-001,Tombstone of Solomon and Martha Linz,"תמונת מצבת הקבר לסלומון ומרתה לינץ, קלן.","Bild des Grabsteins von Salomon und Martha Linz, Köln.","Picture of the tombstone of Solomon and Martha Linz, Cologne.",Irrelevant|לא רלוונטי,תצלום|Photograph,photography,original,,,,,
IL-MTFN-001-G-F-0352-003-R0001,IL-MTFN-001-G-F-0352-003,Children in School Uniforms,"תמונת ילדים במדי בי""ס (גרמניה?).",Bild von Kindern in Schuluniformen (Deutschland?).,Picture of children in school uniforms (Germany?).,Unspecified,תצלום|Photograph,photography,original,,,,,
IL-MTFN-001-G-F-0352-003-R0002,IL-MTFN-001-G-F-0352-003,Photos of Soldiers from World War I,"2 תמונות של חיילים, מלח""ע I.","2 Fotos von Soldaten, Erster Weltkrieg.","2 photos of soldiers, World War I.",Unspecified,תצלום|Photograph,photography,original,,,,,
IL-MTFN-001-G-F-0352-003-R0003,IL-MTFN-001-G-F-0352-003,Picture of Dr. Marcus in Student Organization Uniform,תמונה של דר' מרכוס במדי אירגון סטודנטים כלשהו.,Ein Bild von Dr. Marcus in der Uniform einer Studentenorganisation.,A picture of Dr. Marcus in the uniform of some student organization.,Unspecified,תצלום|Photograph,photography,original,Dr. Marcus,,,,
IL-MTFN-001-G-F-0352-003-R0004,IL-MTFN-001-G-F-0352-003,Two Pictures of Reuven Rubin,שתי תמונות של הצייר ראובן רובין.,Zwei Bilder des Malers Reuven Rubin.,Two pictures of the painter Reuven Rubin.,Irrelevant,תצלום|Photograph,drawing,original,ראובן רובין,,,,
IL-MTFN-001-G-F-0353-014-R0016,IL-MTFN-001-G-F-0353-014,Sketch of a Russian Couple,ציור סקיצה של זוג רוסים. (קטלוג באה דף 4),Skizzenzeichnung eines russischen Paares. (Katalog Seite 4),Sketch drawing of a Russian couple. (Catalog page 4),Unspecified,Sketch,drawing,original,,,,,
IL-MTFN-001-G-F-0353-015-R0003,IL-MTFN-001-G-F-0353-015,Original Paintings of Kaunas Landscape,"שני ציורים אורגינליים, צבעי מים, + העתק/צילום, נוף של קובנו. (קטלוג באה דף1)","Zwei Originalbilder, Aquarelle, + Kopie/Fotografie, Landschaft von Kaunas. (Katalog auf Seite 1)","Two original paintings, watercolors, + copy/photograph, landscape of Kaunas. (Catalog on page 1)",Unspecified,ציור|Painting,drawing,original,,,,,1
IL-MTFN-001-G-F-0353-015-R0006,IL-MTFN-001-G-F-0353-015,"Health Promotion Exhibition Poster by Hermann Struck, 1926","פוסטר לתערוכה לטיפוח הבריאות, האמן הרמן שטרוק, דיסלדורף, 1926. (קטלוג באה דף 1)","Poster für eine Gesundheitsförderungsausstellung, Künstler Hermann Struck, Düsseldorf, 1926. (Katalog Seite 1)","Poster for a health promotion exhibition, artist Hermann Struck, Düsseldorf, 1926. (Catalog page 1)",Unspecified,אלמנט גרפי|Graphic Element,print,original,Hermann Struck,1926,,,
IL-MTFN-001-G-F-0353-015-R0010,IL-MTFN-001-G-F-0353-015,Poster for Mizrachi Logo,"פוסטר ל""מזרחי"", נהגו להשתמש בו כלוגו במכתבים (מכון הרב קוק). (קטלוג באה דף 1)","Poster für ""Mizrachi"", wurde als Logo in Briefen verwendet (Rav Kook Institut). (Katalog Ba'ah Seite 1)","Poster for ""Mizrachi"", used as a logo in letters (Rav Kook Institute). (Catalog Ba'ah page 1)",Hebrew,אלמנט גרפי|Graphic Element,print,original,,,,,
IL-MTFN-001-G-F-0353-021-R0001,IL-MTFN-001-G-F-0353-021,Picture of Hermann Struck,תמונת הרמן שטרוק המת.,Bild von Hermann Struck tot.,Picture of Hermann Struck dead.,Unspecified,תצלום|Photograph,photography,original,Hermann Struck,,,,
IL-MTFN-001-G-F-0353-021-R0002,IL-MTFN-001-G-F-0353-021,Two Photos of Individuals with Police,"שתי תמונות (איכות גרועה) באחת מצולם אדם 'נכבד' מובל ע""י שוטרים ספרדים כשידיו אזוקות. בשניה שוטרים מלוים גברת מהודרת לבושה בשחור עם כובע רחב שוליים. שתי התמונות צולמו באותו המקום (ככל הנראה גם באותו הזמן); הרקע בשתיהן זהה. לא ידוע מי האנשים.","Zwei Fotos (schlechte Qualität), auf einem ist eine 'angesehene' Person zu sehen, die von spanischen Polizisten mit Handschellen geführt wird. Auf dem anderen begleiten Polizisten eine elegant gekleidete Dame in Schwarz mit einem breitkrempigen Hut. Beide Fotos wurden am selben Ort aufgenommen (wahrscheinlich auch zur gleichen Zeit); der Hintergrund ist in beiden identisch. Es ist nicht bekannt, wer die Personen sind.","Two photos (poor quality), in one a 'distinguished' person is seen being led by Spanish police officers with handcuffs. In the other, police officers accompany an elegantly dressed lady in black with a wide-brimmed hat. Both photos were taken at the same place (probably also at the same time); the background is identical in both. It is not known who the people are.",Irrelevant|לא רלוונטי,תצלום|Photograph,photography,original,,,,,
IL-MTFN-001-G-F-0353-021-R0004,IL-MTFN-001-G-F-0353-021,"Pictures with Hermann Struck from New York, Venice, Siena","תמונות עם הרמן שטרוק מ-: ניו יורק, ונציה, סיינה.","Bilder mit Hermann Struck aus: New York, Venedig, Siena.","Pictures with Hermann Struck from: New York, Venice, Siena.",Unspecified,תצלום|Photograph,photography,original,Hermann Struck,,,,
IL-MTFN-001-G-F-0353-021-R0005,IL-MTFN-001-G-F-0353-021,Pictures of Historical Figures,"תמונות אישים, חלקם לא מזוהים: דר' חיים ויצמן, דר' גוסטב לנדאו, תאודור הרצל עם שלשת ילדיו, אבא חושי תמונה קבוצתית, בדראדין אל חסאני, יצחק בן צבי תמונה קבוצתית, ביקור במוסד אהבה בקרית ביאליק תמונה קבוצתית 1937, סר ארתור ואוצ'ופ Wauchope תמונה קבוצתית, שטרוק עם (ככל הנראה) גרשם שוקן.","Bilder von Persönlichkeiten, einige nicht identifiziert: Dr. Chaim Weizmann, Dr. Gustav Landau, Theodor Herzl mit seinen drei Kindern, Abba Hushi Gruppenfoto, Bedradin al-Hassani, Yitzhak Ben-Zvi Gruppenfoto, Besuch im Ahava-Institut in Kiryat Bialik Gruppenfoto 1937, Sir Arthur Wauchope Gruppenfoto, Struck mit (wahrscheinlich) Gershom Schocken.","Pictures of individuals, some unidentified: Dr. Chaim Weizmann, Dr. Gustav Landau, Theodor Herzl with his three children, Abba Hushi group photo, Bedradin al-Hassani, Yitzhak Ben-Zvi group photo, visit to the Ahava institution in Kiryat Bialik group photo 1937, Sir Arthur Wauchope group photo, Struck with (probably) Gershom Schocken.",Unspecified,תצלום|Photograph,photography,original,,1937,,,
IL-MTFN-001-G-F-0353-021-R0007,IL-MTFN-001-G-F-0353-021,Photos from the Zionist Congress in Basel 1911,שתי תמונות מהקונגרס הציוני בבזל 1911.,Zwei Fotos vom Zionistenkongress in Basel 1911.,Two photos from the Zionist Congress in Basel 1911.,Unspecified,תצלום|Photograph,photography,original,,1911,,,
IL-MTFN-001-G-F-0353-021-R0008,IL-MTFN-001-G-F-0353-021,Photos of Hermann Struck's House in Haifa,"תמונות ביתו של הרמן שטרוק בחיפה, מבט מבחוץ ומבפנים + גינה.","Fotos von Hermann Strucks Haus in Haifa, Blick von außen und innen + Garten.","Photos of Hermann Struck's house in Haifa, view from outside and inside + garden.",Unspecified,תצלום|Photograph,photography,original,Hermann Struck,,,,
IL-MTFN-001-G-F-0353-021-R0009,IL-MTFN-001-G-F-0353-021,Hermann Struck: The Man and the Artist,תמונות הרמן שטרוק; האיש והאמן.,Bilder von Hermann Struck; der Mann und der Künstler.,Pictures of Hermann Struck; the man and the artist.,Unspecified,תצלום|Photograph,photography,original,Hermann Struck,,,,
IL-MTFN-001-G-F-0353-021-R0010,IL-MTFN-001-G-F-0353-021,Pictures of Meli Struck,תמונות מלי שטרוק.,Bilder von Meli Struck.,Pictures of Meli Struck.,Unspecified,תצלום|Photograph,photography,original,Meli Struck,,,,
IL-MTFN-001-G-F-0353-021-R0011,IL-MTFN-001-G-F-0353-021,Photos on Album Pages,"תמונות מודבקות על דפי אלבום, בין היתר:; אלכסנדריה, שטרוק עם גוטליב- קובנו Kovno 1918; מריאנבד Marienbad 1935; שיקגו Chikago 1912; שירקה 1912 Schiercke; פריז 1926 Paris; מורנאו 1907 Murnau (גלויה עם שטרוק); בזל 1905 Basel (קונגרס, גלויה עם שטרוק); וולטרסדורף 1921 Woltersdorf; קופנהגן 1914 Kopenhagen (גלויה עם שטרוק); שטרוק עם ארנולד צוייג; שטרוק עם מאיר דיזנגוף; תמונות מארץ ישראל; עכו; שטרוק רכוב על חמור; ועוד.","Fotos auf Albumseiten geklebt, unter anderem: Alexandria, Struck mit Gottlieb - Kowno 1918; Marienbad 1935; Chicago 1912; Schiercke 1912; Paris 1926; Murnau 1907 (Postkarte mit Struck); Basel 1905 (Kongress, Postkarte mit Struck); Woltersdorf 1921; Kopenhagen 1914 (Postkarte mit Struck); Struck mit Arnold Zweig; Struck mit Meir Dizengoff; Fotos aus Israel; Akko; Struck auf einem Esel reitend; und mehr.","Photos glued on album pages, including: Alexandria, Struck with Gottlieb - Kovno 1918; Marienbad 1935; Chicago 1912; Schiercke 1912; Paris 1926; Murnau 1907 (postcard with Struck); Basel 1905 (Congress, postcard with Struck); Woltersdorf 1921; Copenhagen 1914 (postcard with Struck); Struck with Arnold Zweig; Struck with Meir Dizengoff; photos from Israel; Acre; Struck riding a donkey; and more.",Unspecified,תצלום|Photograph,photography,original,,,,,
IL-MTFN-001-G-F-0353-021-R0012,IL-MTFN-001-G-F-0353-021,Hermann Struck Military Service Photos,"תמונות מודבקות על דפי אלבום, תקופת מלח""ע I; הרמן שטרוק בשרות הצבא.","Bilder auf Albumseiten geklebt, Zeitraum des Ersten Weltkriegs; Hermann Struck im Militärdienst.","Pictures glued on album pages, World War I period; Hermann Struck in military service.",Unspecified,תצלום|Photograph,photography,original,Hermann Struck,,,,
IL-MTFN-001-G-F-0353-022-R0001,IL-MTFN-001-G-F-0353-022,Portrait Pictures of Hermann Struck,תמונות דיוקן של הרמן שטרוק;,Porträtbilder von Hermann Struck,Portrait pictures of Hermann Struck,Unspecified,תצלום|Photograph,photography,original,Hermann Struck,,,,
IL-MTFN-001-G-F-0353-032-R0002,IL-MTFN-001-G-F-0353-032,Photograph of Book Pages on Struck's Ex-libris,צילום של 4 עמודים מתוך ספר כל שהו. הטקסט מתייחס לאקליבריס של שטרוק ומציג ארבע מהם.,Foto von 4 Seiten aus einem Buch. Der Text bezieht sich auf das Exlibris von Struck und zeigt vier davon.,Photograph of 4 pages from some book. The text refers to Struck's ex-libris and presents four of them.,Other,תצלום|Photograph,photography,copy,,,,,4
IL-MTFN-001-G-F-0353-032-R0004,IL-MTFN-001-G-F-0353-032,Colonialist Photography,צילום עבודה באנגלית Colonialist Photography / Edited by Eleonor M/ Hight and Gary D. Sampson. שני עותקים.,Kolonialistische Fotografie / Herausgegeben von Eleonor M/ Hight und Gary D. Sampson. Zwei Kopien.,Photograph of work in English Colonialist Photography / Edited by Eleonor M/ Hight and Gary D. Sampson. Two copies.,English,תצלום|Photograph,photography,copy,,,,,
IL-MTFN-001-G-F-0353-032-R0005,IL-MTFN-001-G-F-0353-032,Photograph of a Work by Rivka Weiss,צילום עבודה של רבקה וייס;בלק באנגלית: Jozef Israels and Hermann Struck.,Fotografie einer Arbeit von Rivka Weiss; auf Englisch: Jozef Israels und Hermann Struck.,Photograph of a work by Rivka Weiss; in English: Jozef Israels and Hermann Struck.,Unspecified,תצלום|Photograph,photography,copy,,,,,
IL-MTFN-001-G-F-0353-034-R0002,IL-MTFN-001-G-F-0353-034,"Album of Hermann Struck's Exhibition in Haifa, 1941","חוברת;אלבום עם תמונות וקטעי עיתון, שמתעדים את תערוכתו שת הרמן שטרוק בחיפה, 1941.","Broschüre; Album mit Fotos und Zeitungsausschnitten, die die Ausstellung von Hermann Struck in Haifa, 1941, dokumentieren.","Booklet; Album with photos and newspaper clippings documenting Hermann Struck's exhibition in Haifa, 1941.",Hebrew|German,חוברת|Booklet,print,original,Hermann Struck,1941,,,
IL-MTFN-001-G-F-0353-039-R0002,IL-MTFN-001-G-F-0353-039,Two Paintings Dedicated to Hermann Struck,"6. מיצירות מ. וינר M. Wiener; 7. מיצירות לאה גרונדיג; שני ציורי צבע עם טקסטים אחד לחנוכה השני בקשת סליחה על ""איחורים"", מוקדשים להרמן שטרוק.","6. Von den Werken von M. Wiener; 7. Von den Werken von Lea Grundig; Zwei Farbbilder mit Texten, eines für Chanukka, das andere eine Entschuldigung für ""Verspätungen"", gewidmet an Hermann Struck.","6. From the works of M. Wiener; 7. From the works of Lea Grundig; Two color paintings with texts, one for Hanukkah, the other an apology for ""delays"", dedicated to Hermann Struck.",Hebrew|German,ציור|Painting,drawing,original,Hermann Struck,,,,
IL-MTFN-001-G-F-0354-001-R0007,IL-MTFN-001-G-F-0354-001,Photo Albums with Explanations in Hebrew,3 אלבומי תמונות קטנים + אלבום גדול. חלק מהתמונות מוסברות בעברית. ביניהן גם תמונות מההכשרה והקיבוץ בגרמניה.,3 kleine Fotoalben + 1 großes Album. Einige der Fotos sind auf Hebräisch erklärt. Darunter auch Fotos von der Ausbildung und dem Kibbuz in Deutschland.,3 small photo albums + 1 large album. Some of the photos are explained in Hebrew. Among them are also photos from the training and the kibbutz in Germany.,Hebrew|German,תצלום|Photograph,photography,original,,,,,
IL-MTFN-001-G-F-0354-001-R0008,IL-MTFN-001-G-F-0354-001,Photograph of Lola Feinberg,תצלום תמונה של לולה פיינברג (קרוב לעלייתה לארץ);,Foto von Lola Feinberg (nahe ihrer Einwanderung nach Israel);,Photograph of Lola Feinberg (close to her immigration to Israel);,Unspecified,תצלום|Photograph,photography,original,Lola Feinberg,,,,
IL-MTFN-001-G-F-0354-001-R0009,IL-MTFN-001-G-F-0354-001,Portrait Photographs of Alexander & Louise Froelich,תצלומים לתמונות דיוקן של אלכסנדר & לואיז פרויליך (סבים של הנס פיינברג);,Fotografien für Porträtbilder von Alexander & Louise Froelich (Großeltern von Hans Feinberg);,Photographs for portrait pictures of Alexander & Louise Froelich (grandparents of Hans Feinberg);,Unspecified,תצלום|Photograph,photography,original,Alexander & Louise Froelich,,,,
IL-MTFN-001-G-F-0355-001-R0002,IL-MTFN-001-G-F-0355-001,Envelope with Photos of Heilbronn and Kaufmann Families,מעטפה עם תמונות של משפחת היילברון וקאופמן. על חלק מהתמונות נכתבו הסברים בעברית.,Umschlag mit Fotos der Familien Heilbronn und Kaufmann. Auf einigen der Fotos sind Erklärungen auf Hebräisch geschrieben.,Envelope with photos of the Heilbronn and Kaufmann families. Explanations in Hebrew are written on some of the photos.,Hebrew,מעטפה|Envelope,photography,original,,,,,
IL-MTFN-001-G-F-0355-002-R0001,IL-MTFN-001-G-F-0355-002,Album with Photos from World War I,"אלבום עם תמונות ממלח""ע I; 1914.",Album mit Fotos aus dem Ersten Weltkrieg; 1914.,Album with photos from World War I; 1914.,Unspecified,תצלום|Photograph,photography,original,,1914,,,
IL-MTFN-001-G-F-0355-003-R0001,IL-MTFN-001-G-F-0355-003,Family Photo Album of Unna from Hamburg,אלבום תמונות של משפחת אונא Unna מהמבורג,Fotoalbum der Familie Unna aus Hamburg,Photo album of the Unna family from Hamburg,Unspecified,תצלום|Photograph,,original,Unna,,,,
IL-MTFN-001-G-F-0357-001-R0001,IL-MTFN-001-G-F-0357-001,Museum Display and Photos from Nahariya,"בתמונות ניתן להתרשם מתצוגת המוזיאון בנהריה, תמונות מוקדמות ומאוחרות יותר מנהריה ובסוף האלבום תמונה משותפת של ורנר אנגל עם ישראל שילוני.","In den Bildern kann man die Ausstellung des Museums in Nahariya sehen, frühere und spätere Bilder von Nahariya und am Ende des Albums ein gemeinsames Bild von Werner Engel mit Israel Shiloni.","In the pictures, one can see the museum display in Nahariya, earlier and later pictures from Nahariya, and at the end of the album a joint picture of Werner Engel with Israel Shiloni.",Unspecified,תצלום|Photograph,,original,,,,,
IL-MTFN-001-G-F-0357-003-R0010,IL-MTFN-001-G-F-0357-003,Family and Dog Photos,3 תמונות של אנשים מהמשפחה(?) 1 תמונה של כלב.,3 Bilder von Menschen aus der Familie(?) 1 Bild von einem Hund.,3 pictures of people from the family(?) 1 picture of a dog.,Unspecified,תצלום|Photograph,photography,original,,,,,
IL-MTFN-001-G-F-0360-001-R0001,IL-MTFN-001-G-F-0360-001,Album with Photos from Training Period,אלבום עם תמונות מתקופת ההכשרה והמגורים אצל משפחת לונדון. בתמונות מצולמות נערות נוספות.,Album mit Fotos aus der Ausbildungszeit und dem Aufenthalt bei der Familie London. Auf den Fotos sind weitere Mädchen abgebildet.,Album with photos from the training period and living with the London family. Other girls are photographed in the pictures.,Unspecified,תצלום|Photograph,photography,original,,,,,
IL-MTFN-001-G-F-0362-003-R0005,IL-MTFN-001-G-F-0362-003,80th Birthday Celebration Photos,"תמונות מחגיגת יום ההולדת ה-80, צולמו בטכניון.","Fotos von der 80. Geburtstagsfeier, aufgenommen im Technion.","Photos from the 80th birthday celebration, taken at the Technion.",Irrelevant|לא רלוונטי,תצלום|Photograph,photography,original,,,,,
IL-MTFN-001-G-F-0362-003-R0007,IL-MTFN-001-G-F-0362-003,Photograph of Walter Neumann in his laboratory,"תמונה בה צולם ולטר נוימן במעבדתו שבטכניון, שם עבד עד גיל 91 שנים.","Ein Bild, das Walter Neumann in seinem Labor am Technion zeigt, wo er bis zum Alter von 91 Jahren arbeitete.","A picture showing Walter Neumann in his laboratory at the Technion, where he worked until the age of 91.",Irrelevant,תצלום|Photograph,photography,original,Walter Neumann,,,,
IL-MTFN-001-G-F-0362-006-R0003,IL-MTFN-001-G-F-0362-006,תמונות משפחת נוימן באלבום,במחצית השניה של האלבום מודבקות תמונות של משפחת נוימן לענפיה בין היתר גם של דר' פרידריך שלמה רילף שהיה נשוי לאנליזה נוימן. למרבית התמונות יש כתוביות לזיהוי המצולמים.,"In der zweiten Hälfte des Albums sind Fotos der Familie Neumann und ihrer Zweige eingeklebt, unter anderem auch von Dr. Friedrich Salomon Rilf, der mit Anneliese Neumann verheiratet war. Die meisten Fotos haben Beschriftungen zur Identifizierung der Abgebildeten.","In the second half of the album, photos of the Neumann family and its branches are glued, including those of Dr. Friedrich Salomon Rilf, who was married to Anneliese Neumann. Most of the photos have captions for identifying the subjects.",Unspecified,תצלום|Photograph,photography,original,משפחת נוימן,,,,
IL-MTFN-001-G-F-0362-007-R0001,IL-MTFN-001-G-F-0362-007,"Binder with Photographs of Silesia, 1897","אוגדן גדול ומפואר עם 14 תמונות צילום בשחור/לבן של אתרים בשלזיה, בהוצאה אמנותית, 1897, ברסלאו.","Großer und prächtiger Ordner mit 14 Schwarz-Weiß-Fotografien von Orten in Schlesien, in künstlerischer Ausgabe, 1897, Breslau.","Large and luxurious binder with 14 black and white photographs of sites in Silesia, in artistic edition, 1897, Breslau.",Other,תצלום|Photograph,photography,original,,1897,1897,,
IL-MTFN-001-G-F-0362-007-R0002,IL-MTFN-001-G-F-0362-007,Unser Schlesier; Land Schweidnitz,"בתוך האוגדן בדף הראשון כתוב בגרמנית:; Unser Schlesier; Land Schweidnitz Originalaufnahmen, Druck und Verlag: Erste Schles. Lichtdruck und graph. Kunsanstallt A. Fabian & Comp. Breslau nan","Im Inneren des Ordners steht auf der ersten Seite auf Deutsch: Unser Schlesier; Land Schweidnitz Originalaufnahmen, Druck und Verlag: Erste Schles. Lichtdruck und graph. Kunsanstallt A. Fabian & Comp. Breslau nan","Inside the binder on the first page is written in German: Our Silesian; Land Schweidnitz Original recordings, Print and Publishing: First Siles. Lichtdruck and graphic art institution A. Fabian & Comp. Breslau nan",German,לא מזוהה,print,original,,,,,
IL-MTFN-001-G-F-0363-004-R0006,IL-MTFN-001-G-F-0363-004,Envelope No. 6: Photos from Late 19th to Early 20th Century,"מעטפה מס. 6 : מספר תמונות (העתקים) ככל הנראה מסוף המאה ה-19 תחילת המאה ה-20. אין כיתוביות, לא ידוע מי המצולמים.","Umschlag Nr. 6: Mehrere Fotos (Kopien), wahrscheinlich aus dem späten 19. oder frühen 20. Jahrhundert. Keine Beschriftungen, unbekannt, wer abgebildet ist.","Envelope No. 6: Several photos (copies), probably from the late 19th or early 20th century. No captions, unknown who is depicted.",Unspecified,מעטפה|Envelope|תצלום|Photograph,photography,copy,,,,,
IL-MTFN-001-G-F-0363-006-R0002,IL-MTFN-001-G-F-0363-006,Photos of Elderly Women and a Grand House,"בתוך הקופסה 2 תמונות של נשים מבוגרות, על פי הלבוש ממחצית שניה של המאה ה;19, ותמונה אחת של חזית בית מפואר. לתמונות אין שום כתובית, לכן לא ברור במי המדובר.","In der Schachtel befinden sich 2 Fotos von älteren Frauen, nach der Kleidung aus der zweiten Hälfte des 19. Jahrhunderts, und ein Foto von der Fassade eines prächtigen Hauses. Die Fotos haben keine Beschriftung, daher ist unklar, um wen es sich handelt.","Inside the box are 2 photos of elderly women, judging by the clothing from the second half of the 19th century, and one photo of the facade of a grand house. The photos have no captions, so it is unclear who is depicted.",Unspecified,תצלום|Photograph,photography,original,,,,,
IL-MTFN-001-G-F-0364-001-R0003,IL-MTFN-001-G-F-0364-001,Picture of Alfred & Laura Peiser,"תמונה של הסב והסבתא, אלפרד ולאורה פייזר Alfred & Laura Peiser.","Bild von den Großeltern, Alfred und Laura Peiser.","Picture of the grandparents, Alfred and Laura Peiser.",Unspecified,תצלום|Photograph,photography,original,Alfred & Laura Peiser,,,,
IL-MTFN-001-G-F-0364-001-R0006,IL-MTFN-001-G-F-0364-001,Group Photo of Students with Ernst Peiser,תמונה קבוצתית של סטודנטים שחובשים לראשם כובע זהה (כנראה אירגון סטודנטים כלשהו) בשורה אחרונה ראשון משמאל הסטודנט ארנסט פייזר.,"Gruppenfoto von Studenten, die alle denselben Hut tragen (vermutlich eine Studentenorganisation). In der letzten Reihe, der erste von links, ist der Student Ernst Peiser.","Group photo of students all wearing the same hat (probably some student organization). In the last row, first from the left, is the student Ernst Peiser.",Unspecified,תצלום|Photograph,photography,original,ארנסט פייזר,,,,
IL-MTFN-001-G-F-0366-001-R0002,IL-MTFN-001-G-F-0366-001,Copy of Artist's Portrait,העתק של תמונת דיוקן של האמן.,Kopie eines Porträtfotos des Künstlers.,Copy of a portrait photograph of the artist.,Unspecified,תצלום|Photograph,photography,copy,,,,,
IL-MTFN-001-G-F-0371-001-R0008,IL-MTFN-001-G-F-0371-001,Framed Picture of Eliezer Avnon,תמונה ממוסגרת של אליעזר אבנון הוא ארנסט שטיין.,Gerahmtes Bild von Eliezer Avnon alias Ernst Stein.,Framed picture of Eliezer Avnon also known as Ernst Stein.,Unspecified,תצלום|Photograph,photography,original,Eliezer Avnon,,,,
IL-MTFN-001-G-F-0371-001-R0009,IL-MTFN-001-G-F-0371-001,Framed Picture of the Stein Children,"תמונה ממוסגרת של הילדים: האחים ארנסט וורנר שטיין ובן דודם הנס שטיין, קניגסברג. ראה פירוט מאחורי התמונה.","Gerahmtes Bild der Kinder: die Brüder Ernst und Werner Stein und ihr Cousin Hans Stein, Königsberg. Siehe Details auf der Rückseite des Bildes.","Framed picture of the children: the brothers Ernst and Werner Stein and their cousin Hans Stein, Königsberg. See details on the back of the picture.",Unspecified,תצלום|Photograph,photography,original,,,,,
IL-MTFN-001-G-F-0371-002-R0001,IL-MTFN-001-G-F-0371-002,Picture of Helena Walter Stein and Parents,"תמונה של הלנה וולתר שטיין, ההורים של ארנסט, אליעזר שטיין.","Bild von Helena Walter Stein, die Eltern von Ernst, Eliezer Stein.","Picture of Helena Walter Stein, the parents of Ernst, Eliezer Stein.",Unspecified,תצלום|Photograph,photography,original,,,,,
IL-MTFN-001-G-F-0371-003-R0009,IL-MTFN-001-G-F-0371-003,Bielschowsky Family Tombstones and Mill Building Photos,"תמונות בצבע: מצבות הקברים של משפחת בילשובסקי בברסלאו, הבנין בו שכנה תחנת הקמח של משפחת בילשובסקי.","Farbfotos: Grabsteine der Familie Bielschowsky in Breslau, das Gebäude, in dem sich die Mühle der Familie Bielschowsky befand.","Color photos: The tombstones of the Bielschowsky family in Breslau, the building where the Bielschowsky family's mill was located.",Irrelevant,תצלום|Photograph,photography,original,,,,,
IL-MTFN-001-G-F-0371-003-R0010,IL-MTFN-001-G-F-0371-003,"Bilshovsky Family Photo, Late 19th Century","משפח. בילשובסקי, תמונה משפחתית משלהי המאה ה-19, רביעת משמאל, הלנה בילשובסקי לימים שטיין.","Familie Bilschowski, Familienfoto aus dem späten 19. Jahrhundert, links Helena Bilschowski später Stein.","Bilshovsky family, a family photo from the late 19th century, left Helena Bilshovsky later Stein.",Unspecified,תצלום|Photograph,photography,original,Helena Bilshovsky,,,,
IL-MTFN-001-G-F-0371-004-R0005,IL-MTFN-001-G-F-0371-004,Photographs referencing Bilshovsky and Stein,מספר צילומים מספרים בהם ישנה התייחסות לשמות: בילשובסקי ושטיין.,"Mehrere Fotos, in denen auf die Namen: Bilschowski und Stein Bezug genommen wird.",Several photographs in which there is a reference to the names: Bilshovsky and Stein.,Unspecified,תצלום|Photograph,photography,other,,,,,
IL-MTFN-001-G-F-0378-001-R0002,IL-MTFN-001-G-F-0378-001,DVD Film by Tomer Padan,"DVD כ;15 דקות. עברית, אנגלית וגרמנית בגוף הסרט. הסרט צולם ע""י הבן, תומר פדן.","DVD ca. 15 Minuten. Hebräisch, Englisch und Deutsch im Film. Der Film wurde von dem Sohn, Tomer Padan, gedreht.","DVD approx. 15 minutes. Hebrew, English, and German in the film. The film was shot by the son, Tomer Padan.",Hebrew|English|German,לא מזוהה,other,original,תומר פדן,,,,
IL-MTFN-001-G-F-0379-001-R0001,IL-MTFN-001-G-F-0379-001,Photographs of Oktoberfest Pavilion Construction 1906,"6 תמונות גדולות ממדים, שצולמו ע""י צלם מקצועי במינכן (ראה חותמת הסטודיו), שמתעדות את הקמת הביתנים לחג הבירה ה;Oktoberfest בשנת 1906 (השנה זוהתה על אחת מחותמות הסטודיו) במתחם תרזיה Theresienwiese.","6 großformatige Fotos, aufgenommen von einem professionellen Fotografen in München (siehe Studio-Stempel), die den Aufbau der Pavillons für das Oktoberfest im Jahr 1906 (das Jahr wurde auf einem der Studio-Stempel identifiziert) auf dem Gelände Theresienwiese dokumentieren.","6 large-sized photos, taken by a professional photographer in Munich (see studio stamp), documenting the construction of the pavilions for the Oktoberfest in 1906 (the year was identified on one of the studio stamps) at the Theresienwiese site.",Unspecified,תצלום|Photograph,photography,original,,1906,,,
IL-MTFN-001-G-F-0380-001-R0001,IL-MTFN-001-G-F-0380-001,"Book with Pictures from Palestine, 1934",ספר עם תמונות מפלשתינה משנת 1934 Das Palästina Bilder;Buch nan,Buch mit Bildern aus Palästina aus dem Jahr 1934 Das Palästina Bilder;Buch nan,Book with pictures from Palestine from 1934 Das Palästina Bilder;Buch nan,German,ספר|Book,print,original,,1934,1934,,
IL-MTFN-001-G-F-0380-002-R0002,IL-MTFN-001-G-F-0380-002,"ספר עם צילומי חיות, בעיקר עופות משנת 1922","ספר עם צילומי חיות, בעיקר עופות משנת 1922 Tiere in schönen Bildern.","Buch mit Tierfotos, hauptsächlich Vögel aus dem Jahr 1922 Tiere in schönen Bildern.","Book with animal photos, mainly birds from the year 1922 Tiere in schönen Bildern.",German,ספר|Book,print,original,,1922,1922,,
IL-MTFN-001-G-F-0380-002-R0021,IL-MTFN-001-G-F-0380-002,Family Photos of Dr. Kamnitzer and Family,"4 העתקים תמונות משפחתיות: ד""ר קמניצר במרפאתו בברלין, ד""ר קורט ורעיתו שרלוטה, הבנות גבריאלה ואסתר, אסתר עם עגלת הבובות שהובאה לארץ.","4 Kopien von Familienfotos: Dr. Kamnitzer in seiner Klinik in Berlin, Dr. Kurt und seine Frau Charlotte, die Töchter Gabriella und Esther, Esther mit dem Puppenwagen, der ins Land gebracht wurde.","4 copies of family photos: Dr. Kamnitzer in his clinic in Berlin, Dr. Kurt and his wife Charlotte, the daughters Gabriella and Esther, Esther with the doll carriage that was brought to the country.",Other,תצלום|Photograph,photography,copy,,,,,
IL-MTFN-001-G-F-0382-010-R0003,IL-MTFN-001-G-F-0382-010,"HaTzofe Children Newspaper, 1958","עיתון הצופה ילדים, 1958, בשעה העיטון יש תמונה של תזמורת הילדים של נהריה.","Zeitung HaTzofe Kinder, 1958, in der Zeitung gibt es ein Bild des Kinderorchesters von Nahariya.","HaTzofe Children newspaper, 1958, in the newspaper there is a picture of the children's orchestra of Nahariya.",Hebrew,עיתון|Newspaper,print,original,,,1958,,
IL-MTFN-001-G-F-0389-001-R0003,IL-MTFN-001-G-F-0389-001,Portrait of Andreas Friedrich Mayer,תמונת דיוקן של אנדראס פרידריך מאייר.,Porträtbild von Andreas Friedrich Mayer.,Portrait image of Andreas Friedrich Mayer.,Unspecified,תצלום|Photograph,photography,original,אנדראס פרידריך מאייר,,,,
IL-MTFN-001-G-F-0390-003-R0001,IL-MTFN-001-G-F-0390-003,Doodles of Geometric Shapes,בקטלוג 11R1 : שירבוטים של צורות גיאומטריות;,Im Katalog 11R1: Kritzeleien von geometrischen Formen;,In catalog 11R1: Doodles of geometric shapes;,Unspecified,שרבוט|Doodles,drawing,original,,,,,
IL-MTFN-001-G-F-0390-010-R0001,IL-MTFN-001-G-F-0390-010,Designs for Leska Arlosoroff's Tombstone,"עיצובים למצבת הקבר של לסקה ארלוזורוב, אמם של חיים וליזה (אחותו של חיים) ארלוזורוב.","Entwürfe für den Grabstein von Leska Arlosoroff, der Mutter von Chaim und Liza (Chaims Schwester) Arlosoroff.","Designs for the tombstone of Leska Arlosoroff, the mother of Chaim and Liza (Chaim's sister) Arlosoroff.",Unspecified,לא מזוהה|Unrecognized,,original,,,,,
IL-MTFN-001-G-F-0390-020-R0001,IL-MTFN-001-G-F-0390-020,Images and Photographs of Doyig's Works,תמונות ותצלומים של יצירות הדויג ומספר עמודים מספרים עם תמונות היצירות.,Bilder und Fotografien von Doyig-Werken und mehrere Seiten aus Büchern mit Bildern der Werke.,Pictures and photographs of Doyig's works and several pages from books with pictures of the works.,Unspecified,תצלום|Photograph,,other,,,,,
IL-MTFN-001-G-F-0390-020-R0002,IL-MTFN-001-G-F-0390-020,Early Drawings,"ציורים מוקדמים, ראשוניים.","Frühe, primäre Zeichnungen.","Early, primary drawings.",Unspecified,ציור|Painting,drawing,original,,,,,
IL-MTFN-001-G-F-0390-020-R0003,IL-MTFN-001-G-F-0390-020,Drawing of Rudy Lehmann,מציירת את רודי להמן.,Zeichnet Rudy Lehmann.,Drawing Rudy Lehmann.,Unspecified,ציור|Painting,drawing,original,Rudy Lehmann,,,,
IL-MTFN-001-G-F-0390-020-R0004,IL-MTFN-001-G-F-0390-020,Animal Drawings,ציורים של בעלי חיימ.,Zeichnungen von Tieren.,Drawings of animals.,Irrelevant,ציור|Painting,drawing,original,,,,,
IL-MTFN-001-G-F-0390-020-R0005,IL-MTFN-001-G-F-0390-020,Staircase Drawings in Jerusalem,ציורי מדרגות בירושלימ.,Treppenzeichnungen in Jerusalem.,Staircase drawings in Jerusalem.,Unspecified,ציור|Painting,drawing,original,,,,,
IL-MTFN-001-G-F-0390-020-R0006,IL-MTFN-001-G-F-0390-020,Drawings of Fruits and Vegetables,ציורי פירות וירקות.,Gemälde von Obst und Gemüse.,Drawings of fruits and vegetables.,Irrelevant,ציור|Painting,drawing,original,,,,,
IL-MTFN-001-G-F-0390-020-R0007,IL-MTFN-001-G-F-0390-020,Photograph of Ceramic Work 'Bedouin Family Walking',תצלום עבודת קרמיקה של הדויג 'משפחה בדואית צועדת'.,Foto einer Keramikarbeit von Hedwig 'Eine beduinische Familie geht'.,Photograph of a ceramic work by Hedwig 'Bedouin Family Walking'.,Unspecified,תצלום|Photograph,photography,original,,,,,
IL-MTFN-001-G-F-0390-020-R0008,IL-MTFN-001-G-F-0390-020,Portrait of a Young Man,ציור פורטרייט של גבר צעיר.,Porträtzeichnung eines jungen Mannes.,Portrait drawing of a young man.,Irrelevant,ציור|Painting,drawing,original,,,,,
IL-MTFN-001-G-F-0390-020-R0009,IL-MTFN-001-G-F-0390-020,Drawings of Hedwig (1920-1930),ציורים של הדויג מהשנים 1920;1930.,Zeichnungen von Hedwig aus den Jahren 1920;1930.,Drawings of Hedwig from the years 1920;1930.,Unspecified,ציור|Painting,drawing,original,Hedwig,1920,1930,,
IL-MTFN-001-G-F-0390-020-R0010,IL-MTFN-001-G-F-0390-020,Drawings of Pottery,רישומים של כלי חרס.,Zeichnungen von Keramikgefäßen.,Drawings of pottery.,Unspecified,ציור|Painting,drawing,original,,,,,
IL-MTFN-001-G-F-0390-020-R0011,IL-MTFN-001-G-F-0390-020,Engravings,תחריטימ.,Gravuren,Engravings,Unspecified,לא מזוהה,other,other,,,,,
IL-MTFN-001-G-F-0390-021-R0001,IL-MTFN-001-G-F-0390-021,Sketches of Seated Figures,"מספר סקיצות של דמויות יושבות, על ניר פרגפנט בפורמט קטן.","Mehrere Skizzen von sitzenden Figuren, auf Pergamentpapier im kleinen Format.","Several sketches of seated figures, on small format parchment paper.",Unspecified,סקיצה|Sketch,drawing,original,,,,,
IL-MTFN-001-G-F-0390-021-R0002,IL-MTFN-001-G-F-0390-021,Collection of Engravings,אוסף תחריטים.,Sammlung von Gravuren.,Collection of engravings.,Unspecified,לא מזוהה|Unrecognized,drawing,original,,,,,
IL-MTFN-001-G-F-0390-021-R0003,IL-MTFN-001-G-F-0390-021,Drawing of Pomegranates,ציור של רימונים.,Zeichnung von Granatäpfeln.,Drawing of pomegranates.,Unspecified,ציור|Painting,drawing,original,,,,,
IL-MTFN-001-G-F-0390-021-R0006,IL-MTFN-001-G-F-0390-021,Portraits,דיוקנות.,Porträts.,Portraits.,Unspecified,לא מזוהה,,other,,,,,
IL-MTFN-001-G-F-0390-021-R0007,IL-MTFN-001-G-F-0390-021,Watercolor Drawings and Sketches,"ציורים על קרטון בצבעי מים, סקיצות בנושאים שונים על נייר.","Zeichnungen auf Karton mit Aquarellfarben, Skizzen zu verschiedenen Themen auf Papier.","Drawings on cardboard with watercolors, sketches on various subjects on paper.",Unspecified,ציור|Painting|סקיצה|Sketch,drawing,original,,,,,
IL-MTFN-001-G-F-0390-021-R0008,IL-MTFN-001-G-F-0390-021,Paintings of Women,"ציורי נשים, צבעי מים ואחר.","Frauenbilder, Aquarelle und andere.","Paintings of women, watercolors and others.",Unspecified,ציור|Painting,drawing,original,,,,,
IL-MTFN-001-G-F-0390-021-R0009,IL-MTFN-001-G-F-0390-021,Lithograph of a Couple,"ליטוגרפיה של זוג, גבר ואישה.","Lithografie eines Paares, Mann und Frau.","Lithograph of a couple, man and woman.",Irrelevant,ציור|Painting,drawing,original,,,,,
IL-MTFN-001-G-F-0390-021-R0011,IL-MTFN-001-G-F-0390-021,Sketches and Drawings: Mother and Child,סקיצות וציורים בנושא: אמא וילד.,Skizzen und Zeichnungen zum Thema: Mutter und Kind.,Sketches and drawings on the theme: Mother and Child.,Unspecified,סקיצה|Sketch,drawing,original,,,,,
IL-MTFN-001-G-F-0390-021-R0012,IL-MTFN-001-G-F-0390-021,Sketches and Drawings of Animals,סקיצות וציורים בנושא: בעלי חיים.,Skizzen und Zeichnungen zum Thema: Tiere.,Sketches and drawings on the topic: Animals.,Unspecified,סקיצה|Sketch,drawing,original,,,,,
IL-MTFN-001-G-F-0390-021-R0013,IL-MTFN-001-G-F-0390-021,Drawings of Hedwig and Friends,ציורים בנושא: הדויג וחברים.,Zeichnungen zum Thema: Hedwig und Freunde.,Drawings on the subject: Hedwig and friends.,Unspecified,ציור|Painting,drawing,original,,,,,
IL-MTFN-001-G-F-0390-025-R0002,IL-MTFN-001-G-F-0390-025,Photographs of Songs by Hedwig,"צילומים של שירים על אהבה וסבל, שהדויג כותבת בעברית.","Fotografien von Liedern über Liebe und Leid, die Hedwig auf Hebräisch schreibt.","Photographs of songs about love and suffering, written by Hedwig in Hebrew.",Hebrew,תצלום|Photograph,photography,copy,,,,,
IL-MTFN-001-G-F-0390-028-R0003,IL-MTFN-001-G-F-0390-028,10 Original Drawings by Hedwig Grossman,"10 ציורים מספרים, קטנים, מקוריים, של הדויג גרוסמן.","10 kleine, originale Zeichnungen von Hedwig Grossman.","10 small, original drawings by Hedwig Grossman.",Unspecified,ציור|Painting,drawing,original,Hedwig Grossman,,,,
IL-MTFN-001-G-F-0390-028-R0004,IL-MTFN-001-G-F-0390-028,Original Drawings by Hedwig of Animals,"ציורי מקור של הדויג, של החיות כלב ציפור וחתול. בחלק מהציורים רשומים מילים או משפטים קצרים.","Originalzeichnungen von Hedwig, von den Tieren Hund, Vogel und Katze. In einigen der Zeichnungen sind Wörter oder kurze Sätze geschrieben.","Original drawings by Hedwig, of the animals dog, bird, and cat. In some of the drawings, words or short sentences are written.",Unspecified,ציור|Painting,drawing,original,הדויג,,,,
IL-MTFN-001-G-F-0390-028-R0005,IL-MTFN-001-G-F-0390-028,"Picture of Menorah, Berlin 1931","תמונה של חנוכיה, בגב התמונה רשום: ברלין 1931.","Bild eines Chanukka-Leuchters, auf der Rückseite des Bildes steht: Berlin 1931.","Picture of a menorah, on the back of the picture it says: Berlin 1931.",Unspecified,תצלום|Photograph,photography,original,,1931,,,
IL-MTFN-001-G-F-0391-005-R0001,IL-MTFN-001-G-F-0391-005,Framed Photos of the Bud Family,"5 תמונות קטנות ממוסגרות על גב התמונה רשומים שמות המצולמים:; 1. שרלוטה וזיגמונד בוד Charlotte & Siegmund Bud אב ובתו. 2. רוזה גומפרט Rosa Gumpert (אחותו של עלי גומפרט) שתי תמונות, לימים רעיתו של זיגמונד בוד; 3. זיגמונד בוד Siegmund Bud; 4. ארנה & שרלוטה בוד Erna & Charlotte Bud שתי הבנות של זיגמונד ורוזה בוד;","5 kleine gerahmte Fotos, auf der Rückseite der Fotos sind die Namen der Abgebildeten vermerkt: 1. Charlotte & Siegmund Bud, Vater und Tochter. 2. Rosa Gumpert (Schwester von Ali Gumpert), zwei Fotos, später die Frau von Siegmund Bud; 3. Siegmund Bud; 4. Erna & Charlotte Bud, die beiden Töchter von Siegmund und Rosa Bud.","5 small framed photos, on the back of the photos are written the names of the people depicted: 1. Charlotte & Siegmund Bud, father and daughter. 2. Rosa Gumpert (sister of Ali Gumpert), two photos, later the wife of Siegmund Bud; 3. Siegmund Bud; 4. Erna & Charlotte Bud, the two daughters of Siegmund and Rosa Bud.",Unspecified|לא צוין,תצלום|Photograph,photography,original,Siegmund Bud,,,,
IL-MTFN-001-G-F-0391-005-R0003,IL-MTFN-001-G-F-0391-005,Portrait Album of Jakob Steinhardt,אלבום קטן עם תמונות דיוקן של יעקב שטיינהרדט.,Kleines Album mit Porträtfotos von Jakob Steinhardt.,Small album with portrait photos of Jakob Steinhardt.,Unspecified,תצלום|Photograph,photography,original,Jakob Steinhardt,,,,
IL-MTFN-001-G-F-0391-013-R0001,IL-MTFN-001-G-F-0391-013,"Gazith Art & Literary Journal, September 1950","דפים בודדים מתוך הירחון לאמנות 'גזית', ספטמבר 1950, Gazith Art & Literary Journal. הדפים מציגים אמנות פיסול וציור של אמנים ארצישראלים, בשחור לבן, ביניהם גם תחריט של יעקב שטיינהרדט.","Einzelne Seiten aus der Kunstzeitschrift 'Gazith', September 1950, Gazith Kunst- und Literaturzeitschrift. Die Seiten zeigen Skulptur- und Malereikunst von israelischen Künstlern in Schwarz-Weiß, darunter auch ein Kupferstich von Jakob Steinhardt.","Single pages from the art monthly 'Gazith', September 1950, Gazith Art & Literary Journal. The pages display sculpture and painting art by Israeli artists in black and white, including an engraving by Jakob Steinhardt.",Hebrew|עברית,לא מזוהה|Unrecognized,print,original,,,1950-09,,
IL-MTFN-001-G-F-0393-001-R0002,IL-MTFN-001-G-F-0393-001,Picture of Marta & Leo Glaser,תמונת הזוג מרטה & לאו גלזר;,Foto des Paares Marta & Leo Glaser;,Picture of the couple Marta & Leo Glaser;,Unspecified,תצלום|Photograph,photography,original,Marta & Leo Glaser,,,,
IL-MTFN-001-G-F-0396-001-R0003,IL-MTFN-001-G-F-0396-001,Torah Scroll Inauguration Ceremony Pictures,תמונות מטקס הכנסת ספר תורה לבית הכנסת המחודש.,Bilder von der Einführung einer Tora-Rolle in die erneuerte Synagoge.,Pictures from the Torah scroll inauguration ceremony at the renewed synagogue.,Unspecified,תצלום|Photograph,photography,original,,,,,
IL-MTFN-001-G-F-0401-001-R0002,IL-MTFN-001-G-F-0401-001,Photos of Anka Ruth Hirsch's Family,"תמונות בתפזורת, מוינו ונשמרות ב-4 מעטפות עם רישום תוכנן:; 1. שתי תמונות של ההורים של אנגה רות הירש, אדולף והרטה יעקבי, נרצחו בשואה במינסק. 2. תמונה של האחיות אנגה וגרדה שהייתה מבוגרת ב-6 שנים מאנגה. גרדה נפטרה בנסיבות לא ידועות. 3. שתי תמונות של שמואל זיגפריד הירש 1914;1964, בעלה של אנגה ואביה של אורה הירש. 4. תמונת הזוג שמואל זיגפריד & אנגה הירש.","Fotos in loser Schüttung, sortiert und in 4 Umschlägen mit der Aufschrift ihres Inhalts aufbewahrt: 1. Zwei Fotos von den Eltern von Anka Ruth Hirsch, Adolf und Hertha Jacobi, die im Holocaust in Minsk ermordet wurden. 2. Ein Foto der Schwestern Anka und Gerda, die 6 Jahre älter war als Anka. Gerda starb unter unbekannten Umständen. 3. Zwei Fotos von Samuel Siegfried Hirsch 1914;1964, Ankas Ehemann und Vater von Ora Hirsch. 4. Ein Foto des Paares Samuel Siegfried & Anka Hirsch.","Photos in bulk, sorted and stored in 4 envelopes with a note of their contents: 1. Two photos of Anka Ruth Hirsch's parents, Adolf and Hertha Jacobi, who were murdered in the Holocaust in Minsk. 2. A photo of the sisters Anka and Gerda, who was 6 years older than Anka. Gerda died under unknown circumstances. 3. Two photos of Samuel Siegfried Hirsch 1914;1964, Anka's husband and Ora Hirsch's father. 4. A photo of the couple Samuel Siegfried & Anka Hirsch.",Unspecified|לא צוין,תצלום|Photograph,photography,original,Anka Ruth Hirsch,,,,
IL-MTFN-001-G-F-0404-001-R0001,IL-MTFN-001-G-F-0404-001,"Photo of Three Generations of Women in Nahariya, 1939","הדפסת תמונה, שנשלחה בדוא""ל, משנת 1939, שמתעדת 3 דורות נשים במשפחה. התמונה צולמה בחלקה שנרכשה ע""י הוגו;צבי שצמן בנהריה; הפינה הדרום מערבית של הרחובות וייצמן וחניתה.","Ein Bilddruck, der 1939 per E-Mail gesendet wurde und drei Generationen von Frauen in der Familie dokumentiert. Das Bild wurde auf einem Grundstück aufgenommen, das von Hugo; Zvi Schatzman in Nahariya erworben wurde; die südwestliche Ecke der Straßen Weizmann und Hanita.","A printed picture, sent by email, from 1939, documenting 3 generations of women in the family. The picture was taken on a plot purchased by Hugo; Zvi Schatzman in Nahariya; the southwest corner of Weizmann and Hanita streets.",Unspecified,תצלום|Photograph,photography,original,,1939,,,
IL-MTFN-001-G-F-0404-001-R0002,IL-MTFN-001-G-F-0404-001,"Under the Vine: Rachel, Gita, Miriam, Truda, Leah","הדפסת תמונה :""מתחת לגפן"" הבנות רחל וגיטה, הסבתא מרים והאם טרודה;לאה.","Bilddruck: ""Unter dem Weinstock"" die Mädchen Rachel und Gita, die Großmutter Miriam und die Mutter Truda; Lea.","Print of a picture: ""Under the vine"" the girls Rachel and Gita, the grandmother Miriam and the mother Truda; Leah.",Unspecified,תצלום|Photograph,photography,original,,,,,
IL-MTFN-001-G-F-0404-001-R0003,IL-MTFN-001-G-F-0404-001,Photo of Rachel and Gita,הדפסת תמונה : הבנות רחל וגיטה על רקע הצריף.,Bilddruck: Die Mädchen Rachel und Gita vor der Hütte.,Photo print: The girls Rachel and Gita against the background of the hut.,Unspecified,תצלום|Photograph,photography,original,,,,,
IL-MTFN-001-G-F-0406-001-R0003,IL-MTFN-001-G-F-0406-001,Postcards with Family Soldiers' Photographs from WWI,"5 גלויות מתקופת מלח""ע I עם צילומים של חיילים מבני המשפחה, מרביתם חיילים בחיל הים. גרמנית כתב יד, 1914.","5 Postkarten aus der Zeit des Ersten Weltkriegs mit Fotografien von Soldaten aus der Familie, die meisten von ihnen Soldaten der Marine. Handschriftlich auf Deutsch, 1914.","5 postcards from the WWI era with photographs of soldiers from the family, most of them soldiers in the navy. German handwriting, 1914.",German,גלויה|Postcard,handwriting,original,,1914,,,
IL-MTFN-001-G-F-0408-001-R0003,IL-MTFN-001-G-F-0408-001,Portrait of Rabbi Dr. Adolf Altmann,"תמונת דיוקן של הרב ד""ר אדולף אלטמן. לאחר תצלום, תוחזר למשפחה.",Porträtfoto von Rabbi Dr. Adolf Altmann. Nach dem Foto wird es an die Familie zurückgegeben.,"Portrait photograph of Rabbi Dr. Adolf Altmann. After the photograph, it will be returned to the family.",Unspecified,תצלום|Photograph,photography,original,אדולף אלטמן,,,,
IL-MTFN-001-G-F-0413-001-R0006,IL-MTFN-001-G-F-0413-001,Family Photos Sent to Josef & Maria Pisker,תמונות משפחתיות שנשלחות אל יוסף & מריה פיסקר מקניטלפלד.,"Familienfotos, die an Josef & Maria Pisker aus Knittelfeld gesendet werden.",Family photos sent to Josef & Maria Pisker from Knittelfeld.,Unspecified,תצלום|Photograph,photography,original,Josef & Maria Pisker,,,,
IL-MTFN-001-G-F-0415-001-R0005,IL-MTFN-001-G-F-0415-001,Photos of Aryeh Rothman,"סריקה על דפי נייר לשתי תמונות צבעוניות של אריה רוטמן; 4 תמונות שחור/לבן של אריה רוטמן, אחת מ-1939 בקבוצה פעילי תנועה במחנה באוסטריה.","Scan auf Papierseiten von zwei Farbfotos von Aryeh Rothman; 4 Schwarz/Weiß-Fotos von Aryeh Rothman, eines von 1939 in einer Gruppe von Aktivisten in einem Lager in Österreich.","Scan on paper pages of two color photos of Aryeh Rothman; 4 black/white photos of Aryeh Rothman, one from 1939 in a group of movement activists in a camp in Austria.",Unspecified,תצלום|Photograph,photography,original,Aryeh Rothman,1939,,,
IL-MTFN-001-G-F-0417-001-R0001,IL-MTFN-001-G-F-0417-001,Death Mask of Else Lasker-Schüler,"מסכת המוות מגבס, של המשוררת אלזה לסקר;שילר. המסכה נעשתה ע""י אמנית, המפקידה לא יכולה להזכר בשמה של האמנית. על המסכה חרוט שם בעברית: י. לב ובגרמנית J.Löw.","Totenmaske aus Gips der Dichterin Else Lasker-Schüler. Die Maske wurde von einer Künstlerin angefertigt, deren Name sich die Einlieferin nicht erinnern kann. Auf der Maske ist ein Name in Hebräisch eingraviert: י. לב und in Deutsch J.Löw.","Death mask made of plaster, of the poet Else Lasker-Schüler. The mask was made by an artist, whose name the depositor cannot recall. The mask is engraved with a name in Hebrew: י. לב and in German J.Löw.",Unspecified|לא צוין,לא מזוהה|Unrecognized,other,original,אלזה לסקר-שילר,,,,
IL-MTFN-001-G-F-0436-001-R0002,IL-MTFN-001-G-F-0436-001,Portrait Images of Dr. Josef Klemperer and Wife,"צילום, תמונות דיוקן של ד""ר יוסף קלמפרר ורעיתו חוה לבית שטרופ.","Fotografie, Porträtbilder von Dr. Josef Klemperer und seiner Frau Chava, geborene Stroop.","Photograph, portrait images of Dr. Josef Klemperer and his wife Chava, née Stroop.",Unspecified,תצלום|Photograph,photography,copy,"ד""ר יוסף קלמפרר",,,,
IL-MTFN-001-G-F-0436-001-R0006,IL-MTFN-001-G-F-0436-001,"Speech by Chava Klemperer at Leipzig University Ceremony, 2004","צילום, נאום שנשאה חוה קלמפרר;מרצקי, עורכת דין, בתם של תירזה ועמנואל קלמפרר, בטקס של האוניברסיטה בלייפציג, 2004, בו הוחזרו תעודות ההסמכה לבוגרי האוניברסיטה, שנלקחו מהם ב-1933.","Fotografie, Rede gehalten von Chava Klemperer; Marzki, Anwältin, Tochter von Teresa und Emanuel Klemperer, bei der Zeremonie der Universität Leipzig, 2004, bei der die Abschlusszeugnisse an die Absolventen der Universität zurückgegeben wurden, die ihnen 1933 entzogen wurden.","Photograph, speech given by Chava Klemperer; Marzki, lawyer, daughter of Teresa and Emanuel Klemperer, at the ceremony of the University of Leipzig, 2004, where the diplomas were returned to the university graduates, which were taken from them in 1933.",Unspecified|לא צוין,תצלום|Photograph,photography,copy,חוה קלמפרר,2004,,,
IL-MTFN-001-G-F-0443-001-R0002,IL-MTFN-001-G-F-0443-001,Photographs by Heinz Preiss,"תמונות, שצילם ופיתח היינץ פרייס בצלמניה שלו בחיפה. התמונות מוינו ע""י הבן, יוסי פרייס, ל;6 מעטפות על פי נושאים ועל גב התמונה נכתב מידע רלוונטי:; 1. תמונות מחיפה והכרמל, שנות ה;50 וה;60 למאה ה;20. 2. תמונות המשפחה בגרמניה, צולם לפני מלח""ע II ותמונות האניה 'הילדה' 1940. 3. תמונות המשפחה הקרובה בישראל. 4. תמונות שהיינץ צילם וצולם בזמן של משחק השח;מט. 5. תמונות, שמתעדות את מקום עבודתו, הצלמניה שלו. 6. תמונת משפחת שטראוס בהמבורג, תחילת המאה ה-20.","Fotos, die Heinz Preiss in seinem Fotostudio in Haifa aufgenommen und entwickelt hat. Die Fotos wurden von seinem Sohn, Yossi Preiss, in 6 Umschläge nach Themen sortiert, und auf der Rückseite des Fotos wurden relevante Informationen geschrieben: 1. Fotos aus Haifa und dem Karmel, 50er und 60er Jahre des 20. Jahrhunderts. 2. Familienfotos in Deutschland, aufgenommen vor dem Zweiten Weltkrieg und Fotos des Schiffes 'Hilda' 1940. 3. Fotos der nahen Familie in Israel. 4. Fotos, die Heinz während eines Schachspiels aufgenommen hat und aufgenommen wurde. 5. Fotos, die seinen Arbeitsplatz, sein Fotostudio, dokumentieren. 6. Foto der Familie Strauss in Hamburg, Anfang des 20. Jahrhunderts.","Photos taken and developed by Heinz Preiss in his photography studio in Haifa. The photos were sorted by his son, Yossi Preiss, into 6 envelopes by subject, and relevant information was written on the back of the photo: 1. Photos from Haifa and the Carmel, 1950s and 1960s of the 20th century. 2. Family photos in Germany, taken before WWII and photos of the ship 'Hilda' 1940. 3. Photos of the close family in Israel. 4. Photos taken by Heinz and of him during a chess game. 5. Photos documenting his workplace, his photography studio. 6. Photo of the Strauss family in Hamburg, early 20th century.",Hebrew|German,תצלום|Photograph,photography,original,Heinz Preiss,,,,
IL-MTFN-001-G-F-0443-001-R0013,IL-MTFN-001-G-F-0443-001,Images of Agios Nikolaos Ship Deck,"הדפסה של שתי תמונות שנשלחו בדוא""ל (סריקה), של סיפון האניה, אגיוס ניקולאוס, העמוס במעפילים.","Druck von zwei Bildern, die per E-Mail gesendet wurden (Scan), vom Deck des Schiffes Agios Nikolaos, beladen mit Einwanderern.","Print of two images sent by email (scan), of the ship's deck, Agios Nikolaos, loaded with immigrants.",Unspecified,תצלום|Photograph,photography,copy,,,,,
IL-MTFN-001-G-F-0444-003-R0007,IL-MTFN-001-G-F-0444-003,Old Postcards of Tombstones in Worms,2 גלויות ישנות של מצבות בבית הקברות בוורמס.,2 alte Postkarten von Grabsteinen auf dem Friedhof in Worms.,2 old postcards of tombstones at the cemetery in Worms.,Unspecified,גלויה|Postcard,print,original,,,,,
IL-MTFN-001-G-F-0444-003-R0009,IL-MTFN-001-G-F-0444-003,Photos of Mannheimer Family Tombstones in Worms,תמונות מהעיר וורמס שחור/לבן; תמונות של שתי מצבות קברים של משפחת מנהיימר בבית הקברות היהודי בוורמס.,Fotos aus der Stadt Worms schwarz/weiß; Fotos von zwei Grabsteinen der Familie Mannheimer auf dem jüdischen Friedhof in Worms.,Black and white photos from the city of Worms; photos of two tombstones of the Mannheimer family in the Jewish cemetery in Worms.,Irrelevant,תצלום|Photograph,photography,original,,,,,
IL-MTFN-001-G-F-0447-001-R0001,IL-MTFN-001-G-F-0447-001,Engraving by Andreas Brenner,"תחריט של האמן אנדריאס ברנר, גרמניה.","Radierung des Künstlers Andreas Brenner, Deutschland.","Engraving by the artist Andreas Brenner, Germany.",Unspecified,ציור|Painting,drawing,original,Andreas Brenner,,,,
IL-MTFN-001-G-F-0447-001-R0002,IL-MTFN-001-G-F-0447-001,Engraving sent by Christa Pulmann as a tribute to Stef Wertheimer,"התחריט נשלח למוזיאון ע""י קריסטה פולמן Christa Pulmann, באמצעות נעמי רוזן, כמחווה לסטף ורטהיימר.",Der Stich wurde von Christa Pulmann über Naomi Rosen als Hommage an Stef Wertheimer an das Museum geschickt.,"The engraving was sent to the museum by Christa Pulmann, through Naomi Rosen, as a tribute to Stef Wertheimer.",Unspecified,לא מזוהה|Unrecognized,,other,Stef Wertheimer,,,,
IL-MTFN-001-G-F-0450-001-R0006,IL-MTFN-001-G-F-0450-001,Portraits of Moshe and Lea Königsberg,3. תמונות דיוקן קטנות של משה ולאה קניגסברג.,Kleine Porträtbilder von Moshe und Lea Königsberg.,Small portrait pictures of Moshe and Lea Königsberg.,Unspecified,תצלום|Photograph,photography,original,Moshe Königsberg|Lea Königsberg,,,,
IL-MTFN-001-G-F-0450-001-R0012,IL-MTFN-001-G-F-0450-001,18 Photos of Berlin Scenes 1900-1962,"בתוך מעטפה: 18 תמונות גדולות, שמתעדות סצנות בברלין בין השנים 1900;1962. התמונות נקנו מתוך נוסטלגיה לעיר ברלין (מדווחת עדנה בראון). התמונות מתעדות בין היתר: את שער ברנדנבורג טרום מלח""ע II, הריסות העיר במלח""ע II, חומת ברלין בשנותיה המוקדמות, ועוד.","In einem Umschlag: 18 große Fotos, die Szenen in Berlin zwischen 1900 und 1962 dokumentieren. Die Fotos wurden aus Nostalgie für die Stadt Berlin gekauft (berichtet Edna Brown). Die Fotos dokumentieren unter anderem: das Brandenburger Tor vor dem Zweiten Weltkrieg, die Ruinen der Stadt im Zweiten Weltkrieg, die Berliner Mauer in ihren frühen Jahren und mehr.","Inside an envelope: 18 large photos documenting scenes in Berlin between 1900 and 1962. The photos were purchased out of nostalgia for the city of Berlin (reported by Edna Brown). The photos document, among other things: the Brandenburg Gate before WWII, the city's ruins during WWII, the Berlin Wall in its early years, and more.",Other,תצלום|Photograph,photography,original,,,,,
IL-MTFN-001-G-F-0450-001-R0013,IL-MTFN-001-G-F-0450-001,Family Album of Edna Brown,"אלבום משפחתי קטן בו תמונותיה של התינוקת, הילדה, עדנה בראון לבית הופמן (מפקידת העיזבון).","Kleines Familienalbum mit Fotos des Babys, des Kindes, Edna Braun, geborene Hoffman (Nachlassverwalterin).","Small family album with photos of the baby, the child, Edna Brown, née Hoffman (estate administrator).",Unspecified,תצלום|Photograph,photography,original,Edna Brown,,,,
IL-MTFN-001-G-F-0450-001-R0014,IL-MTFN-001-G-F-0450-001,"Album of Lotte (Lea) Schwarzfeld, 1930s","אלבום קטן של לוטה (לאה) שוורצפלד, שנות ה-30 למאה ה-20, גרמניה. בין התמונות: מאירועי ספורט, מההכשרה בוילהלמסהואה Wilhelmshöhe, חברים וחברות.","Kleines Album von Lotte (Lea) Schwarzfeld, 1930er Jahre, Deutschland. Unter den Bildern: von Sportveranstaltungen, von der Ausbildung in Wilhelmshöhe, Freunde und Freundinnen.","Small album of Lotte (Lea) Schwarzfeld, 1930s, Germany. Among the pictures: from sports events, from the training in Wilhelmshöhe, friends.",Unspecified,תצלום|Photograph,photography,original,Lotte (Lea) Schwarzfeld,1930,,,
IL-MTFN-001-G-F-0450-001-R0016,IL-MTFN-001-G-F-0450-001,Passport Photos of Vladimir and Lotte Hoffman,תמונות פספורט של ולדימיר הופמן; תמונות פספורט של לוטה הופמן.,Passfotos von Wladimir Hoffmann; Passfotos von Lotte Hoffmann.,Passport photos of Vladimir Hoffman; Passport photos of Lotte Hoffman.,Irrelevant,תצלום|Photograph,photography,original,Vladimir Hoffman|Lotte Hoffman,,,,
IL-MTFN-001-G-F-0450-001-R0017,IL-MTFN-001-G-F-0450-001,Family Photo Albums,שני אלבומים קטנים. תמונות משפחתיות.,Zwei kleine Alben. Familienfotos.,Two small albums. Family photos.,Unspecified,תצלום|Photograph,photography,original,,,,,
IL-MTFN-001-G-F-0450-002-R0001,IL-MTFN-001-G-F-0450-002,Album for Lotte Hoffmann's 70th Birthday,"לרגל יום הולדתה ה-70 של לוטה הופמן;קניגסברג, ערכו הנכדות והנכדים אלבום עם תמונות וכתוביות לסבתם האהובה.","Anlässlich des 70. Geburtstags von Lotte Hoffmann; Königsberg, haben die Enkelinnen und Enkel ein Album mit Fotos und Bildunterschriften für ihre geliebte Großmutter erstellt.","On the occasion of Lotte Hoffmann's 70th birthday; Königsberg, the granddaughters and grandsons created an album with photos and captions for their beloved grandmother.",Unspecified,אלבום|Album,,original,Lotte Hoffmann,,,,
IL-MTFN-001-G-F-0452-001-R0001,IL-MTFN-001-G-F-0452-001,Unidentified Album Pictures,התמונות באלבום אינן מזוהות; אין רישום או כתוביות (חבל!).,Die Bilder im Album sind nicht identifiziert; es gibt keine Beschriftungen oder Untertitel (schade!).,The pictures in the album are unidentified; there are no inscriptions or captions (a shame!).,Unspecified,תצלום|Photograph,,other,,,,,
IL-MTFN-001-G-F-0452-001-R0002,IL-MTFN-001-G-F-0452-001,CD with Film about Batya Berger and Ahava Institution,בתוך האלבום מצורף תקליטור עם סרטה של איילת ברגור על באטה ברגר ומוסד אהבה בברלין. על התקליטור נרשם 'סיפורו של אוטו וייס' שהיה מחניכי 'אהבה' בברלין.,"In dem Album ist eine CD mit einem Film von Ayelet Bargur über Batya Berger und die Institution Ahava in Berlin beigefügt. Auf der CD steht 'Die Geschichte von Otto Weiss', der einer der Schüler von 'Ahava' in Berlin war.","Inside the album is a CD with a film by Ayelet Bargur about Batya Berger and the Ahava institution in Berlin. On the CD is written 'The Story of Otto Weiss', who was one of the students of 'Ahava' in Berlin.",Hebrew|German,תקליטור|CD,other,original,Otto Weiss,,,,
IL-MTFN-001-G-F-0456-001-R0014,IL-MTFN-001-G-F-0456-001,Envelope with Photos of Fritz and Gertrud Haas,מעטפה עם תמונות של הזוג פריץ וגרטרוד האס.,Umschlag mit Fotos des Paares Fritz und Gertrud Haas.,Envelope with photos of the couple Fritz and Gertrud Haas.,Unspecified,מעטפה|Envelope,,original,Fritz und Gertrud Haas,,,,
IL-MTFN-001-G-F-0459-010-R0009,IL-MTFN-001-G-F-0459-010,Group Photo of Ben Zion Eisenshtadt Family,"תמונה קבוצתית, ללא תאריך. על גב התמונה נרשם בעברית: מזכרת בידידות, למשפחת בן ציון אייזנשדט, העולים הראשונים' 1924 מדנציג לישראל. אהרון מזור.","Gruppenfoto, ohne Datum. Auf der Rückseite des Fotos steht auf Hebräisch: Ein Andenken in Freundschaft, an die Familie Ben Zion Eisenshtadt, die ersten Einwanderer 1924 von Danzig nach Israel. Aharon Mazor.","Group photo, no date. On the back of the photo is written in Hebrew: A memento in friendship, to the Ben Zion Eisenshtadt family, the first immigrants 1924 from Danzig to Israel. Aharon Mazor.",Hebrew,תצלום|Photograph,photography,original,בן ציון אייזנשדט,,,,
IL-MTFN-001-G-F-0459-013-R0012,IL-MTFN-001-G-F-0459-013,Photograph of Article from 'Book of Builders',"ללא תאריך, צילום מאמר, מתוך ספר הבונים, עם הכותרת: 'לבנות ולהבנות; תנועת הבונים בגרמניה 1920;1942'.","Ohne Datum, Fotografie eines Artikels, aus dem Buch der Bauherren, mit dem Titel: 'Bauen und Gebaut werden; Die Bauherrenbewegung in Deutschland 1920;1942'.","No date, photograph of an article, from the Book of Builders, with the title: 'To Build and Be Built; The Builders Movement in Germany 1920;1942'.",German,תצלום|Photograph,photography,copy,,,,,
IL-MTFN-001-G-F-0460-001-R0005,IL-MTFN-001-G-F-0460-001,"Meeting of Bar Kokhba Veterans in Shavei Zion, 1999","חומרים ממפגש ותיקי בר;כוכבא בשבי ציון ב-1999:; צילום מפה של הגלילי המערבי; תמונות מודבקות על דפים קשיחים, אנשים מבוגרים שנפגשו בשבי ציון.","Materialien vom Treffen der Veteranen von Bar Kokhba in Shavei Zion im Jahr 1999: Foto einer Karte des westlichen Galiläa; Bilder auf festen Seiten geklebt, ältere Menschen, die sich in Shavei Zion trafen.","Materials from the meeting of Bar Kokhba veterans in Shavei Zion in 1999: Photo of a map of the Western Galilee; Pictures glued on hard pages, elderly people who met in Shavei Zion.",Hebrew|עברית,תצלום|Photograph,photography,original,,1999,,,
IL-MTFN-001-G-F-0460-001-R0008,IL-MTFN-001-G-F-0460-001,Negatives of Photos from Shavei Zion 1999,נגטיבים של תמונות שצולמו בשבי ציון 1999.,"Negative von Fotos, die 1999 in Shavei Zion aufgenommen wurden.",Negatives of photos taken in Shavei Zion 1999.,Irrelevant,תצלום|Photograph,photography,original,,1999,,,
IL-MTFN-001-G-F-0460-001-R0009,IL-MTFN-001-G-F-0460-001,Photo of Swimmers from a Publication,"צילום תמונה מפירסום כל שהו עם 4 שחייניות אריקה זינגר, אירנה קרפלס, מרתה אדלר, אדית קפיך. Erika Singer, Irene Karpeles, Martha Adler, Edith Keppich.","Foto eines Bildes aus einer beliebigen Veröffentlichung mit 4 Schwimmerinnen: Erika Singer, Irene Karpeles, Martha Adler, Edith Keppich.","Photo of a picture from some publication with 4 swimmers: Erika Singer, Irene Karpeles, Martha Adler, Edith Keppich.",Unspecified,תצלום|Photograph,photography,copy,,,,,
IL-MTFN-001-G-F-0470-001-R0007,IL-MTFN-001-G-F-0470-001,Reconstruction of the Nymphaeum by Prof. Julius Hülsen,"דף, נתלש מתוך ספר, עליו ניתן לראות את השחזור של הנימפאון, שעשה פרופ' יוליוס הילזן.","Seite, herausgerissen aus einem Buch, auf der die Rekonstruktion des Nymphäums zu sehen ist, die von Prof. Julius Hülsen gemacht wurde.","Page, torn from a book, on which the reconstruction of the Nymphaeum can be seen, made by Prof. Julius Hülsen.",Unspecified,אלמנט גרפי|Graphic Element,print,original,יוליוס הילזן,,,,
IL-MTFN-001-G-F-0470-002-R0002,IL-MTFN-001-G-F-0470-002,History of the Jewish Community in Frankfurt,"7 לוחות בריסטול עליהם מודבקות תמונות מתוך פירסומים שונים, שמתעדות את ההיסטוריה של הקהילה היהודית בפרנקפורט על המיין. על הלוחות ישנם הסברים בעברית.","7 Bristoltafeln, auf denen Bilder aus verschiedenen Veröffentlichungen geklebt sind, die die Geschichte der jüdischen Gemeinde in Frankfurt am Main dokumentieren. Auf den Tafeln gibt es Erklärungen auf Hebräisch.","7 Bristol boards on which pictures from various publications are pasted, documenting the history of the Jewish community in Frankfurt am Main. There are explanations in Hebrew on the boards.",Hebrew,אלמנט גרפי|Graphic Element,other,original,,,,,
IL-MTFN-001-G-F-0470-002-R0004,IL-MTFN-001-G-F-0470-002,"Family Photos and Residence Front, Hilzen Family, Frankfurt","תצלומי תמונות משפחתיות + חזית בית המגורים, משפץ הילזן, בפרנקפורט על המיין; ראש דף נייר בו מוטבע הלוגו של בית המסחר ליינות, של לואיס הילזן.","Familienfotos + Vorderseite des Wohnhauses, Hilzen-Familie, in Frankfurt am Main; Briefkopf mit dem Logo des Weinhandels von Louis Hilzen.","Family photos + front of the residence, Hilzen family, in Frankfurt am Main; letterhead with the logo of the wine trade of Louis Hilzen.",Unspecified,תצלום|Photograph,photography,original,Louis Hilzen,,,,
IL-MTFN-001-G-F-0470-004-R0007,IL-MTFN-001-G-F-0470-004,Portraits and Artistic Sketches by Prof. Julius Hinzen,"שני דיוקנים של גברים, לא צוין מי הגברים, צויר בעיפרות ע""י פרופ' יוליוס הינזן; צילומי זירוקס של שירטוטיו האמנותיים, פרטים ארכיטקטוניים, של פרופ' יוליוס הינזן.","Zwei Porträts von Männern, es wird nicht angegeben, wer die Männer sind, gezeichnet mit Bleistift von Prof. Julius Hinzen; Xerox-Kopien seiner künstlerischen Zeichnungen, architektonische Details, von Prof. Julius Hinzen.","Two portraits of men, it is not specified who the men are, drawn in pencil by Prof. Julius Hinzen; Xerox copies of his artistic sketches, architectural details, by Prof. Julius Hinzen.",Unspecified,ציור|Painting,drawing,copy,יוליוס הינזן,,,,
IL-MTFN-001-G-F-0470-005-R0010,IL-MTFN-001-G-F-0470-005,"Portrait from Julius Hilzen's Passport, 1922","צילום, עמוד עם תמונת דיוקן מהדרכון של יוליוס הילזן, הונפק ב-1922.","Foto, Seite mit einem Porträtbild aus dem Pass von Julius Hilzen, ausgestellt im Jahr 1922.","Photograph, page with a portrait image from the passport of Julius Hilzen, issued in 1922.",Unspecified,תצלום|Photograph,photography,copy,יוליוס הילזן,1922,,,
IL-MTFN-001-G-F-0470-006-R0006,IL-MTFN-001-G-F-0470-006,Portrait of Rabbi Dr. Jakob Horowitz,"תמונת דיוקן של הרב ד""ר יעקב הורוביץ Dr. Jakob Horowitz בנו של מרכוס הורוביץ.","Porträtfoto von Rabbi Dr. Jakob Horowitz, Sohn von Markus Horowitz.","Portrait photo of Rabbi Dr. Jakob Horowitz, son of Marcus Horowitz.",Unspecified,תצלום|Photograph,photography,original,Dr. Jakob Horowitz,,,,
IL-MTFN-001-G-F-0470-008-R0001,IL-MTFN-001-G-F-0470-008,Landscape Paintings on Plywood,"ציורי נוף, שמן, על דיקט","Landschaftsgemälde, Öl, auf Sperrholz","Landscape paintings, oil, on plywood",Irrelevant,ציור|Painting,drawing,original,,,,,
IL-MTFN-001-G-F-0470-008-R0002,IL-MTFN-001-G-F-0470-008,Flower Drawings,"ציורי פרחים, צבעי מים ועפרון","Blumenzeichnungen, Aquarell und Bleistift","Flower drawings, watercolor and pencil",Irrelevant,ציור|Painting,drawing,original,,,,,
IL-MTFN-001-G-F-0470-008-R0003,IL-MTFN-001-G-F-0470-008,Portrait Drawings,"רישומי דיוקנות, עיפרון","Porträtzeichnungen, Bleistift","Portrait drawings, pencil",Unspecified,ציור|Painting,drawing,original,,,,,
IL-MTFN-001-G-F-0470-008-R0004,IL-MTFN-001-G-F-0470-008,Portrait of Abdul Hamid,דוקנו של עבדול חאמיד; נרשם ב-1895,Porträt von Abdul Hamid; registriert im Jahr 1895,Portrait of Abdul Hamid; registered in 1895,Unspecified,תצלום|Photograph,,original,Abdul Hamid,1895,,,
IL-MTFN-001-G-F-0470-009-R0001,IL-MTFN-001-G-F-0470-009,Portrait of Siegfried Loewenthal,"דיוקנות; בין היתר: זיגפריד לבנטל 1879;1942 Siegfried Loewenthal היה קונסול כבוד בהונגריה ואוסטריה. צויר ב-1897 ע""י יוליוס הילזן.",Porträts; unter anderem: Siegfried Loewenthal 1879;1942 Siegfried Loewenthal war Honorarkonsul in Ungarn und Österreich. Gemalt im Jahr 1897 von Julius Hilsen.,Portraits; among others: Siegfried Loewenthal 1879;1942 Siegfried Loewenthal was an honorary consul in Hungary and Austria. Painted in 1897 by Julius Hilsen.,Unspecified,ציור|Painting,drawing,original,Siegfried Loewenthal,1897,,,
IL-MTFN-001-G-F-0475-001-R0017,IL-MTFN-001-G-F-0475-001,Map of Israel with Youth Settlements,"מפה קטנה של ארץ ישראל עליה מצויינים באדום ישובים בהם התיישבו קבוצות נוער. ישובים כתובים בשחור ומצויינים בנקודה אדומה; ישובים אליהם מתוכננת קליטתם של קבוצות נוער. המפה הונפקה בברלין, אין ציון השנה.","Eine kleine Karte von Israel, auf der in Rot Siedlungen markiert sind, in denen Jugendgruppen angesiedelt wurden. Siedlungen sind in Schwarz geschrieben und mit einem roten Punkt markiert; Siedlungen, in denen die Aufnahme von Jugendgruppen geplant ist. Die Karte wurde in Berlin herausgegeben, das Jahr ist nicht angegeben.","A small map of Israel marked in red with settlements where youth groups have settled. Settlements are written in black and marked with a red dot; settlements where the reception of youth groups is planned. The map was issued in Berlin, the year is not specified.",Hebrew|German,Map,print,original,,,,,
IL-MTFN-001-G-F-0476-001-R0002,IL-MTFN-001-G-F-0476-001,Album of Ludwig Richter's Works,"אלבום קטן בו מודבקים צילומי יצירות של האמן הגרמני לודויג ריכטר Ludwig Richter. האלבום נרכש בגלריה המלכותית, ברלין. אין ציון השנים.","Kleines Album mit eingeklebten Fotografien von Werken des deutschen Künstlers Ludwig Richter. Das Album wurde in der Königlichen Galerie, Berlin, erworben. Es gibt keine Jahresangaben.","Small album with pasted photographs of works by the German artist Ludwig Richter. The album was purchased at the Royal Gallery, Berlin. There are no year indications.",German,תצלום|Photograph,photography,original,Ludwig Richter,,,,
IL-MTFN-001-G-F-0477-001-R0004,IL-MTFN-001-G-F-0477-001,Family Photos and Information about the Ritter Couple,סריקה של 2 תמונות משפחתיות ומעט מידע על הזוג ריטר.,Scan von 2 Familienfotos und etwas Information über das Ehepaar Ritter.,Scan of 2 family photos and some information about the Ritter couple.,Unspecified,תצלום|Photograph,photography,other,Ritter,,,,
IL-MTFN-001-G-F-0478-008-R0008,IL-MTFN-001-G-F-0478-008,Color photo of Justus Meyer and his daughter Dina,23.4.1998 תמונה צבעונית של יוסטוס מאייר ודינה בתו ב-Lindau.,23.4.1998 Farbfoto von Justus Meyer und seiner Tochter Dina in Lindau.,23.4.1998 Color photo of Justus Meyer and his daughter Dina in Lindau.,Irrelevant,תצלום|Photograph,photography,original,Justus Meyer,1998-04-23,,,
IL-MTFN-001-G-F-0478-009-R0001,IL-MTFN-001-G-F-0478-009,Sketch Map of Palestine,מפת פלשתינה Sketch Map of Palestine nan,Skizzenkarte von Palästina,Sketch Map of Palestine,Other,מפה|Map,drawing,original,,,,,
IL-MTFN-001-G-F-0478-017-R0001,IL-MTFN-001-G-F-0478-017,Wolfgang Michael with Soldiers,"תמונות:; •, וולפגנג מיכאל;מאייר בקבוצת חיילים.","Bilder:; •, Wolfgang Michael; Illustrator in einer Gruppe von Soldaten.","Pictures:; •, Wolfgang Michael; Illustrator in a group of soldiers.",Unspecified,תצלום|Photograph,photography,original,Wolfgang Michael,,,,
IL-MTFN-001-G-F-0478-017-R0003,IL-MTFN-001-G-F-0478-017,Susanna by her father's sculpture,"סוזנה, הבת, ע""י פסל יצירת אביה.","Susanna, die Tochter, durch eine Skulptur ihres Vaters.","Susanna, the daughter, by a sculpture of her father.",Unspecified,אלמנט גרפי|Graphic Element,,other,Susanna,,,,
IL-MTFN-001-G-F-0478-017-R0004,IL-MTFN-001-G-F-0478-017,Portrait Relief and Pictures,תבליט של דיוקן (לא ידוע של מי); תמונות דיוקן של וו. מאייר;מיכאל בגילאים שונים.,Relief eines Porträts (unbekannt von wem); Porträtbilder von W. Meyer; Michael in verschiedenen Altersstufen.,Relief of a portrait (unknown of whom); Portrait pictures of W. Meyer; Michael at different ages.,Unspecified,תצלום|Photograph,drawing,original,,,,,
IL-MTFN-001-G-F-0478-018-R0002,IL-MTFN-001-G-F-0478-018,Exhibition Item Photos,3 תמונות של פריטים מהתערוכה.,3 Bilder von Ausstellungsstücken.,3 pictures of items from the exhibition.,Unspecified,תצלום|Photograph,photography,original,,,,,
IL-MTFN-001-G-F-0478-018-R0003,IL-MTFN-001-G-F-0478-018,Photographs of Sculptures by Wolfgang Mayer,"תמונות רבות, צילומים של עבודות הפיסול של וולפגנג מאייר;מיכאל. בחלק מהתמונות יש טקסט בגב התמונה. בחלק מהן הטקסט נגזר, מהדף עליו היתה ממוקמת התמונה, וצורף לתמונה.","Viele Bilder, Fotografien der Skulpturen von Wolfgang Mayer; Michael. Auf einigen der Bilder befindet sich Text auf der Rückseite des Bildes. Bei einigen wurde der Text von der Seite, auf der das Bild platziert war, ausgeschnitten und dem Bild beigefügt.","Many pictures, photographs of the sculptures by Wolfgang Mayer; Michael. Some of the pictures have text on the back of the picture. In some, the text was cut from the page on which the picture was placed and attached to the picture.",Unspecified,תצלום|Photograph,photography,original,Wolfgang Mayer,,,,
IL-MTFN-001-G-F-0478-018-R0004,IL-MTFN-001-G-F-0478-018,Drawings by Michael,"מספר רישומים של מאייר;מיכאל, במקור ובהעתק.","Mehrere Zeichnungen des Illustrators; Michael, im Original und in Kopie.","Several drawings by the illustrator; Michael, in original and in copy.",Unspecified,לא מזוהה,drawing,copy,מיכאל,,,,
IL-MTFN-001-G-F-0480-001-R0014,IL-MTFN-001-G-F-0480-001,Color Photograph of the Cross of Honor,"צילום בצבעים של העיטור, צלב הכבוד.","Farbfotografie der Dekoration, Ehrenkreuz.","Color photograph of the decoration, Cross of Honor.",Unspecified,תצלום|Photograph,photography,copy,,,,,
IL-MTFN-001-G-F-0480-001-R0016,IL-MTFN-001-G-F-0480-001,Portraits and Memorial of Willy Behmak,"2 תמונות דיוקן, של וילי בהמק Willy Behmak, מודעת אבל ומאמר לזכרו של וילי בהמק. וילי בהמק היה אהוב ליבה של אדית וייס, וילי נהרג במלח""ע I ואדית שמרה על התמונות והמאמרים כל חייה; הם נמצאו בעיזבונה אחרי מותה.","2 Porträtfotos von Willy Behmak, eine Todesanzeige und ein Artikel zu seinem Gedenken. Willy Behmak war die große Liebe von Edith Weiss, Willy wurde im Ersten Weltkrieg getötet und Edith bewahrte die Fotos und Artikel ihr ganzes Leben lang auf; sie wurden in ihrem Nachlass nach ihrem Tod gefunden.","2 portrait photos of Willy Behmak, a death notice, and an article in his memory. Willy Behmak was the beloved of Edith Weiss, Willy was killed in World War I and Edith kept the photos and articles all her life; they were found in her estate after her death.",Hebrew|German,תצלום|Photograph|מודעת אבל|Death Notice|מאמר|Article,,original,Willy Behmak,,,,
IL-MTFN-001-G-F-0480-001-R0017,IL-MTFN-001-G-F-0480-001,Collection of Black and White Postcards of Landscapes,אוסף גלויות שחור/לבן של נופים בשוייץ וגרמניה. הגלויות ללא טקסט.,Sammlung von Schwarz-Weiß-Postkarten mit Landschaften in der Schweiz und Deutschland. Die Postkarten sind ohne Text.,Collection of black and white postcards of landscapes in Switzerland and Germany. The postcards have no text.,Unspecified,גלויה|Postcard,photography,original,,,,,
